   3.13892E-006   1.80000E-001   0.00000E+000
   6.27784E-006   3.60000E-001   0.00000E+000
   9.41675E-006   3.60000E-001   0.00000E+000
   1.25557E-005   3.60000E-001   0.00000E+000
   1.56946E-005   3.60000E-001   1.80000E-001
   1.88335E-005   3.60000E-001   1.80000E-001
   2.19724E-005   3.60000E-001   1.80000E-001
   2.51113E-005   3.60000E-001   1.80000E-001
   2.82503E-005   3.60000E-001   1.80000E-001
   3.13892E-005   3.60000E-001   1.80000E-001
   3.45281E-005   3.60000E-001   1.80000E-001
   3.76670E-005   3.60000E-001   1.80000E-001
   4.08059E-005   3.60000E-001   1.80000E-001
   4.39449E-005   3.60000E-001   1.80000E-001
   4.70838E-005   3.60000E-001   3.60000E-001
   5.02227E-005   3.60000E-001   3.60000E-001
   5.33616E-005   3.60000E-001   3.60000E-001
   5.65005E-005   3.60000E-001   3.60000E-001
   5.96394E-005   3.60000E-001   3.60000E-001
   6.27784E-005   3.60000E-001   3.60000E-001
   6.59173E-005   3.60000E-001   3.60000E-001
   6.90562E-005   3.60000E-001   3.60000E-001
   7.21951E-005   3.60000E-001   3.60000E-001
   7.53340E-005   3.60000E-001   3.60000E-001
   7.84729E-005   3.60000E-001   3.60000E-001
   8.16119E-005   5.40000E-001   3.60000E-001
   8.47508E-005   5.40000E-001   3.60000E-001
   8.78897E-005   5.40000E-001   3.60000E-001
   9.10286E-005   5.40000E-001   3.60000E-001
   9.41675E-005   5.40000E-001   3.60000E-001
   9.73065E-005   5.40000E-001   3.60000E-001
   1.00445E-004   5.40000E-001   3.60000E-001
   1.03584E-004   5.40000E-001   3.60000E-001
   1.06723E-004   5.40000E-001   3.60000E-001
   1.09862E-004   5.40000E-001   3.60000E-001
   1.13001E-004   5.40000E-001   3.60000E-001
   1.16140E-004   5.40000E-001   3.60000E-001
   1.19279E-004   5.40000E-001   3.60000E-001
   1.22418E-004   5.40000E-001   3.60000E-001
   1.25557E-004   5.40000E-001   3.60000E-001
   1.28696E-004   5.40000E-001   3.60000E-001
   1.31835E-004   5.40000E-001   3.60000E-001
   1.34973E-004   5.40000E-001   3.60000E-001
   1.38112E-004   5.40000E-001   3.60000E-001
   1.41251E-004   5.40000E-001   3.60000E-001
   1.44390E-004   5.40000E-001   5.40000E-001
   1.47529E-004   5.40000E-001   5.40000E-001
   1.50668E-004   5.40000E-001   5.40000E-001
   1.53807E-004   5.40000E-001   5.40000E-001
   1.56946E-004   5.40000E-001   5.40000E-001
   1.60085E-004   5.40000E-001   5.40000E-001
   1.63224E-004   5.40000E-001   5.40000E-001
   1.66363E-004   5.40000E-001   5.40000E-001
   1.69502E-004   5.40000E-001   5.40000E-001
   1.72640E-004   5.40000E-001   5.40000E-001
   1.75779E-004   5.40000E-001   5.40000E-001
   1.78918E-004   5.40000E-001   5.40000E-001
   1.82057E-004   5.40000E-001   5.40000E-001
   1.85196E-004   5.40000E-001   5.40000E-001
   1.88335E-004   5.40000E-001   5.40000E-001
   1.91474E-004   5.40000E-001   5.40000E-001
   1.94613E-004   5.40000E-001   5.40000E-001
   1.97752E-004   5.40000E-001   5.40000E-001
   2.00891E-004   5.40000E-001   5.40000E-001
   2.04030E-004   5.40000E-001   5.40000E-001
   2.07169E-004   5.40000E-001   5.40000E-001
   2.10308E-004   5.40000E-001   5.40000E-001
   2.13446E-004   5.40000E-001   5.40000E-001
   2.16585E-004   5.40000E-001   5.40000E-001
   2.19724E-004   5.40000E-001   5.40000E-001
   2.22863E-004   5.40000E-001   5.40000E-001
   2.26002E-004   5.40000E-001   5.40000E-001
   2.29141E-004   5.40000E-001   5.40000E-001
   2.32280E-004   5.40000E-001   5.40000E-001
   2.35419E-004   5.40000E-001   5.40000E-001
   2.38558E-004   5.40000E-001   5.40000E-001
   2.41697E-004   5.40000E-001   5.40000E-001
   2.44836E-004   5.40000E-001   5.40000E-001
   2.47975E-004   5.40000E-001   5.40000E-001
   2.51113E-004   5.40000E-001   5.40000E-001
   2.54252E-004   5.40000E-001   5.40000E-001
   2.57391E-004   5.40000E-001   5.40000E-001
   2.60530E-004   5.40000E-001   5.40000E-001
   2.63669E-004   5.40000E-001   5.40000E-001
   2.66808E-004   5.40000E-001   5.40000E-001
   2.69947E-004   5.40000E-001   5.40000E-001
   2.73086E-004   5.40000E-001   5.40000E-001
   2.76225E-004   5.40000E-001   5.40000E-001
   2.79364E-004   5.40000E-001   5.40000E-001
   2.82503E-004   5.40000E-001   5.40000E-001
   2.85642E-004   5.40000E-001   5.40000E-001
   2.88780E-004   5.40000E-001   5.40000E-001
   2.91919E-004   5.40000E-001   5.40000E-001
   2.95058E-004   5.40000E-001   5.40000E-001
   2.98197E-004   5.40000E-001   5.40000E-001
   3.01336E-004   5.40000E-001   5.40000E-001
   3.04475E-004   5.40000E-001   5.40000E-001
   3.07614E-004   5.40000E-001   5.40000E-001
   3.10753E-004   5.40000E-001   5.40000E-001
   3.13892E-004   5.40000E-001   5.40000E-001
   3.45281E-004   5.40000E-001   5.40000E-001
   3.76670E-004   5.40000E-001   7.20000E-001
   4.08059E-004   5.40000E-001   7.20000E-001
   4.39449E-004   7.20000E-001   7.20000E-001
   4.70838E-004   7.20000E-001   7.20000E-001
   5.02227E-004   7.20000E-001   7.20000E-001
   5.33616E-004   7.20000E-001   7.20000E-001
   5.65005E-004   7.20000E-001   7.20000E-001
   5.96394E-004   7.20000E-001   7.20000E-001
   6.27784E-004   7.20000E-001   7.20000E-001
   6.59173E-004   7.20000E-001   7.20000E-001
   6.90562E-004   7.20000E-001   7.20000E-001
   7.21951E-004   7.20000E-001   7.20000E-001
   7.53340E-004   7.20000E-001   7.20000E-001
   7.84729E-004   7.20000E-001   7.20000E-001
   8.16119E-004   7.20000E-001   9.00000E-001
   8.47508E-004   7.20000E-001   9.00000E-001
   8.78897E-004   7.20000E-001   9.00000E-001
   9.10286E-004   7.20000E-001   9.00000E-001
   9.41675E-004   7.20000E-001   9.00000E-001
   9.73065E-004   7.20000E-001   9.00000E-001
   1.00445E-003   7.20000E-001   9.00000E-001
   1.03584E-003   7.20000E-001   9.00000E-001
   1.06723E-003   7.20000E-001   9.00000E-001
   1.09862E-003   7.20000E-001   9.00000E-001
   1.13001E-003   7.20000E-001   9.00000E-001
   1.16140E-003   7.20000E-001   9.00000E-001
   1.19279E-003   7.20000E-001   9.00000E-001
   1.22418E-003   7.20000E-001   9.00000E-001
   1.25557E-003   7.20000E-001   9.00000E-001
   1.28696E-003   7.20000E-001   9.00000E-001
   1.31835E-003   7.20000E-001   9.00000E-001
   1.34973E-003   7.20000E-001   9.00000E-001
   1.38112E-003   7.20000E-001   9.00000E-001
   1.41251E-003   7.20000E-001   9.00000E-001
   1.44390E-003   7.20000E-001   9.00000E-001
   1.47529E-003   7.20000E-001   9.00000E-001
   1.50668E-003   7.20000E-001   9.00000E-001
   1.53807E-003   7.20000E-001   9.00000E-001
   1.56946E-003   7.20000E-001   1.08000E+000
   1.60085E-003   7.20000E-001   1.08000E+000
   1.63224E-003   7.20000E-001   1.08000E+000
   1.66363E-003   7.20000E-001   1.08000E+000
   1.69502E-003   7.20000E-001   1.08000E+000
   1.72640E-003   7.20000E-001   1.08000E+000
   1.75779E-003   7.20000E-001   1.08000E+000
   1.78918E-003   7.20000E-001   1.08000E+000
   1.82057E-003   7.20000E-001   1.08000E+000
   1.85196E-003   7.20000E-001   1.08000E+000
   1.88335E-003   7.20000E-001   1.08000E+000
   1.91474E-003   7.20000E-001   1.08000E+000
   1.94613E-003   7.20000E-001   1.08000E+000
   1.97752E-003   7.20000E-001   1.08000E+000
   2.00891E-003   7.20000E-001   1.08000E+000
   2.04030E-003   7.20000E-001   1.08000E+000
   2.07169E-003   7.20000E-001   1.08000E+000
   2.10308E-003   7.20000E-001   1.08000E+000
   2.13446E-003   7.20000E-001   1.08000E+000
   2.16585E-003   7.20000E-001   1.08000E+000
   2.19724E-003   7.20000E-001   1.08000E+000
   2.22863E-003   7.20000E-001   1.08000E+000
   2.26002E-003   7.20000E-001   1.08000E+000
   2.29141E-003   7.20000E-001   1.08000E+000
   2.32280E-003   7.20000E-001   1.08000E+000
   2.35419E-003   7.20000E-001   1.08000E+000
   2.38558E-003   7.20000E-001   1.08000E+000
   2.41697E-003   7.20000E-001   1.08000E+000
   2.44836E-003   7.20000E-001   1.08000E+000
   2.47975E-003   7.20000E-001   1.08000E+000
   2.51113E-003   7.20000E-001   1.08000E+000
   2.54252E-003   7.20000E-001   1.08000E+000
   2.57391E-003   7.20000E-001   1.08000E+000
   2.60530E-003   7.20000E-001   1.08000E+000
   2.63669E-003   7.20000E-001   1.08000E+000
   2.66808E-003   7.20000E-001   1.26000E+000
   2.69947E-003   7.20000E-001   1.26000E+000
   2.73086E-003   7.20000E-001   1.26000E+000
   2.76225E-003   7.20000E-001   1.26000E+000
   2.79364E-003   7.20000E-001   1.08000E+000
   2.82503E-003   7.20000E-001   9.00000E-001
   2.85642E-003   7.20000E-001   9.00000E-001
   2.88780E-003   1.08000E+000   7.20000E-001
   2.91919E-003   9.00000E-001   5.40000E-001
   2.95058E-003   7.20000E-001   5.40000E-001
   2.98197E-003   5.40000E-001   3.60000E-001
   3.01336E-003   3.60000E-001   1.80000E-001
   3.04475E-003   1.80000E-001   0.00000E+000
   3.07614E-003   1.80000E-001   0.00000E+000
   3.10753E-003   1.80000E-001   0.00000E+000
   3.13892E-003   1.80000E-001   0.00000E+000
   3.17031E-003   1.80000E-001   0.00000E+000
   3.20170E-003   1.80000E-001   0.00000E+000
   3.23309E-003   1.80000E-001   0.00000E+000
   3.26447E-003   1.80000E-001   0.00000E+000
   3.29586E-003   1.80000E-001   0.00000E+000
   3.32725E-003   1.80000E-001   0.00000E+000
   3.35864E-003   1.80000E-001   0.00000E+000
   3.39003E-003   1.80000E-001   0.00000E+000
   3.42142E-003   1.80000E-001   0.00000E+000
   3.45281E-003   1.80000E-001   0.00000E+000
   3.48420E-003   1.80000E-001   0.00000E+000
   3.51559E-003   1.80000E-001   0.00000E+000
   3.54698E-003   1.80000E-001   0.00000E+000
   3.57837E-003   1.80000E-001   0.00000E+000
   3.60976E-003   1.80000E-001   0.00000E+000
   3.64114E-003   1.80000E-001   0.00000E+000
   3.67253E-003   1.80000E-001   0.00000E+000
   3.70392E-003   1.80000E-001   0.00000E+000
   3.73531E-003   1.80000E-001   0.00000E+000
   3.76670E-003   1.80000E-001   0.00000E+000
   3.79809E-003   1.80000E-001   0.00000E+000
   3.82948E-003   1.80000E-001   0.00000E+000
   3.86087E-003   1.80000E-001   0.00000E+000
   3.89226E-003   1.80000E-001   0.00000E+000
   3.92365E-003   1.80000E-001   0.00000E+000
   3.95504E-003   1.80000E-001   0.00000E+000
   3.98643E-003   1.80000E-001   0.00000E+000
   4.01781E-003   1.80000E-001   0.00000E+000
   4.04920E-003   1.80000E-001   0.00000E+000
   4.08059E-003   1.80000E-001   0.00000E+000
   4.11198E-003   1.80000E-001   0.00000E+000
   4.14337E-003   1.80000E-001   0.00000E+000
   4.17476E-003   1.80000E-001   0.00000E+000
   4.20615E-003   1.80000E-001   0.00000E+000
   4.23754E-003   1.80000E-001   0.00000E+000
   4.26893E-003   1.80000E-001   0.00000E+000
   4.30032E-003   1.80000E-001   0.00000E+000
   4.33171E-003   1.80000E-001   0.00000E+000
   4.36310E-003   1.80000E-001   0.00000E+000
   4.39449E-003   1.80000E-001   0.00000E+000
   4.42587E-003   1.80000E-001   0.00000E+000
   4.45726E-003   1.80000E-001   0.00000E+000
   4.48865E-003   1.80000E-001   0.00000E+000
   4.52004E-003   1.80000E-001   0.00000E+000
   4.55143E-003   1.80000E-001   0.00000E+000
   4.58282E-003   1.80000E-001   0.00000E+000
   4.61421E-003   1.80000E-001   0.00000E+000
   4.64560E-003   1.80000E-001   0.00000E+000
   4.67699E-003   1.80000E-001   0.00000E+000
   4.70838E-003   1.80000E-001   0.00000E+000
   4.73977E-003   1.80000E-001   0.00000E+000
   4.77116E-003   1.80000E-001   0.00000E+000
   4.80254E-003   1.80000E-001   0.00000E+000
   4.83393E-003   1.80000E-001   0.00000E+000
   4.86532E-003   1.80000E-001   0.00000E+000
   4.89671E-003   1.80000E-001   0.00000E+000
   4.92810E-003   1.80000E-001   0.00000E+000
   4.95949E-003   1.80000E-001   0.00000E+000
   4.99088E-003   1.80000E-001   0.00000E+000
   5.02227E-003   1.80000E-001   0.00000E+000
   5.05366E-003   1.80000E-001   0.00000E+000
   5.08505E-003   1.80000E-001   0.00000E+000
   5.11644E-003   1.80000E-001   0.00000E+000
   5.14783E-003   1.80000E-001   0.00000E+000
   5.17921E-003   1.80000E-001   0.00000E+000
   5.21060E-003   1.80000E-001   0.00000E+000
   5.24199E-003   1.80000E-001   0.00000E+000
   5.27338E-003   1.80000E-001   0.00000E+000
   5.30477E-003   1.80000E-001   0.00000E+000
   5.33616E-003   1.80000E-001   0.00000E+000
   5.36755E-003   1.80000E-001   0.00000E+000
   5.39894E-003   1.80000E-001   0.00000E+000
   5.43033E-003   1.80000E-001   0.00000E+000
   5.46172E-003   1.80000E-001   0.00000E+000
   5.49311E-003   1.80000E-001   0.00000E+000
   5.52450E-003   1.80000E-001   0.00000E+000
   5.55588E-003   1.80000E-001   0.00000E+000
   5.58727E-003   1.80000E-001   0.00000E+000
   5.61866E-003   1.80000E-001   0.00000E+000
   5.65005E-003   1.80000E-001   0.00000E+000
   5.68144E-003   1.80000E-001   0.00000E+000
   5.71283E-003   1.80000E-001   0.00000E+000
   5.74422E-003   1.80000E-001   0.00000E+000
   5.77561E-003   1.80000E-001   0.00000E+000
   5.80700E-003   1.80000E-001   0.00000E+000
   5.83839E-003   1.80000E-001   0.00000E+000
   5.86978E-003   1.80000E-001   0.00000E+000
   5.90117E-003   1.80000E-001   0.00000E+000
   5.93255E-003   1.80000E-001   0.00000E+000
   5.96394E-003   1.80000E-001   0.00000E+000
   5.99533E-003   1.80000E-001   0.00000E+000
   6.02672E-003   1.80000E-001   0.00000E+000
   6.05811E-003   1.80000E-001   0.00000E+000
   6.08950E-003   1.80000E-001   0.00000E+000
   6.12089E-003   1.80000E-001   0.00000E+000
   6.15228E-003   1.80000E-001   0.00000E+000
   6.18367E-003   1.80000E-001   0.00000E+000
   6.21506E-003   1.80000E-001   0.00000E+000
   6.24645E-003   1.80000E-001   0.00000E+000
   6.27784E-003   1.80000E-001   0.00000E+000
   6.30923E-003   1.80000E-001   0.00000E+000
   6.34061E-003   1.80000E-001   0.00000E+000
   6.37200E-003   1.80000E-001   0.00000E+000
   6.40339E-003   1.80000E-001   0.00000E+000
   6.43478E-003   1.80000E-001   0.00000E+000
   6.46617E-003   1.80000E-001   0.00000E+000
   6.49756E-003   1.80000E-001   0.00000E+000
   6.52895E-003   1.80000E-001   0.00000E+000
   6.56034E-003   1.80000E-001   0.00000E+000
   6.59173E-003   1.80000E-001   0.00000E+000
   6.62312E-003   1.80000E-001   0.00000E+000
   6.65451E-003   1.80000E-001   0.00000E+000
   6.68590E-003   1.80000E-001   0.00000E+000
   6.71728E-003   1.80000E-001   0.00000E+000
   6.74867E-003   1.80000E-001   0.00000E+000
   6.78006E-003   1.80000E-001   0.00000E+000
   6.81145E-003   1.80000E-001   0.00000E+000
   6.84284E-003   1.80000E-001   0.00000E+000
   6.87423E-003   1.80000E-001   0.00000E+000
   6.90562E-003   1.80000E-001   0.00000E+000
   6.93701E-003   1.80000E-001   0.00000E+000
   6.96840E-003   1.80000E-001   0.00000E+000
   6.99979E-003   1.80000E-001   0.00000E+000
   7.03118E-003   1.80000E-001   0.00000E+000
   7.06257E-003   1.80000E-001   0.00000E+000
   7.09395E-003   1.80000E-001   0.00000E+000
   7.12534E-003   1.80000E-001   0.00000E+000
   7.15673E-003   1.80000E-001   0.00000E+000
   7.18812E-003   1.80000E-001   0.00000E+000
   7.21951E-003   1.80000E-001   0.00000E+000
   7.25090E-003   1.80000E-001   0.00000E+000
   7.28229E-003   1.80000E-001   0.00000E+000
   7.31368E-003   1.80000E-001   0.00000E+000
   7.34507E-003   1.80000E-001   0.00000E+000
   7.37646E-003   1.80000E-001   0.00000E+000
   7.40785E-003   1.80000E-001   0.00000E+000
   7.43924E-003   1.80000E-001   0.00000E+000
   7.47062E-003   1.80000E-001   0.00000E+000
   7.50201E-003   1.80000E-001   0.00000E+000
   7.53340E-003   1.80000E-001   0.00000E+000
   7.56479E-003   1.80000E-001   0.00000E+000
   7.59618E-003   1.80000E-001   0.00000E+000
   7.62757E-003   1.80000E-001   0.00000E+000
   7.65896E-003   1.80000E-001   0.00000E+000
   7.69035E-003   1.80000E-001   0.00000E+000
   7.72174E-003   1.80000E-001   0.00000E+000
   7.75313E-003   1.80000E-001   0.00000E+000
   7.78452E-003   1.80000E-001   0.00000E+000
   7.81591E-003   1.80000E-001   0.00000E+000
   7.84729E-003   1.80000E-001   0.00000E+000
   7.87868E-003   1.80000E-001   0.00000E+000
   7.91007E-003   1.80000E-001   0.00000E+000
   7.94146E-003   1.80000E-001   0.00000E+000
   7.97285E-003   1.80000E-001   0.00000E+000
   8.00424E-003   1.80000E-001   0.00000E+000
   8.03563E-003   1.80000E-001   0.00000E+000
   8.06702E-003   1.80000E-001   0.00000E+000
   8.09841E-003   1.80000E-001   0.00000E+000
   8.12980E-003   1.80000E-001   0.00000E+000
   8.16119E-003   1.80000E-001   0.00000E+000
   8.19258E-003   1.80000E-001   0.00000E+000
   8.22396E-003   1.80000E-001   0.00000E+000
   8.25535E-003   1.80000E-001   0.00000E+000
   8.28674E-003   1.80000E-001   0.00000E+000
   8.31813E-003   1.80000E-001   0.00000E+000
   8.34952E-003   1.80000E-001   0.00000E+000
   8.38091E-003   1.80000E-001   0.00000E+000
   8.41230E-003   1.80000E-001   0.00000E+000
   8.44369E-003   1.80000E-001   0.00000E+000
   8.47508E-003   1.80000E-001   0.00000E+000
   8.50647E-003   1.80000E-001   0.00000E+000
   8.53786E-003   1.80000E-001   0.00000E+000
   8.56925E-003   1.80000E-001   0.00000E+000
   8.60064E-003   1.80000E-001   0.00000E+000
   8.63202E-003   1.80000E-001   0.00000E+000
   8.66341E-003   1.80000E-001   0.00000E+000
   8.69480E-003   1.80000E-001   0.00000E+000
   8.72619E-003   1.80000E-001   0.00000E+000
   8.75758E-003   1.80000E-001   0.00000E+000
   8.78897E-003   1.80000E-001   0.00000E+000
   8.82036E-003   1.80000E-001   0.00000E+000
   8.85175E-003   1.80000E-001   0.00000E+000
   8.88314E-003   1.80000E-001   0.00000E+000
   8.91453E-003   1.80000E-001   0.00000E+000
   8.94592E-003   1.80000E-001   0.00000E+000
   8.97731E-003   1.80000E-001   0.00000E+000
   9.00869E-003   1.80000E-001   0.00000E+000
   9.04008E-003   1.80000E-001   0.00000E+000
   9.07147E-003   1.80000E-001   0.00000E+000
   9.10286E-003   1.80000E-001   0.00000E+000
   9.13425E-003   1.80000E-001   0.00000E+000
   9.16564E-003   1.80000E-001   0.00000E+000
   9.19703E-003   1.80000E-001   0.00000E+000
   9.22842E-003   1.80000E-001   0.00000E+000
   9.25981E-003   1.80000E-001   0.00000E+000
   9.29120E-003   1.80000E-001   0.00000E+000
   9.32259E-003   1.80000E-001   0.00000E+000
   9.35398E-003   1.80000E-001   0.00000E+000
   9.38536E-003   1.80000E-001   0.00000E+000
   9.41675E-003   1.80000E-001   0.00000E+000
   9.44814E-003   1.80000E-001   0.00000E+000
   9.47953E-003   1.80000E-001   0.00000E+000
   9.51092E-003   1.80000E-001   0.00000E+000
   9.54231E-003   1.80000E-001   0.00000E+000
   9.57370E-003   1.80000E-001   0.00000E+000
   9.60509E-003   1.80000E-001   0.00000E+000
   9.63648E-003   1.80000E-001   0.00000E+000
   9.66787E-003   1.80000E-001   0.00000E+000
   9.69926E-003   1.80000E-001   0.00000E+000
   9.73065E-003   1.80000E-001   0.00000E+000
   9.76203E-003   1.80000E-001   0.00000E+000
   9.79342E-003   1.80000E-001   0.00000E+000
   9.82481E-003   1.80000E-001   0.00000E+000
   9.85620E-003   1.80000E-001   0.00000E+000
   9.88759E-003   1.80000E-001   0.00000E+000
   9.91898E-003   1.80000E-001   0.00000E+000
   9.95037E-003   1.80000E-001   0.00000E+000
   9.98176E-003   1.80000E-001   0.00000E+000
   1.00131E-002   1.80000E-001   0.00000E+000
   1.00445E-002   1.80000E-001   0.00000E+000
   1.00759E-002   1.80000E-001   0.00000E+000
   1.01073E-002   1.80000E-001   0.00000E+000
   1.01387E-002   1.80000E-001   0.00000E+000
   1.01701E-002   1.80000E-001   0.00000E+000
   1.02015E-002   1.80000E-001   0.00000E+000
   1.02329E-002   1.80000E-001   0.00000E+000
   1.02643E-002   1.80000E-001   0.00000E+000
   1.02957E-002   1.80000E-001   0.00000E+000
   1.03270E-002   1.80000E-001   0.00000E+000
   1.03584E-002   1.80000E-001   0.00000E+000
   1.03898E-002   1.80000E-001   0.00000E+000
   1.04212E-002   1.80000E-001   0.00000E+000
   1.04526E-002   1.80000E-001   0.00000E+000
   1.04840E-002   1.80000E-001   0.00000E+000
   1.05154E-002   1.80000E-001   0.00000E+000
   1.05468E-002   1.80000E-001   0.00000E+000
   1.05782E-002   1.80000E-001   0.00000E+000
   1.06095E-002   1.80000E-001   0.00000E+000
   1.06409E-002   1.80000E-001   0.00000E+000
   1.06723E-002   1.80000E-001   0.00000E+000
   1.07037E-002   1.80000E-001   0.00000E+000
   1.07351E-002   1.80000E-001   0.00000E+000
   1.07665E-002   1.80000E-001   0.00000E+000
   1.07979E-002   1.80000E-001   0.00000E+000
   1.08293E-002   1.80000E-001   0.00000E+000
   1.08607E-002   1.80000E-001   0.00000E+000
   1.08920E-002   1.80000E-001   0.00000E+000
   1.09234E-002   1.80000E-001   0.00000E+000
   1.09548E-002   1.80000E-001   0.00000E+000
   1.09862E-002   1.80000E-001   0.00000E+000
   1.10176E-002   1.80000E-001   0.00000E+000
   1.10490E-002   1.80000E-001   0.00000E+000
   1.10804E-002   1.80000E-001   0.00000E+000
   1.11118E-002   1.80000E-001   0.00000E+000
   1.11432E-002   1.80000E-001   0.00000E+000
   1.11745E-002   1.80000E-001   0.00000E+000
   1.12059E-002   1.80000E-001   0.00000E+000
   1.12373E-002   1.80000E-001   0.00000E+000
   1.12687E-002   1.80000E-001   0.00000E+000
   1.13001E-002   1.80000E-001   0.00000E+000
   1.13315E-002   1.80000E-001   0.00000E+000
   1.13629E-002   1.80000E-001   0.00000E+000
   1.13943E-002   1.80000E-001   0.00000E+000
   1.14257E-002   1.80000E-001   0.00000E+000
   1.14571E-002   1.80000E-001   0.00000E+000
   1.14884E-002   1.80000E-001   0.00000E+000
   1.15198E-002   1.80000E-001   0.00000E+000
   1.15512E-002   1.80000E-001   0.00000E+000
   1.15826E-002   1.80000E-001   0.00000E+000
   1.16140E-002   1.80000E-001   0.00000E+000
   1.16454E-002   1.80000E-001   0.00000E+000
   1.16768E-002   1.80000E-001   0.00000E+000
   1.17082E-002   1.80000E-001   0.00000E+000
   1.17396E-002   1.80000E-001   0.00000E+000
   1.17709E-002   1.80000E-001   0.00000E+000
   1.18023E-002   1.80000E-001   0.00000E+000
   1.18337E-002   1.80000E-001   0.00000E+000
   1.18651E-002   1.80000E-001   0.00000E+000
   1.18965E-002   1.80000E-001   0.00000E+000
   1.19279E-002   1.80000E-001   0.00000E+000
   1.19593E-002   1.80000E-001   0.00000E+000
   1.19907E-002   1.80000E-001   0.00000E+000
   1.20221E-002   1.80000E-001   0.00000E+000
   1.20534E-002   1.80000E-001   0.00000E+000
   1.20848E-002   1.80000E-001   0.00000E+000
   1.21162E-002   1.80000E-001   0.00000E+000
   1.21476E-002   1.80000E-001   0.00000E+000
   1.21790E-002   1.80000E-001   0.00000E+000
   1.22104E-002   1.80000E-001   0.00000E+000
   1.22418E-002   1.80000E-001   0.00000E+000
   1.22732E-002   1.80000E-001   0.00000E+000
   1.23046E-002   1.80000E-001   0.00000E+000
   1.23359E-002   1.80000E-001   0.00000E+000
   1.23673E-002   1.80000E-001   0.00000E+000
   1.23987E-002   1.80000E-001   0.00000E+000
   1.24301E-002   1.80000E-001   0.00000E+000
   1.24615E-002   1.80000E-001   0.00000E+000
   1.24929E-002   1.80000E-001   0.00000E+000
   1.25243E-002   1.80000E-001   0.00000E+000
   1.25557E-002   1.80000E-001   0.00000E+000
   1.25871E-002   1.80000E-001   0.00000E+000
   1.26185E-002   1.80000E-001   0.00000E+000
   1.26498E-002   1.80000E-001   0.00000E+000
   1.26812E-002   1.80000E-001   0.00000E+000
   1.27126E-002   1.80000E-001   0.00000E+000
   1.27440E-002   1.80000E-001   0.00000E+000
   1.27754E-002   1.80000E-001   0.00000E+000
   1.28068E-002   1.80000E-001   0.00000E+000
   1.28382E-002   1.80000E-001   0.00000E+000
   1.28696E-002   1.80000E-001   0.00000E+000
   1.29010E-002   1.80000E-001   0.00000E+000
   1.29323E-002   1.80000E-001   0.00000E+000
   1.29637E-002   1.80000E-001   0.00000E+000
   1.29951E-002   1.80000E-001   0.00000E+000
   1.30265E-002   1.80000E-001   0.00000E+000
   1.30579E-002   1.80000E-001   0.00000E+000
   1.30893E-002   1.80000E-001   0.00000E+000
   1.31207E-002   1.80000E-001   0.00000E+000
   1.31521E-002   1.80000E-001   0.00000E+000
   1.31835E-002   1.80000E-001   0.00000E+000
   1.32148E-002   1.80000E-001   0.00000E+000
   1.32462E-002   1.80000E-001   0.00000E+000
   1.32776E-002   1.80000E-001   0.00000E+000
   1.33090E-002   1.80000E-001   0.00000E+000
   1.33404E-002   1.80000E-001   0.00000E+000
   1.33718E-002   1.80000E-001   0.00000E+000
   1.34032E-002   1.80000E-001   0.00000E+000
   1.34346E-002   1.80000E-001   0.00000E+000
   1.34660E-002   1.80000E-001   0.00000E+000
   1.34973E-002   1.80000E-001   0.00000E+000
   1.35287E-002   1.80000E-001   0.00000E+000
   1.35601E-002   1.80000E-001   0.00000E+000
   1.35915E-002   1.80000E-001   0.00000E+000
   1.36229E-002   1.80000E-001   0.00000E+000
   1.36543E-002   1.80000E-001   0.00000E+000
   1.36857E-002   1.80000E-001   0.00000E+000
   1.37171E-002   1.80000E-001   0.00000E+000
   1.37485E-002   1.80000E-001   0.00000E+000
   1.37798E-002   1.80000E-001   0.00000E+000
   1.38112E-002   1.80000E-001   0.00000E+000
   1.38426E-002   1.80000E-001   0.00000E+000
   1.38740E-002   1.80000E-001   0.00000E+000
   1.39054E-002   1.80000E-001   0.00000E+000
   1.39368E-002   1.80000E-001   0.00000E+000
   1.39682E-002   1.80000E-001   0.00000E+000
   1.39996E-002   1.80000E-001   0.00000E+000
   1.40310E-002   1.80000E-001   0.00000E+000
   1.40624E-002   1.80000E-001   0.00000E+000
   1.40937E-002   1.80000E-001   0.00000E+000
   1.41251E-002   1.80000E-001   0.00000E+000
   1.41565E-002   1.80000E-001   0.00000E+000
   1.41879E-002   1.80000E-001   0.00000E+000
   1.42193E-002   1.80000E-001   0.00000E+000
   1.42507E-002   1.80000E-001   0.00000E+000
   1.42821E-002   1.80000E-001   0.00000E+000
   1.43135E-002   1.80000E-001   0.00000E+000
   1.43449E-002   1.80000E-001   0.00000E+000
   1.43762E-002   1.80000E-001   0.00000E+000
   1.44076E-002   1.80000E-001   0.00000E+000
   1.44390E-002   1.80000E-001   0.00000E+000
   1.44704E-002   1.80000E-001   0.00000E+000
   1.45018E-002   1.80000E-001   0.00000E+000
   1.45332E-002   1.80000E-001   0.00000E+000
   1.45646E-002   1.80000E-001   0.00000E+000
   1.45960E-002   1.80000E-001   0.00000E+000
   1.46274E-002   1.80000E-001   0.00000E+000
   1.46587E-002   1.80000E-001   0.00000E+000
   1.46901E-002   1.80000E-001   0.00000E+000
   1.47215E-002   1.80000E-001   0.00000E+000
   1.47529E-002   1.80000E-001   0.00000E+000
   1.47843E-002   1.80000E-001   0.00000E+000
   1.48157E-002   1.80000E-001   0.00000E+000
   1.48471E-002   1.80000E-001   0.00000E+000
   1.48785E-002   1.80000E-001   0.00000E+000
   1.49099E-002   1.80000E-001   0.00000E+000
   1.49412E-002   1.80000E-001   0.00000E+000
   1.49726E-002   1.80000E-001   0.00000E+000
   1.50040E-002   1.80000E-001   0.00000E+000
   1.50354E-002   1.80000E-001   0.00000E+000
   1.50668E-002   1.80000E-001   0.00000E+000
   1.50982E-002   1.80000E-001   0.00000E+000
   1.51296E-002   1.80000E-001   0.00000E+000
   1.51610E-002   1.80000E-001   0.00000E+000
   1.51924E-002   1.80000E-001   0.00000E+000
   1.52238E-002   1.80000E-001   0.00000E+000
   1.52551E-002   1.80000E-001   0.00000E+000
   1.52865E-002   1.80000E-001   0.00000E+000
   1.53179E-002   1.80000E-001   0.00000E+000
   1.53493E-002   1.80000E-001   0.00000E+000
   1.53807E-002   1.80000E-001   0.00000E+000
   1.54121E-002   1.80000E-001   0.00000E+000
   1.54435E-002   1.80000E-001   0.00000E+000
   1.54749E-002   1.80000E-001   0.00000E+000
   1.55063E-002   1.80000E-001   0.00000E+000
   1.55376E-002   1.80000E-001   0.00000E+000
   1.55690E-002   1.80000E-001   0.00000E+000
   1.56004E-002   1.80000E-001   0.00000E+000
   1.56318E-002   1.80000E-001   0.00000E+000
   1.56632E-002   1.80000E-001   0.00000E+000
   1.56946E-002   1.80000E-001   0.00000E+000
   1.57260E-002   1.80000E-001   0.00000E+000
   1.57574E-002   1.80000E-001   0.00000E+000
   1.57888E-002   1.80000E-001   0.00000E+000
   1.58201E-002   1.80000E-001   0.00000E+000
   1.58515E-002   1.80000E-001   0.00000E+000
   1.58829E-002   1.80000E-001   0.00000E+000
   1.59143E-002   1.80000E-001   0.00000E+000
   1.59457E-002   1.80000E-001   0.00000E+000
   1.59771E-002   1.80000E-001   0.00000E+000
   1.60085E-002   1.80000E-001   0.00000E+000
   1.60399E-002   1.80000E-001   0.00000E+000
   1.60713E-002   1.80000E-001   0.00000E+000
   1.61026E-002   1.80000E-001   0.00000E+000
   1.61340E-002   1.80000E-001   0.00000E+000
   1.61654E-002   1.80000E-001   0.00000E+000
   1.61968E-002   1.80000E-001   0.00000E+000
   1.62282E-002   1.80000E-001   0.00000E+000
   1.62596E-002   1.80000E-001   0.00000E+000
   1.62910E-002   1.80000E-001   0.00000E+000
   1.63224E-002   1.80000E-001   0.00000E+000
   1.63538E-002   1.80000E-001   0.00000E+000
   1.63852E-002   1.80000E-001   0.00000E+000
   1.64165E-002   1.80000E-001   0.00000E+000
   1.64479E-002   1.80000E-001   0.00000E+000
   1.64793E-002   1.80000E-001   0.00000E+000
   1.65107E-002   1.80000E-001   0.00000E+000
   1.65421E-002   1.80000E-001   0.00000E+000
   1.65735E-002   1.80000E-001   0.00000E+000
   1.66049E-002   1.80000E-001   0.00000E+000
   1.66363E-002   1.80000E-001   0.00000E+000
   1.66677E-002   1.80000E-001   0.00000E+000
   1.66990E-002   1.80000E-001   0.00000E+000
   1.67304E-002   1.80000E-001   0.00000E+000
   1.67618E-002   1.80000E-001   0.00000E+000
   1.67932E-002   1.80000E-001   0.00000E+000
   1.68246E-002   1.80000E-001   0.00000E+000
   1.68560E-002   1.80000E-001   0.00000E+000
   1.68874E-002   1.80000E-001   0.00000E+000
   1.69188E-002   1.80000E-001   0.00000E+000
   1.69502E-002   1.80000E-001   0.00000E+000
   1.69815E-002   1.80000E-001   0.00000E+000
   1.70129E-002   1.80000E-001   0.00000E+000
   1.70443E-002   1.80000E-001   0.00000E+000
   1.70757E-002   1.80000E-001   0.00000E+000
   1.71071E-002   1.80000E-001   0.00000E+000
   1.71385E-002   1.80000E-001   0.00000E+000
   1.71699E-002   1.80000E-001   0.00000E+000
   1.72013E-002   1.80000E-001   0.00000E+000
   1.72327E-002   1.80000E-001   0.00000E+000
   1.72640E-002   1.80000E-001   0.00000E+000
   1.72954E-002   1.80000E-001   0.00000E+000
   1.73268E-002   1.80000E-001   0.00000E+000
   1.73582E-002   1.80000E-001   0.00000E+000
   1.73896E-002   1.80000E-001   0.00000E+000
   1.74210E-002   1.80000E-001   0.00000E+000
   1.74524E-002   1.80000E-001   0.00000E+000
   1.74838E-002   1.80000E-001   0.00000E+000
   1.75152E-002   1.80000E-001   0.00000E+000
   1.75466E-002   1.80000E-001   0.00000E+000
   1.75779E-002   1.80000E-001   0.00000E+000
   1.76093E-002   1.80000E-001   0.00000E+000
   1.76407E-002   1.80000E-001   0.00000E+000
   1.76721E-002   1.80000E-001   0.00000E+000
   1.77035E-002   1.80000E-001   0.00000E+000
   1.77349E-002   1.80000E-001   0.00000E+000
   1.77663E-002   1.80000E-001   0.00000E+000
   1.77977E-002   1.80000E-001   0.00000E+000
   1.78291E-002   1.80000E-001   0.00000E+000
   1.78604E-002   1.80000E-001   0.00000E+000
   1.78918E-002   1.80000E-001   0.00000E+000
   1.79232E-002   1.80000E-001   0.00000E+000
   1.79546E-002   1.80000E-001   0.00000E+000
   1.79860E-002   1.80000E-001   0.00000E+000
   1.80174E-002   1.80000E-001   0.00000E+000
   1.80488E-002   1.80000E-001   0.00000E+000
   1.80802E-002   1.80000E-001   0.00000E+000
   1.81116E-002   1.80000E-001   0.00000E+000
   1.81429E-002   1.80000E-001   0.00000E+000
   1.81743E-002   1.80000E-001   0.00000E+000
   1.82057E-002   1.80000E-001   0.00000E+000
   1.82371E-002   1.80000E-001   0.00000E+000
   1.82685E-002   1.80000E-001   0.00000E+000
   1.82999E-002   1.80000E-001   0.00000E+000
   1.83313E-002   1.80000E-001   0.00000E+000
   1.83627E-002   1.80000E-001   0.00000E+000
   1.83941E-002   1.80000E-001   0.00000E+000
   1.84254E-002   1.80000E-001   0.00000E+000
   1.84568E-002   1.80000E-001   0.00000E+000
   1.84882E-002   1.80000E-001   0.00000E+000
   1.85196E-002   1.80000E-001   0.00000E+000
   1.85510E-002   1.80000E-001   0.00000E+000
   1.85824E-002   1.80000E-001   0.00000E+000
   1.86138E-002   1.80000E-001   0.00000E+000
   1.86452E-002   1.80000E-001   0.00000E+000
   1.86766E-002   1.80000E-001   0.00000E+000
   1.87080E-002   1.80000E-001   0.00000E+000
   1.87393E-002   1.80000E-001   0.00000E+000
   1.87707E-002   1.80000E-001   0.00000E+000
   1.88021E-002   1.80000E-001   0.00000E+000
   1.88335E-002   1.80000E-001   0.00000E+000
   1.88649E-002   1.80000E-001   0.00000E+000
   1.88963E-002   1.80000E-001   0.00000E+000
   1.89277E-002   1.80000E-001   0.00000E+000
   1.89591E-002   1.80000E-001   0.00000E+000
   1.89905E-002   1.80000E-001   0.00000E+000
   1.90218E-002   1.80000E-001   0.00000E+000
   1.90532E-002   1.80000E-001   0.00000E+000
   1.90846E-002   1.80000E-001   0.00000E+000
   1.91160E-002   1.80000E-001   0.00000E+000
   1.91474E-002   1.80000E-001   0.00000E+000
   1.91788E-002   1.80000E-001   0.00000E+000
   1.92102E-002   1.80000E-001   0.00000E+000
   1.92416E-002   1.80000E-001   0.00000E+000
   1.92730E-002   1.80000E-001   0.00000E+000
   1.93043E-002   1.80000E-001   0.00000E+000
   1.93357E-002   1.80000E-001   0.00000E+000
   1.93671E-002   1.80000E-001   0.00000E+000
   1.93985E-002   1.80000E-001   0.00000E+000
   1.94299E-002   1.80000E-001   0.00000E+000
   1.94613E-002   1.80000E-001   0.00000E+000
   1.94927E-002   1.80000E-001   0.00000E+000
   1.95241E-002   1.80000E-001   0.00000E+000
   1.95555E-002   1.80000E-001   0.00000E+000
   1.95868E-002   1.80000E-001   0.00000E+000
   1.96182E-002   1.80000E-001   0.00000E+000
   1.96496E-002   1.80000E-001   0.00000E+000
   1.96810E-002   1.80000E-001   0.00000E+000
   1.97124E-002   1.80000E-001   0.00000E+000
   1.97438E-002   1.80000E-001   0.00000E+000
   1.97752E-002   1.80000E-001   0.00000E+000
   1.98066E-002   1.80000E-001   0.00000E+000
   1.98380E-002   1.80000E-001   0.00000E+000
   1.98694E-002   1.80000E-001   0.00000E+000
   1.99007E-002   1.80000E-001   0.00000E+000
   1.99321E-002   1.80000E-001   0.00000E+000
   1.99635E-002   1.80000E-001   0.00000E+000
   1.99949E-002   1.80000E-001   0.00000E+000
   2.00263E-002   1.80000E-001   0.00000E+000
   2.00577E-002   1.80000E-001   0.00000E+000
   2.00891E-002   1.80000E-001   0.00000E+000
   2.01205E-002   1.80000E-001   0.00000E+000
   2.01519E-002   1.80000E-001   0.00000E+000
   2.01832E-002   1.80000E-001   0.00000E+000
   2.02146E-002   1.80000E-001   0.00000E+000
   2.02460E-002   1.80000E-001   0.00000E+000
   2.02774E-002   1.80000E-001   0.00000E+000
   2.03088E-002   1.80000E-001   0.00000E+000
   2.03402E-002   1.80000E-001   0.00000E+000
   2.03716E-002   1.80000E-001   0.00000E+000
   2.04030E-002   1.80000E-001   0.00000E+000
   2.04344E-002   1.80000E-001   0.00000E+000
   2.04657E-002   1.80000E-001   0.00000E+000
   2.04971E-002   1.80000E-001   0.00000E+000
   2.05285E-002   1.80000E-001   0.00000E+000
   2.05599E-002   1.80000E-001   0.00000E+000
   2.05913E-002   1.80000E-001   0.00000E+000
   2.06227E-002   1.80000E-001   0.00000E+000
   2.06541E-002   1.80000E-001   0.00000E+000
   2.06855E-002   1.80000E-001   0.00000E+000
   2.07169E-002   1.80000E-001   0.00000E+000
   2.07482E-002   1.80000E-001   0.00000E+000
   2.07796E-002   1.80000E-001   0.00000E+000
   2.08110E-002   1.80000E-001   0.00000E+000
   2.08424E-002   1.80000E-001   0.00000E+000
   2.08738E-002   1.80000E-001   0.00000E+000
   2.09052E-002   1.80000E-001   0.00000E+000
   2.09366E-002   1.80000E-001   0.00000E+000
   2.09680E-002   1.80000E-001   0.00000E+000
   2.09994E-002   1.80000E-001   0.00000E+000
   2.10308E-002   1.80000E-001   0.00000E+000
   2.10621E-002   1.80000E-001   0.00000E+000
   2.10935E-002   1.80000E-001   0.00000E+000
   2.11249E-002   1.80000E-001   0.00000E+000
   2.11563E-002   1.80000E-001   0.00000E+000
   2.11877E-002   1.80000E-001   0.00000E+000
   2.12191E-002   1.80000E-001   0.00000E+000
   2.12505E-002   1.80000E-001   0.00000E+000
   2.12819E-002   1.80000E-001   0.00000E+000
   2.13133E-002   1.80000E-001   0.00000E+000
   2.13446E-002   1.80000E-001   0.00000E+000
   2.13760E-002   1.80000E-001   0.00000E+000
   2.14074E-002   1.80000E-001   0.00000E+000
   2.14388E-002   1.80000E-001   0.00000E+000
   2.14702E-002   1.80000E-001   0.00000E+000
   2.15016E-002   1.80000E-001   0.00000E+000
   2.15330E-002   1.80000E-001   0.00000E+000
   2.15644E-002   1.80000E-001   0.00000E+000
   2.15958E-002   1.80000E-001   0.00000E+000
   2.16271E-002   1.80000E-001   0.00000E+000
   2.16585E-002   1.80000E-001   0.00000E+000
   2.16899E-002   1.80000E-001   0.00000E+000
   2.17213E-002   1.80000E-001   0.00000E+000
   2.17527E-002   1.80000E-001   0.00000E+000
   2.17841E-002   1.80000E-001   0.00000E+000
   2.18155E-002   1.80000E-001   0.00000E+000
   2.18469E-002   1.80000E-001   0.00000E+000
   2.18783E-002   1.80000E-001   0.00000E+000
   2.19096E-002   1.80000E-001   0.00000E+000
   2.19410E-002   1.80000E-001   0.00000E+000
   2.19724E-002   1.80000E-001   0.00000E+000
   2.20038E-002   1.80000E-001   0.00000E+000
   2.20352E-002   1.80000E-001   0.00000E+000
   2.20666E-002   1.80000E-001   0.00000E+000
   2.20980E-002   1.80000E-001   0.00000E+000
   2.21294E-002   1.80000E-001   0.00000E+000
   2.21608E-002   1.80000E-001   0.00000E+000
   2.21921E-002   1.80000E-001   0.00000E+000
   2.22235E-002   1.80000E-001   0.00000E+000
   2.22549E-002   1.80000E-001   0.00000E+000
   2.22863E-002   1.80000E-001   0.00000E+000
   2.23177E-002   1.80000E-001   0.00000E+000
   2.23491E-002   1.80000E-001   0.00000E+000
   2.23805E-002   1.80000E-001   0.00000E+000
   2.24119E-002   1.80000E-001   0.00000E+000
   2.24433E-002   1.80000E-001   0.00000E+000
   2.24747E-002   1.80000E-001   0.00000E+000
   2.25060E-002   1.80000E-001   0.00000E+000
   2.25374E-002   1.80000E-001   0.00000E+000
   2.25688E-002   1.80000E-001   0.00000E+000
   2.26002E-002   1.80000E-001   0.00000E+000
   2.26316E-002   1.80000E-001   0.00000E+000
   2.26630E-002   1.80000E-001   0.00000E+000
   2.26944E-002   1.80000E-001   0.00000E+000
   2.27258E-002   1.80000E-001   0.00000E+000
   2.27572E-002   1.80000E-001   0.00000E+000
   2.27885E-002   1.80000E-001   0.00000E+000
   2.28199E-002   1.80000E-001   0.00000E+000
   2.28513E-002   1.80000E-001   0.00000E+000
   2.28827E-002   1.80000E-001   0.00000E+000
   2.29141E-002   1.80000E-001   0.00000E+000
   2.29455E-002   1.80000E-001   0.00000E+000
   2.29769E-002   1.80000E-001   0.00000E+000
   2.30083E-002   1.80000E-001   0.00000E+000
   2.30397E-002   1.80000E-001   0.00000E+000
   2.30710E-002   1.80000E-001   0.00000E+000
   2.31024E-002   1.80000E-001   0.00000E+000
   2.31338E-002   1.80000E-001   0.00000E+000
   2.31652E-002   1.80000E-001   0.00000E+000
   2.31966E-002   1.80000E-001   0.00000E+000
   2.32280E-002   1.80000E-001   0.00000E+000
   2.32594E-002   1.80000E-001   0.00000E+000
   2.32908E-002   1.80000E-001   0.00000E+000
   2.33222E-002   1.80000E-001   0.00000E+000
   2.33535E-002   1.80000E-001   0.00000E+000
   2.33849E-002   1.80000E-001   0.00000E+000
   2.34163E-002   1.80000E-001   0.00000E+000
   2.34477E-002   1.80000E-001   0.00000E+000
   2.34791E-002   1.80000E-001   0.00000E+000
   2.35105E-002   1.80000E-001   0.00000E+000
   2.35419E-002   1.80000E-001   0.00000E+000
   2.35733E-002   1.80000E-001   0.00000E+000
   2.36047E-002   1.80000E-001   0.00000E+000
   2.36361E-002   1.80000E-001   0.00000E+000
   2.36674E-002   1.80000E-001   0.00000E+000
   2.36988E-002   1.80000E-001   0.00000E+000
   2.37302E-002   1.80000E-001   0.00000E+000
   2.37616E-002   1.80000E-001   0.00000E+000
   2.37930E-002   1.80000E-001   0.00000E+000
   2.38244E-002   1.80000E-001   0.00000E+000
   2.38558E-002   1.80000E-001   0.00000E+000
   2.38872E-002   1.80000E-001   0.00000E+000
   2.39186E-002   1.80000E-001   0.00000E+000
   2.39499E-002   1.80000E-001   0.00000E+000
   2.39813E-002   1.80000E-001   0.00000E+000
   2.40127E-002   1.80000E-001   0.00000E+000
   2.40441E-002   1.80000E-001   0.00000E+000
   2.40755E-002   1.80000E-001   0.00000E+000
   2.41069E-002   1.80000E-001   0.00000E+000
   2.41383E-002   1.80000E-001   0.00000E+000
   2.41697E-002   1.80000E-001   0.00000E+000
   2.42011E-002   1.80000E-001   0.00000E+000
   2.42324E-002   1.80000E-001   0.00000E+000
   2.42638E-002   1.80000E-001   0.00000E+000
   2.42952E-002   1.80000E-001   0.00000E+000
   2.43266E-002   1.80000E-001   0.00000E+000
   2.43580E-002   1.80000E-001   0.00000E+000
   2.43894E-002   1.80000E-001   0.00000E+000
   2.44208E-002   1.80000E-001   0.00000E+000
   2.44522E-002   1.80000E-001   0.00000E+000
   2.44836E-002   1.80000E-001   0.00000E+000
   2.45149E-002   1.80000E-001   0.00000E+000
   2.45463E-002   1.80000E-001   0.00000E+000
   2.45777E-002   1.80000E-001   0.00000E+000
   2.46091E-002   1.80000E-001   0.00000E+000
   2.46405E-002   1.80000E-001   0.00000E+000
   2.46719E-002   1.80000E-001   0.00000E+000
   2.47033E-002   1.80000E-001   0.00000E+000
   2.47347E-002   1.80000E-001   0.00000E+000
   2.47661E-002   1.80000E-001   0.00000E+000
   2.47975E-002   1.80000E-001   0.00000E+000
   2.48288E-002   1.80000E-001   0.00000E+000
   2.48602E-002   1.80000E-001   0.00000E+000
   2.48916E-002   1.80000E-001   0.00000E+000
   2.49230E-002   1.80000E-001   0.00000E+000
   2.49544E-002   1.80000E-001   0.00000E+000
   2.49858E-002   1.80000E-001   0.00000E+000
   2.50172E-002   1.80000E-001   0.00000E+000
   2.50486E-002   1.80000E-001   0.00000E+000
   2.50800E-002   1.80000E-001   0.00000E+000
   2.51113E-002   1.80000E-001   0.00000E+000
   2.51427E-002   1.80000E-001   0.00000E+000
   2.51741E-002   1.80000E-001   0.00000E+000
   2.52055E-002   1.80000E-001   0.00000E+000
   2.52369E-002   1.80000E-001   0.00000E+000
   2.52683E-002   1.80000E-001   0.00000E+000
   2.52997E-002   1.80000E-001   0.00000E+000
   2.53311E-002   1.80000E-001   0.00000E+000
   2.53625E-002   1.80000E-001   0.00000E+000
   2.53938E-002   1.80000E-001   0.00000E+000
   2.54252E-002   1.80000E-001   0.00000E+000
   2.54566E-002   1.80000E-001   0.00000E+000
   2.54880E-002   1.80000E-001   0.00000E+000
   2.55194E-002   1.80000E-001   0.00000E+000
   2.55508E-002   1.80000E-001   0.00000E+000
   2.55822E-002   1.80000E-001   0.00000E+000
   2.56136E-002   1.80000E-001   0.00000E+000
   2.56450E-002   1.80000E-001   0.00000E+000
   2.56763E-002   1.80000E-001   0.00000E+000
   2.57077E-002   1.80000E-001   0.00000E+000
   2.57391E-002   1.80000E-001   0.00000E+000
   2.57705E-002   1.80000E-001   0.00000E+000
   2.58019E-002   1.80000E-001   0.00000E+000
   2.58333E-002   1.80000E-001   0.00000E+000
   2.58647E-002   1.80000E-001   0.00000E+000
   2.58961E-002   1.80000E-001   0.00000E+000
   2.59275E-002   1.80000E-001   0.00000E+000
   2.59589E-002   1.80000E-001   0.00000E+000
   2.59902E-002   1.80000E-001   0.00000E+000
   2.60216E-002   1.80000E-001   0.00000E+000
   2.60530E-002   1.80000E-001   0.00000E+000
   2.60844E-002   1.80000E-001   0.00000E+000
   2.61158E-002   1.80000E-001   0.00000E+000
   2.61472E-002   1.80000E-001   0.00000E+000
   2.61786E-002   1.80000E-001   0.00000E+000
   2.62100E-002   1.80000E-001   0.00000E+000
   2.62414E-002   1.80000E-001   0.00000E+000
   2.62727E-002   1.80000E-001   0.00000E+000
   2.63041E-002   1.80000E-001   0.00000E+000
   2.63355E-002   1.80000E-001   0.00000E+000
   2.63669E-002   1.80000E-001   0.00000E+000
   2.63983E-002   1.80000E-001   0.00000E+000
   2.64297E-002   1.80000E-001   0.00000E+000
   2.64611E-002   1.80000E-001   0.00000E+000
   2.64925E-002   1.80000E-001   0.00000E+000
   2.65239E-002   1.80000E-001   0.00000E+000
   2.65552E-002   1.80000E-001   0.00000E+000
   2.65866E-002   1.80000E-001   0.00000E+000
   2.66180E-002   1.80000E-001   0.00000E+000
   2.66494E-002   1.80000E-001   0.00000E+000
   2.66808E-002   1.80000E-001   0.00000E+000
   2.67122E-002   1.80000E-001   0.00000E+000
   2.67436E-002   1.80000E-001   0.00000E+000
   2.67750E-002   1.80000E-001   0.00000E+000
   2.68064E-002   1.80000E-001   0.00000E+000
   2.68377E-002   1.80000E-001   0.00000E+000
   2.68691E-002   1.80000E-001   0.00000E+000
   2.69005E-002   1.80000E-001   0.00000E+000
   2.69319E-002   1.80000E-001   0.00000E+000
   2.69633E-002   1.80000E-001   0.00000E+000
   2.69947E-002   1.80000E-001   0.00000E+000
   2.70261E-002   1.80000E-001   0.00000E+000
   2.70575E-002   1.80000E-001   0.00000E+000
   2.70889E-002   1.80000E-001   0.00000E+000
   2.71203E-002   1.80000E-001   0.00000E+000
   2.71516E-002   1.80000E-001   0.00000E+000
   2.71830E-002   1.80000E-001   0.00000E+000
   2.72144E-002   1.80000E-001   0.00000E+000
   2.72458E-002   1.80000E-001   0.00000E+000
   2.72772E-002   1.80000E-001   0.00000E+000
   2.73086E-002   1.80000E-001   0.00000E+000
   2.73400E-002   1.80000E-001   0.00000E+000
   2.73714E-002   1.80000E-001   0.00000E+000
   2.74028E-002   1.80000E-001   0.00000E+000
   2.74341E-002   1.80000E-001   0.00000E+000
   2.74655E-002   1.80000E-001   0.00000E+000
   2.74969E-002   1.80000E-001   0.00000E+000
   2.75283E-002   1.80000E-001   0.00000E+000
   2.75597E-002   1.80000E-001   0.00000E+000
   2.75911E-002   1.80000E-001   0.00000E+000
   2.76225E-002   1.80000E-001   0.00000E+000
   2.76539E-002   1.80000E-001   0.00000E+000
   2.76853E-002   1.80000E-001   0.00000E+000
   2.77166E-002   1.80000E-001   0.00000E+000
   2.77480E-002   1.80000E-001   0.00000E+000
   2.77794E-002   1.80000E-001   0.00000E+000
   2.78108E-002   1.80000E-001   0.00000E+000
   2.78422E-002   1.80000E-001   0.00000E+000
   2.78736E-002   1.80000E-001   0.00000E+000
   2.79050E-002   1.80000E-001   0.00000E+000
   2.79364E-002   1.80000E-001   0.00000E+000
   2.79678E-002   1.80000E-001   0.00000E+000
   2.79991E-002   1.80000E-001   0.00000E+000
   2.80305E-002   1.80000E-001   0.00000E+000
   2.80619E-002   1.80000E-001   0.00000E+000
   2.80933E-002   1.80000E-001   0.00000E+000
   2.81247E-002   1.80000E-001   0.00000E+000
   2.81561E-002   1.80000E-001   0.00000E+000
   2.81875E-002   1.80000E-001   0.00000E+000
   2.82189E-002   1.80000E-001   0.00000E+000
   2.82503E-002   1.80000E-001   0.00000E+000
   2.82817E-002   1.80000E-001   0.00000E+000
   2.83130E-002   1.80000E-001   0.00000E+000
   2.83444E-002   1.80000E-001   0.00000E+000
   2.83758E-002   1.80000E-001   0.00000E+000
   2.84072E-002   1.80000E-001   0.00000E+000
   2.84386E-002   1.80000E-001   0.00000E+000
   2.84700E-002   1.80000E-001   0.00000E+000
   2.85014E-002   1.80000E-001   0.00000E+000
   2.85328E-002   1.80000E-001   0.00000E+000
   2.85642E-002   1.80000E-001   0.00000E+000
   2.85955E-002   1.80000E-001   0.00000E+000
   2.86269E-002   1.80000E-001   0.00000E+000
   2.86583E-002   1.80000E-001   0.00000E+000
   2.86897E-002   1.80000E-001   0.00000E+000
   2.87211E-002   1.80000E-001   0.00000E+000
   2.87525E-002   1.80000E-001   0.00000E+000
   2.87839E-002   1.80000E-001   0.00000E+000
   2.88153E-002   1.80000E-001   0.00000E+000
   2.88467E-002   1.80000E-001   0.00000E+000
   2.88780E-002   1.80000E-001   0.00000E+000
   2.89094E-002   1.80000E-001   0.00000E+000
   2.89408E-002   1.80000E-001   0.00000E+000
   2.89722E-002   1.80000E-001   0.00000E+000
   2.90036E-002   1.80000E-001   0.00000E+000
   2.90350E-002   1.80000E-001   0.00000E+000
   2.90664E-002   1.80000E-001   0.00000E+000
   2.90978E-002   1.80000E-001   0.00000E+000
   2.91292E-002   1.80000E-001   0.00000E+000
   2.91605E-002   1.80000E-001   0.00000E+000
   2.91919E-002   1.80000E-001   0.00000E+000
   2.92233E-002   1.80000E-001   0.00000E+000
   2.92547E-002   1.80000E-001   0.00000E+000
   2.92861E-002   1.80000E-001   0.00000E+000
   2.93175E-002   1.80000E-001   0.00000E+000
   2.93489E-002   1.80000E-001   0.00000E+000
   2.93803E-002   1.80000E-001   0.00000E+000
   2.94117E-002   1.80000E-001   0.00000E+000
   2.94431E-002   1.80000E-001   0.00000E+000
   2.94744E-002   1.80000E-001   0.00000E+000
   2.95058E-002   1.80000E-001   0.00000E+000
   2.95372E-002   1.80000E-001   0.00000E+000
   2.95686E-002   1.80000E-001   0.00000E+000
   2.96000E-002   1.80000E-001   0.00000E+000
   2.96314E-002   1.80000E-001   0.00000E+000
   2.96628E-002   1.80000E-001   0.00000E+000
   2.96942E-002   1.80000E-001   0.00000E+000
   2.97256E-002   1.80000E-001   0.00000E+000
   2.97569E-002   1.80000E-001   0.00000E+000
   2.97883E-002   1.80000E-001   0.00000E+000
   2.98197E-002   1.80000E-001   0.00000E+000
   2.98511E-002   1.80000E-001   0.00000E+000
   2.98825E-002   1.80000E-001   0.00000E+000
   2.99139E-002   1.80000E-001   0.00000E+000
   2.99453E-002   1.80000E-001   0.00000E+000
   2.99767E-002   1.80000E-001   0.00000E+000
   3.00081E-002   1.80000E-001   0.00000E+000
   3.00394E-002   1.80000E-001   0.00000E+000
   3.00708E-002   1.80000E-001   0.00000E+000
   3.01022E-002   1.80000E-001   0.00000E+000
   3.01336E-002   1.80000E-001   0.00000E+000
   3.01650E-002   1.80000E-001   0.00000E+000
   3.01964E-002   1.80000E-001   0.00000E+000
   3.02278E-002   1.80000E-001   0.00000E+000
   3.02592E-002   1.80000E-001   0.00000E+000
   3.02906E-002   1.80000E-001   0.00000E+000
   3.03219E-002   1.80000E-001   0.00000E+000
   3.03533E-002   1.80000E-001   0.00000E+000
   3.03847E-002   1.80000E-001   0.00000E+000
   3.04161E-002   1.80000E-001   0.00000E+000
   3.04475E-002   1.80000E-001   0.00000E+000
   3.04789E-002   1.80000E-001   0.00000E+000
   3.05103E-002   1.80000E-001   0.00000E+000
   3.05417E-002   1.80000E-001   0.00000E+000
   3.05731E-002   1.80000E-001   0.00000E+000
   3.06044E-002   1.80000E-001   0.00000E+000
   3.06358E-002   1.80000E-001   0.00000E+000
   3.06672E-002   1.80000E-001   0.00000E+000
   3.06986E-002   1.80000E-001   0.00000E+000
   3.07300E-002   1.80000E-001   0.00000E+000
   3.07614E-002   1.80000E-001   0.00000E+000
   3.07928E-002   1.80000E-001   0.00000E+000
   3.08242E-002   1.80000E-001   0.00000E+000
   3.08556E-002   1.80000E-001   0.00000E+000
   3.08870E-002   1.80000E-001   0.00000E+000
   3.09183E-002   1.80000E-001   0.00000E+000
   3.09497E-002   1.80000E-001   0.00000E+000
   3.09811E-002   1.80000E-001   0.00000E+000
   3.10125E-002   1.80000E-001   0.00000E+000
   3.10439E-002   1.80000E-001   0.00000E+000
   3.10753E-002   1.80000E-001   0.00000E+000
   3.11067E-002   1.80000E-001   0.00000E+000
   3.11381E-002   1.80000E-001   0.00000E+000
   3.11695E-002   1.80000E-001   0.00000E+000
   3.12008E-002   1.80000E-001   0.00000E+000
   3.12322E-002   1.80000E-001   0.00000E+000
   3.12636E-002   1.80000E-001   0.00000E+000
   3.12950E-002   1.80000E-001   0.00000E+000
   3.13264E-002   1.80000E-001   0.00000E+000
   3.13578E-002   1.80000E-001   0.00000E+000
   3.13892E-002   1.80000E-001   0.00000E+000
   3.14206E-002   1.80000E-001   0.00000E+000
   3.14520E-002   1.80000E-001   0.00000E+000
   3.14833E-002   1.80000E-001   0.00000E+000
   3.15147E-002   1.80000E-001   0.00000E+000
   3.15461E-002   1.80000E-001   0.00000E+000
   3.15775E-002   1.80000E-001   0.00000E+000
   3.16089E-002   1.80000E-001   0.00000E+000
   3.16403E-002   1.80000E-001   0.00000E+000
   3.16717E-002   1.80000E-001   0.00000E+000
   3.17031E-002   1.80000E-001   0.00000E+000
   3.17345E-002   1.80000E-001   0.00000E+000
   3.17658E-002   1.80000E-001   0.00000E+000
   3.17972E-002   1.80000E-001   0.00000E+000
   3.18286E-002   1.80000E-001   0.00000E+000
   3.18600E-002   1.80000E-001   0.00000E+000
   3.18914E-002   1.80000E-001   0.00000E+000
   3.19228E-002   1.80000E-001   0.00000E+000
   3.19542E-002   1.80000E-001   0.00000E+000
   3.19856E-002   1.80000E-001   0.00000E+000
   3.20170E-002   1.80000E-001   0.00000E+000
   3.20484E-002   1.80000E-001   0.00000E+000
   3.20797E-002   1.80000E-001   0.00000E+000
   3.21111E-002   1.80000E-001   0.00000E+000
   3.21425E-002   1.80000E-001   0.00000E+000
   3.21739E-002   1.80000E-001   0.00000E+000
   3.22053E-002   1.80000E-001   0.00000E+000
   3.22367E-002   1.80000E-001   0.00000E+000
   3.22681E-002   1.80000E-001   0.00000E+000
   3.22995E-002   1.80000E-001   0.00000E+000
   3.23309E-002   1.80000E-001   0.00000E+000
   3.23622E-002   1.80000E-001   0.00000E+000
   3.23936E-002   1.80000E-001   0.00000E+000
   3.24250E-002   1.80000E-001   0.00000E+000
   3.24564E-002   1.80000E-001   0.00000E+000
   3.24878E-002   1.80000E-001   0.00000E+000
   3.25192E-002   1.80000E-001   0.00000E+000
   3.25506E-002   1.80000E-001   0.00000E+000
   3.25820E-002   1.80000E-001   0.00000E+000
   3.26134E-002   1.80000E-001   0.00000E+000
   3.26447E-002   1.80000E-001   0.00000E+000
   3.26761E-002   1.80000E-001   0.00000E+000
   3.27075E-002   1.80000E-001   0.00000E+000
   3.27389E-002   1.80000E-001   0.00000E+000
   3.27703E-002   1.80000E-001   0.00000E+000
   3.28017E-002   1.80000E-001   0.00000E+000
   3.28331E-002   1.80000E-001   0.00000E+000
   3.28645E-002   1.80000E-001   0.00000E+000
   3.28959E-002   1.80000E-001   0.00000E+000
   3.29272E-002   1.80000E-001   0.00000E+000
   3.29586E-002   1.80000E-001   0.00000E+000
   3.29900E-002   1.80000E-001   0.00000E+000
   3.30214E-002   1.80000E-001   0.00000E+000
   3.30528E-002   1.80000E-001   0.00000E+000
   3.30842E-002   1.80000E-001   0.00000E+000
   3.31156E-002   1.80000E-001   0.00000E+000
   3.31470E-002   1.80000E-001   0.00000E+000
   3.31784E-002   1.80000E-001   0.00000E+000
   3.32098E-002   1.80000E-001   0.00000E+000
   3.32411E-002   1.80000E-001   0.00000E+000
   3.32725E-002   1.80000E-001   0.00000E+000
   3.33039E-002   1.80000E-001   0.00000E+000
   3.33353E-002   1.80000E-001   0.00000E+000
   3.33667E-002   1.80000E-001   0.00000E+000
   3.33981E-002   1.80000E-001   0.00000E+000
   3.34295E-002   1.80000E-001   0.00000E+000
   3.34609E-002   1.80000E-001   0.00000E+000
   3.34923E-002   1.80000E-001   0.00000E+000
   3.35236E-002   1.80000E-001   0.00000E+000
   3.35550E-002   1.80000E-001   0.00000E+000
   3.35864E-002   1.80000E-001   0.00000E+000
   3.36178E-002   1.80000E-001   0.00000E+000
   3.36492E-002   1.80000E-001   0.00000E+000
   3.36806E-002   1.80000E-001   0.00000E+000
   3.37120E-002   1.80000E-001   0.00000E+000
   3.37434E-002   1.80000E-001   0.00000E+000
   3.37748E-002   1.80000E-001   0.00000E+000
   3.38061E-002   1.80000E-001   0.00000E+000
   3.38375E-002   1.80000E-001   0.00000E+000
   3.38689E-002   1.80000E-001   0.00000E+000
   3.39003E-002   1.80000E-001   0.00000E+000
   3.39317E-002   1.80000E-001   0.00000E+000
   3.39631E-002   1.80000E-001   0.00000E+000
   3.39945E-002   1.80000E-001   0.00000E+000
   3.40259E-002   1.80000E-001   0.00000E+000
   3.40573E-002   1.80000E-001   0.00000E+000
   3.40886E-002   1.80000E-001   0.00000E+000
   3.41200E-002   1.80000E-001   0.00000E+000
   3.41514E-002   1.80000E-001   0.00000E+000
   3.41828E-002   1.80000E-001   0.00000E+000
   3.42142E-002   1.80000E-001   0.00000E+000
   3.42456E-002   1.80000E-001   0.00000E+000
   3.42770E-002   1.80000E-001   0.00000E+000
   3.43084E-002   1.80000E-001   0.00000E+000
   3.43398E-002   1.80000E-001   0.00000E+000
   3.43712E-002   1.80000E-001   0.00000E+000
   3.44025E-002   1.80000E-001   0.00000E+000
   3.44339E-002   1.80000E-001   0.00000E+000
   3.44653E-002   1.80000E-001   0.00000E+000
   3.44967E-002   1.80000E-001   0.00000E+000
   3.45281E-002   1.80000E-001   0.00000E+000
   3.45595E-002   1.80000E-001   0.00000E+000
   3.45909E-002   1.80000E-001   0.00000E+000
   3.46223E-002   1.80000E-001   0.00000E+000
   3.46537E-002   1.80000E-001   0.00000E+000
   3.46850E-002   1.80000E-001   0.00000E+000
   3.47164E-002   1.80000E-001   0.00000E+000
   3.47478E-002   1.80000E-001   0.00000E+000
   3.47792E-002   1.80000E-001   0.00000E+000
   3.48106E-002   1.80000E-001   0.00000E+000
   3.48420E-002   1.80000E-001   0.00000E+000
   3.48734E-002   1.80000E-001   0.00000E+000
   3.49048E-002   1.80000E-001   0.00000E+000
   3.49362E-002   1.80000E-001   0.00000E+000
   3.49675E-002   1.80000E-001   0.00000E+000
   3.49989E-002   1.80000E-001   0.00000E+000
   3.50303E-002   1.80000E-001   0.00000E+000
   3.50617E-002   1.80000E-001   0.00000E+000
   3.50931E-002   1.80000E-001   0.00000E+000
   3.51245E-002   1.80000E-001   0.00000E+000
   3.51559E-002   1.80000E-001   0.00000E+000
   3.51873E-002   1.80000E-001   0.00000E+000
   3.52187E-002   1.80000E-001   0.00000E+000
   3.52500E-002   1.80000E-001   0.00000E+000
   3.52814E-002   1.80000E-001   0.00000E+000
   3.53128E-002   1.80000E-001   0.00000E+000
   3.53442E-002   1.80000E-001   0.00000E+000
   3.53756E-002   1.80000E-001   0.00000E+000
   3.54070E-002   1.80000E-001   0.00000E+000
   3.54384E-002   1.80000E-001   0.00000E+000
   3.54698E-002   1.80000E-001   0.00000E+000
   3.55012E-002   1.80000E-001   0.00000E+000
   3.55326E-002   1.80000E-001   0.00000E+000
   3.55639E-002   1.80000E-001   0.00000E+000
   3.55953E-002   1.80000E-001   0.00000E+000
   3.56267E-002   1.80000E-001   0.00000E+000
   3.56581E-002   1.80000E-001   0.00000E+000
   3.56895E-002   1.80000E-001   0.00000E+000
   3.57209E-002   1.80000E-001   0.00000E+000
   3.57523E-002   1.80000E-001   0.00000E+000
   3.57837E-002   1.80000E-001   0.00000E+000
   3.58151E-002   1.80000E-001   0.00000E+000
   3.58464E-002   1.80000E-001   0.00000E+000
   3.58778E-002   1.80000E-001   0.00000E+000
   3.59092E-002   1.80000E-001   0.00000E+000
   3.59406E-002   1.80000E-001   0.00000E+000
   3.59720E-002   1.80000E-001   0.00000E+000
   3.60034E-002   1.80000E-001   0.00000E+000
   3.60348E-002   1.80000E-001   0.00000E+000
   3.60662E-002   1.80000E-001   0.00000E+000
   3.60976E-002   1.80000E-001   0.00000E+000
   3.61289E-002   1.80000E-001   0.00000E+000
   3.61603E-002   1.80000E-001   0.00000E+000
   3.61917E-002   1.80000E-001   0.00000E+000
   3.62231E-002   1.80000E-001   0.00000E+000
   3.62545E-002   1.80000E-001   0.00000E+000
   3.62859E-002   1.80000E-001   0.00000E+000
   3.63173E-002   1.80000E-001   0.00000E+000
   3.63487E-002   1.80000E-001   0.00000E+000
   3.63801E-002   1.80000E-001   0.00000E+000
   3.64114E-002   1.80000E-001   0.00000E+000
   3.64428E-002   1.80000E-001   0.00000E+000
   3.64742E-002   1.80000E-001   0.00000E+000
   3.65056E-002   1.80000E-001   0.00000E+000
   3.65370E-002   1.80000E-001   0.00000E+000
   3.65684E-002   1.80000E-001   0.00000E+000
   3.65998E-002   1.80000E-001   0.00000E+000
   3.66312E-002   1.80000E-001   0.00000E+000
   3.66626E-002   1.80000E-001   0.00000E+000
   3.66940E-002   1.80000E-001   0.00000E+000
   3.67253E-002   1.80000E-001   0.00000E+000
   3.67567E-002   1.80000E-001   0.00000E+000
   3.67881E-002   1.80000E-001   0.00000E+000
   3.68195E-002   1.80000E-001   0.00000E+000
   3.68509E-002   1.80000E-001   0.00000E+000
   3.68823E-002   1.80000E-001   0.00000E+000
   3.69137E-002   1.80000E-001   0.00000E+000
   3.69451E-002   1.80000E-001   0.00000E+000
   3.69765E-002   1.80000E-001   0.00000E+000
   3.70078E-002   1.80000E-001   0.00000E+000
   3.70392E-002   1.80000E-001   0.00000E+000
   3.70706E-002   1.80000E-001   0.00000E+000
   3.71020E-002   1.80000E-001   0.00000E+000
   3.71334E-002   1.80000E-001   0.00000E+000
   3.71648E-002   1.80000E-001   0.00000E+000
   3.71962E-002   1.80000E-001   0.00000E+000
   3.72276E-002   1.80000E-001   0.00000E+000
   3.72590E-002   1.80000E-001   0.00000E+000
   3.72903E-002   1.80000E-001   0.00000E+000
   3.73217E-002   1.80000E-001   0.00000E+000
   3.73531E-002   1.80000E-001   0.00000E+000
   3.73845E-002   1.80000E-001   0.00000E+000
   3.74159E-002   1.80000E-001   0.00000E+000
   3.74473E-002   1.80000E-001   0.00000E+000
   3.74787E-002   1.80000E-001   0.00000E+000
   3.75101E-002   1.80000E-001   0.00000E+000
   3.75415E-002   1.80000E-001   0.00000E+000
   3.75728E-002   1.80000E-001   0.00000E+000
   3.76042E-002   1.80000E-001   0.00000E+000
   3.76356E-002   1.80000E-001   0.00000E+000
   3.76670E-002   1.80000E-001   0.00000E+000
   3.76984E-002   1.80000E-001   0.00000E+000
   3.77298E-002   1.80000E-001   0.00000E+000
   3.77612E-002   1.80000E-001   0.00000E+000
   3.77926E-002   1.80000E-001   0.00000E+000
   3.78240E-002   1.80000E-001   0.00000E+000
   3.78554E-002   1.80000E-001   0.00000E+000
   3.78867E-002   1.80000E-001   0.00000E+000
   3.79181E-002   1.80000E-001   0.00000E+000
   3.79495E-002   1.80000E-001   0.00000E+000
   3.79809E-002   1.80000E-001   0.00000E+000
   3.80123E-002   1.80000E-001   0.00000E+000
   3.80437E-002   1.80000E-001   0.00000E+000
   3.80751E-002   1.80000E-001   0.00000E+000
   3.81065E-002   1.80000E-001   0.00000E+000
   3.81379E-002   1.80000E-001   0.00000E+000
   3.81692E-002   1.80000E-001   0.00000E+000
   3.82006E-002   1.80000E-001   0.00000E+000
   3.82320E-002   1.80000E-001   0.00000E+000
   3.82634E-002   1.80000E-001   0.00000E+000
   3.82948E-002   1.80000E-001   0.00000E+000
   3.83262E-002   1.80000E-001   0.00000E+000
   3.83576E-002   1.80000E-001   0.00000E+000
   3.83890E-002   1.80000E-001   0.00000E+000
   3.84204E-002   1.80000E-001   0.00000E+000
   3.84517E-002   1.80000E-001   0.00000E+000
   3.84831E-002   1.80000E-001   0.00000E+000
   3.85145E-002   1.80000E-001   0.00000E+000
   3.85459E-002   1.80000E-001   0.00000E+000
   3.85773E-002   1.80000E-001   0.00000E+000
   3.86087E-002   1.80000E-001   0.00000E+000
   3.86401E-002   1.80000E-001   0.00000E+000
   3.86715E-002   1.80000E-001   0.00000E+000
   3.87029E-002   1.80000E-001   0.00000E+000
   3.87342E-002   1.80000E-001   0.00000E+000
   3.87656E-002   1.80000E-001   0.00000E+000
   3.87970E-002   1.80000E-001   0.00000E+000
   3.88284E-002   1.80000E-001   0.00000E+000
   3.88598E-002   1.80000E-001   0.00000E+000
   3.88912E-002   1.80000E-001   0.00000E+000
   3.89226E-002   1.80000E-001   0.00000E+000
   3.89540E-002   1.80000E-001   0.00000E+000
   3.89854E-002   1.80000E-001   0.00000E+000
   3.90167E-002   1.80000E-001   0.00000E+000
   3.90481E-002   1.80000E-001   0.00000E+000
   3.90795E-002   1.80000E-001   0.00000E+000
   3.91109E-002   1.80000E-001   0.00000E+000
   3.91423E-002   1.80000E-001   0.00000E+000
   3.91737E-002   1.80000E-001   0.00000E+000
   3.92051E-002   1.80000E-001   0.00000E+000
   3.92365E-002   1.80000E-001   0.00000E+000
   3.92679E-002   1.80000E-001   0.00000E+000
   3.92993E-002   1.80000E-001   0.00000E+000
   3.93306E-002   1.80000E-001   0.00000E+000
   3.93620E-002   1.80000E-001   0.00000E+000
   3.93934E-002   1.80000E-001   0.00000E+000
   3.94248E-002   1.80000E-001   0.00000E+000
   3.94562E-002   1.80000E-001   0.00000E+000
   3.94876E-002   1.80000E-001   0.00000E+000
   3.95190E-002   1.80000E-001   0.00000E+000
   3.95504E-002   1.80000E-001   0.00000E+000
   3.95818E-002   1.80000E-001   0.00000E+000
   3.96131E-002   1.80000E-001   0.00000E+000
   3.96445E-002   1.80000E-001   0.00000E+000
   3.96759E-002   1.80000E-001   0.00000E+000
   3.97073E-002   1.80000E-001   0.00000E+000
   3.97387E-002   1.80000E-001   0.00000E+000
   3.97701E-002   1.80000E-001   0.00000E+000
   3.98015E-002   1.80000E-001   0.00000E+000
   3.98329E-002   1.80000E-001   0.00000E+000
   3.98643E-002   1.80000E-001   0.00000E+000
   3.98956E-002   1.80000E-001   0.00000E+000
   3.99270E-002   1.80000E-001   0.00000E+000
   3.99584E-002   1.80000E-001   0.00000E+000
   3.99898E-002   1.80000E-001   0.00000E+000
   4.00212E-002   1.80000E-001   0.00000E+000
   4.00526E-002   1.80000E-001   0.00000E+000
   4.00840E-002   1.80000E-001   0.00000E+000
   4.01154E-002   1.80000E-001   0.00000E+000
   4.01468E-002   1.80000E-001   0.00000E+000
   4.01781E-002   1.80000E-001   0.00000E+000
   4.02095E-002   1.80000E-001   0.00000E+000
   4.02409E-002   1.80000E-001   0.00000E+000
   4.02723E-002   1.80000E-001   0.00000E+000
   4.03037E-002   1.80000E-001   0.00000E+000
   4.03351E-002   1.80000E-001   0.00000E+000
   4.03665E-002   1.80000E-001   0.00000E+000
   4.03979E-002   1.80000E-001   0.00000E+000
   4.04293E-002   1.80000E-001   0.00000E+000
   4.04607E-002   1.80000E-001   0.00000E+000
   4.04920E-002   1.80000E-001   0.00000E+000
   4.05234E-002   1.80000E-001   0.00000E+000
   4.05548E-002   1.80000E-001   0.00000E+000
   4.05862E-002   1.80000E-001   0.00000E+000
   4.06176E-002   1.80000E-001   0.00000E+000
   4.06490E-002   1.80000E-001   0.00000E+000
   4.06804E-002   1.80000E-001   0.00000E+000
   4.07118E-002   1.80000E-001   0.00000E+000
   4.07432E-002   1.80000E-001   0.00000E+000
   4.07745E-002   1.80000E-001   0.00000E+000
   4.08059E-002   1.80000E-001   0.00000E+000
   4.08373E-002   1.80000E-001   0.00000E+000
   4.08687E-002   1.80000E-001   0.00000E+000
   4.09001E-002   1.80000E-001   0.00000E+000
   4.09315E-002   1.80000E-001   0.00000E+000
   4.09629E-002   1.80000E-001   0.00000E+000
   4.09943E-002   1.80000E-001   0.00000E+000
   4.10257E-002   1.80000E-001   0.00000E+000
   4.10570E-002   1.80000E-001   0.00000E+000
   4.10884E-002   1.80000E-001   0.00000E+000
   4.11198E-002   1.80000E-001   0.00000E+000
   4.11512E-002   1.80000E-001   0.00000E+000
   4.11826E-002   1.80000E-001   0.00000E+000
   4.12140E-002   1.80000E-001   0.00000E+000
   4.12454E-002   1.80000E-001   0.00000E+000
   4.12768E-002   1.80000E-001   0.00000E+000
   4.13082E-002   1.80000E-001   0.00000E+000
   4.13395E-002   1.80000E-001   0.00000E+000
   4.13709E-002   1.80000E-001   0.00000E+000
   4.14023E-002   1.80000E-001   0.00000E+000
   4.14337E-002   1.80000E-001   0.00000E+000
   4.14651E-002   1.80000E-001   0.00000E+000
   4.14965E-002   1.80000E-001   0.00000E+000
   4.15279E-002   1.80000E-001   0.00000E+000
   4.15593E-002   1.80000E-001   0.00000E+000
   4.15907E-002   1.80000E-001   0.00000E+000
   4.16221E-002   1.80000E-001   0.00000E+000
   4.16534E-002   1.80000E-001   0.00000E+000
   4.16848E-002   1.80000E-001   0.00000E+000
   4.17162E-002   1.80000E-001   0.00000E+000
   4.17476E-002   1.80000E-001   0.00000E+000
   4.17790E-002   1.80000E-001   0.00000E+000
   4.18104E-002   1.80000E-001   0.00000E+000
   4.18418E-002   1.80000E-001   0.00000E+000
   4.18732E-002   1.80000E-001   0.00000E+000
   4.19046E-002   1.80000E-001   0.00000E+000
   4.19359E-002   1.80000E-001   0.00000E+000
   4.19673E-002   1.80000E-001   0.00000E+000
   4.19987E-002   1.80000E-001   0.00000E+000
   4.20301E-002   1.80000E-001   0.00000E+000
   4.20615E-002   1.80000E-001   0.00000E+000
   4.20929E-002   1.80000E-001   0.00000E+000
   4.21243E-002   1.80000E-001   0.00000E+000
   4.21557E-002   1.80000E-001   0.00000E+000
   4.21871E-002   1.80000E-001   0.00000E+000
   4.22184E-002   1.80000E-001   0.00000E+000
   4.22498E-002   1.80000E-001   0.00000E+000
   4.22812E-002   1.80000E-001   0.00000E+000
   4.23126E-002   1.80000E-001   0.00000E+000
   4.23440E-002   1.80000E-001   0.00000E+000
   4.23754E-002   1.80000E-001   0.00000E+000
   4.24068E-002   1.80000E-001   0.00000E+000
   4.24382E-002   1.80000E-001   0.00000E+000
   4.24696E-002   1.80000E-001   0.00000E+000
   4.25009E-002   1.80000E-001   0.00000E+000
   4.25323E-002   1.80000E-001   0.00000E+000
   4.25637E-002   1.80000E-001   0.00000E+000
   4.25951E-002   1.80000E-001   0.00000E+000
   4.26265E-002   1.80000E-001   0.00000E+000
   4.26579E-002   1.80000E-001   0.00000E+000
   4.26893E-002   1.80000E-001   0.00000E+000
   4.27207E-002   1.80000E-001   0.00000E+000
   4.27521E-002   1.80000E-001   0.00000E+000
   4.27835E-002   1.80000E-001   0.00000E+000
   4.28148E-002   1.80000E-001   0.00000E+000
   4.28462E-002   1.80000E-001   0.00000E+000
   4.28776E-002   1.80000E-001   0.00000E+000
   4.29090E-002   1.80000E-001   0.00000E+000
   4.29404E-002   1.80000E-001   0.00000E+000
   4.29718E-002   1.80000E-001   0.00000E+000
   4.30032E-002   1.80000E-001   0.00000E+000
   4.30346E-002   1.80000E-001   0.00000E+000
   4.30660E-002   1.80000E-001   0.00000E+000
   4.30973E-002   1.80000E-001   0.00000E+000
   4.31287E-002   1.80000E-001   0.00000E+000
   4.31601E-002   1.80000E-001   0.00000E+000
   4.31915E-002   1.80000E-001   0.00000E+000
   4.32229E-002   1.80000E-001   0.00000E+000
   4.32543E-002   1.80000E-001   0.00000E+000
   4.32857E-002   1.80000E-001   0.00000E+000
   4.33171E-002   1.80000E-001   0.00000E+000
   4.33485E-002   1.80000E-001   0.00000E+000
   4.33798E-002   1.80000E-001   0.00000E+000
   4.34112E-002   1.80000E-001   0.00000E+000
   4.34426E-002   1.80000E-001   0.00000E+000
   4.34740E-002   1.80000E-001   0.00000E+000
   4.35054E-002   1.80000E-001   0.00000E+000
   4.35368E-002   1.80000E-001   0.00000E+000
   4.35682E-002   1.80000E-001   0.00000E+000
   4.35996E-002   1.80000E-001   0.00000E+000
   4.36310E-002   1.80000E-001   0.00000E+000
   4.36623E-002   1.80000E-001   0.00000E+000
   4.36937E-002   1.80000E-001   0.00000E+000
   4.37251E-002   1.80000E-001   0.00000E+000
   4.37565E-002   1.80000E-001   0.00000E+000
   4.37879E-002   1.80000E-001   0.00000E+000
   4.38193E-002   1.80000E-001   0.00000E+000
   4.38507E-002   1.80000E-001   0.00000E+000
   4.38821E-002   1.80000E-001   0.00000E+000
   4.39135E-002   1.80000E-001   0.00000E+000
   4.39449E-002   1.80000E-001   0.00000E+000
   4.39762E-002   1.80000E-001   0.00000E+000
   4.40076E-002   1.80000E-001   0.00000E+000
   4.40390E-002   1.80000E-001   0.00000E+000
   4.40704E-002   1.80000E-001   0.00000E+000
   4.41018E-002   1.80000E-001   0.00000E+000
   4.41332E-002   1.80000E-001   0.00000E+000
   4.41646E-002   1.80000E-001   0.00000E+000
   4.41960E-002   1.80000E-001   0.00000E+000
   4.42274E-002   1.80000E-001   0.00000E+000
   4.42587E-002   1.80000E-001   0.00000E+000
   4.42901E-002   1.80000E-001   0.00000E+000
   4.43215E-002   1.80000E-001   0.00000E+000
   4.43529E-002   1.80000E-001   0.00000E+000
   4.43843E-002   1.80000E-001   0.00000E+000
   4.44157E-002   1.80000E-001   0.00000E+000
   4.44471E-002   1.80000E-001   0.00000E+000
   4.44785E-002   1.80000E-001   0.00000E+000
   4.45099E-002   1.80000E-001   0.00000E+000
   4.45412E-002   1.80000E-001   0.00000E+000
   4.45726E-002   1.80000E-001   0.00000E+000
   4.46040E-002   1.80000E-001   0.00000E+000
   4.46354E-002   1.80000E-001   0.00000E+000
   4.46668E-002   1.80000E-001   0.00000E+000
   4.46982E-002   1.80000E-001   0.00000E+000
   4.47296E-002   1.80000E-001   0.00000E+000
   4.47610E-002   1.80000E-001   0.00000E+000
   4.47924E-002   1.80000E-001   0.00000E+000
   4.48237E-002   1.80000E-001   0.00000E+000
   4.48551E-002   1.80000E-001   0.00000E+000
   4.48865E-002   1.80000E-001   0.00000E+000
   4.49179E-002   1.80000E-001   0.00000E+000
   4.49493E-002   1.80000E-001   0.00000E+000
   4.49807E-002   1.80000E-001   0.00000E+000
   4.50121E-002   1.80000E-001   0.00000E+000
   4.50435E-002   1.80000E-001   0.00000E+000
   4.50749E-002   1.80000E-001   0.00000E+000
   4.51063E-002   1.80000E-001   0.00000E+000
   4.51376E-002   1.80000E-001   0.00000E+000
   4.51690E-002   1.80000E-001   0.00000E+000
   4.52004E-002   1.80000E-001   0.00000E+000
   4.52318E-002   1.80000E-001   0.00000E+000
   4.52632E-002   1.80000E-001   0.00000E+000
   4.52946E-002   1.80000E-001   0.00000E+000
   4.53260E-002   1.80000E-001   0.00000E+000
   4.53574E-002   1.80000E-001   0.00000E+000
   4.53888E-002   1.80000E-001   0.00000E+000
   4.54201E-002   1.80000E-001   0.00000E+000
   4.54515E-002   1.80000E-001   0.00000E+000
   4.54829E-002   1.80000E-001   0.00000E+000
   4.55143E-002   1.80000E-001   0.00000E+000
   4.55457E-002   1.80000E-001   0.00000E+000
   4.55771E-002   1.80000E-001   0.00000E+000
   4.56085E-002   1.80000E-001   0.00000E+000
   4.56399E-002   1.80000E-001   0.00000E+000
   4.56713E-002   1.80000E-001   0.00000E+000
   4.57026E-002   1.80000E-001   0.00000E+000
   4.57340E-002   1.80000E-001   0.00000E+000
   4.57654E-002   1.80000E-001   0.00000E+000
   4.57968E-002   1.80000E-001   0.00000E+000
   4.58282E-002   1.80000E-001   0.00000E+000
   4.58596E-002   1.80000E-001   0.00000E+000
   4.58910E-002   1.80000E-001   0.00000E+000
   4.59224E-002   1.80000E-001   0.00000E+000
   4.59538E-002   1.80000E-001   0.00000E+000
   4.59851E-002   1.80000E-001   0.00000E+000
   4.60165E-002   1.80000E-001   0.00000E+000
   4.60479E-002   1.80000E-001   0.00000E+000
   4.60793E-002   1.80000E-001   0.00000E+000
   4.61107E-002   1.80000E-001   0.00000E+000
   4.61421E-002   1.80000E-001   0.00000E+000
   4.61735E-002   1.80000E-001   0.00000E+000
   4.62049E-002   1.80000E-001   0.00000E+000
   4.62363E-002   1.80000E-001   0.00000E+000
   4.62677E-002   1.80000E-001   0.00000E+000
   4.62990E-002   1.80000E-001   0.00000E+000
   4.63304E-002   1.80000E-001   0.00000E+000
   4.63618E-002   1.80000E-001   0.00000E+000
   4.63932E-002   1.80000E-001   0.00000E+000
   4.64246E-002   1.80000E-001   0.00000E+000
   4.64560E-002   1.80000E-001   0.00000E+000
   4.64874E-002   1.80000E-001   0.00000E+000
   4.65188E-002   1.80000E-001   0.00000E+000
   4.65502E-002   1.80000E-001   0.00000E+000
   4.65815E-002   1.80000E-001   0.00000E+000
   4.66129E-002   1.80000E-001   0.00000E+000
   4.66443E-002   1.80000E-001   0.00000E+000
   4.66757E-002   1.80000E-001   0.00000E+000
   4.67071E-002   1.80000E-001   0.00000E+000
   4.67385E-002   1.80000E-001   0.00000E+000
   4.67699E-002   1.80000E-001   0.00000E+000
   4.68013E-002   1.80000E-001   0.00000E+000
   4.68327E-002   1.80000E-001   0.00000E+000
   4.68640E-002   1.80000E-001   0.00000E+000
   4.68954E-002   1.80000E-001   0.00000E+000
   4.69268E-002   1.80000E-001   0.00000E+000
   4.69582E-002   1.80000E-001   0.00000E+000
   4.69896E-002   1.80000E-001   0.00000E+000
   4.70210E-002   1.80000E-001   0.00000E+000
   4.70524E-002   1.80000E-001   0.00000E+000
   4.70838E-002   1.80000E-001   0.00000E+000
   4.71152E-002   1.80000E-001   0.00000E+000
   4.71465E-002   1.80000E-001   0.00000E+000
   4.71779E-002   1.80000E-001   0.00000E+000
   4.72093E-002   1.80000E-001   0.00000E+000
   4.72407E-002   1.80000E-001   0.00000E+000
   4.72721E-002   1.80000E-001   0.00000E+000
   4.73035E-002   1.80000E-001   0.00000E+000
   4.73349E-002   1.80000E-001   0.00000E+000
   4.73663E-002   1.80000E-001   0.00000E+000
   4.73977E-002   1.80000E-001   0.00000E+000
   4.74290E-002   1.80000E-001   0.00000E+000
   4.74604E-002   1.80000E-001   0.00000E+000
   4.74918E-002   1.80000E-001   0.00000E+000
   4.75232E-002   1.80000E-001   0.00000E+000
   4.75546E-002   1.80000E-001   0.00000E+000
   4.75860E-002   1.80000E-001   0.00000E+000
   4.76174E-002   1.80000E-001   0.00000E+000
   4.76488E-002   1.80000E-001   0.00000E+000
   4.76802E-002   1.80000E-001   0.00000E+000
   4.77116E-002   1.80000E-001   0.00000E+000
   4.77429E-002   1.80000E-001   0.00000E+000
   4.77743E-002   1.80000E-001   0.00000E+000
   4.78057E-002   1.80000E-001   0.00000E+000
   4.78371E-002   1.80000E-001   0.00000E+000
   4.78685E-002   1.80000E-001   0.00000E+000
   4.78999E-002   1.80000E-001   0.00000E+000
   4.79313E-002   1.80000E-001   0.00000E+000
   4.79627E-002   1.80000E-001   0.00000E+000
   4.79941E-002   1.80000E-001   0.00000E+000
   4.80254E-002   1.80000E-001   0.00000E+000
   4.80568E-002   1.80000E-001   0.00000E+000
   4.80882E-002   1.80000E-001   0.00000E+000
   4.81196E-002   1.80000E-001   0.00000E+000
   4.81510E-002   1.80000E-001   0.00000E+000
   4.81824E-002   1.80000E-001   0.00000E+000
   4.82138E-002   1.80000E-001   0.00000E+000
   4.82452E-002   1.80000E-001   0.00000E+000
   4.82766E-002   1.80000E-001   0.00000E+000
   4.83079E-002   1.80000E-001   0.00000E+000
   4.83393E-002   1.80000E-001   0.00000E+000
   4.83707E-002   1.80000E-001   0.00000E+000
   4.84021E-002   1.80000E-001   0.00000E+000
   4.84335E-002   1.80000E-001   0.00000E+000
   4.84649E-002   1.80000E-001   0.00000E+000
   4.84963E-002   1.80000E-001   0.00000E+000
   4.85277E-002   1.80000E-001   0.00000E+000
   4.85591E-002   1.80000E-001   0.00000E+000
   4.85904E-002   1.80000E-001   0.00000E+000
   4.86218E-002   1.80000E-001   0.00000E+000
   4.86532E-002   1.80000E-001   0.00000E+000
   4.86846E-002   1.80000E-001   0.00000E+000
   4.87160E-002   1.80000E-001   0.00000E+000
   4.87474E-002   1.80000E-001   0.00000E+000
   4.87788E-002   1.80000E-001   0.00000E+000
   4.88102E-002   1.80000E-001   0.00000E+000
   4.88416E-002   1.80000E-001   0.00000E+000
   4.88730E-002   1.80000E-001   0.00000E+000
   4.89043E-002   1.80000E-001   0.00000E+000
   4.89357E-002   1.80000E-001   0.00000E+000
   4.89671E-002   1.80000E-001   0.00000E+000
   4.89985E-002   1.80000E-001   0.00000E+000
   4.90299E-002   1.80000E-001   0.00000E+000
   4.90613E-002   1.80000E-001   0.00000E+000
   4.90927E-002   1.80000E-001   0.00000E+000
   4.91241E-002   1.80000E-001   0.00000E+000
   4.91555E-002   1.80000E-001   0.00000E+000
   4.91868E-002   1.80000E-001   0.00000E+000
   4.92182E-002   1.80000E-001   0.00000E+000
   4.92496E-002   1.80000E-001   0.00000E+000
   4.92810E-002   1.80000E-001   0.00000E+000
   4.93124E-002   1.80000E-001   0.00000E+000
   4.93438E-002   1.80000E-001   0.00000E+000
   4.93752E-002   1.80000E-001   0.00000E+000
   4.94066E-002   1.80000E-001   0.00000E+000
   4.94380E-002   1.80000E-001   0.00000E+000
   4.94693E-002   1.80000E-001   0.00000E+000
   4.95007E-002   1.80000E-001   0.00000E+000
   4.95321E-002   1.80000E-001   0.00000E+000
   4.95635E-002   1.80000E-001   0.00000E+000
   4.95949E-002   1.80000E-001   0.00000E+000
   4.96263E-002   1.80000E-001   0.00000E+000
   4.96577E-002   1.80000E-001   0.00000E+000
   4.96891E-002   1.80000E-001   0.00000E+000
   4.97205E-002   1.80000E-001   0.00000E+000
   4.97518E-002   1.80000E-001   0.00000E+000
   4.97832E-002   1.80000E-001   0.00000E+000
   4.98146E-002   1.80000E-001   0.00000E+000
   4.98460E-002   1.80000E-001   0.00000E+000
   4.98774E-002   1.80000E-001   0.00000E+000
   4.99088E-002   1.80000E-001   0.00000E+000
   4.99402E-002   1.80000E-001   0.00000E+000
   4.99716E-002   1.80000E-001   0.00000E+000
   5.00030E-002   1.80000E-001   0.00000E+000
   5.00344E-002   1.80000E-001   0.00000E+000
   5.00657E-002   1.80000E-001   0.00000E+000
   5.00971E-002   1.80000E-001   0.00000E+000
   5.01285E-002   1.80000E-001   0.00000E+000
   5.01599E-002   1.80000E-001   0.00000E+000
   5.01913E-002   1.80000E-001   0.00000E+000
   5.02227E-002   1.80000E-001   0.00000E+000
   5.02541E-002   1.80000E-001   0.00000E+000
   5.02855E-002   1.80000E-001   0.00000E+000
   5.03169E-002   1.80000E-001   0.00000E+000
   5.03482E-002   1.80000E-001   0.00000E+000
   5.03796E-002   1.80000E-001   0.00000E+000
   5.04110E-002   1.80000E-001   0.00000E+000
   5.04424E-002   1.80000E-001   0.00000E+000
   5.04738E-002   1.80000E-001   0.00000E+000
   5.05052E-002   1.80000E-001   0.00000E+000
   5.05366E-002   1.80000E-001   0.00000E+000
   5.05680E-002   1.80000E-001   0.00000E+000
   5.05994E-002   1.80000E-001   0.00000E+000
   5.06307E-002   1.80000E-001   0.00000E+000
   5.06621E-002   1.80000E-001   0.00000E+000
   5.06935E-002   1.80000E-001   0.00000E+000
   5.07249E-002   1.80000E-001   0.00000E+000
   5.07563E-002   1.80000E-001   0.00000E+000
   5.07877E-002   1.80000E-001   0.00000E+000
   5.08191E-002   1.80000E-001   0.00000E+000
   5.08505E-002   1.80000E-001   0.00000E+000
   5.08819E-002   1.80000E-001   0.00000E+000
   5.09132E-002   1.80000E-001   0.00000E+000
   5.09446E-002   1.80000E-001   0.00000E+000
   5.09760E-002   1.80000E-001   0.00000E+000
   5.10074E-002   1.80000E-001   0.00000E+000
   5.10388E-002   1.80000E-001   0.00000E+000
   5.10702E-002   1.80000E-001   0.00000E+000
   5.11016E-002   1.80000E-001   0.00000E+000
   5.11330E-002   1.80000E-001   0.00000E+000
   5.11644E-002   1.80000E-001   0.00000E+000
   5.11958E-002   1.80000E-001   0.00000E+000
   5.12271E-002   1.80000E-001   0.00000E+000
   5.12585E-002   1.80000E-001   0.00000E+000
   5.12899E-002   1.80000E-001   0.00000E+000
   5.13213E-002   1.80000E-001   0.00000E+000
   5.13527E-002   1.80000E-001   0.00000E+000
   5.13841E-002   1.80000E-001   0.00000E+000
   5.14155E-002   1.80000E-001   0.00000E+000
   5.14469E-002   1.80000E-001   0.00000E+000
   5.14783E-002   1.80000E-001   0.00000E+000
   5.15096E-002   1.80000E-001   0.00000E+000
   5.15410E-002   1.80000E-001   0.00000E+000
   5.15724E-002   1.80000E-001   0.00000E+000
   5.16038E-002   1.80000E-001   0.00000E+000
   5.16352E-002   1.80000E-001   0.00000E+000
   5.16666E-002   1.80000E-001   0.00000E+000
   5.16980E-002   1.80000E-001   0.00000E+000
   5.17294E-002   1.80000E-001   0.00000E+000
   5.17608E-002   1.80000E-001   0.00000E+000
   5.17921E-002   1.80000E-001   0.00000E+000
   5.18235E-002   1.80000E-001   0.00000E+000
   5.18549E-002   1.80000E-001   0.00000E+000
   5.18863E-002   1.80000E-001   0.00000E+000
   5.19177E-002   1.80000E-001   0.00000E+000
   5.19491E-002   1.80000E-001   0.00000E+000
   5.19805E-002   1.80000E-001   0.00000E+000
   5.20119E-002   1.80000E-001   0.00000E+000
   5.20433E-002   1.80000E-001   0.00000E+000
   5.20746E-002   1.80000E-001   0.00000E+000
   5.21060E-002   1.80000E-001   0.00000E+000
   5.21374E-002   1.80000E-001   0.00000E+000
   5.21688E-002   1.80000E-001   0.00000E+000
   5.22002E-002   1.80000E-001   0.00000E+000
   5.22316E-002   1.80000E-001   0.00000E+000
   5.22630E-002   1.80000E-001   0.00000E+000
   5.22944E-002   1.80000E-001   0.00000E+000
   5.23258E-002   1.80000E-001   0.00000E+000
   5.23572E-002   1.80000E-001   0.00000E+000
   5.23885E-002   1.80000E-001   0.00000E+000
   5.24199E-002   1.80000E-001   0.00000E+000
   5.24513E-002   1.80000E-001   0.00000E+000
   5.24827E-002   1.80000E-001   0.00000E+000
   5.25141E-002   1.80000E-001   0.00000E+000
   5.25455E-002   1.80000E-001   0.00000E+000
   5.25769E-002   1.80000E-001   0.00000E+000
   5.26083E-002   1.80000E-001   0.00000E+000
   5.26397E-002   1.80000E-001   0.00000E+000
   5.26710E-002   1.80000E-001   0.00000E+000
   5.27024E-002   1.80000E-001   0.00000E+000
   5.27338E-002   1.80000E-001   0.00000E+000
   5.27652E-002   1.80000E-001   0.00000E+000
   5.27966E-002   1.80000E-001   0.00000E+000
   5.28280E-002   1.80000E-001   0.00000E+000
   5.28594E-002   1.80000E-001   0.00000E+000
   5.28908E-002   1.80000E-001   0.00000E+000
   5.29222E-002   1.80000E-001   0.00000E+000
   5.29535E-002   1.80000E-001   0.00000E+000
   5.29849E-002   1.80000E-001   0.00000E+000
   5.30163E-002   1.80000E-001   0.00000E+000
   5.30477E-002   1.80000E-001   0.00000E+000
   5.30791E-002   1.80000E-001   0.00000E+000
   5.31105E-002   1.80000E-001   0.00000E+000
   5.31419E-002   1.80000E-001   0.00000E+000
   5.31733E-002   1.80000E-001   0.00000E+000
   5.32047E-002   1.80000E-001   0.00000E+000
   5.32360E-002   1.80000E-001   0.00000E+000
   5.32674E-002   1.80000E-001   0.00000E+000
   5.32988E-002   1.80000E-001   0.00000E+000
   5.33302E-002   1.80000E-001   0.00000E+000
   5.33616E-002   1.80000E-001   0.00000E+000
   5.33930E-002   1.80000E-001   0.00000E+000
   5.34244E-002   1.80000E-001   0.00000E+000
   5.34558E-002   1.80000E-001   0.00000E+000
   5.34872E-002   1.80000E-001   0.00000E+000
   5.35186E-002   1.80000E-001   0.00000E+000
   5.35499E-002   1.80000E-001   0.00000E+000
   5.35813E-002   1.80000E-001   0.00000E+000
   5.36127E-002   1.80000E-001   0.00000E+000
   5.36441E-002   1.80000E-001   0.00000E+000
   5.36755E-002   1.80000E-001   0.00000E+000
   5.37069E-002   1.80000E-001   0.00000E+000
   5.37383E-002   1.80000E-001   0.00000E+000
   5.37697E-002   1.80000E-001   0.00000E+000
   5.38011E-002   1.80000E-001   0.00000E+000
   5.38324E-002   1.80000E-001   0.00000E+000
   5.38638E-002   1.80000E-001   0.00000E+000
   5.38952E-002   1.80000E-001   0.00000E+000
   5.39266E-002   1.80000E-001   0.00000E+000
   5.39580E-002   1.80000E-001   0.00000E+000
   5.39894E-002   1.80000E-001   0.00000E+000
   5.40208E-002   1.80000E-001   0.00000E+000
   5.40522E-002   1.80000E-001   0.00000E+000
   5.40836E-002   1.80000E-001   0.00000E+000
   5.41149E-002   1.80000E-001   0.00000E+000
   5.41463E-002   1.80000E-001   0.00000E+000
   5.41777E-002   1.80000E-001   0.00000E+000
   5.42091E-002   1.80000E-001   0.00000E+000
   5.42405E-002   1.80000E-001   0.00000E+000
   5.42719E-002   1.80000E-001   0.00000E+000
   5.43033E-002   1.80000E-001   0.00000E+000
   5.43347E-002   1.80000E-001   0.00000E+000
   5.43661E-002   1.80000E-001   0.00000E+000
   5.43974E-002   1.80000E-001   0.00000E+000
   5.44288E-002   1.80000E-001   0.00000E+000
   5.44602E-002   1.80000E-001   0.00000E+000
   5.44916E-002   1.80000E-001   0.00000E+000
   5.45230E-002   1.80000E-001   0.00000E+000
   5.45544E-002   1.80000E-001   0.00000E+000
   5.45858E-002   1.80000E-001   0.00000E+000
   5.46172E-002   1.80000E-001   0.00000E+000
   5.46486E-002   1.80000E-001   0.00000E+000
   5.46800E-002   1.80000E-001   0.00000E+000
   5.47113E-002   1.80000E-001   0.00000E+000
   5.47427E-002   1.80000E-001   0.00000E+000
   5.47741E-002   1.80000E-001   0.00000E+000
   5.48055E-002   1.80000E-001   0.00000E+000
   5.48369E-002   1.80000E-001   0.00000E+000
   5.48683E-002   1.80000E-001   0.00000E+000
   5.48997E-002   1.80000E-001   0.00000E+000
   5.49311E-002   1.80000E-001   0.00000E+000
   5.49625E-002   1.80000E-001   0.00000E+000
   5.49938E-002   1.80000E-001   0.00000E+000
   5.50252E-002   1.80000E-001   0.00000E+000
   5.50566E-002   1.80000E-001   0.00000E+000
   5.50880E-002   1.80000E-001   0.00000E+000
   5.51194E-002   1.80000E-001   0.00000E+000
   5.51508E-002   1.80000E-001   0.00000E+000
   5.51822E-002   1.80000E-001   0.00000E+000
   5.52136E-002   1.80000E-001   0.00000E+000
   5.52450E-002   1.80000E-001   0.00000E+000
   5.52763E-002   1.80000E-001   0.00000E+000
   5.53077E-002   1.80000E-001   0.00000E+000
   5.53391E-002   1.80000E-001   0.00000E+000
   5.53705E-002   1.80000E-001   0.00000E+000
   5.54019E-002   1.80000E-001   0.00000E+000
   5.54333E-002   1.80000E-001   0.00000E+000
   5.54647E-002   1.80000E-001   0.00000E+000
   5.54961E-002   1.80000E-001   0.00000E+000
   5.55275E-002   1.80000E-001   0.00000E+000
   5.55588E-002   1.80000E-001   0.00000E+000
   5.55902E-002   1.80000E-001   0.00000E+000
   5.56216E-002   1.80000E-001   0.00000E+000
   5.56530E-002   1.80000E-001   0.00000E+000
   5.56844E-002   1.80000E-001   0.00000E+000
   5.57158E-002   1.80000E-001   0.00000E+000
   5.57472E-002   1.80000E-001   0.00000E+000
   5.57786E-002   1.80000E-001   0.00000E+000
   5.58100E-002   1.80000E-001   0.00000E+000
   5.58413E-002   1.80000E-001   0.00000E+000
   5.58727E-002   1.80000E-001   0.00000E+000
   5.59041E-002   1.80000E-001   0.00000E+000
   5.59355E-002   1.80000E-001   0.00000E+000
   5.59669E-002   1.80000E-001   0.00000E+000
   5.59983E-002   1.80000E-001   0.00000E+000
   5.60297E-002   1.80000E-001   0.00000E+000
   5.60611E-002   1.80000E-001   0.00000E+000
   5.60925E-002   1.80000E-001   0.00000E+000
   5.61239E-002   1.80000E-001   0.00000E+000
   5.61552E-002   1.80000E-001   0.00000E+000
   5.61866E-002   1.80000E-001   0.00000E+000
   5.62180E-002   1.80000E-001   0.00000E+000
   5.62494E-002   1.80000E-001   0.00000E+000
   5.62808E-002   1.80000E-001   0.00000E+000
   5.63122E-002   1.80000E-001   0.00000E+000
   5.63436E-002   1.80000E-001   0.00000E+000
   5.63750E-002   1.80000E-001   0.00000E+000
   5.64064E-002   1.80000E-001   0.00000E+000
   5.64377E-002   1.80000E-001   0.00000E+000
   5.64691E-002   1.80000E-001   0.00000E+000
   5.65005E-002   1.80000E-001   0.00000E+000
   5.65319E-002   1.80000E-001   0.00000E+000
   5.65633E-002   1.80000E-001   0.00000E+000
   5.65947E-002   1.80000E-001   0.00000E+000
   5.66261E-002   1.80000E-001   0.00000E+000
   5.66575E-002   1.80000E-001   0.00000E+000
   5.66889E-002   1.80000E-001   0.00000E+000
   5.67202E-002   1.80000E-001   0.00000E+000
   5.67516E-002   1.80000E-001   0.00000E+000
   5.67830E-002   1.80000E-001   0.00000E+000
   5.68144E-002   1.80000E-001   0.00000E+000
   5.68458E-002   1.80000E-001   0.00000E+000
   5.68772E-002   1.80000E-001   0.00000E+000
   5.69086E-002   1.80000E-001   0.00000E+000
   5.69400E-002   1.80000E-001   0.00000E+000
   5.69714E-002   1.80000E-001   0.00000E+000
   5.70027E-002   1.80000E-001   0.00000E+000
   5.70341E-002   1.80000E-001   0.00000E+000
   5.70655E-002   1.80000E-001   0.00000E+000
   5.70969E-002   1.80000E-001   0.00000E+000
   5.71283E-002   1.80000E-001   0.00000E+000
   5.71597E-002   1.80000E-001   0.00000E+000
   5.71911E-002   1.80000E-001   0.00000E+000
   5.72225E-002   1.80000E-001   0.00000E+000
   5.72539E-002   1.80000E-001   0.00000E+000
   5.72853E-002   1.80000E-001   0.00000E+000
   5.73166E-002   1.80000E-001   0.00000E+000
   5.73480E-002   1.80000E-001   0.00000E+000
   5.73794E-002   1.80000E-001   0.00000E+000
   5.74108E-002   1.80000E-001   0.00000E+000
   5.74422E-002   1.80000E-001   0.00000E+000
   5.74736E-002   1.80000E-001   0.00000E+000
   5.75050E-002   1.80000E-001   0.00000E+000
   5.75364E-002   1.80000E-001   0.00000E+000
   5.75678E-002   1.80000E-001   0.00000E+000
   5.75991E-002   1.80000E-001   0.00000E+000
   5.76305E-002   1.80000E-001   0.00000E+000
   5.76619E-002   1.80000E-001   0.00000E+000
   5.76933E-002   1.80000E-001   0.00000E+000
   5.77247E-002   1.80000E-001   0.00000E+000
   5.77561E-002   1.80000E-001   0.00000E+000
   5.77875E-002   1.80000E-001   0.00000E+000
   5.78189E-002   1.80000E-001   0.00000E+000
   5.78503E-002   1.80000E-001   0.00000E+000
   5.78816E-002   1.80000E-001   0.00000E+000
   5.79130E-002   1.80000E-001   0.00000E+000
   5.79444E-002   1.80000E-001   0.00000E+000
   5.79758E-002   1.80000E-001   0.00000E+000
   5.80072E-002   1.80000E-001   0.00000E+000
   5.80386E-002   1.80000E-001   0.00000E+000
   5.80700E-002   1.80000E-001   0.00000E+000
   5.81014E-002   1.80000E-001   0.00000E+000
   5.81328E-002   1.80000E-001   0.00000E+000
   5.81641E-002   1.80000E-001   0.00000E+000
   5.81955E-002   1.80000E-001   0.00000E+000
   5.82269E-002   1.80000E-001   0.00000E+000
   5.82583E-002   1.80000E-001   0.00000E+000
   5.82897E-002   1.80000E-001   0.00000E+000
   5.83211E-002   1.80000E-001   0.00000E+000
   5.83525E-002   1.80000E-001   0.00000E+000
   5.83839E-002   1.80000E-001   0.00000E+000
   5.84153E-002   1.80000E-001   0.00000E+000
   5.84467E-002   1.80000E-001   0.00000E+000
   5.84780E-002   1.80000E-001   0.00000E+000
   5.85094E-002   1.80000E-001   0.00000E+000
   5.85408E-002   1.80000E-001   0.00000E+000
   5.85722E-002   1.80000E-001   0.00000E+000
   5.86036E-002   1.80000E-001   0.00000E+000
   5.86350E-002   1.80000E-001   0.00000E+000
   5.86664E-002   1.80000E-001   0.00000E+000
   5.86978E-002   1.80000E-001   0.00000E+000
   5.87292E-002   1.80000E-001   0.00000E+000
   5.87605E-002   1.80000E-001   0.00000E+000
   5.87919E-002   1.80000E-001   0.00000E+000
   5.88233E-002   1.80000E-001   0.00000E+000
   5.88547E-002   1.80000E-001   0.00000E+000
   5.88861E-002   1.80000E-001   0.00000E+000
   5.89175E-002   1.80000E-001   0.00000E+000
   5.89489E-002   1.80000E-001   0.00000E+000
   5.89803E-002   1.80000E-001   0.00000E+000
   5.90117E-002   1.80000E-001   0.00000E+000
   5.90430E-002   1.80000E-001   0.00000E+000
   5.90744E-002   1.80000E-001   0.00000E+000
   5.91058E-002   1.80000E-001   0.00000E+000
   5.91372E-002   1.80000E-001   0.00000E+000
   5.91686E-002   1.80000E-001   0.00000E+000
   5.92000E-002   1.80000E-001   0.00000E+000
   5.92314E-002   1.80000E-001   0.00000E+000
   5.92628E-002   1.80000E-001   0.00000E+000
   5.92942E-002   1.80000E-001   0.00000E+000
   5.93255E-002   1.80000E-001   0.00000E+000
   5.93569E-002   1.80000E-001   0.00000E+000
   5.93883E-002   1.80000E-001   0.00000E+000
   5.94197E-002   1.80000E-001   0.00000E+000
   5.94511E-002   1.80000E-001   0.00000E+000
   5.94825E-002   1.80000E-001   0.00000E+000
   5.95139E-002   1.80000E-001   0.00000E+000
   5.95453E-002   1.80000E-001   0.00000E+000
   5.95767E-002   1.80000E-001   0.00000E+000
   5.96081E-002   1.80000E-001   0.00000E+000
   5.96394E-002   1.80000E-001   0.00000E+000
   5.96708E-002   1.80000E-001   0.00000E+000
   5.97022E-002   1.80000E-001   0.00000E+000
   5.97336E-002   1.80000E-001   0.00000E+000
   5.97650E-002   1.80000E-001   0.00000E+000
   5.97964E-002   1.80000E-001   0.00000E+000
   5.98278E-002   1.80000E-001   0.00000E+000
   5.98592E-002   1.80000E-001   0.00000E+000
   5.98906E-002   1.80000E-001   0.00000E+000
   5.99219E-002   1.80000E-001   0.00000E+000
   5.99533E-002   1.80000E-001   0.00000E+000
   5.99847E-002   1.80000E-001   0.00000E+000
   6.00161E-002   1.80000E-001   0.00000E+000
   6.00475E-002   1.80000E-001   0.00000E+000
   6.00789E-002   1.80000E-001   0.00000E+000
   6.01103E-002   1.80000E-001   0.00000E+000
   6.01417E-002   1.80000E-001   0.00000E+000
   6.01731E-002   1.80000E-001   0.00000E+000
   6.02044E-002   1.80000E-001   0.00000E+000
   6.02358E-002   1.80000E-001   0.00000E+000
   6.02672E-002   1.80000E-001   0.00000E+000
   6.02986E-002   1.80000E-001   0.00000E+000
   6.03300E-002   1.80000E-001   0.00000E+000
   6.03614E-002   1.80000E-001   0.00000E+000
   6.03928E-002   1.80000E-001   0.00000E+000
   6.04242E-002   1.80000E-001   0.00000E+000
   6.04556E-002   1.80000E-001   0.00000E+000
   6.04869E-002   1.80000E-001   0.00000E+000
   6.05183E-002   1.80000E-001   0.00000E+000
   6.05497E-002   1.80000E-001   0.00000E+000
   6.05811E-002   1.80000E-001   0.00000E+000
   6.06125E-002   1.80000E-001   0.00000E+000
   6.06439E-002   1.80000E-001   0.00000E+000
   6.06753E-002   1.80000E-001   0.00000E+000
   6.07067E-002   1.80000E-001   0.00000E+000
   6.07381E-002   1.80000E-001   0.00000E+000
   6.07695E-002   1.80000E-001   0.00000E+000
   6.08008E-002   1.80000E-001   0.00000E+000
   6.08322E-002   1.80000E-001   0.00000E+000
   6.08636E-002   1.80000E-001   0.00000E+000
   6.08950E-002   1.80000E-001   0.00000E+000
   6.09264E-002   1.80000E-001   0.00000E+000
   6.09578E-002   1.80000E-001   0.00000E+000
   6.09892E-002   1.80000E-001   0.00000E+000
   6.10206E-002   1.80000E-001   0.00000E+000
   6.10520E-002   1.80000E-001   0.00000E+000
   6.10833E-002   1.80000E-001   0.00000E+000
   6.11147E-002   1.80000E-001   0.00000E+000
   6.11461E-002   1.80000E-001   0.00000E+000
   6.11775E-002   1.80000E-001   0.00000E+000
   6.12089E-002   1.80000E-001   0.00000E+000
   6.12403E-002   1.80000E-001   0.00000E+000
   6.12717E-002   1.80000E-001   0.00000E+000
   6.13031E-002   1.80000E-001   0.00000E+000
   6.13345E-002   1.80000E-001   0.00000E+000
   6.13658E-002   1.80000E-001   0.00000E+000
   6.13972E-002   1.80000E-001   0.00000E+000
   6.14286E-002   1.80000E-001   0.00000E+000
   6.14600E-002   1.80000E-001   0.00000E+000
   6.14914E-002   1.80000E-001   0.00000E+000
   6.15228E-002   1.80000E-001   0.00000E+000
   6.15542E-002   1.80000E-001   0.00000E+000
   6.15856E-002   1.80000E-001   0.00000E+000
   6.16170E-002   1.80000E-001   0.00000E+000
   6.16483E-002   1.80000E-001   0.00000E+000
   6.16797E-002   1.80000E-001   0.00000E+000
   6.17111E-002   1.80000E-001   0.00000E+000
   6.17425E-002   1.80000E-001   0.00000E+000
   6.17739E-002   1.80000E-001   0.00000E+000
   6.18053E-002   1.80000E-001   0.00000E+000
   6.18367E-002   1.80000E-001   0.00000E+000
   6.18681E-002   1.80000E-001   0.00000E+000
   6.18995E-002   1.80000E-001   0.00000E+000
   6.19309E-002   1.80000E-001   0.00000E+000
   6.19622E-002   1.80000E-001   0.00000E+000
   6.19936E-002   1.80000E-001   0.00000E+000
   6.20250E-002   1.80000E-001   0.00000E+000
   6.20564E-002   1.80000E-001   0.00000E+000
   6.20878E-002   1.80000E-001   0.00000E+000
   6.21192E-002   1.80000E-001   0.00000E+000
   6.21506E-002   1.80000E-001   0.00000E+000
   6.21820E-002   1.80000E-001   0.00000E+000
   6.22134E-002   1.80000E-001   0.00000E+000
   6.22447E-002   1.80000E-001   0.00000E+000
   6.22761E-002   1.80000E-001   0.00000E+000
   6.23075E-002   1.80000E-001   0.00000E+000
   6.23389E-002   1.80000E-001   0.00000E+000
   6.23703E-002   1.80000E-001   0.00000E+000
   6.24017E-002   1.80000E-001   0.00000E+000
   6.24331E-002   1.80000E-001   0.00000E+000
   6.24645E-002   1.80000E-001   0.00000E+000
   6.24959E-002   1.80000E-001   0.00000E+000
   6.25272E-002   1.80000E-001   0.00000E+000
   6.25586E-002   1.80000E-001   0.00000E+000
   6.25900E-002   1.80000E-001   0.00000E+000
   6.26214E-002   1.80000E-001   0.00000E+000
   6.26528E-002   1.80000E-001   0.00000E+000
   6.26842E-002   1.80000E-001   0.00000E+000
   6.27156E-002   1.80000E-001   0.00000E+000
   6.27470E-002   1.80000E-001   0.00000E+000
   6.27784E-002   1.80000E-001   0.00000E+000
   6.28097E-002   1.80000E-001   0.00000E+000
   6.28411E-002   1.80000E-001   0.00000E+000
   6.28725E-002   1.80000E-001   0.00000E+000
   6.29039E-002   1.80000E-001   0.00000E+000
   6.29353E-002   1.80000E-001   0.00000E+000
   6.29667E-002   1.80000E-001   0.00000E+000
   6.29981E-002   1.80000E-001   0.00000E+000
   6.30295E-002   1.80000E-001   0.00000E+000
   6.30609E-002   1.80000E-001   0.00000E+000
   6.30923E-002   1.80000E-001   0.00000E+000
   6.31236E-002   1.80000E-001   0.00000E+000
   6.31550E-002   1.80000E-001   0.00000E+000
   6.31864E-002   1.80000E-001   0.00000E+000
   6.32178E-002   1.80000E-001   0.00000E+000
   6.32492E-002   1.80000E-001   0.00000E+000
   6.32806E-002   1.80000E-001   0.00000E+000
   6.33120E-002   1.80000E-001   0.00000E+000
   6.33434E-002   1.80000E-001   0.00000E+000
   6.33748E-002   1.80000E-001   0.00000E+000
   6.34061E-002   1.80000E-001   0.00000E+000
   6.34375E-002   1.80000E-001   0.00000E+000
   6.34689E-002   1.80000E-001   0.00000E+000
   6.35003E-002   1.80000E-001   0.00000E+000
   6.35317E-002   1.80000E-001   0.00000E+000
   6.35631E-002   1.80000E-001   0.00000E+000
   6.35945E-002   1.80000E-001   0.00000E+000
   6.36259E-002   1.80000E-001   0.00000E+000
   6.36573E-002   1.80000E-001   0.00000E+000
   6.36886E-002   1.80000E-001   0.00000E+000
   6.37200E-002   1.80000E-001   0.00000E+000
   6.37514E-002   1.80000E-001   0.00000E+000
   6.37828E-002   1.80000E-001   0.00000E+000
   6.38142E-002   1.80000E-001   0.00000E+000
   6.38456E-002   1.80000E-001   0.00000E+000
   6.38770E-002   1.80000E-001   0.00000E+000
   6.39084E-002   1.80000E-001   0.00000E+000
   6.39398E-002   1.80000E-001   0.00000E+000
   6.39711E-002   1.80000E-001   0.00000E+000
   6.40025E-002   1.80000E-001   0.00000E+000
   6.40339E-002   1.80000E-001   0.00000E+000
   6.40653E-002   1.80000E-001   0.00000E+000
   6.40967E-002   1.80000E-001   0.00000E+000
   6.41281E-002   1.80000E-001   0.00000E+000
   6.41595E-002   1.80000E-001   0.00000E+000
   6.41909E-002   1.80000E-001   0.00000E+000
   6.42223E-002   1.80000E-001   0.00000E+000
   6.42536E-002   1.80000E-001   0.00000E+000
   6.42850E-002   1.80000E-001   0.00000E+000
   6.43164E-002   1.80000E-001   0.00000E+000
   6.43478E-002   1.80000E-001   0.00000E+000
   6.43792E-002   1.80000E-001   0.00000E+000
   6.44106E-002   1.80000E-001   0.00000E+000
   6.44420E-002   1.80000E-001   0.00000E+000
   6.44734E-002   1.80000E-001   0.00000E+000
   6.45048E-002   1.80000E-001   0.00000E+000
   6.45362E-002   1.80000E-001   0.00000E+000
   6.45675E-002   1.80000E-001   0.00000E+000
   6.45989E-002   1.80000E-001   0.00000E+000
   6.46303E-002   1.80000E-001   0.00000E+000
   6.46617E-002   1.80000E-001   0.00000E+000
   6.46931E-002   1.80000E-001   0.00000E+000
   6.47245E-002   1.80000E-001   0.00000E+000
   6.47559E-002   1.80000E-001   0.00000E+000
   6.47873E-002   1.80000E-001   0.00000E+000
   6.48187E-002   1.80000E-001   0.00000E+000
   6.48500E-002   1.80000E-001   0.00000E+000
   6.48814E-002   1.80000E-001   0.00000E+000
   6.49128E-002   1.80000E-001   0.00000E+000
   6.49442E-002   1.80000E-001   0.00000E+000
   6.49756E-002   1.80000E-001   0.00000E+000
   6.50070E-002   1.80000E-001   0.00000E+000
   6.50384E-002   1.80000E-001   0.00000E+000
   6.50698E-002   1.80000E-001   0.00000E+000
   6.51012E-002   1.80000E-001   0.00000E+000
   6.51325E-002   1.80000E-001   0.00000E+000
   6.51639E-002   1.80000E-001   0.00000E+000
   6.51953E-002   1.80000E-001   0.00000E+000
   6.52267E-002   1.80000E-001   0.00000E+000
   6.52581E-002   1.80000E-001   0.00000E+000
   6.52895E-002   1.80000E-001   0.00000E+000
   6.53209E-002   1.80000E-001   0.00000E+000
   6.53523E-002   1.80000E-001   0.00000E+000
   6.53837E-002   1.80000E-001   0.00000E+000
   6.54150E-002   1.80000E-001   0.00000E+000
   6.54464E-002   1.80000E-001   0.00000E+000
   6.54778E-002   1.80000E-001   0.00000E+000
   6.55092E-002   1.80000E-001   0.00000E+000
   6.55406E-002   1.80000E-001   0.00000E+000
   6.55720E-002   1.80000E-001   0.00000E+000
   6.56034E-002   1.80000E-001   0.00000E+000
   6.56348E-002   1.80000E-001   0.00000E+000
   6.56662E-002   1.80000E-001   0.00000E+000
   6.56976E-002   1.80000E-001   0.00000E+000
   6.57289E-002   1.80000E-001   0.00000E+000
   6.57603E-002   1.80000E-001   0.00000E+000
   6.57917E-002   1.80000E-001   0.00000E+000
   6.58231E-002   1.80000E-001   0.00000E+000
   6.58545E-002   1.80000E-001   0.00000E+000
   6.58859E-002   1.80000E-001   0.00000E+000
   6.59173E-002   1.80000E-001   0.00000E+000
   6.59487E-002   1.80000E-001   0.00000E+000
   6.59801E-002   1.80000E-001   0.00000E+000
   6.60114E-002   1.80000E-001   0.00000E+000
   6.60428E-002   1.80000E-001   0.00000E+000
   6.60742E-002   1.80000E-001   0.00000E+000
   6.61056E-002   1.80000E-001   0.00000E+000
   6.61370E-002   1.80000E-001   0.00000E+000
   6.61684E-002   1.80000E-001   0.00000E+000
   6.61998E-002   1.80000E-001   0.00000E+000
   6.62312E-002   1.80000E-001   0.00000E+000
   6.62626E-002   1.80000E-001   0.00000E+000
   6.62939E-002   1.80000E-001   0.00000E+000
   6.63253E-002   1.80000E-001   0.00000E+000
   6.63567E-002   1.80000E-001   0.00000E+000
   6.63881E-002   1.80000E-001   0.00000E+000
   6.64195E-002   1.80000E-001   0.00000E+000
   6.64509E-002   1.80000E-001   0.00000E+000
   6.64823E-002   1.80000E-001   0.00000E+000
   6.65137E-002   1.80000E-001   0.00000E+000
   6.65451E-002   1.80000E-001   0.00000E+000
   6.65764E-002   1.80000E-001   0.00000E+000
   6.66078E-002   1.80000E-001   0.00000E+000
   6.66392E-002   1.80000E-001   0.00000E+000
   6.66706E-002   1.80000E-001   0.00000E+000
   6.67020E-002   1.80000E-001   0.00000E+000
   6.67334E-002   1.80000E-001   0.00000E+000
   6.67648E-002   1.80000E-001   0.00000E+000
   6.67962E-002   1.80000E-001   0.00000E+000
   6.68276E-002   1.80000E-001   0.00000E+000
   6.68590E-002   1.80000E-001   0.00000E+000
   6.68903E-002   1.80000E-001   0.00000E+000
   6.69217E-002   1.80000E-001   0.00000E+000
   6.69531E-002   1.80000E-001   0.00000E+000
   6.69845E-002   1.80000E-001   0.00000E+000
   6.70159E-002   1.80000E-001   0.00000E+000
   6.70473E-002   1.80000E-001   0.00000E+000
   6.70787E-002   1.80000E-001   0.00000E+000
   6.71101E-002   1.80000E-001   0.00000E+000
   6.71415E-002   1.80000E-001   0.00000E+000
   6.71728E-002   1.80000E-001   0.00000E+000
   6.72042E-002   1.80000E-001   0.00000E+000
   6.72356E-002   1.80000E-001   0.00000E+000
   6.72670E-002   1.80000E-001   0.00000E+000
   6.72984E-002   1.80000E-001   0.00000E+000
   6.73298E-002   1.80000E-001   0.00000E+000
   6.73612E-002   1.80000E-001   0.00000E+000
   6.73926E-002   1.80000E-001   0.00000E+000
   6.74240E-002   1.80000E-001   0.00000E+000
   6.74553E-002   1.80000E-001   0.00000E+000
   6.74867E-002   1.80000E-001   0.00000E+000
   6.75181E-002   1.80000E-001   0.00000E+000
   6.75495E-002   1.80000E-001   0.00000E+000
   6.75809E-002   1.80000E-001   0.00000E+000
   6.76123E-002   1.80000E-001   0.00000E+000
   6.76437E-002   1.80000E-001   0.00000E+000
   6.76751E-002   1.80000E-001   0.00000E+000
   6.77065E-002   1.80000E-001   0.00000E+000
   6.77378E-002   1.80000E-001   0.00000E+000
   6.77692E-002   1.80000E-001   0.00000E+000
   6.78006E-002   1.80000E-001   0.00000E+000
   6.78320E-002   1.80000E-001   0.00000E+000
   6.78634E-002   1.80000E-001   0.00000E+000
   6.78948E-002   1.80000E-001   0.00000E+000
   6.79262E-002   1.80000E-001   0.00000E+000
   6.79576E-002   1.80000E-001   0.00000E+000
   6.79890E-002   1.80000E-001   0.00000E+000
   6.80204E-002   1.80000E-001   0.00000E+000
   6.80517E-002   1.80000E-001   0.00000E+000
   6.80831E-002   1.80000E-001   0.00000E+000
   6.81145E-002   1.80000E-001   0.00000E+000
   6.81459E-002   1.80000E-001   0.00000E+000
   6.81773E-002   1.80000E-001   0.00000E+000
   6.82087E-002   1.80000E-001   0.00000E+000
   6.82401E-002   1.80000E-001   0.00000E+000
   6.82715E-002   1.80000E-001   0.00000E+000
   6.83029E-002   1.80000E-001   0.00000E+000
   6.83342E-002   1.80000E-001   0.00000E+000
   6.83656E-002   1.80000E-001   0.00000E+000
   6.83970E-002   1.80000E-001   0.00000E+000
   6.84284E-002   1.80000E-001   0.00000E+000
   6.84598E-002   1.80000E-001   0.00000E+000
   6.84912E-002   1.80000E-001   0.00000E+000
   6.85226E-002   1.80000E-001   0.00000E+000
   6.85540E-002   1.80000E-001   0.00000E+000
   6.85854E-002   1.80000E-001   0.00000E+000
   6.86167E-002   1.80000E-001   0.00000E+000
   6.86481E-002   1.80000E-001   0.00000E+000
   6.86795E-002   1.80000E-001   0.00000E+000
   6.87109E-002   1.80000E-001   0.00000E+000
   6.87423E-002   1.80000E-001   0.00000E+000
   6.87737E-002   1.80000E-001   0.00000E+000
   6.88051E-002   1.80000E-001   0.00000E+000
   6.88365E-002   1.80000E-001   0.00000E+000
   6.88679E-002   1.80000E-001   0.00000E+000
   6.88992E-002   1.80000E-001   0.00000E+000
   6.89306E-002   1.80000E-001   0.00000E+000
   6.89620E-002   1.80000E-001   0.00000E+000
   6.89934E-002   1.80000E-001   0.00000E+000
   6.90248E-002   1.80000E-001   0.00000E+000
   6.90562E-002   1.80000E-001   0.00000E+000
   6.90876E-002   1.80000E-001   0.00000E+000
   6.91190E-002   1.80000E-001   0.00000E+000
   6.91504E-002   1.80000E-001   0.00000E+000
   6.91818E-002   1.80000E-001   0.00000E+000
   6.92131E-002   1.80000E-001   0.00000E+000
   6.92445E-002   1.80000E-001   0.00000E+000
   6.92759E-002   1.80000E-001   0.00000E+000
   6.93073E-002   1.80000E-001   0.00000E+000
   6.93387E-002   1.80000E-001   0.00000E+000
   6.93701E-002   1.80000E-001   0.00000E+000
   6.94015E-002   1.80000E-001   0.00000E+000
   6.94329E-002   1.80000E-001   0.00000E+000
   6.94643E-002   1.80000E-001   0.00000E+000
   6.94956E-002   1.80000E-001   0.00000E+000
   6.95270E-002   1.80000E-001   0.00000E+000
   6.95584E-002   1.80000E-001   0.00000E+000
   6.95898E-002   1.80000E-001   0.00000E+000
   6.96212E-002   1.80000E-001   0.00000E+000
   6.96526E-002   1.80000E-001   0.00000E+000
   6.96840E-002   1.80000E-001   0.00000E+000
   6.97154E-002   1.80000E-001   0.00000E+000
   6.97468E-002   1.80000E-001   0.00000E+000
   6.97781E-002   1.80000E-001   0.00000E+000
   6.98095E-002   1.80000E-001   0.00000E+000
   6.98409E-002   1.80000E-001   0.00000E+000
   6.98723E-002   1.80000E-001   0.00000E+000
   6.99037E-002   1.80000E-001   0.00000E+000
   6.99351E-002   1.80000E-001   0.00000E+000
   6.99665E-002   1.80000E-001   0.00000E+000
   6.99979E-002   1.80000E-001   0.00000E+000
   7.00293E-002   1.80000E-001   0.00000E+000
   7.00606E-002   1.80000E-001   0.00000E+000
   7.00920E-002   1.80000E-001   0.00000E+000
   7.01234E-002   1.80000E-001   0.00000E+000
   7.01548E-002   1.80000E-001   0.00000E+000
   7.01862E-002   1.80000E-001   0.00000E+000
   7.02176E-002   1.80000E-001   0.00000E+000
   7.02490E-002   1.80000E-001   0.00000E+000
   7.02804E-002   1.80000E-001   0.00000E+000
   7.03118E-002   1.80000E-001   0.00000E+000
   7.03432E-002   1.80000E-001   0.00000E+000
   7.03745E-002   1.80000E-001   0.00000E+000
   7.04059E-002   1.80000E-001   0.00000E+000
   7.04373E-002   1.80000E-001   0.00000E+000
   7.04687E-002   1.80000E-001   0.00000E+000
   7.05001E-002   1.80000E-001   0.00000E+000
   7.05315E-002   1.80000E-001   0.00000E+000
   7.05629E-002   1.80000E-001   0.00000E+000
   7.05943E-002   1.80000E-001   0.00000E+000
   7.06257E-002   1.80000E-001   0.00000E+000
   7.06570E-002   1.80000E-001   0.00000E+000
   7.06884E-002   1.80000E-001   0.00000E+000
   7.07198E-002   1.80000E-001   0.00000E+000
   7.07512E-002   1.80000E-001   0.00000E+000
   7.07826E-002   1.80000E-001   0.00000E+000
   7.08140E-002   1.80000E-001   0.00000E+000
   7.08454E-002   1.80000E-001   0.00000E+000
   7.08768E-002   1.80000E-001   0.00000E+000
   7.09082E-002   1.80000E-001   0.00000E+000
   7.09395E-002   1.80000E-001   0.00000E+000
   7.09709E-002   1.80000E-001   0.00000E+000
   7.10023E-002   1.80000E-001   0.00000E+000
   7.10337E-002   1.80000E-001   0.00000E+000
   7.10651E-002   1.80000E-001   0.00000E+000
   7.10965E-002   1.80000E-001   0.00000E+000
   7.11279E-002   1.80000E-001   0.00000E+000
   7.11593E-002   1.80000E-001   0.00000E+000
   7.11907E-002   1.80000E-001   0.00000E+000
   7.12220E-002   1.80000E-001   0.00000E+000
   7.12534E-002   1.80000E-001   0.00000E+000
   7.12848E-002   1.80000E-001   0.00000E+000
   7.13162E-002   1.80000E-001   0.00000E+000
   7.13476E-002   1.80000E-001   0.00000E+000
   7.13790E-002   1.80000E-001   0.00000E+000
   7.14104E-002   1.80000E-001   0.00000E+000
   7.14418E-002   1.80000E-001   0.00000E+000
   7.14732E-002   1.80000E-001   0.00000E+000
   7.15046E-002   1.80000E-001   0.00000E+000
   7.15359E-002   1.80000E-001   0.00000E+000
   7.15673E-002   1.80000E-001   0.00000E+000
   7.15987E-002   1.80000E-001   0.00000E+000
   7.16301E-002   1.80000E-001   0.00000E+000
   7.16615E-002   1.80000E-001   0.00000E+000
   7.16929E-002   1.80000E-001   0.00000E+000
   7.17243E-002   1.80000E-001   0.00000E+000
   7.17557E-002   1.80000E-001   0.00000E+000
   7.17871E-002   1.80000E-001   0.00000E+000
   7.18184E-002   1.80000E-001   0.00000E+000
   7.18498E-002   1.80000E-001   0.00000E+000
   7.18812E-002   1.80000E-001   0.00000E+000
   7.19126E-002   1.80000E-001   0.00000E+000
   7.19440E-002   1.80000E-001   0.00000E+000
   7.19754E-002   1.80000E-001   0.00000E+000
   7.20068E-002   1.80000E-001   0.00000E+000
   7.20382E-002   1.80000E-001   0.00000E+000
   7.20696E-002   1.80000E-001   0.00000E+000
   7.21009E-002   1.80000E-001   0.00000E+000
   7.21323E-002   1.80000E-001   0.00000E+000
   7.21637E-002   1.80000E-001   0.00000E+000
   7.21951E-002   1.80000E-001   0.00000E+000
   7.22265E-002   1.80000E-001   0.00000E+000
   7.22579E-002   1.80000E-001   0.00000E+000
   7.22893E-002   1.80000E-001   0.00000E+000
   7.23207E-002   1.80000E-001   0.00000E+000
   7.23521E-002   1.80000E-001   0.00000E+000
   7.23834E-002   1.80000E-001   0.00000E+000
   7.24148E-002   1.80000E-001   0.00000E+000
   7.24462E-002   1.80000E-001   0.00000E+000
   7.24776E-002   1.80000E-001   0.00000E+000
   7.25090E-002   1.80000E-001   0.00000E+000
   7.25404E-002   1.80000E-001   0.00000E+000
   7.25718E-002   1.80000E-001   0.00000E+000
   7.26032E-002   1.80000E-001   0.00000E+000
   7.26346E-002   1.80000E-001   0.00000E+000
   7.26659E-002   1.80000E-001   0.00000E+000
   7.26973E-002   1.80000E-001   0.00000E+000
   7.27287E-002   1.80000E-001   0.00000E+000
   7.27601E-002   1.80000E-001   0.00000E+000
   7.27915E-002   1.80000E-001   0.00000E+000
   7.28229E-002   1.80000E-001   0.00000E+000
   7.28543E-002   1.80000E-001   0.00000E+000
   7.28857E-002   1.80000E-001   0.00000E+000
   7.29171E-002   1.80000E-001   0.00000E+000
   7.29485E-002   1.80000E-001   0.00000E+000
   7.29798E-002   1.80000E-001   0.00000E+000
   7.30112E-002   1.80000E-001   0.00000E+000
   7.30426E-002   1.80000E-001   0.00000E+000
   7.30740E-002   1.80000E-001   0.00000E+000
   7.31054E-002   1.80000E-001   0.00000E+000
   7.31368E-002   1.80000E-001   0.00000E+000
   7.31682E-002   1.80000E-001   0.00000E+000
   7.31996E-002   1.80000E-001   0.00000E+000
   7.32310E-002   1.80000E-001   0.00000E+000
   7.32623E-002   1.80000E-001   0.00000E+000
   7.32937E-002   1.80000E-001   0.00000E+000
   7.33251E-002   1.80000E-001   0.00000E+000
   7.33565E-002   1.80000E-001   0.00000E+000
   7.33879E-002   1.80000E-001   0.00000E+000
   7.34193E-002   1.80000E-001   0.00000E+000
   7.34507E-002   1.80000E-001   0.00000E+000
   7.34821E-002   1.80000E-001   0.00000E+000
   7.35135E-002   1.80000E-001   0.00000E+000
   7.35448E-002   1.80000E-001   0.00000E+000
   7.35762E-002   1.80000E-001   0.00000E+000
   7.36076E-002   1.80000E-001   0.00000E+000
   7.36390E-002   1.80000E-001   0.00000E+000
   7.36704E-002   1.80000E-001   0.00000E+000
   7.37018E-002   1.80000E-001   0.00000E+000
   7.37332E-002   1.80000E-001   0.00000E+000
   7.37646E-002   1.80000E-001   0.00000E+000
   7.37960E-002   1.80000E-001   0.00000E+000
   7.38273E-002   1.80000E-001   0.00000E+000
   7.38587E-002   1.80000E-001   0.00000E+000
   7.38901E-002   1.80000E-001   0.00000E+000
   7.39215E-002   1.80000E-001   0.00000E+000
   7.39529E-002   1.80000E-001   0.00000E+000
   7.39843E-002   1.80000E-001   0.00000E+000
   7.40157E-002   1.80000E-001   0.00000E+000
   7.40471E-002   1.80000E-001   0.00000E+000
   7.40785E-002   1.80000E-001   0.00000E+000
   7.41099E-002   1.80000E-001   0.00000E+000
   7.41412E-002   1.80000E-001   0.00000E+000
   7.41726E-002   1.80000E-001   0.00000E+000
   7.42040E-002   1.80000E-001   0.00000E+000
   7.42354E-002   1.80000E-001   0.00000E+000
   7.42668E-002   1.80000E-001   0.00000E+000
   7.42982E-002   1.80000E-001   0.00000E+000
   7.43296E-002   1.80000E-001   0.00000E+000
   7.43610E-002   1.80000E-001   0.00000E+000
   7.43924E-002   1.80000E-001   0.00000E+000
   7.44237E-002   1.80000E-001   0.00000E+000
   7.44551E-002   1.80000E-001   0.00000E+000
   7.44865E-002   1.80000E-001   0.00000E+000
   7.45179E-002   1.80000E-001   0.00000E+000
   7.45493E-002   1.80000E-001   0.00000E+000
   7.45807E-002   1.80000E-001   0.00000E+000
   7.46121E-002   1.80000E-001   0.00000E+000
   7.46435E-002   1.80000E-001   0.00000E+000
   7.46749E-002   1.80000E-001   0.00000E+000
   7.47062E-002   1.80000E-001   0.00000E+000
   7.47376E-002   1.80000E-001   0.00000E+000
   7.47690E-002   1.80000E-001   0.00000E+000
   7.48004E-002   1.80000E-001   0.00000E+000
   7.48318E-002   1.80000E-001   0.00000E+000
   7.48632E-002   1.80000E-001   0.00000E+000
   7.48946E-002   1.80000E-001   0.00000E+000
   7.49260E-002   1.80000E-001   0.00000E+000
   7.49574E-002   1.80000E-001   0.00000E+000
   7.49887E-002   1.80000E-001   0.00000E+000
   7.50201E-002   1.80000E-001   0.00000E+000
   7.50515E-002   1.80000E-001   0.00000E+000
   7.50829E-002   1.80000E-001   0.00000E+000
   7.51143E-002   1.80000E-001   0.00000E+000
   7.51457E-002   1.80000E-001   0.00000E+000
   7.51771E-002   1.80000E-001   0.00000E+000
   7.52085E-002   1.80000E-001   0.00000E+000
   7.52399E-002   1.80000E-001   0.00000E+000
   7.52713E-002   1.80000E-001   0.00000E+000
   7.53026E-002   1.80000E-001   0.00000E+000
   7.53340E-002   1.80000E-001   0.00000E+000
   7.53654E-002   1.80000E-001   0.00000E+000
   7.53968E-002   1.80000E-001   0.00000E+000
   7.54282E-002   1.80000E-001   0.00000E+000
   7.54596E-002   1.80000E-001   0.00000E+000
   7.54910E-002   1.80000E-001   0.00000E+000
   7.55224E-002   1.80000E-001   0.00000E+000
   7.55538E-002   1.80000E-001   0.00000E+000
   7.55851E-002   1.80000E-001   0.00000E+000
   7.56165E-002   1.80000E-001   0.00000E+000
   7.56479E-002   1.80000E-001   0.00000E+000
   7.56793E-002   1.80000E-001   0.00000E+000
   7.57107E-002   1.80000E-001   0.00000E+000
   7.57421E-002   1.80000E-001   0.00000E+000
   7.57735E-002   1.80000E-001   0.00000E+000
   7.58049E-002   1.80000E-001   0.00000E+000
   7.58363E-002   1.80000E-001   0.00000E+000
   7.58676E-002   1.80000E-001   0.00000E+000
   7.58990E-002   1.80000E-001   0.00000E+000
   7.59304E-002   1.80000E-001   0.00000E+000
   7.59618E-002   1.80000E-001   0.00000E+000
   7.59932E-002   1.80000E-001   0.00000E+000
   7.60246E-002   1.80000E-001   0.00000E+000
   7.60560E-002   1.80000E-001   0.00000E+000
   7.60874E-002   1.80000E-001   0.00000E+000
   7.61188E-002   1.80000E-001   0.00000E+000
   7.61501E-002   1.80000E-001   0.00000E+000
   7.61815E-002   1.80000E-001   0.00000E+000
   7.62129E-002   1.80000E-001   0.00000E+000
   7.62443E-002   1.80000E-001   0.00000E+000
   7.62757E-002   1.80000E-001   0.00000E+000
   7.63071E-002   1.80000E-001   0.00000E+000
   7.63385E-002   1.80000E-001   0.00000E+000
   7.63699E-002   1.80000E-001   0.00000E+000
   7.64013E-002   1.80000E-001   0.00000E+000
   7.64327E-002   1.80000E-001   0.00000E+000
   7.64640E-002   1.80000E-001   0.00000E+000
   7.64954E-002   1.80000E-001   0.00000E+000
   7.65268E-002   1.80000E-001   0.00000E+000
   7.65582E-002   1.80000E-001   0.00000E+000
   7.65896E-002   1.80000E-001   0.00000E+000
   7.66210E-002   1.80000E-001   0.00000E+000
   7.66524E-002   1.80000E-001   0.00000E+000
   7.66838E-002   1.80000E-001   0.00000E+000
   7.67152E-002   1.80000E-001   0.00000E+000
   7.67465E-002   1.80000E-001   0.00000E+000
   7.67779E-002   1.80000E-001   0.00000E+000
   7.68093E-002   1.80000E-001   0.00000E+000
   7.68407E-002   1.80000E-001   0.00000E+000
   7.68721E-002   1.80000E-001   0.00000E+000
   7.69035E-002   1.80000E-001   0.00000E+000
   7.69349E-002   1.80000E-001   0.00000E+000
   7.69663E-002   1.80000E-001   0.00000E+000
   7.69977E-002   1.80000E-001   0.00000E+000
   7.70290E-002   1.80000E-001   0.00000E+000
   7.70604E-002   1.80000E-001   0.00000E+000
   7.70918E-002   1.80000E-001   0.00000E+000
   7.71232E-002   1.80000E-001   0.00000E+000
   7.71546E-002   1.80000E-001   0.00000E+000
   7.71860E-002   1.80000E-001   0.00000E+000
   7.72174E-002   1.80000E-001   0.00000E+000
   7.72488E-002   1.80000E-001   0.00000E+000
   7.72802E-002   1.80000E-001   0.00000E+000
   7.73115E-002   1.80000E-001   0.00000E+000
   7.73429E-002   1.80000E-001   0.00000E+000
   7.73743E-002   1.80000E-001   0.00000E+000
   7.74057E-002   1.80000E-001   0.00000E+000
   7.74371E-002   1.80000E-001   0.00000E+000
   7.74685E-002   1.80000E-001   0.00000E+000
   7.74999E-002   1.80000E-001   0.00000E+000
   7.75313E-002   1.80000E-001   0.00000E+000
   7.75627E-002   1.80000E-001   0.00000E+000
   7.75941E-002   1.80000E-001   0.00000E+000
   7.76254E-002   1.80000E-001   0.00000E+000
   7.76568E-002   1.80000E-001   0.00000E+000
   7.76882E-002   1.80000E-001   0.00000E+000
   7.77196E-002   1.80000E-001   0.00000E+000
   7.77510E-002   1.80000E-001   0.00000E+000
   7.77824E-002   1.80000E-001   0.00000E+000
   7.78138E-002   1.80000E-001   0.00000E+000
   7.78452E-002   1.80000E-001   0.00000E+000
   7.78766E-002   1.80000E-001   0.00000E+000
   7.79079E-002   1.80000E-001   0.00000E+000
   7.79393E-002   1.80000E-001   0.00000E+000
   7.79707E-002   1.80000E-001   0.00000E+000
   7.80021E-002   1.80000E-001   0.00000E+000
   7.80335E-002   1.80000E-001   0.00000E+000
   7.80649E-002   1.80000E-001   0.00000E+000
   7.80963E-002   1.80000E-001   0.00000E+000
   7.81277E-002   1.80000E-001   0.00000E+000
   7.81591E-002   1.80000E-001   0.00000E+000
   7.81904E-002   1.80000E-001   0.00000E+000
   7.82218E-002   1.80000E-001   0.00000E+000
   7.82532E-002   1.80000E-001   0.00000E+000
   7.82846E-002   1.80000E-001   0.00000E+000
   7.83160E-002   1.80000E-001   0.00000E+000
   7.83474E-002   1.80000E-001   0.00000E+000
   7.83788E-002   1.80000E-001   0.00000E+000
   7.84102E-002   1.80000E-001   0.00000E+000
   7.84416E-002   1.80000E-001   0.00000E+000
   7.84729E-002   1.80000E-001   0.00000E+000
   7.85043E-002   1.80000E-001   0.00000E+000
   7.85357E-002   1.80000E-001   0.00000E+000
   7.85671E-002   1.80000E-001   0.00000E+000
   7.85985E-002   1.80000E-001   0.00000E+000
   7.86299E-002   1.80000E-001   0.00000E+000
   7.86613E-002   1.80000E-001   0.00000E+000
   7.86927E-002   1.80000E-001   0.00000E+000
   7.87241E-002   1.80000E-001   0.00000E+000
   7.87555E-002   1.80000E-001   0.00000E+000
   7.87868E-002   1.80000E-001   0.00000E+000
   7.88182E-002   1.80000E-001   0.00000E+000
   7.88496E-002   1.80000E-001   0.00000E+000
   7.88810E-002   1.80000E-001   0.00000E+000
   7.89124E-002   1.80000E-001   0.00000E+000
   7.89438E-002   1.80000E-001   0.00000E+000
   7.89752E-002   1.80000E-001   0.00000E+000
   7.90066E-002   1.80000E-001   0.00000E+000
   7.90380E-002   1.80000E-001   0.00000E+000
   7.90693E-002   1.80000E-001   0.00000E+000
   7.91007E-002   1.80000E-001   0.00000E+000
   7.91321E-002   1.80000E-001   0.00000E+000
   7.91635E-002   1.80000E-001   0.00000E+000
   7.91949E-002   1.80000E-001   0.00000E+000
   7.92263E-002   1.80000E-001   0.00000E+000
   7.92577E-002   1.80000E-001   0.00000E+000
   7.92891E-002   1.80000E-001   0.00000E+000
   7.93205E-002   1.80000E-001   0.00000E+000
   7.93518E-002   1.80000E-001   0.00000E+000
   7.93832E-002   1.80000E-001   0.00000E+000
   7.94146E-002   1.80000E-001   0.00000E+000
   7.94460E-002   1.80000E-001   0.00000E+000
   7.94774E-002   1.80000E-001   0.00000E+000
   7.95088E-002   1.80000E-001   0.00000E+000
   7.95402E-002   1.80000E-001   0.00000E+000
   7.95716E-002   1.80000E-001   0.00000E+000
   7.96030E-002   1.80000E-001   0.00000E+000
   7.96343E-002   1.80000E-001   0.00000E+000
   7.96657E-002   1.80000E-001   0.00000E+000
   7.96971E-002   1.80000E-001   0.00000E+000
   7.97285E-002   1.80000E-001   0.00000E+000
   7.97599E-002   1.80000E-001   0.00000E+000
   7.97913E-002   1.80000E-001   0.00000E+000
   7.98227E-002   1.80000E-001   0.00000E+000
   7.98541E-002   1.80000E-001   0.00000E+000
   7.98855E-002   1.80000E-001   0.00000E+000
   7.99169E-002   1.80000E-001   0.00000E+000
   7.99482E-002   1.80000E-001   0.00000E+000
   7.99796E-002   1.80000E-001   0.00000E+000
   8.00110E-002   1.80000E-001   0.00000E+000
   8.00424E-002   1.80000E-001   0.00000E+000
   8.00738E-002   1.80000E-001   0.00000E+000
   8.01052E-002   1.80000E-001   0.00000E+000
   8.01366E-002   1.80000E-001   0.00000E+000
   8.01680E-002   1.80000E-001   0.00000E+000
   8.01994E-002   1.80000E-001   0.00000E+000
   8.02307E-002   1.80000E-001   0.00000E+000
   8.02621E-002   1.80000E-001   0.00000E+000
   8.02935E-002   1.80000E-001   0.00000E+000
   8.03249E-002   1.80000E-001   0.00000E+000
   8.03563E-002   1.80000E-001   0.00000E+000
   8.03877E-002   1.80000E-001   0.00000E+000
   8.04191E-002   1.80000E-001   0.00000E+000
   8.04505E-002   1.80000E-001   0.00000E+000
   8.04819E-002   1.80000E-001   0.00000E+000
   8.05132E-002   1.80000E-001   0.00000E+000
   8.05446E-002   1.80000E-001   0.00000E+000
   8.05760E-002   1.80000E-001   0.00000E+000
   8.06074E-002   1.80000E-001   0.00000E+000
   8.06388E-002   1.80000E-001   0.00000E+000
   8.06702E-002   1.80000E-001   0.00000E+000
   8.07016E-002   1.80000E-001   0.00000E+000
   8.07330E-002   1.80000E-001   0.00000E+000
   8.07644E-002   1.80000E-001   0.00000E+000
   8.07957E-002   1.80000E-001   0.00000E+000
   8.08271E-002   1.80000E-001   0.00000E+000
   8.08585E-002   1.80000E-001   0.00000E+000
   8.08899E-002   1.80000E-001   0.00000E+000
   8.09213E-002   1.80000E-001   0.00000E+000
   8.09527E-002   1.80000E-001   0.00000E+000
   8.09841E-002   1.80000E-001   0.00000E+000
   8.10155E-002   1.80000E-001   0.00000E+000
   8.10469E-002   1.80000E-001   0.00000E+000
   8.10782E-002   1.80000E-001   0.00000E+000
   8.11096E-002   1.80000E-001   0.00000E+000
   8.11410E-002   1.80000E-001   0.00000E+000
   8.11724E-002   1.80000E-001   0.00000E+000
   8.12038E-002   1.80000E-001   0.00000E+000
   8.12352E-002   1.80000E-001   0.00000E+000
   8.12666E-002   1.80000E-001   0.00000E+000
   8.12980E-002   1.80000E-001   0.00000E+000
   8.13294E-002   1.80000E-001   0.00000E+000
   8.13608E-002   1.80000E-001   0.00000E+000
   8.13921E-002   1.80000E-001   0.00000E+000
   8.14235E-002   1.80000E-001   0.00000E+000
   8.14549E-002   1.80000E-001   0.00000E+000
   8.14863E-002   1.80000E-001   0.00000E+000
   8.15177E-002   1.80000E-001   0.00000E+000
   8.15491E-002   1.80000E-001   0.00000E+000
   8.15805E-002   1.80000E-001   0.00000E+000
   8.16119E-002   1.80000E-001   0.00000E+000
   8.16433E-002   1.80000E-001   0.00000E+000
   8.16746E-002   1.80000E-001   0.00000E+000
   8.17060E-002   1.80000E-001   0.00000E+000
   8.17374E-002   1.80000E-001   0.00000E+000
   8.17688E-002   1.80000E-001   0.00000E+000
   8.18002E-002   1.80000E-001   0.00000E+000
   8.18316E-002   1.80000E-001   0.00000E+000
   8.18630E-002   1.80000E-001   0.00000E+000
   8.18944E-002   1.80000E-001   0.00000E+000
   8.19258E-002   1.80000E-001   0.00000E+000
   8.19571E-002   1.80000E-001   0.00000E+000
   8.19885E-002   1.80000E-001   0.00000E+000
   8.20199E-002   1.80000E-001   0.00000E+000
   8.20513E-002   1.80000E-001   0.00000E+000
   8.20827E-002   1.80000E-001   0.00000E+000
   8.21141E-002   1.80000E-001   0.00000E+000
   8.21455E-002   1.80000E-001   0.00000E+000
   8.21769E-002   1.80000E-001   0.00000E+000
   8.22083E-002   1.80000E-001   0.00000E+000
   8.22396E-002   1.80000E-001   0.00000E+000
   8.22710E-002   1.80000E-001   0.00000E+000
   8.23024E-002   1.80000E-001   0.00000E+000
   8.23338E-002   1.80000E-001   0.00000E+000
   8.23652E-002   1.80000E-001   0.00000E+000
   8.23966E-002   1.80000E-001   0.00000E+000
   8.24280E-002   1.80000E-001   0.00000E+000
   8.24594E-002   1.80000E-001   0.00000E+000
   8.24908E-002   1.80000E-001   0.00000E+000
   8.25222E-002   1.80000E-001   0.00000E+000
   8.25535E-002   1.80000E-001   0.00000E+000
   8.25849E-002   1.80000E-001   0.00000E+000
   8.26163E-002   1.80000E-001   0.00000E+000
   8.26477E-002   1.80000E-001   0.00000E+000
   8.26791E-002   1.80000E-001   0.00000E+000
   8.27105E-002   1.80000E-001   0.00000E+000
   8.27419E-002   1.80000E-001   0.00000E+000
   8.27733E-002   1.80000E-001   0.00000E+000
   8.28047E-002   1.80000E-001   0.00000E+000
   8.28360E-002   1.80000E-001   0.00000E+000
   8.28674E-002   1.80000E-001   0.00000E+000
   8.28988E-002   1.80000E-001   0.00000E+000
   8.29302E-002   1.80000E-001   0.00000E+000
   8.29616E-002   1.80000E-001   0.00000E+000
   8.29930E-002   1.80000E-001   0.00000E+000
   8.30244E-002   1.80000E-001   0.00000E+000
   8.30558E-002   1.80000E-001   0.00000E+000
   8.30872E-002   1.80000E-001   0.00000E+000
   8.31185E-002   1.80000E-001   0.00000E+000
   8.31499E-002   1.80000E-001   0.00000E+000
   8.31813E-002   1.80000E-001   0.00000E+000
   8.32127E-002   1.80000E-001   0.00000E+000
   8.32441E-002   1.80000E-001   0.00000E+000
   8.32755E-002   1.80000E-001   0.00000E+000
   8.33069E-002   1.80000E-001   0.00000E+000
   8.33383E-002   1.80000E-001   0.00000E+000
   8.33697E-002   1.80000E-001   0.00000E+000
   8.34010E-002   1.80000E-001   0.00000E+000
   8.34324E-002   1.80000E-001   0.00000E+000
   8.34638E-002   1.80000E-001   0.00000E+000
   8.34952E-002   1.80000E-001   0.00000E+000
   8.35266E-002   1.80000E-001   0.00000E+000
   8.35580E-002   1.80000E-001   0.00000E+000
   8.35894E-002   1.80000E-001   0.00000E+000
   8.36208E-002   1.80000E-001   0.00000E+000
   8.36522E-002   1.80000E-001   0.00000E+000
   8.36836E-002   1.80000E-001   0.00000E+000
   8.37149E-002   1.80000E-001   0.00000E+000
   8.37463E-002   1.80000E-001   0.00000E+000
   8.37777E-002   1.80000E-001   0.00000E+000
   8.38091E-002   1.80000E-001   0.00000E+000
   8.38405E-002   1.80000E-001   0.00000E+000
   8.38719E-002   1.80000E-001   0.00000E+000
   8.39033E-002   1.80000E-001   0.00000E+000
   8.39347E-002   1.80000E-001   0.00000E+000
   8.39661E-002   1.80000E-001   0.00000E+000
   8.39974E-002   1.80000E-001   0.00000E+000
   8.40288E-002   1.80000E-001   0.00000E+000
   8.40602E-002   1.80000E-001   0.00000E+000
   8.40916E-002   1.80000E-001   0.00000E+000
   8.41230E-002   1.80000E-001   0.00000E+000
   8.41544E-002   1.80000E-001   0.00000E+000
   8.41858E-002   1.80000E-001   0.00000E+000
   8.42172E-002   1.80000E-001   0.00000E+000
   8.42486E-002   1.80000E-001   0.00000E+000
   8.42799E-002   1.80000E-001   0.00000E+000
   8.43113E-002   1.80000E-001   0.00000E+000
   8.43427E-002   1.80000E-001   0.00000E+000
   8.43741E-002   1.80000E-001   0.00000E+000
   8.44055E-002   1.80000E-001   0.00000E+000
   8.44369E-002   1.80000E-001   0.00000E+000
   8.44683E-002   1.80000E-001   0.00000E+000
   8.44997E-002   1.80000E-001   0.00000E+000
   8.45311E-002   1.80000E-001   0.00000E+000
   8.45624E-002   1.80000E-001   0.00000E+000
   8.45938E-002   1.80000E-001   0.00000E+000
   8.46252E-002   1.80000E-001   0.00000E+000
   8.46566E-002   1.80000E-001   0.00000E+000
   8.46880E-002   1.80000E-001   0.00000E+000
   8.47194E-002   1.80000E-001   0.00000E+000
   8.47508E-002   1.80000E-001   0.00000E+000
   8.47822E-002   1.80000E-001   0.00000E+000
   8.48136E-002   1.80000E-001   0.00000E+000
   8.48450E-002   1.80000E-001   0.00000E+000
   8.48763E-002   1.80000E-001   0.00000E+000
   8.49077E-002   1.80000E-001   0.00000E+000
   8.49391E-002   1.80000E-001   0.00000E+000
   8.49705E-002   1.80000E-001   0.00000E+000
   8.50019E-002   1.80000E-001   0.00000E+000
   8.50333E-002   1.80000E-001   0.00000E+000
   8.50647E-002   1.80000E-001   0.00000E+000
   8.50961E-002   1.80000E-001   0.00000E+000
   8.51275E-002   1.80000E-001   0.00000E+000
   8.51588E-002   1.80000E-001   0.00000E+000
   8.51902E-002   1.80000E-001   0.00000E+000
   8.52216E-002   1.80000E-001   0.00000E+000
   8.52530E-002   1.80000E-001   0.00000E+000
   8.52844E-002   1.80000E-001   0.00000E+000
   8.53158E-002   1.80000E-001   0.00000E+000
   8.53472E-002   1.80000E-001   0.00000E+000
   8.53786E-002   1.80000E-001   0.00000E+000
   8.54100E-002   1.80000E-001   0.00000E+000
   8.54413E-002   1.80000E-001   0.00000E+000
   8.54727E-002   1.80000E-001   0.00000E+000
   8.55041E-002   1.80000E-001   0.00000E+000
   8.55355E-002   1.80000E-001   0.00000E+000
   8.55669E-002   1.80000E-001   0.00000E+000
   8.55983E-002   1.80000E-001   0.00000E+000
   8.56297E-002   1.80000E-001   0.00000E+000
   8.56611E-002   1.80000E-001   0.00000E+000
   8.56925E-002   1.80000E-001   0.00000E+000
   8.57238E-002   1.80000E-001   0.00000E+000
   8.57552E-002   1.80000E-001   0.00000E+000
   8.57866E-002   1.80000E-001   0.00000E+000
   8.58180E-002   1.80000E-001   0.00000E+000
   8.58494E-002   1.80000E-001   0.00000E+000
   8.58808E-002   1.80000E-001   0.00000E+000
   8.59122E-002   1.80000E-001   0.00000E+000
   8.59436E-002   1.80000E-001   0.00000E+000
   8.59750E-002   1.80000E-001   0.00000E+000
   8.60064E-002   1.80000E-001   0.00000E+000
   8.60377E-002   1.80000E-001   0.00000E+000
   8.60691E-002   1.80000E-001   0.00000E+000
   8.61005E-002   1.80000E-001   0.00000E+000
   8.61319E-002   1.80000E-001   0.00000E+000
   8.61633E-002   1.80000E-001   0.00000E+000
   8.61947E-002   1.80000E-001   0.00000E+000
   8.62261E-002   1.80000E-001   0.00000E+000
   8.62575E-002   1.80000E-001   0.00000E+000
   8.62889E-002   1.80000E-001   0.00000E+000
   8.63202E-002   1.80000E-001   0.00000E+000
   8.63516E-002   1.80000E-001   0.00000E+000
   8.63830E-002   1.80000E-001   0.00000E+000
   8.64144E-002   1.80000E-001   0.00000E+000
   8.64458E-002   1.80000E-001   0.00000E+000
   8.64772E-002   1.80000E-001   0.00000E+000
   8.65086E-002   1.80000E-001   0.00000E+000
   8.65400E-002   1.80000E-001   0.00000E+000
   8.65714E-002   1.80000E-001   0.00000E+000
   8.66027E-002   1.80000E-001   0.00000E+000
   8.66341E-002   1.80000E-001   0.00000E+000
   8.66655E-002   1.80000E-001   0.00000E+000
   8.66969E-002   1.80000E-001   0.00000E+000
   8.67283E-002   1.80000E-001   0.00000E+000
   8.67597E-002   1.80000E-001   0.00000E+000
   8.67911E-002   1.80000E-001   0.00000E+000
   8.68225E-002   1.80000E-001   0.00000E+000
   8.68539E-002   1.80000E-001   0.00000E+000
   8.68852E-002   1.80000E-001   0.00000E+000
   8.69166E-002   1.80000E-001   0.00000E+000
   8.69480E-002   1.80000E-001   0.00000E+000
   8.69794E-002   1.80000E-001   0.00000E+000
   8.70108E-002   1.80000E-001   0.00000E+000
   8.70422E-002   1.80000E-001   0.00000E+000
   8.70736E-002   1.80000E-001   0.00000E+000
   8.71050E-002   1.80000E-001   0.00000E+000
   8.71364E-002   1.80000E-001   0.00000E+000
   8.71678E-002   1.80000E-001   0.00000E+000
   8.71991E-002   1.80000E-001   0.00000E+000
   8.72305E-002   1.80000E-001   0.00000E+000
   8.72619E-002   1.80000E-001   0.00000E+000
   8.72933E-002   1.80000E-001   0.00000E+000
   8.73247E-002   1.80000E-001   0.00000E+000
   8.73561E-002   1.80000E-001   0.00000E+000
   8.73875E-002   1.80000E-001   0.00000E+000
   8.74189E-002   1.80000E-001   0.00000E+000
   8.74503E-002   1.80000E-001   0.00000E+000
   8.74816E-002   1.80000E-001   0.00000E+000
   8.75130E-002   1.80000E-001   0.00000E+000
   8.75444E-002   1.80000E-001   0.00000E+000
   8.75758E-002   1.80000E-001   0.00000E+000
   8.76072E-002   1.80000E-001   0.00000E+000
   8.76386E-002   1.80000E-001   0.00000E+000
   8.76700E-002   1.80000E-001   0.00000E+000
   8.77014E-002   1.80000E-001   0.00000E+000
   8.77328E-002   1.80000E-001   0.00000E+000
   8.77641E-002   1.80000E-001   0.00000E+000
   8.77955E-002   1.80000E-001   0.00000E+000
   8.78269E-002   1.80000E-001   0.00000E+000
   8.78583E-002   1.80000E-001   0.00000E+000
   8.78897E-002   1.80000E-001   0.00000E+000
   8.79211E-002   1.80000E-001   0.00000E+000
   8.79525E-002   1.80000E-001   0.00000E+000
   8.79839E-002   1.80000E-001   0.00000E+000
   8.80153E-002   1.80000E-001   0.00000E+000
   8.80466E-002   1.80000E-001   0.00000E+000
   8.80780E-002   1.80000E-001   0.00000E+000
   8.81094E-002   1.80000E-001   0.00000E+000
   8.81408E-002   1.80000E-001   0.00000E+000
   8.81722E-002   1.80000E-001   0.00000E+000
   8.82036E-002   1.80000E-001   0.00000E+000
   8.82350E-002   1.80000E-001   0.00000E+000
   8.82664E-002   1.80000E-001   0.00000E+000
   8.82978E-002   1.80000E-001   0.00000E+000
   8.83292E-002   1.80000E-001   0.00000E+000
   8.83605E-002   1.80000E-001   0.00000E+000
   8.83919E-002   1.80000E-001   0.00000E+000
   8.84233E-002   1.80000E-001   0.00000E+000
   8.84547E-002   1.80000E-001   0.00000E+000
   8.84861E-002   1.80000E-001   0.00000E+000
   8.85175E-002   1.80000E-001   0.00000E+000
   8.85489E-002   1.80000E-001   0.00000E+000
   8.85803E-002   1.80000E-001   0.00000E+000
   8.86117E-002   1.80000E-001   0.00000E+000
   8.86430E-002   1.80000E-001   0.00000E+000
   8.86744E-002   1.80000E-001   0.00000E+000
   8.87058E-002   1.80000E-001   0.00000E+000
   8.87372E-002   1.80000E-001   0.00000E+000
   8.87686E-002   1.80000E-001   0.00000E+000
   8.88000E-002   1.80000E-001   0.00000E+000
   8.88314E-002   1.80000E-001   0.00000E+000
   8.88628E-002   1.80000E-001   0.00000E+000
   8.88942E-002   1.80000E-001   0.00000E+000
   8.89255E-002   1.80000E-001   0.00000E+000
   8.89569E-002   1.80000E-001   0.00000E+000
   8.89883E-002   1.80000E-001   0.00000E+000
   8.90197E-002   1.80000E-001   0.00000E+000
   8.90511E-002   1.80000E-001   0.00000E+000
   8.90825E-002   1.80000E-001   0.00000E+000
   8.91139E-002   1.80000E-001   0.00000E+000
   8.91453E-002   1.80000E-001   0.00000E+000
   8.91767E-002   1.80000E-001   0.00000E+000
   8.92080E-002   1.80000E-001   0.00000E+000
   8.92394E-002   1.80000E-001   0.00000E+000
   8.92708E-002   1.80000E-001   0.00000E+000
   8.93022E-002   1.80000E-001   0.00000E+000
   8.93336E-002   1.80000E-001   0.00000E+000
   8.93650E-002   1.80000E-001   0.00000E+000
   8.93964E-002   1.80000E-001   0.00000E+000
   8.94278E-002   1.80000E-001   0.00000E+000
   8.94592E-002   1.80000E-001   0.00000E+000
   8.94905E-002   1.80000E-001   0.00000E+000
   8.95219E-002   1.80000E-001   0.00000E+000
   8.95533E-002   1.80000E-001   0.00000E+000
   8.95847E-002   1.80000E-001   0.00000E+000
   8.96161E-002   1.80000E-001   0.00000E+000
   8.96475E-002   1.80000E-001   0.00000E+000
   8.96789E-002   1.80000E-001   0.00000E+000
   8.97103E-002   1.80000E-001   0.00000E+000
   8.97417E-002   1.80000E-001   0.00000E+000
   8.97731E-002   1.80000E-001   0.00000E+000
   8.98044E-002   1.80000E-001   0.00000E+000
   8.98358E-002   1.80000E-001   0.00000E+000
   8.98672E-002   1.80000E-001   0.00000E+000
   8.98986E-002   1.80000E-001   0.00000E+000
   8.99300E-002   1.80000E-001   0.00000E+000
   8.99614E-002   1.80000E-001   0.00000E+000
   8.99928E-002   1.80000E-001   0.00000E+000
   9.00242E-002   1.80000E-001   0.00000E+000
   9.00556E-002   1.80000E-001   0.00000E+000
   9.00869E-002   1.80000E-001   0.00000E+000
   9.01183E-002   1.80000E-001   0.00000E+000
   9.01497E-002   1.80000E-001   0.00000E+000
   9.01811E-002   1.80000E-001   0.00000E+000
   9.02125E-002   1.80000E-001   0.00000E+000
   9.02439E-002   1.80000E-001   0.00000E+000
   9.02753E-002   1.80000E-001   0.00000E+000
   9.03067E-002   1.80000E-001   0.00000E+000
   9.03381E-002   1.80000E-001   0.00000E+000
   9.03694E-002   1.80000E-001   0.00000E+000
   9.04008E-002   1.80000E-001   0.00000E+000
   9.04322E-002   1.80000E-001   0.00000E+000
   9.04636E-002   1.80000E-001   0.00000E+000
   9.04950E-002   1.80000E-001   0.00000E+000
   9.05264E-002   1.80000E-001   0.00000E+000
   9.05578E-002   1.80000E-001   0.00000E+000
   9.05892E-002   1.80000E-001   0.00000E+000
   9.06206E-002   1.80000E-001   0.00000E+000
   9.06519E-002   1.80000E-001   0.00000E+000
   9.06833E-002   1.80000E-001   0.00000E+000
   9.07147E-002   1.80000E-001   0.00000E+000
   9.07461E-002   1.80000E-001   0.00000E+000
   9.07775E-002   1.80000E-001   0.00000E+000
   9.08089E-002   1.80000E-001   0.00000E+000
   9.08403E-002   1.80000E-001   0.00000E+000
   9.08717E-002   1.80000E-001   0.00000E+000
   9.09031E-002   1.80000E-001   0.00000E+000
   9.09345E-002   1.80000E-001   0.00000E+000
   9.09658E-002   1.80000E-001   0.00000E+000
   9.09972E-002   1.80000E-001   0.00000E+000
   9.10286E-002   1.80000E-001   0.00000E+000
   9.10600E-002   1.80000E-001   0.00000E+000
   9.10914E-002   1.80000E-001   0.00000E+000
   9.11228E-002   1.80000E-001   0.00000E+000
   9.11542E-002   1.80000E-001   0.00000E+000
   9.11856E-002   1.80000E-001   0.00000E+000
   9.12170E-002   1.80000E-001   0.00000E+000
   9.12483E-002   1.80000E-001   0.00000E+000
   9.12797E-002   1.80000E-001   0.00000E+000
   9.13111E-002   1.80000E-001   0.00000E+000
   9.13425E-002   1.80000E-001   0.00000E+000
