   3.13892E-005   3.60000E-001   0.00000E+000
   6.27784E-005   5.40000E-001   1.80000E-001
   9.41675E-005   5.40000E-001   3.60000E-001
   1.25557E-004   5.40000E-001   3.60000E-001
   1.56946E-004   5.40000E-001   3.60000E-001
   1.88335E-004   5.40000E-001   5.40000E-001
   2.19724E-004   7.20000E-001   5.40000E-001
   2.51113E-004   7.20000E-001   5.40000E-001
   2.82503E-004   7.20000E-001   5.40000E-001
   3.13892E-004   7.20000E-001   5.40000E-001
   3.45281E-004   7.20000E-001   5.40000E-001
   3.76670E-004   7.20000E-001   5.40000E-001
   4.08059E-004   7.20000E-001   7.20000E-001
   4.39449E-004   7.20000E-001   7.20000E-001
   4.70838E-004   7.20000E-001   7.20000E-001
   5.02227E-004   7.20000E-001   7.20000E-001
   5.33616E-004   9.00000E-001   7.20000E-001
   5.65005E-004   9.00000E-001   7.20000E-001
   5.96394E-004   9.00000E-001   7.20000E-001
   6.27784E-004   9.00000E-001   7.20000E-001
   6.59173E-004   9.00000E-001   7.20000E-001
   6.90562E-004   9.00000E-001   7.20000E-001
   7.21951E-004   9.00000E-001   9.00000E-001
   7.53340E-004   9.00000E-001   9.00000E-001
   7.84729E-004   9.00000E-001   9.00000E-001
   8.16119E-004   9.00000E-001   9.00000E-001
   8.47508E-004   9.00000E-001   9.00000E-001
   8.78897E-004   9.00000E-001   9.00000E-001
   9.10286E-004   9.00000E-001   9.00000E-001
   9.41675E-004   1.08000E+000   9.00000E-001
   9.73065E-004   1.08000E+000   9.00000E-001
   1.00445E-003   1.08000E+000   9.00000E-001
   1.03584E-003   1.08000E+000   9.00000E-001
   1.06723E-003   1.08000E+000   9.00000E-001
   1.09862E-003   1.08000E+000   9.00000E-001
   1.13001E-003   1.08000E+000   9.00000E-001
   1.16140E-003   1.08000E+000   1.08000E+000
   1.19279E-003   1.08000E+000   1.08000E+000
   1.22418E-003   1.08000E+000   1.08000E+000
   1.25557E-003   1.08000E+000   1.08000E+000
   1.28696E-003   1.08000E+000   1.08000E+000
   1.31835E-003   1.08000E+000   1.08000E+000
   1.34973E-003   1.08000E+000   1.08000E+000
   1.38112E-003   1.08000E+000   1.08000E+000
   1.41251E-003   1.08000E+000   1.08000E+000
   1.44390E-003   1.08000E+000   1.08000E+000
   1.47529E-003   1.26000E+000   1.08000E+000
   1.50668E-003   1.26000E+000   1.08000E+000
   1.53807E-003   1.26000E+000   1.08000E+000
   1.56946E-003   1.26000E+000   1.08000E+000
   1.60085E-003   1.26000E+000   1.08000E+000
   1.63224E-003   1.26000E+000   1.08000E+000
   1.66363E-003   1.26000E+000   1.08000E+000
   1.69502E-003   1.26000E+000   1.26000E+000
   1.72640E-003   1.26000E+000   1.26000E+000
   1.75779E-003   1.26000E+000   1.26000E+000
   1.78918E-003   1.26000E+000   1.26000E+000
   1.82057E-003   1.26000E+000   1.26000E+000
   1.85196E-003   1.26000E+000   1.26000E+000
   1.88335E-003   1.26000E+000   1.26000E+000
   1.91474E-003   1.26000E+000   1.26000E+000
   1.94613E-003   1.26000E+000   1.26000E+000
   1.97752E-003   1.26000E+000   1.26000E+000
   2.00891E-003   1.26000E+000   1.26000E+000
   2.04030E-003   1.26000E+000   1.26000E+000
   2.07169E-003   1.26000E+000   1.26000E+000
   2.10308E-003   1.44000E+000   1.26000E+000
   2.13446E-003   1.44000E+000   1.26000E+000
   2.16585E-003   1.44000E+000   1.26000E+000
   2.19724E-003   1.44000E+000   1.26000E+000
   2.22863E-003   1.44000E+000   1.26000E+000
   2.26002E-003   1.44000E+000   1.26000E+000
   2.29141E-003   1.44000E+000   1.44000E+000
   2.32280E-003   1.44000E+000   1.44000E+000
   2.35419E-003   1.44000E+000   1.44000E+000
   2.38558E-003   1.44000E+000   1.44000E+000
   2.41697E-003   1.44000E+000   1.44000E+000
   2.44836E-003   1.44000E+000   1.44000E+000
   2.47975E-003   1.44000E+000   1.44000E+000
   2.51113E-003   1.44000E+000   1.44000E+000
   2.54252E-003   1.44000E+000   1.44000E+000
   2.57391E-003   1.44000E+000   1.44000E+000
   2.60530E-003   1.44000E+000   1.44000E+000
   2.63669E-003   1.44000E+000   1.44000E+000
   2.66808E-003   1.44000E+000   1.44000E+000
   2.69947E-003   1.44000E+000   1.44000E+000
   2.73086E-003   1.44000E+000   1.44000E+000
   2.76225E-003   1.44000E+000   1.44000E+000
   2.79364E-003   1.44000E+000   1.44000E+000
   2.82503E-003   1.62000E+000   1.44000E+000
   2.85642E-003   1.62000E+000   1.44000E+000
   2.88780E-003   1.62000E+000   1.44000E+000
   2.91919E-003   1.62000E+000   1.44000E+000
   2.95058E-003   1.62000E+000   1.44000E+000
   2.98197E-003   1.62000E+000   1.62000E+000
   3.01336E-003   1.62000E+000   1.62000E+000
   3.04475E-003   1.62000E+000   1.62000E+000
   3.07614E-003   1.62000E+000   1.62000E+000
   3.10753E-003   1.62000E+000   1.62000E+000
   3.13892E-003   1.62000E+000   1.62000E+000
   3.17031E-003   1.62000E+000   1.62000E+000
   3.20170E-003   1.62000E+000   1.62000E+000
   3.23309E-003   1.62000E+000   1.62000E+000
   3.26447E-003   1.62000E+000   1.62000E+000
   3.29586E-003   1.62000E+000   1.62000E+000
   3.32725E-003   1.62000E+000   1.62000E+000
   3.35864E-003   1.62000E+000   1.62000E+000
   3.39003E-003   1.62000E+000   1.62000E+000
   3.42142E-003   1.62000E+000   1.62000E+000
   3.45281E-003   1.62000E+000   1.62000E+000
   3.48420E-003   1.62000E+000   1.62000E+000
   3.51559E-003   1.62000E+000   1.62000E+000
   3.54698E-003   1.62000E+000   1.62000E+000
   3.57837E-003   1.62000E+000   1.62000E+000
   3.60976E-003   1.62000E+000   1.62000E+000
   3.64114E-003   1.80000E+000   1.62000E+000
   3.67253E-003   1.80000E+000   1.62000E+000
   3.70392E-003   1.80000E+000   1.62000E+000
   3.73531E-003   1.80000E+000   1.62000E+000
   3.76670E-003   1.80000E+000   1.80000E+000
   3.79809E-003   1.80000E+000   1.80000E+000
   3.82948E-003   1.80000E+000   1.80000E+000
   3.86087E-003   1.80000E+000   1.80000E+000
   3.89226E-003   1.80000E+000   1.80000E+000
   3.92365E-003   1.80000E+000   1.80000E+000
   3.95504E-003   1.80000E+000   1.80000E+000
   3.98643E-003   1.80000E+000   1.80000E+000
   4.01781E-003   1.80000E+000   1.80000E+000
   4.04920E-003   1.80000E+000   1.80000E+000
   4.08059E-003   1.80000E+000   1.80000E+000
   4.11198E-003   1.80000E+000   1.80000E+000
   4.14337E-003   1.80000E+000   1.80000E+000
   4.17476E-003   1.80000E+000   1.80000E+000
   4.20615E-003   1.80000E+000   1.80000E+000
   4.23754E-003   1.80000E+000   1.80000E+000
   4.26893E-003   1.80000E+000   1.80000E+000
   4.30032E-003   1.80000E+000   1.80000E+000
   4.33171E-003   1.80000E+000   1.80000E+000
   4.36310E-003   1.80000E+000   1.80000E+000
   4.39449E-003   1.80000E+000   1.80000E+000
   4.42587E-003   1.80000E+000   1.80000E+000
   4.45726E-003   1.80000E+000   1.80000E+000
   4.48865E-003   1.80000E+000   1.80000E+000
   4.52004E-003   1.98000E+000   1.80000E+000
   4.55143E-003   1.98000E+000   1.80000E+000
   4.58282E-003   1.98000E+000   1.80000E+000
   4.61421E-003   1.98000E+000   1.98000E+000
   4.64560E-003   1.98000E+000   1.98000E+000
   4.67699E-003   1.98000E+000   1.98000E+000
   4.70838E-003   1.98000E+000   1.98000E+000
   4.73977E-003   1.98000E+000   1.98000E+000
   4.77116E-003   1.98000E+000   1.98000E+000
   4.80254E-003   1.98000E+000   1.98000E+000
   4.83393E-003   1.98000E+000   1.98000E+000
   4.86532E-003   1.98000E+000   1.98000E+000
   4.89671E-003   1.98000E+000   1.98000E+000
   4.92810E-003   1.98000E+000   1.98000E+000
   4.95949E-003   1.98000E+000   1.98000E+000
   4.99088E-003   1.98000E+000   1.98000E+000
   5.02227E-003   1.98000E+000   1.98000E+000
   5.05366E-003   1.98000E+000   1.98000E+000
   5.08505E-003   1.98000E+000   1.98000E+000
   5.11644E-003   1.98000E+000   1.98000E+000
   5.14783E-003   1.98000E+000   1.98000E+000
   5.17921E-003   1.98000E+000   1.98000E+000
   5.21060E-003   1.98000E+000   1.98000E+000
   5.24199E-003   1.98000E+000   1.98000E+000
   5.27338E-003   1.98000E+000   1.98000E+000
   5.30477E-003   1.98000E+000   1.98000E+000
   5.33616E-003   1.98000E+000   1.98000E+000
   5.36755E-003   1.98000E+000   1.98000E+000
   5.39894E-003   1.98000E+000   1.98000E+000
   5.43033E-003   1.98000E+000   1.98000E+000
   5.46172E-003   1.98000E+000   1.98000E+000
   5.49311E-003   2.16000E+000   1.98000E+000
   5.52450E-003   2.16000E+000   1.98000E+000
   5.55588E-003   2.16000E+000   2.16000E+000
   5.58727E-003   2.16000E+000   2.16000E+000
   5.61866E-003   2.16000E+000   2.16000E+000
   5.65005E-003   2.16000E+000   2.16000E+000
   5.68144E-003   2.16000E+000   2.16000E+000
   5.71283E-003   2.16000E+000   2.16000E+000
   5.74422E-003   2.16000E+000   2.16000E+000
   5.77561E-003   2.16000E+000   2.16000E+000
   5.80700E-003   2.16000E+000   2.16000E+000
   5.83839E-003   2.16000E+000   2.16000E+000
   5.86978E-003   2.16000E+000   2.16000E+000
   5.90117E-003   2.16000E+000   2.16000E+000
   5.93255E-003   2.16000E+000   2.16000E+000
   5.96394E-003   2.16000E+000   2.16000E+000
   5.99533E-003   2.16000E+000   2.16000E+000
   6.02672E-003   2.16000E+000   2.16000E+000
   6.05811E-003   2.16000E+000   2.16000E+000
   6.08950E-003   2.16000E+000   2.16000E+000
   6.12089E-003   2.16000E+000   2.16000E+000
   6.15228E-003   2.16000E+000   2.16000E+000
   6.18367E-003   2.16000E+000   2.16000E+000
   6.21506E-003   2.16000E+000   2.16000E+000
   6.24645E-003   2.16000E+000   2.16000E+000
   6.27784E-003   2.16000E+000   2.16000E+000
   6.30923E-003   2.16000E+000   2.16000E+000
   6.34061E-003   2.16000E+000   2.16000E+000
   6.37200E-003   2.16000E+000   2.16000E+000
   6.40339E-003   2.16000E+000   2.16000E+000
   6.43478E-003   2.16000E+000   2.16000E+000
   6.46617E-003   2.16000E+000   2.16000E+000
   6.49756E-003   2.16000E+000   2.16000E+000
   6.52895E-003   2.16000E+000   2.16000E+000
   6.56034E-003   2.34000E+000   2.34000E+000
   6.59173E-003   2.34000E+000   2.34000E+000
   6.62312E-003   2.34000E+000   2.34000E+000
   6.65451E-003   2.34000E+000   2.34000E+000
   6.68590E-003   2.34000E+000   2.34000E+000
   6.71728E-003   2.34000E+000   2.34000E+000
   6.74867E-003   2.34000E+000   2.34000E+000
   6.78006E-003   2.34000E+000   2.34000E+000
   6.81145E-003   2.34000E+000   2.34000E+000
   6.84284E-003   2.34000E+000   2.34000E+000
   6.87423E-003   2.34000E+000   2.34000E+000
   6.90562E-003   2.34000E+000   2.34000E+000
   6.93701E-003   2.34000E+000   2.34000E+000
   6.96840E-003   2.34000E+000   2.34000E+000
   6.99979E-003   2.34000E+000   2.34000E+000
   7.03118E-003   2.34000E+000   2.34000E+000
   7.06257E-003   2.34000E+000   2.34000E+000
   7.09395E-003   2.34000E+000   2.34000E+000
   7.12534E-003   2.34000E+000   2.34000E+000
   7.15673E-003   2.34000E+000   2.34000E+000
   7.18812E-003   2.34000E+000   2.34000E+000
   7.21951E-003   2.34000E+000   2.34000E+000
   7.25090E-003   2.34000E+000   2.34000E+000
   7.28229E-003   2.34000E+000   2.34000E+000
   7.31368E-003   2.34000E+000   2.34000E+000
   7.34507E-003   2.34000E+000   2.34000E+000
   7.37646E-003   2.34000E+000   2.34000E+000
   7.40785E-003   2.34000E+000   2.34000E+000
   7.43924E-003   2.34000E+000   2.34000E+000
   7.47062E-003   2.34000E+000   2.34000E+000
   7.50201E-003   2.34000E+000   2.34000E+000
   7.53340E-003   2.34000E+000   2.34000E+000
   7.56479E-003   2.34000E+000   2.34000E+000
   7.59618E-003   2.34000E+000   2.34000E+000
   7.62757E-003   2.34000E+000   2.52000E+000
   7.65896E-003   2.52000E+000   2.52000E+000
   7.69035E-003   2.52000E+000   2.52000E+000
   7.72174E-003   2.52000E+000   2.52000E+000
   7.75313E-003   2.52000E+000   2.52000E+000
   7.78452E-003   2.52000E+000   2.52000E+000
   7.81591E-003   2.52000E+000   2.52000E+000
   7.84729E-003   2.52000E+000   2.52000E+000
   7.87868E-003   2.52000E+000   2.52000E+000
   7.91007E-003   2.52000E+000   2.52000E+000
   7.94146E-003   2.52000E+000   2.52000E+000
   7.97285E-003   2.52000E+000   2.52000E+000
   8.00424E-003   2.52000E+000   2.52000E+000
   8.03563E-003   2.52000E+000   2.52000E+000
   8.06702E-003   2.52000E+000   2.52000E+000
   8.09841E-003   2.52000E+000   2.52000E+000
   8.12980E-003   2.52000E+000   2.52000E+000
   8.16119E-003   2.52000E+000   2.52000E+000
   8.19258E-003   2.52000E+000   2.52000E+000
   8.22396E-003   2.52000E+000   2.52000E+000
   8.25535E-003   2.52000E+000   2.52000E+000
   8.28674E-003   2.52000E+000   2.52000E+000
   8.31813E-003   2.52000E+000   2.52000E+000
   8.34952E-003   2.52000E+000   2.52000E+000
   8.38091E-003   2.52000E+000   2.52000E+000
   8.41230E-003   2.52000E+000   2.52000E+000
   8.44369E-003   2.52000E+000   2.52000E+000
   8.47508E-003   2.52000E+000   2.52000E+000
   8.50647E-003   2.52000E+000   2.52000E+000
   8.53786E-003   2.52000E+000   2.52000E+000
   8.56925E-003   2.52000E+000   2.52000E+000
   8.60064E-003   2.52000E+000   2.52000E+000
   8.63202E-003   2.52000E+000   2.52000E+000
   8.66341E-003   2.52000E+000   2.52000E+000
   8.69480E-003   2.52000E+000   2.52000E+000
   8.72619E-003   2.52000E+000   2.52000E+000
   8.75758E-003   2.52000E+000   2.70000E+000
   8.78897E-003   2.52000E+000   2.70000E+000
   8.82036E-003   2.52000E+000   2.70000E+000
   8.85175E-003   2.52000E+000   2.70000E+000
   8.88314E-003   2.70000E+000   2.70000E+000
   8.91453E-003   2.70000E+000   2.70000E+000
   8.94592E-003   2.70000E+000   2.70000E+000
   8.97731E-003   2.70000E+000   2.70000E+000
   9.00869E-003   2.70000E+000   2.70000E+000
   9.04008E-003   2.70000E+000   2.70000E+000
   9.07147E-003   2.70000E+000   2.70000E+000
   9.10286E-003   2.70000E+000   2.70000E+000
   9.13425E-003   2.70000E+000   2.70000E+000
   9.16564E-003   2.70000E+000   2.70000E+000
   9.19703E-003   2.70000E+000   2.70000E+000
   9.22842E-003   2.70000E+000   2.70000E+000
   9.25981E-003   2.70000E+000   2.70000E+000
   9.29120E-003   2.70000E+000   2.70000E+000
   9.32259E-003   2.70000E+000   2.70000E+000
   9.35398E-003   2.70000E+000   2.70000E+000
   9.38536E-003   2.70000E+000   2.70000E+000
   9.41675E-003   2.70000E+000   2.70000E+000
   9.44814E-003   2.70000E+000   2.70000E+000
   9.47953E-003   2.70000E+000   2.70000E+000
   9.51092E-003   2.70000E+000   2.70000E+000
   9.54231E-003   2.70000E+000   2.70000E+000
   9.57370E-003   2.70000E+000   2.70000E+000
   9.60509E-003   2.70000E+000   2.70000E+000
   9.63648E-003   2.70000E+000   2.70000E+000
   9.66787E-003   2.70000E+000   2.70000E+000
   9.69926E-003   2.70000E+000   2.70000E+000
   9.73065E-003   2.70000E+000   2.70000E+000
   9.76203E-003   2.70000E+000   2.70000E+000
   9.79342E-003   2.70000E+000   2.70000E+000
   9.82481E-003   2.70000E+000   2.70000E+000
   9.85620E-003   2.70000E+000   2.70000E+000
   9.88759E-003   2.70000E+000   2.70000E+000
   9.91898E-003   2.70000E+000   2.70000E+000
   9.95037E-003   2.70000E+000   2.70000E+000
   9.98176E-003   2.70000E+000   2.88000E+000
   1.00131E-002   2.70000E+000   2.88000E+000
   1.00445E-002   2.70000E+000   2.88000E+000
   1.00759E-002   2.70000E+000   2.88000E+000
   1.01073E-002   2.70000E+000   2.88000E+000
   1.01387E-002   2.70000E+000   2.88000E+000
   1.01701E-002   2.88000E+000   2.88000E+000
   1.02015E-002   2.88000E+000   2.88000E+000
   1.02329E-002   2.88000E+000   2.88000E+000
   1.02643E-002   2.88000E+000   2.88000E+000
   1.02957E-002   2.88000E+000   2.88000E+000
   1.03270E-002   2.88000E+000   2.88000E+000
   1.03584E-002   2.88000E+000   2.88000E+000
   1.03898E-002   2.88000E+000   2.88000E+000
   1.04212E-002   2.88000E+000   2.88000E+000
   1.04526E-002   2.88000E+000   2.88000E+000
   1.04840E-002   2.88000E+000   2.88000E+000
   1.05154E-002   2.88000E+000   2.88000E+000
   1.05468E-002   2.88000E+000   2.88000E+000
   1.05782E-002   2.88000E+000   2.88000E+000
   1.06095E-002   2.88000E+000   2.88000E+000
   1.06409E-002   2.88000E+000   2.88000E+000
   1.06723E-002   2.88000E+000   2.88000E+000
   1.07037E-002   2.88000E+000   2.88000E+000
   1.07351E-002   2.88000E+000   2.88000E+000
   1.07665E-002   2.88000E+000   2.88000E+000
   1.07979E-002   2.88000E+000   2.88000E+000
   1.08293E-002   2.88000E+000   2.88000E+000
   1.08607E-002   2.88000E+000   2.88000E+000
   1.08920E-002   2.88000E+000   2.88000E+000
   1.09234E-002   2.88000E+000   2.88000E+000
   1.09548E-002   2.88000E+000   2.88000E+000
   1.09862E-002   2.88000E+000   2.88000E+000
   1.10176E-002   2.88000E+000   2.88000E+000
   1.10490E-002   2.88000E+000   2.88000E+000
   1.10804E-002   2.88000E+000   2.88000E+000
   1.11118E-002   2.88000E+000   2.88000E+000
   1.11432E-002   2.88000E+000   2.88000E+000
   1.11745E-002   2.88000E+000   2.88000E+000
   1.12059E-002   2.88000E+000   2.88000E+000
   1.12373E-002   2.88000E+000   3.06000E+000
   1.12687E-002   2.88000E+000   3.06000E+000
   1.13001E-002   2.88000E+000   3.06000E+000
   1.13315E-002   2.88000E+000   3.06000E+000
   1.13629E-002   2.88000E+000   3.06000E+000
   1.13943E-002   2.88000E+000   3.06000E+000
   1.14257E-002   2.88000E+000   3.06000E+000
   1.14571E-002   2.88000E+000   3.06000E+000
   1.14884E-002   2.88000E+000   3.06000E+000
   1.15198E-002   3.06000E+000   3.06000E+000
   1.15512E-002   3.06000E+000   3.06000E+000
   1.15826E-002   3.06000E+000   3.06000E+000
   1.16140E-002   3.06000E+000   3.06000E+000
   1.16454E-002   3.06000E+000   3.06000E+000
   1.16768E-002   3.06000E+000   3.06000E+000
   1.17082E-002   3.06000E+000   3.06000E+000
   1.17396E-002   3.06000E+000   3.06000E+000
   1.17709E-002   3.06000E+000   3.06000E+000
   1.18023E-002   3.06000E+000   3.06000E+000
   1.18337E-002   3.06000E+000   3.06000E+000
   1.18651E-002   3.06000E+000   3.06000E+000
   1.18965E-002   3.06000E+000   3.06000E+000
   1.19279E-002   3.06000E+000   3.06000E+000
   1.19593E-002   3.06000E+000   3.06000E+000
   1.19907E-002   3.06000E+000   3.06000E+000
   1.20221E-002   3.06000E+000   3.06000E+000
   1.20534E-002   3.06000E+000   3.06000E+000
   1.20848E-002   3.06000E+000   3.06000E+000
   1.21162E-002   3.06000E+000   3.06000E+000
   1.21476E-002   3.06000E+000   3.06000E+000
   1.21790E-002   3.06000E+000   3.06000E+000
   1.22104E-002   3.06000E+000   3.06000E+000
   1.22418E-002   3.06000E+000   3.06000E+000
   1.22732E-002   3.06000E+000   3.06000E+000
   1.23046E-002   3.06000E+000   3.06000E+000
   1.23359E-002   3.06000E+000   3.06000E+000
   1.23673E-002   3.06000E+000   3.06000E+000
   1.23987E-002   3.06000E+000   3.06000E+000
   1.24301E-002   3.06000E+000   3.06000E+000
   1.24615E-002   3.06000E+000   3.06000E+000
   1.24929E-002   3.06000E+000   3.06000E+000
   1.25243E-002   3.06000E+000   3.06000E+000
   1.25557E-002   3.06000E+000   3.06000E+000
   1.25871E-002   3.06000E+000   3.24000E+000
   1.26185E-002   3.06000E+000   3.24000E+000
   1.26498E-002   3.06000E+000   3.24000E+000
   1.26812E-002   3.06000E+000   3.24000E+000
   1.27126E-002   3.06000E+000   3.24000E+000
   1.27440E-002   3.06000E+000   3.24000E+000
   1.27754E-002   3.06000E+000   3.24000E+000
   1.28068E-002   3.06000E+000   3.24000E+000
   1.28382E-002   3.06000E+000   3.24000E+000
   1.28696E-002   3.06000E+000   3.24000E+000
   1.29010E-002   3.06000E+000   3.24000E+000
   1.29323E-002   3.06000E+000   3.24000E+000
   1.29637E-002   3.24000E+000   3.24000E+000
   1.29951E-002   3.24000E+000   3.24000E+000
   1.30265E-002   3.24000E+000   3.24000E+000
   1.30579E-002   3.24000E+000   3.24000E+000
   1.30893E-002   3.24000E+000   3.24000E+000
   1.31207E-002   3.24000E+000   3.24000E+000
   1.31521E-002   3.24000E+000   3.24000E+000
   1.31835E-002   3.24000E+000   3.24000E+000
   1.32148E-002   3.24000E+000   3.24000E+000
   1.32462E-002   3.24000E+000   3.24000E+000
   1.32776E-002   3.24000E+000   3.24000E+000
   1.33090E-002   3.24000E+000   3.24000E+000
   1.33404E-002   3.24000E+000   3.24000E+000
   1.33718E-002   3.24000E+000   3.24000E+000
   1.34032E-002   3.24000E+000   3.24000E+000
   1.34346E-002   3.24000E+000   3.24000E+000
   1.34660E-002   3.24000E+000   3.24000E+000
   1.34973E-002   3.24000E+000   3.24000E+000
   1.35287E-002   3.24000E+000   3.24000E+000
   1.35601E-002   3.24000E+000   3.24000E+000
   1.35915E-002   3.24000E+000   3.24000E+000
   1.36229E-002   3.24000E+000   3.24000E+000
   1.36543E-002   3.24000E+000   3.24000E+000
   1.36857E-002   3.24000E+000   3.24000E+000
   1.37171E-002   3.24000E+000   3.24000E+000
   1.37485E-002   3.24000E+000   3.24000E+000
   1.37798E-002   3.24000E+000   3.24000E+000
   1.38112E-002   3.24000E+000   3.24000E+000
   1.38426E-002   3.24000E+000   3.24000E+000
   1.38740E-002   3.24000E+000   3.24000E+000
   1.39054E-002   3.24000E+000   3.24000E+000
   1.39368E-002   3.24000E+000   3.24000E+000
   1.39682E-002   3.24000E+000   3.24000E+000
   1.39996E-002   3.24000E+000   3.42000E+000
   1.40310E-002   3.24000E+000   3.42000E+000
   1.40624E-002   3.24000E+000   3.42000E+000
   1.40937E-002   3.24000E+000   3.42000E+000
   1.41251E-002   3.24000E+000   3.42000E+000
   1.41565E-002   3.24000E+000   3.42000E+000
   1.41879E-002   3.24000E+000   3.42000E+000
   1.42193E-002   3.24000E+000   3.42000E+000
   1.42507E-002   3.24000E+000   3.42000E+000
   1.42821E-002   3.24000E+000   3.42000E+000
   1.43135E-002   3.24000E+000   3.42000E+000
   1.43449E-002   3.24000E+000   3.42000E+000
   1.43762E-002   3.24000E+000   3.42000E+000
   1.44076E-002   3.24000E+000   3.42000E+000
   1.44390E-002   3.24000E+000   3.42000E+000
   1.44704E-002   3.42000E+000   3.42000E+000
   1.45018E-002   3.42000E+000   3.42000E+000
   1.45332E-002   3.42000E+000   3.42000E+000
   1.45646E-002   3.42000E+000   3.42000E+000
   1.45960E-002   3.42000E+000   3.42000E+000
   1.46274E-002   3.42000E+000   3.42000E+000
   1.46587E-002   3.42000E+000   3.42000E+000
   1.46901E-002   3.42000E+000   3.42000E+000
   1.47215E-002   3.42000E+000   3.42000E+000
   1.47529E-002   3.42000E+000   3.42000E+000
   1.47843E-002   3.42000E+000   3.42000E+000
   1.48157E-002   3.42000E+000   3.42000E+000
   1.48471E-002   3.42000E+000   3.42000E+000
   1.48785E-002   3.42000E+000   3.42000E+000
   1.49099E-002   3.42000E+000   3.42000E+000
   1.49412E-002   3.42000E+000   3.42000E+000
   1.49726E-002   3.42000E+000   3.42000E+000
   1.50040E-002   3.42000E+000   3.42000E+000
   1.50354E-002   3.42000E+000   3.42000E+000
   1.50668E-002   3.42000E+000   3.42000E+000
   1.50982E-002   3.42000E+000   3.42000E+000
   1.51296E-002   3.42000E+000   3.42000E+000
   1.51610E-002   3.42000E+000   3.42000E+000
   1.51924E-002   3.42000E+000   3.42000E+000
   1.52238E-002   3.42000E+000   3.42000E+000
   1.52551E-002   3.42000E+000   3.42000E+000
   1.52865E-002   3.42000E+000   3.42000E+000
   1.53179E-002   3.42000E+000   3.42000E+000
   1.53493E-002   3.42000E+000   3.42000E+000
   1.53807E-002   3.42000E+000   3.42000E+000
   1.54121E-002   3.42000E+000   3.42000E+000
   1.54435E-002   3.42000E+000   3.42000E+000
   1.54749E-002   3.42000E+000   3.42000E+000
   1.55063E-002   3.42000E+000   3.60000E+000
   1.55376E-002   3.42000E+000   3.60000E+000
   1.55690E-002   3.42000E+000   3.60000E+000
   1.56004E-002   3.42000E+000   3.60000E+000
   1.56318E-002   3.42000E+000   3.60000E+000
   1.56632E-002   3.42000E+000   3.60000E+000
   1.56946E-002   3.42000E+000   3.60000E+000
   1.57260E-002   3.42000E+000   3.60000E+000
   1.57574E-002   3.42000E+000   3.60000E+000
   1.57888E-002   3.42000E+000   3.60000E+000
   1.58201E-002   3.42000E+000   3.60000E+000
   1.58515E-002   3.42000E+000   3.60000E+000
   1.58829E-002   3.42000E+000   3.60000E+000
   1.59143E-002   3.42000E+000   3.60000E+000
   1.59457E-002   3.42000E+000   3.60000E+000
   1.59771E-002   3.42000E+000   3.60000E+000
   1.60085E-002   3.42000E+000   3.60000E+000
   1.60399E-002   3.42000E+000   3.60000E+000
   1.60713E-002   3.60000E+000   3.60000E+000
   1.61026E-002   3.60000E+000   3.60000E+000
   1.61340E-002   3.60000E+000   3.60000E+000
   1.61654E-002   3.60000E+000   3.60000E+000
   1.61968E-002   3.60000E+000   3.60000E+000
   1.62282E-002   3.60000E+000   3.60000E+000
   1.62596E-002   3.60000E+000   3.60000E+000
   1.62910E-002   3.60000E+000   3.60000E+000
   1.63224E-002   3.60000E+000   3.60000E+000
   1.63538E-002   3.60000E+000   3.60000E+000
   1.63852E-002   3.60000E+000   3.60000E+000
   1.64165E-002   3.60000E+000   3.60000E+000
   1.64479E-002   3.60000E+000   3.60000E+000
   1.64793E-002   3.60000E+000   3.60000E+000
   1.65107E-002   3.60000E+000   3.60000E+000
   1.65421E-002   3.60000E+000   3.60000E+000
   1.65735E-002   3.60000E+000   3.60000E+000
   1.66049E-002   3.60000E+000   3.60000E+000
   1.66363E-002   3.60000E+000   3.60000E+000
   1.66677E-002   3.60000E+000   3.60000E+000
   1.66990E-002   3.60000E+000   3.60000E+000
   1.67304E-002   3.60000E+000   3.60000E+000
   1.67618E-002   3.60000E+000   3.60000E+000
   1.67932E-002   3.60000E+000   3.60000E+000
   1.68246E-002   3.60000E+000   3.60000E+000
   1.68560E-002   3.60000E+000   3.60000E+000
   1.68874E-002   3.60000E+000   3.60000E+000
   1.69188E-002   3.60000E+000   3.60000E+000
   1.69502E-002   3.60000E+000   3.60000E+000
   1.69815E-002   3.60000E+000   3.60000E+000
   1.70129E-002   3.60000E+000   3.60000E+000
   1.70443E-002   3.60000E+000   3.78000E+000
   1.70757E-002   3.60000E+000   3.78000E+000
   1.71071E-002   3.60000E+000   3.78000E+000
   1.71385E-002   3.60000E+000   3.78000E+000
   1.71699E-002   3.60000E+000   3.78000E+000
   1.72013E-002   3.60000E+000   3.78000E+000
   1.72327E-002   3.60000E+000   3.78000E+000
   1.72640E-002   3.60000E+000   3.78000E+000
   1.72954E-002   3.60000E+000   3.78000E+000
   1.73268E-002   3.60000E+000   3.78000E+000
   1.73582E-002   3.60000E+000   3.78000E+000
   1.73896E-002   3.60000E+000   3.78000E+000
   1.74210E-002   3.60000E+000   3.78000E+000
   1.74524E-002   3.60000E+000   3.78000E+000
   1.74838E-002   3.60000E+000   3.78000E+000
   1.75152E-002   3.60000E+000   3.78000E+000
   1.75466E-002   3.60000E+000   3.78000E+000
   1.75779E-002   3.60000E+000   3.78000E+000
   1.76093E-002   3.60000E+000   3.78000E+000
   1.76407E-002   3.60000E+000   3.78000E+000
   1.76721E-002   3.60000E+000   3.78000E+000
   1.77035E-002   3.60000E+000   3.78000E+000
   1.77349E-002   3.60000E+000   3.78000E+000
   1.77663E-002   3.78000E+000   3.78000E+000
   1.77977E-002   3.78000E+000   3.78000E+000
   1.78291E-002   3.78000E+000   3.78000E+000
   1.78604E-002   3.78000E+000   3.78000E+000
   1.78918E-002   3.78000E+000   3.78000E+000
   1.79232E-002   3.78000E+000   3.78000E+000
   1.79546E-002   3.78000E+000   3.78000E+000
   1.79860E-002   3.78000E+000   3.78000E+000
   1.80174E-002   3.78000E+000   3.78000E+000
   1.80488E-002   3.78000E+000   3.78000E+000
   1.80802E-002   3.78000E+000   3.78000E+000
   1.81116E-002   3.78000E+000   3.78000E+000
   1.81429E-002   3.78000E+000   3.78000E+000
   1.81743E-002   3.78000E+000   3.78000E+000
   1.82057E-002   3.78000E+000   3.78000E+000
   1.82371E-002   3.78000E+000   3.78000E+000
   1.82685E-002   3.78000E+000   3.78000E+000
   1.82999E-002   3.78000E+000   3.78000E+000
   1.83313E-002   3.78000E+000   3.78000E+000
   1.83627E-002   3.78000E+000   3.78000E+000
   1.83941E-002   3.78000E+000   3.78000E+000
   1.84254E-002   3.78000E+000   3.78000E+000
   1.84568E-002   3.78000E+000   3.78000E+000
   1.84882E-002   3.78000E+000   3.78000E+000
   1.85196E-002   3.78000E+000   3.78000E+000
   1.85510E-002   3.78000E+000   3.78000E+000
   1.85824E-002   3.78000E+000   3.78000E+000
   1.86138E-002   3.78000E+000   3.78000E+000
   1.86452E-002   3.78000E+000   3.78000E+000
   1.86766E-002   3.78000E+000   3.96000E+000
   1.87080E-002   3.78000E+000   3.96000E+000
   1.87393E-002   3.78000E+000   3.96000E+000
   1.87707E-002   3.78000E+000   3.96000E+000
   1.88021E-002   3.78000E+000   3.96000E+000
   1.88335E-002   3.78000E+000   3.96000E+000
   1.88649E-002   3.78000E+000   3.96000E+000
   1.88963E-002   3.78000E+000   3.96000E+000
   1.89277E-002   3.78000E+000   3.96000E+000
   1.89591E-002   3.78000E+000   3.96000E+000
   1.89905E-002   3.78000E+000   3.96000E+000
   1.90218E-002   3.78000E+000   3.96000E+000
   1.90532E-002   3.78000E+000   3.96000E+000
   1.90846E-002   3.78000E+000   3.96000E+000
   1.91160E-002   3.78000E+000   3.96000E+000
   1.91474E-002   3.78000E+000   3.96000E+000
   1.91788E-002   3.78000E+000   3.96000E+000
   1.92102E-002   3.78000E+000   3.96000E+000
   1.92416E-002   3.78000E+000   3.96000E+000
   1.92730E-002   3.78000E+000   3.96000E+000
   1.93043E-002   3.78000E+000   3.96000E+000
   1.93357E-002   3.78000E+000   3.96000E+000
   1.93671E-002   3.78000E+000   3.96000E+000
   1.93985E-002   3.78000E+000   3.96000E+000
   1.94299E-002   3.78000E+000   3.96000E+000
   1.94613E-002   3.78000E+000   3.96000E+000
   1.94927E-002   3.78000E+000   3.96000E+000
   1.95241E-002   3.96000E+000   3.96000E+000
   1.95555E-002   3.96000E+000   3.96000E+000
   1.95868E-002   3.96000E+000   3.96000E+000
   1.96182E-002   3.96000E+000   3.96000E+000
   1.96496E-002   3.96000E+000   3.96000E+000
   1.96810E-002   3.96000E+000   3.96000E+000
   1.97124E-002   3.96000E+000   3.96000E+000
   1.97438E-002   3.96000E+000   3.96000E+000
   1.97752E-002   3.96000E+000   3.96000E+000
   1.98066E-002   3.96000E+000   3.96000E+000
   1.98380E-002   3.96000E+000   3.96000E+000
   1.98694E-002   3.96000E+000   3.96000E+000
   1.99007E-002   3.96000E+000   3.96000E+000
   1.99321E-002   3.96000E+000   3.96000E+000
   1.99635E-002   3.96000E+000   3.96000E+000
   1.99949E-002   3.96000E+000   3.96000E+000
   2.00263E-002   3.96000E+000   3.96000E+000
   2.00577E-002   3.96000E+000   3.96000E+000
   2.00891E-002   3.96000E+000   3.96000E+000
   2.01205E-002   3.96000E+000   3.96000E+000
   2.01519E-002   3.96000E+000   3.96000E+000
   2.01832E-002   3.96000E+000   3.96000E+000
   2.02146E-002   3.96000E+000   3.96000E+000
   2.02460E-002   3.96000E+000   3.96000E+000
   2.02774E-002   3.96000E+000   3.96000E+000
   2.03088E-002   3.96000E+000   3.96000E+000
   2.03402E-002   3.96000E+000   3.96000E+000
   2.03716E-002   3.96000E+000   4.14000E+000
   2.04030E-002   3.96000E+000   4.14000E+000
   2.04344E-002   3.96000E+000   4.14000E+000
   2.04657E-002   3.96000E+000   4.14000E+000
   2.04971E-002   3.96000E+000   4.14000E+000
   2.05285E-002   3.96000E+000   4.14000E+000
   2.05599E-002   3.96000E+000   4.14000E+000
   2.05913E-002   3.96000E+000   4.14000E+000
   2.06227E-002   3.96000E+000   4.14000E+000
   2.06541E-002   3.96000E+000   4.14000E+000
   2.06855E-002   3.96000E+000   4.14000E+000
   2.07169E-002   3.96000E+000   4.14000E+000
   2.07482E-002   3.96000E+000   4.14000E+000
   2.07796E-002   3.96000E+000   4.14000E+000
   2.08110E-002   3.96000E+000   4.14000E+000
   2.08424E-002   3.96000E+000   4.14000E+000
   2.08738E-002   3.96000E+000   4.14000E+000
   2.09052E-002   3.96000E+000   4.14000E+000
   2.09366E-002   3.96000E+000   4.14000E+000
   2.09680E-002   3.96000E+000   4.14000E+000
   2.09994E-002   3.96000E+000   4.14000E+000
   2.10308E-002   3.96000E+000   4.14000E+000
   2.10621E-002   3.96000E+000   4.14000E+000
   2.10935E-002   3.96000E+000   4.14000E+000
   2.11249E-002   3.96000E+000   4.14000E+000
   2.11563E-002   3.96000E+000   4.14000E+000
   2.11877E-002   3.96000E+000   4.14000E+000
   2.12191E-002   3.96000E+000   4.14000E+000
   2.12505E-002   3.96000E+000   4.14000E+000
   2.12819E-002   3.96000E+000   4.14000E+000
   2.13133E-002   3.96000E+000   4.14000E+000
   2.13446E-002   4.14000E+000   4.14000E+000
   2.13760E-002   4.14000E+000   4.14000E+000
   2.14074E-002   4.14000E+000   4.14000E+000
   2.14388E-002   4.14000E+000   4.14000E+000
   2.14702E-002   4.14000E+000   4.14000E+000
   2.15016E-002   4.14000E+000   4.14000E+000
   2.15330E-002   4.14000E+000   4.14000E+000
   2.15644E-002   4.14000E+000   4.14000E+000
   2.15958E-002   4.14000E+000   4.14000E+000
   2.16271E-002   4.14000E+000   4.14000E+000
   2.16585E-002   4.14000E+000   4.14000E+000
   2.16899E-002   4.14000E+000   4.14000E+000
   2.17213E-002   4.14000E+000   4.14000E+000
   2.17527E-002   4.14000E+000   4.14000E+000
   2.17841E-002   4.14000E+000   4.14000E+000
   2.18155E-002   4.14000E+000   4.14000E+000
   2.18469E-002   4.14000E+000   4.14000E+000
   2.18783E-002   4.14000E+000   4.14000E+000
   2.19096E-002   4.14000E+000   4.14000E+000
   2.19410E-002   4.14000E+000   4.14000E+000
   2.19724E-002   4.14000E+000   4.14000E+000
   2.20038E-002   4.14000E+000   4.14000E+000
   2.20352E-002   4.14000E+000   4.14000E+000
   2.20666E-002   4.14000E+000   4.14000E+000
   2.20980E-002   4.14000E+000   4.14000E+000
   2.21294E-002   4.14000E+000   4.32000E+000
   2.21608E-002   4.14000E+000   4.32000E+000
   2.21921E-002   4.14000E+000   4.32000E+000
   2.22235E-002   4.14000E+000   4.32000E+000
   2.22549E-002   4.14000E+000   4.32000E+000
   2.22863E-002   4.14000E+000   4.32000E+000
   2.23177E-002   4.14000E+000   4.32000E+000
   2.23491E-002   4.14000E+000   4.32000E+000
   2.23805E-002   4.14000E+000   4.32000E+000
   2.24119E-002   4.14000E+000   4.32000E+000
   2.24433E-002   4.14000E+000   4.32000E+000
   2.24747E-002   4.14000E+000   4.32000E+000
   2.25060E-002   4.14000E+000   4.32000E+000
   2.25374E-002   4.14000E+000   4.32000E+000
   2.25688E-002   4.14000E+000   4.32000E+000
   2.26002E-002   4.14000E+000   4.32000E+000
   2.26316E-002   4.14000E+000   4.32000E+000
   2.26630E-002   4.14000E+000   4.32000E+000
   2.26944E-002   4.14000E+000   4.32000E+000
   2.27258E-002   4.14000E+000   4.32000E+000
   2.27572E-002   4.14000E+000   4.32000E+000
   2.27885E-002   4.14000E+000   4.32000E+000
   2.28199E-002   4.14000E+000   4.32000E+000
   2.28513E-002   4.14000E+000   4.32000E+000
   2.28827E-002   4.14000E+000   4.32000E+000
   2.29141E-002   4.14000E+000   4.32000E+000
   2.29455E-002   4.14000E+000   4.32000E+000
   2.29769E-002   4.14000E+000   4.32000E+000
   2.30083E-002   4.14000E+000   4.32000E+000
   2.30397E-002   4.14000E+000   4.32000E+000
   2.30710E-002   4.14000E+000   4.32000E+000
   2.31024E-002   4.14000E+000   4.32000E+000
   2.31338E-002   4.14000E+000   4.32000E+000
   2.31652E-002   4.14000E+000   4.32000E+000
   2.31966E-002   4.14000E+000   4.32000E+000
   2.32280E-002   4.14000E+000   4.32000E+000
   2.32594E-002   4.14000E+000   4.32000E+000
   2.32908E-002   4.32000E+000   4.32000E+000
   2.33222E-002   4.32000E+000   4.32000E+000
   2.33535E-002   4.32000E+000   4.32000E+000
   2.33849E-002   4.32000E+000   4.32000E+000
   2.34163E-002   4.32000E+000   4.32000E+000
   2.34477E-002   4.32000E+000   4.32000E+000
   2.34791E-002   4.32000E+000   4.32000E+000
   2.35105E-002   4.32000E+000   4.32000E+000
   2.35419E-002   4.32000E+000   4.32000E+000
   2.35733E-002   4.32000E+000   4.32000E+000
   2.36047E-002   4.32000E+000   4.32000E+000
   2.36361E-002   4.32000E+000   4.32000E+000
   2.36674E-002   4.32000E+000   4.32000E+000
   2.36988E-002   4.32000E+000   4.32000E+000
   2.37302E-002   4.32000E+000   4.32000E+000
   2.37616E-002   4.32000E+000   4.32000E+000
   2.37930E-002   4.32000E+000   4.32000E+000
   2.38244E-002   4.32000E+000   4.32000E+000
   2.38558E-002   4.32000E+000   4.32000E+000
   2.38872E-002   4.32000E+000   4.32000E+000
   2.39186E-002   4.32000E+000   4.32000E+000
   2.39499E-002   4.32000E+000   4.50000E+000
   2.39813E-002   4.32000E+000   4.50000E+000
   2.40127E-002   4.32000E+000   4.50000E+000
   2.40441E-002   4.32000E+000   4.50000E+000
   2.40755E-002   4.32000E+000   4.50000E+000
   2.41069E-002   4.32000E+000   4.50000E+000
   2.41383E-002   4.32000E+000   4.50000E+000
   2.41697E-002   4.32000E+000   4.50000E+000
   2.42011E-002   4.32000E+000   4.50000E+000
   2.42324E-002   4.32000E+000   4.50000E+000
   2.42638E-002   4.32000E+000   4.50000E+000
   2.42952E-002   4.32000E+000   4.50000E+000
   2.43266E-002   4.32000E+000   4.50000E+000
   2.43580E-002   4.32000E+000   4.50000E+000
   2.43894E-002   4.32000E+000   4.50000E+000
   2.44208E-002   4.32000E+000   4.50000E+000
   2.44522E-002   4.32000E+000   4.50000E+000
   2.44836E-002   4.32000E+000   4.50000E+000
   2.45149E-002   4.32000E+000   4.50000E+000
   2.45463E-002   4.32000E+000   4.50000E+000
   2.45777E-002   4.32000E+000   4.50000E+000
   2.46091E-002   4.32000E+000   4.50000E+000
   2.46405E-002   4.32000E+000   4.50000E+000
   2.46719E-002   4.32000E+000   4.50000E+000
   2.47033E-002   4.32000E+000   4.50000E+000
   2.47347E-002   4.32000E+000   4.50000E+000
   2.47661E-002   4.32000E+000   4.50000E+000
   2.47975E-002   4.32000E+000   4.50000E+000
   2.48288E-002   4.32000E+000   4.50000E+000
   2.48602E-002   4.32000E+000   4.50000E+000
   2.48916E-002   4.32000E+000   4.50000E+000
   2.49230E-002   4.32000E+000   4.50000E+000
   2.49544E-002   4.32000E+000   4.50000E+000
   2.49858E-002   4.32000E+000   4.50000E+000
   2.50172E-002   4.32000E+000   4.50000E+000
   2.50486E-002   4.32000E+000   4.50000E+000
   2.50800E-002   4.32000E+000   4.50000E+000
   2.51113E-002   4.32000E+000   4.50000E+000
   2.51427E-002   4.32000E+000   4.50000E+000
   2.51741E-002   4.32000E+000   4.50000E+000
   2.52055E-002   4.32000E+000   4.50000E+000
   2.52369E-002   4.32000E+000   4.50000E+000
   2.52683E-002   4.32000E+000   4.50000E+000
   2.52997E-002   4.50000E+000   4.50000E+000
   2.53311E-002   4.50000E+000   4.50000E+000
   2.53625E-002   4.50000E+000   4.50000E+000
   2.53938E-002   4.50000E+000   4.50000E+000
   2.54252E-002   4.50000E+000   4.50000E+000
   2.54566E-002   4.50000E+000   4.50000E+000
   2.54880E-002   4.50000E+000   4.50000E+000
   2.55194E-002   4.50000E+000   4.50000E+000
   2.55508E-002   4.50000E+000   4.50000E+000
   2.55822E-002   4.50000E+000   4.50000E+000
   2.56136E-002   4.50000E+000   4.50000E+000
   2.56450E-002   4.50000E+000   4.50000E+000
   2.56763E-002   4.50000E+000   4.50000E+000
   2.57077E-002   4.50000E+000   4.50000E+000
   2.57391E-002   4.50000E+000   4.50000E+000
   2.57705E-002   4.50000E+000   4.50000E+000
   2.58019E-002   4.50000E+000   4.50000E+000
   2.58333E-002   4.50000E+000   4.50000E+000
   2.58647E-002   4.50000E+000   4.68000E+000
   2.58961E-002   4.50000E+000   4.68000E+000
   2.59275E-002   4.50000E+000   4.68000E+000
   2.59589E-002   4.50000E+000   4.68000E+000
   2.59902E-002   4.50000E+000   4.68000E+000
   2.60216E-002   4.50000E+000   4.68000E+000
   2.60530E-002   4.50000E+000   4.68000E+000
   2.60844E-002   4.50000E+000   4.68000E+000
   2.61158E-002   4.50000E+000   4.68000E+000
   2.61472E-002   4.50000E+000   4.68000E+000
   2.61786E-002   4.50000E+000   4.68000E+000
   2.62100E-002   4.50000E+000   4.68000E+000
   2.62414E-002   4.50000E+000   4.68000E+000
   2.62727E-002   4.50000E+000   4.68000E+000
   2.63041E-002   4.50000E+000   4.68000E+000
   2.63355E-002   4.50000E+000   4.68000E+000
   2.63669E-002   4.50000E+000   4.68000E+000
   2.63983E-002   4.50000E+000   4.68000E+000
   2.64297E-002   4.50000E+000   4.68000E+000
   2.64611E-002   4.50000E+000   4.68000E+000
   2.64925E-002   4.50000E+000   4.68000E+000
   2.65239E-002   4.50000E+000   4.68000E+000
   2.65552E-002   4.50000E+000   4.68000E+000
   2.65866E-002   4.50000E+000   4.68000E+000
   2.66180E-002   4.50000E+000   4.68000E+000
   2.66494E-002   4.50000E+000   4.68000E+000
   2.66808E-002   4.50000E+000   4.68000E+000
   2.67122E-002   4.50000E+000   4.68000E+000
   2.67436E-002   4.50000E+000   4.68000E+000
   2.67750E-002   4.50000E+000   4.68000E+000
   2.68064E-002   4.50000E+000   4.68000E+000
   2.68377E-002   4.50000E+000   4.68000E+000
   2.68691E-002   4.50000E+000   4.68000E+000
   2.69005E-002   4.50000E+000   4.68000E+000
   2.69319E-002   4.50000E+000   4.68000E+000
   2.69633E-002   4.50000E+000   4.68000E+000
   2.69947E-002   4.50000E+000   4.68000E+000
   2.70261E-002   4.50000E+000   4.68000E+000
   2.70575E-002   4.50000E+000   4.68000E+000
   2.70889E-002   4.50000E+000   4.68000E+000
   2.71203E-002   4.50000E+000   4.68000E+000
   2.71516E-002   4.50000E+000   4.68000E+000
   2.71830E-002   4.50000E+000   4.68000E+000
   2.72144E-002   4.50000E+000   4.68000E+000
   2.72458E-002   4.50000E+000   4.68000E+000
   2.72772E-002   4.50000E+000   4.68000E+000
   2.73086E-002   4.50000E+000   4.68000E+000
   2.73400E-002   4.50000E+000   4.68000E+000
   2.73714E-002   4.50000E+000   4.68000E+000
   2.74028E-002   4.68000E+000   4.68000E+000
   2.74341E-002   4.68000E+000   4.68000E+000
   2.74655E-002   4.68000E+000   4.68000E+000
   2.74969E-002   4.68000E+000   4.68000E+000
   2.75283E-002   4.68000E+000   4.68000E+000
   2.75597E-002   4.68000E+000   4.68000E+000
   2.75911E-002   4.68000E+000   4.68000E+000
   2.76225E-002   4.68000E+000   4.68000E+000
   2.76539E-002   4.68000E+000   4.68000E+000
   2.76853E-002   4.68000E+000   4.68000E+000
   2.77166E-002   4.68000E+000   4.68000E+000
   2.77480E-002   4.68000E+000   4.68000E+000
   2.77794E-002   4.68000E+000   4.68000E+000
   2.78108E-002   4.68000E+000   4.68000E+000
   2.78422E-002   4.68000E+000   4.86000E+000
   2.78736E-002   4.68000E+000   4.86000E+000
   2.79050E-002   4.68000E+000   4.86000E+000
   2.79364E-002   4.68000E+000   4.86000E+000
   2.79678E-002   4.68000E+000   4.86000E+000
   2.79991E-002   4.68000E+000   4.86000E+000
   2.80305E-002   4.68000E+000   4.86000E+000
   2.80619E-002   4.68000E+000   4.86000E+000
   2.80933E-002   4.68000E+000   4.86000E+000
   2.81247E-002   4.68000E+000   4.86000E+000
   2.81561E-002   4.68000E+000   4.86000E+000
   2.81875E-002   4.68000E+000   4.86000E+000
   2.82189E-002   4.68000E+000   4.86000E+000
   2.82503E-002   4.68000E+000   4.86000E+000
   2.82817E-002   4.68000E+000   4.86000E+000
   2.83130E-002   4.68000E+000   4.86000E+000
   2.83444E-002   4.68000E+000   4.86000E+000
   2.83758E-002   4.68000E+000   4.86000E+000
   2.84072E-002   4.68000E+000   4.86000E+000
   2.84386E-002   4.68000E+000   4.86000E+000
   2.84700E-002   4.68000E+000   4.86000E+000
   2.85014E-002   4.68000E+000   4.86000E+000
   2.85328E-002   4.68000E+000   4.86000E+000
   2.85642E-002   4.68000E+000   4.86000E+000
   2.85955E-002   4.68000E+000   4.86000E+000
   2.86269E-002   4.68000E+000   4.86000E+000
   2.86583E-002   4.68000E+000   4.86000E+000
   2.86897E-002   4.68000E+000   4.86000E+000
   2.87211E-002   4.68000E+000   4.86000E+000
   2.87525E-002   4.68000E+000   4.86000E+000
   2.87839E-002   4.68000E+000   4.86000E+000
   2.88153E-002   4.68000E+000   4.86000E+000
   2.88467E-002   4.68000E+000   4.86000E+000
   2.88780E-002   4.68000E+000   4.86000E+000
   2.89094E-002   4.68000E+000   4.86000E+000
   2.89408E-002   4.68000E+000   4.86000E+000
   2.89722E-002   4.68000E+000   4.86000E+000
   2.90036E-002   4.68000E+000   4.86000E+000
   2.90350E-002   4.68000E+000   4.86000E+000
   2.90664E-002   4.68000E+000   4.86000E+000
   2.90978E-002   4.68000E+000   4.86000E+000
   2.91292E-002   4.68000E+000   4.86000E+000
   2.91605E-002   4.68000E+000   4.86000E+000
   2.91919E-002   4.68000E+000   4.86000E+000
   2.92233E-002   4.68000E+000   4.86000E+000
   2.92547E-002   4.68000E+000   4.86000E+000
   2.92861E-002   4.68000E+000   4.86000E+000
   2.93175E-002   4.68000E+000   4.86000E+000
   2.93489E-002   4.68000E+000   4.86000E+000
   2.93803E-002   4.68000E+000   4.86000E+000
   2.94117E-002   4.68000E+000   4.86000E+000
   2.94431E-002   4.68000E+000   4.86000E+000
   2.94744E-002   4.68000E+000   4.86000E+000
   2.95058E-002   4.68000E+000   4.86000E+000
   2.95372E-002   4.68000E+000   4.86000E+000
   2.95686E-002   4.68000E+000   4.86000E+000
   2.96000E-002   4.86000E+000   4.86000E+000
   2.96314E-002   4.86000E+000   4.86000E+000
   2.96628E-002   4.86000E+000   4.86000E+000
   2.96942E-002   4.86000E+000   4.86000E+000
   2.97256E-002   4.86000E+000   4.86000E+000
   2.97569E-002   4.86000E+000   4.86000E+000
   2.97883E-002   4.86000E+000   4.86000E+000
   2.98197E-002   4.86000E+000   4.86000E+000
   2.98511E-002   4.86000E+000   4.86000E+000
   2.98825E-002   4.86000E+000   5.04000E+000
   2.99139E-002   4.86000E+000   5.04000E+000
   2.99453E-002   4.86000E+000   5.04000E+000
   2.99767E-002   4.86000E+000   5.04000E+000
   3.00081E-002   4.86000E+000   5.04000E+000
   3.00394E-002   4.86000E+000   5.04000E+000
   3.00708E-002   4.86000E+000   5.04000E+000
   3.01022E-002   4.86000E+000   5.04000E+000
   3.01336E-002   4.86000E+000   5.04000E+000
   3.01650E-002   4.86000E+000   5.04000E+000
   3.01964E-002   4.86000E+000   5.04000E+000
   3.02278E-002   4.86000E+000   5.04000E+000
   3.02592E-002   4.86000E+000   5.04000E+000
   3.02906E-002   4.86000E+000   5.04000E+000
   3.03219E-002   4.86000E+000   5.04000E+000
   3.03533E-002   4.86000E+000   5.04000E+000
   3.03847E-002   4.86000E+000   5.04000E+000
   3.04161E-002   4.86000E+000   5.04000E+000
   3.04475E-002   4.86000E+000   5.04000E+000
   3.04789E-002   4.86000E+000   5.04000E+000
   3.05103E-002   4.86000E+000   5.04000E+000
   3.05417E-002   4.86000E+000   5.04000E+000
   3.05731E-002   4.86000E+000   5.04000E+000
   3.06044E-002   4.86000E+000   5.04000E+000
   3.06358E-002   4.86000E+000   5.04000E+000
   3.06672E-002   4.86000E+000   5.04000E+000
   3.06986E-002   4.86000E+000   5.04000E+000
   3.07300E-002   4.86000E+000   5.04000E+000
   3.07614E-002   4.86000E+000   5.04000E+000
   3.07928E-002   4.86000E+000   5.04000E+000
   3.08242E-002   4.86000E+000   5.04000E+000
   3.08556E-002   4.86000E+000   5.04000E+000
   3.08870E-002   4.86000E+000   5.04000E+000
   3.09183E-002   4.86000E+000   5.04000E+000
   3.09497E-002   4.86000E+000   5.04000E+000
   3.09811E-002   4.86000E+000   5.04000E+000
   3.10125E-002   4.86000E+000   5.04000E+000
   3.10439E-002   4.86000E+000   5.04000E+000
   3.10753E-002   4.86000E+000   5.04000E+000
   3.11067E-002   4.86000E+000   5.04000E+000
   3.11381E-002   4.86000E+000   5.04000E+000
   3.11695E-002   4.86000E+000   5.04000E+000
   3.12008E-002   4.86000E+000   5.04000E+000
   3.12322E-002   4.86000E+000   5.04000E+000
   3.12636E-002   4.86000E+000   5.04000E+000
   3.12950E-002   4.86000E+000   5.04000E+000
   3.13264E-002   4.86000E+000   5.04000E+000
   3.13578E-002   4.86000E+000   5.04000E+000
   3.13892E-002   4.86000E+000   5.04000E+000
   3.14206E-002   4.86000E+000   5.04000E+000
   3.14520E-002   4.86000E+000   5.04000E+000
   3.14833E-002   4.86000E+000   5.04000E+000
   3.15147E-002   4.86000E+000   5.04000E+000
   3.15461E-002   4.86000E+000   5.04000E+000
   3.15775E-002   4.86000E+000   5.04000E+000
   3.16089E-002   4.86000E+000   5.04000E+000
   3.16403E-002   4.86000E+000   5.04000E+000
   3.16717E-002   4.86000E+000   5.04000E+000
   3.17031E-002   4.86000E+000   5.04000E+000
   3.17345E-002   4.86000E+000   5.04000E+000
   3.17658E-002   4.86000E+000   5.04000E+000
   3.17972E-002   4.86000E+000   5.04000E+000
   3.18286E-002   4.86000E+000   5.04000E+000
   3.18600E-002   4.86000E+000   5.04000E+000
   3.18914E-002   5.04000E+000   5.04000E+000
   3.19228E-002   5.04000E+000   5.04000E+000
   3.19542E-002   5.04000E+000   5.04000E+000
   3.19856E-002   5.04000E+000   5.04000E+000
   3.20170E-002   5.04000E+000   5.22000E+000
   3.20484E-002   5.04000E+000   5.22000E+000
   3.20797E-002   5.04000E+000   5.22000E+000
   3.21111E-002   5.04000E+000   5.22000E+000
   3.21425E-002   5.04000E+000   5.22000E+000
   3.21739E-002   5.04000E+000   5.22000E+000
   3.22053E-002   5.04000E+000   5.22000E+000
   3.22367E-002   5.04000E+000   5.22000E+000
   3.22681E-002   5.04000E+000   5.22000E+000
   3.22995E-002   5.04000E+000   5.22000E+000
   3.23309E-002   5.04000E+000   5.22000E+000
   3.23622E-002   5.04000E+000   5.22000E+000
   3.23936E-002   5.04000E+000   5.22000E+000
   3.24250E-002   5.04000E+000   5.22000E+000
   3.24564E-002   5.04000E+000   5.22000E+000
   3.24878E-002   5.04000E+000   5.22000E+000
   3.25192E-002   5.04000E+000   5.22000E+000
   3.25506E-002   5.04000E+000   5.22000E+000
   3.25820E-002   5.04000E+000   5.22000E+000
   3.26134E-002   5.04000E+000   5.22000E+000
   3.26447E-002   5.04000E+000   5.22000E+000
   3.26761E-002   5.04000E+000   5.22000E+000
   3.27075E-002   5.04000E+000   5.22000E+000
   3.27389E-002   5.04000E+000   5.22000E+000
   3.27703E-002   5.04000E+000   5.22000E+000
   3.28017E-002   5.04000E+000   5.22000E+000
   3.28331E-002   5.04000E+000   5.22000E+000
   3.28645E-002   5.04000E+000   5.22000E+000
   3.28959E-002   5.04000E+000   5.22000E+000
   3.29272E-002   5.04000E+000   5.22000E+000
   3.29586E-002   5.04000E+000   5.22000E+000
   3.29900E-002   5.04000E+000   5.22000E+000
   3.30214E-002   5.04000E+000   5.22000E+000
   3.30528E-002   5.04000E+000   5.22000E+000
   3.30842E-002   5.04000E+000   5.22000E+000
   3.31156E-002   5.04000E+000   5.22000E+000
   3.31470E-002   5.04000E+000   5.22000E+000
   3.31784E-002   5.04000E+000   5.22000E+000
   3.32098E-002   5.04000E+000   5.22000E+000
   3.32411E-002   5.04000E+000   5.22000E+000
   3.32725E-002   5.04000E+000   5.22000E+000
   3.33039E-002   5.04000E+000   5.22000E+000
   3.33353E-002   5.04000E+000   5.22000E+000
   3.33667E-002   5.04000E+000   5.22000E+000
   3.33981E-002   5.04000E+000   5.22000E+000
   3.34295E-002   5.04000E+000   5.22000E+000
   3.34609E-002   5.04000E+000   5.22000E+000
   3.34923E-002   5.04000E+000   5.22000E+000
   3.35236E-002   5.04000E+000   5.22000E+000
   3.35550E-002   5.04000E+000   5.22000E+000
   3.35864E-002   5.04000E+000   5.22000E+000
   3.36178E-002   5.04000E+000   5.22000E+000
   3.36492E-002   5.04000E+000   5.22000E+000
   3.36806E-002   5.04000E+000   5.22000E+000
   3.37120E-002   5.04000E+000   5.22000E+000
   3.37434E-002   5.04000E+000   5.22000E+000
   3.37748E-002   5.04000E+000   5.22000E+000
   3.38061E-002   5.04000E+000   5.22000E+000
   3.38375E-002   5.04000E+000   5.22000E+000
   3.38689E-002   5.04000E+000   5.22000E+000
   3.39003E-002   5.04000E+000   5.22000E+000
   3.39317E-002   5.04000E+000   5.22000E+000
   3.39631E-002   5.04000E+000   5.22000E+000
   3.39945E-002   5.04000E+000   5.22000E+000
   3.40259E-002   5.04000E+000   5.22000E+000
   3.40573E-002   5.04000E+000   5.22000E+000
   3.40886E-002   5.04000E+000   5.22000E+000
   3.41200E-002   5.04000E+000   5.22000E+000
   3.41514E-002   5.04000E+000   5.22000E+000
   3.41828E-002   5.04000E+000   5.22000E+000
   3.42142E-002   5.04000E+000   5.40000E+000
   3.42456E-002   5.04000E+000   5.40000E+000
   3.42770E-002   5.22000E+000   5.40000E+000
   3.43084E-002   5.22000E+000   5.40000E+000
   3.43398E-002   5.22000E+000   5.40000E+000
   3.43712E-002   5.22000E+000   5.40000E+000
   3.44025E-002   5.22000E+000   5.40000E+000
   3.44339E-002   5.22000E+000   5.40000E+000
   3.44653E-002   5.22000E+000   5.40000E+000
   3.44967E-002   5.22000E+000   5.40000E+000
   3.45281E-002   5.22000E+000   5.40000E+000
   3.45595E-002   5.22000E+000   5.40000E+000
   3.45909E-002   5.22000E+000   5.40000E+000
   3.46223E-002   5.22000E+000   5.40000E+000
   3.46537E-002   5.22000E+000   5.40000E+000
   3.46850E-002   5.22000E+000   5.40000E+000
   3.47164E-002   5.22000E+000   5.40000E+000
   3.47478E-002   5.22000E+000   5.40000E+000
   3.47792E-002   5.22000E+000   5.40000E+000
   3.48106E-002   5.22000E+000   5.40000E+000
   3.48420E-002   5.22000E+000   5.40000E+000
   3.48734E-002   5.22000E+000   5.40000E+000
   3.49048E-002   5.22000E+000   5.40000E+000
   3.49362E-002   5.22000E+000   5.40000E+000
   3.49675E-002   5.22000E+000   5.40000E+000
   3.49989E-002   5.22000E+000   5.40000E+000
   3.50303E-002   5.22000E+000   5.40000E+000
   3.50617E-002   5.22000E+000   5.40000E+000
   3.50931E-002   5.22000E+000   5.40000E+000
   3.51245E-002   5.22000E+000   5.40000E+000
   3.51559E-002   5.22000E+000   5.40000E+000
   3.51873E-002   5.22000E+000   5.40000E+000
   3.52187E-002   5.22000E+000   5.40000E+000
   3.52500E-002   5.22000E+000   5.40000E+000
   3.52814E-002   5.22000E+000   5.40000E+000
   3.53128E-002   5.22000E+000   5.40000E+000
   3.53442E-002   5.22000E+000   5.40000E+000
   3.53756E-002   5.22000E+000   5.40000E+000
   3.54070E-002   5.22000E+000   5.40000E+000
   3.54384E-002   5.22000E+000   5.40000E+000
   3.54698E-002   5.22000E+000   5.40000E+000
   3.55012E-002   5.22000E+000   5.40000E+000
   3.55326E-002   5.22000E+000   5.40000E+000
   3.55639E-002   5.22000E+000   5.40000E+000
   3.55953E-002   5.22000E+000   5.40000E+000
   3.56267E-002   5.22000E+000   5.40000E+000
   3.56581E-002   5.22000E+000   5.40000E+000
   3.56895E-002   5.22000E+000   5.40000E+000
   3.57209E-002   5.22000E+000   5.40000E+000
   3.57523E-002   5.22000E+000   5.40000E+000
   3.57837E-002   5.22000E+000   5.40000E+000
   3.58151E-002   5.22000E+000   5.40000E+000
   3.58464E-002   5.22000E+000   5.40000E+000
   3.58778E-002   5.22000E+000   5.40000E+000
   3.59092E-002   5.22000E+000   5.40000E+000
   3.59406E-002   5.22000E+000   5.40000E+000
   3.59720E-002   5.22000E+000   5.40000E+000
   3.60034E-002   5.22000E+000   5.40000E+000
   3.60348E-002   5.22000E+000   5.40000E+000
   3.60662E-002   5.22000E+000   5.40000E+000
   3.60976E-002   5.22000E+000   5.40000E+000
   3.61289E-002   5.22000E+000   5.40000E+000
   3.61603E-002   5.22000E+000   5.40000E+000
   3.61917E-002   5.22000E+000   5.40000E+000
   3.62231E-002   5.22000E+000   5.40000E+000
   3.62545E-002   5.22000E+000   5.40000E+000
   3.62859E-002   5.22000E+000   5.40000E+000
   3.63173E-002   5.22000E+000   5.40000E+000
   3.63487E-002   5.22000E+000   5.40000E+000
   3.63801E-002   5.22000E+000   5.40000E+000
   3.64114E-002   5.22000E+000   5.40000E+000
   3.64428E-002   5.22000E+000   5.40000E+000
   3.64742E-002   5.22000E+000   5.58000E+000
   3.65056E-002   5.22000E+000   5.58000E+000
   3.65370E-002   5.22000E+000   5.58000E+000
   3.65684E-002   5.22000E+000   5.58000E+000
   3.65998E-002   5.22000E+000   5.58000E+000
   3.66312E-002   5.22000E+000   5.58000E+000
   3.66626E-002   5.22000E+000   5.58000E+000
   3.66940E-002   5.22000E+000   5.58000E+000
   3.67253E-002   5.22000E+000   5.58000E+000
   3.67567E-002   5.40000E+000   5.58000E+000
   3.67881E-002   5.40000E+000   5.58000E+000
   3.68195E-002   5.40000E+000   5.58000E+000
   3.68509E-002   5.40000E+000   5.58000E+000
   3.68823E-002   5.40000E+000   5.58000E+000
   3.69137E-002   5.40000E+000   5.58000E+000
   3.69451E-002   5.40000E+000   5.58000E+000
   3.69765E-002   5.40000E+000   5.58000E+000
   3.70078E-002   5.40000E+000   5.58000E+000
   3.70392E-002   5.40000E+000   5.58000E+000
   3.70706E-002   5.40000E+000   5.58000E+000
   3.71020E-002   5.40000E+000   5.58000E+000
   3.71334E-002   5.40000E+000   5.58000E+000
   3.71648E-002   5.40000E+000   5.58000E+000
   3.71962E-002   5.40000E+000   5.58000E+000
   3.72276E-002   5.40000E+000   5.58000E+000
   3.72590E-002   5.40000E+000   5.58000E+000
   3.72903E-002   5.40000E+000   5.58000E+000
   3.73217E-002   5.40000E+000   5.58000E+000
   3.73531E-002   5.40000E+000   5.58000E+000
   3.73845E-002   5.40000E+000   5.58000E+000
   3.74159E-002   5.40000E+000   5.58000E+000
   3.74473E-002   5.40000E+000   5.58000E+000
   3.74787E-002   5.40000E+000   5.58000E+000
   3.75101E-002   5.40000E+000   5.58000E+000
   3.75415E-002   5.40000E+000   5.58000E+000
   3.75728E-002   5.40000E+000   5.58000E+000
   3.76042E-002   5.40000E+000   5.58000E+000
   3.76356E-002   5.40000E+000   5.58000E+000
   3.76670E-002   5.40000E+000   5.58000E+000
   3.76984E-002   5.40000E+000   5.58000E+000
   3.77298E-002   5.40000E+000   5.58000E+000
   3.77612E-002   5.40000E+000   5.58000E+000
   3.77926E-002   5.40000E+000   5.58000E+000
   3.78240E-002   5.40000E+000   5.58000E+000
   3.78554E-002   5.40000E+000   5.58000E+000
   3.78867E-002   5.40000E+000   5.58000E+000
   3.79181E-002   5.40000E+000   5.58000E+000
   3.79495E-002   5.40000E+000   5.58000E+000
   3.79809E-002   5.40000E+000   5.58000E+000
   3.80123E-002   5.40000E+000   5.58000E+000
   3.80437E-002   5.40000E+000   5.58000E+000
   3.80751E-002   5.40000E+000   5.58000E+000
   3.81065E-002   5.40000E+000   5.58000E+000
   3.81379E-002   5.40000E+000   5.58000E+000
   3.81692E-002   5.40000E+000   5.58000E+000
   3.82006E-002   5.40000E+000   5.58000E+000
   3.82320E-002   5.40000E+000   5.58000E+000
   3.82634E-002   5.40000E+000   5.58000E+000
   3.82948E-002   5.40000E+000   5.58000E+000
   3.83262E-002   5.40000E+000   5.58000E+000
   3.83576E-002   5.40000E+000   5.58000E+000
   3.83890E-002   5.40000E+000   5.58000E+000
   3.84204E-002   5.40000E+000   5.58000E+000
   3.84517E-002   5.40000E+000   5.58000E+000
   3.84831E-002   5.40000E+000   5.58000E+000
   3.85145E-002   5.40000E+000   5.58000E+000
   3.85459E-002   5.40000E+000   5.58000E+000
   3.85773E-002   5.40000E+000   5.58000E+000
   3.86087E-002   5.40000E+000   5.58000E+000
   3.86401E-002   5.40000E+000   5.58000E+000
   3.86715E-002   5.40000E+000   5.58000E+000
   3.87029E-002   5.40000E+000   5.58000E+000
   3.87342E-002   5.40000E+000   5.58000E+000
   3.87656E-002   5.40000E+000   5.58000E+000
   3.87970E-002   5.40000E+000   5.58000E+000
   3.88284E-002   5.40000E+000   5.76000E+000
   3.88598E-002   5.40000E+000   5.76000E+000
   3.88912E-002   5.40000E+000   5.76000E+000
   3.89226E-002   5.40000E+000   5.76000E+000
   3.89540E-002   5.40000E+000   5.76000E+000
   3.89854E-002   5.40000E+000   5.76000E+000
   3.90167E-002   5.40000E+000   5.76000E+000
   3.90481E-002   5.40000E+000   5.76000E+000
   3.90795E-002   5.40000E+000   5.76000E+000
   3.91109E-002   5.40000E+000   5.76000E+000
   3.91423E-002   5.40000E+000   5.76000E+000
   3.91737E-002   5.40000E+000   5.76000E+000
   3.92051E-002   5.40000E+000   5.76000E+000
   3.92365E-002   5.40000E+000   5.76000E+000
   3.92679E-002   5.40000E+000   5.76000E+000
   3.92993E-002   5.40000E+000   5.76000E+000
   3.93306E-002   5.58000E+000   5.76000E+000
   3.93620E-002   5.58000E+000   5.76000E+000
   3.93934E-002   5.58000E+000   5.76000E+000
   3.94248E-002   5.58000E+000   5.76000E+000
   3.94562E-002   5.58000E+000   5.76000E+000
   3.94876E-002   5.58000E+000   5.76000E+000
   3.95190E-002   5.58000E+000   5.76000E+000
   3.95504E-002   5.58000E+000   5.76000E+000
   3.95818E-002   5.58000E+000   5.76000E+000
   3.96131E-002   5.58000E+000   5.76000E+000
   3.96445E-002   5.58000E+000   5.76000E+000
   3.96759E-002   5.58000E+000   5.76000E+000
   3.97073E-002   5.58000E+000   5.76000E+000
   3.97387E-002   5.58000E+000   5.76000E+000
   3.97701E-002   5.58000E+000   5.76000E+000
   3.98015E-002   5.58000E+000   5.76000E+000
   3.98329E-002   5.58000E+000   5.76000E+000
   3.98643E-002   5.58000E+000   5.76000E+000
   3.98956E-002   5.58000E+000   5.76000E+000
   3.99270E-002   5.58000E+000   5.76000E+000
   3.99584E-002   5.58000E+000   5.76000E+000
   3.99898E-002   5.58000E+000   5.76000E+000
   4.00212E-002   5.58000E+000   5.76000E+000
   4.00526E-002   5.58000E+000   5.76000E+000
   4.00840E-002   5.58000E+000   5.76000E+000
   4.01154E-002   5.58000E+000   5.76000E+000
   4.01468E-002   5.58000E+000   5.76000E+000
   4.01781E-002   5.58000E+000   5.76000E+000
   4.02095E-002   5.58000E+000   5.76000E+000
   4.02409E-002   5.58000E+000   5.76000E+000
   4.02723E-002   5.58000E+000   5.76000E+000
   4.03037E-002   5.58000E+000   5.76000E+000
   4.03351E-002   5.58000E+000   5.76000E+000
   4.03665E-002   5.58000E+000   5.76000E+000
   4.03979E-002   5.58000E+000   5.76000E+000
   4.04293E-002   5.58000E+000   5.76000E+000
   4.04607E-002   5.58000E+000   5.76000E+000
   4.04920E-002   5.58000E+000   5.76000E+000
   4.05234E-002   5.58000E+000   5.76000E+000
   4.05548E-002   5.58000E+000   5.76000E+000
   4.05862E-002   5.58000E+000   5.76000E+000
   4.06176E-002   5.58000E+000   5.76000E+000
   4.06490E-002   5.58000E+000   5.76000E+000
   4.06804E-002   5.58000E+000   5.76000E+000
   4.07118E-002   5.58000E+000   5.76000E+000
   4.07432E-002   5.58000E+000   5.76000E+000
   4.07745E-002   5.58000E+000   5.76000E+000
   4.08059E-002   5.58000E+000   5.76000E+000
   4.08373E-002   5.58000E+000   5.76000E+000
   4.08687E-002   5.58000E+000   5.76000E+000
   4.09001E-002   5.58000E+000   5.76000E+000
   4.09315E-002   5.58000E+000   5.76000E+000
   4.09629E-002   5.58000E+000   5.76000E+000
   4.09943E-002   5.58000E+000   5.76000E+000
   4.10257E-002   5.58000E+000   5.76000E+000
   4.10570E-002   5.58000E+000   5.76000E+000
   4.10884E-002   5.58000E+000   5.76000E+000
   4.11198E-002   5.58000E+000   5.76000E+000
   4.11512E-002   5.58000E+000   5.76000E+000
   4.11826E-002   5.58000E+000   5.76000E+000
   4.12140E-002   5.58000E+000   5.94000E+000
   4.12454E-002   5.58000E+000   5.94000E+000
   4.12768E-002   5.58000E+000   5.94000E+000
   4.13082E-002   5.58000E+000   5.94000E+000
   4.13395E-002   5.58000E+000   5.94000E+000
   4.13709E-002   5.58000E+000   5.94000E+000
   4.14023E-002   5.58000E+000   5.94000E+000
   4.14337E-002   5.58000E+000   5.94000E+000
   4.14651E-002   5.58000E+000   5.94000E+000
   4.14965E-002   5.58000E+000   5.94000E+000
   4.15279E-002   5.58000E+000   5.94000E+000
   4.15593E-002   5.58000E+000   5.94000E+000
   4.15907E-002   5.58000E+000   5.94000E+000
   4.16221E-002   5.58000E+000   5.94000E+000
   4.16534E-002   5.58000E+000   5.94000E+000
   4.16848E-002   5.58000E+000   5.94000E+000
   4.17162E-002   5.58000E+000   5.94000E+000
   4.17476E-002   5.58000E+000   5.94000E+000
   4.17790E-002   5.58000E+000   5.94000E+000
   4.18104E-002   5.58000E+000   5.94000E+000
   4.18418E-002   5.58000E+000   5.94000E+000
   4.18732E-002   5.58000E+000   5.94000E+000
   4.19046E-002   5.58000E+000   5.94000E+000
   4.19359E-002   5.58000E+000   5.94000E+000
   4.19673E-002   5.58000E+000   5.94000E+000
   4.19987E-002   5.76000E+000   5.94000E+000
   4.20301E-002   5.76000E+000   5.94000E+000
   4.20615E-002   5.76000E+000   5.94000E+000
   4.20929E-002   5.76000E+000   5.94000E+000
   4.21243E-002   5.76000E+000   5.94000E+000
   4.21557E-002   5.76000E+000   5.94000E+000
   4.21871E-002   5.76000E+000   5.94000E+000
   4.22184E-002   5.76000E+000   5.94000E+000
   4.22498E-002   5.76000E+000   5.94000E+000
   4.22812E-002   5.76000E+000   5.94000E+000
   4.23126E-002   5.76000E+000   5.94000E+000
   4.23440E-002   5.76000E+000   5.94000E+000
   4.23754E-002   5.76000E+000   5.94000E+000
   4.24068E-002   5.76000E+000   5.94000E+000
   4.24382E-002   5.76000E+000   5.94000E+000
   4.24696E-002   5.76000E+000   5.94000E+000
   4.25009E-002   5.76000E+000   5.94000E+000
   4.25323E-002   5.76000E+000   5.94000E+000
   4.25637E-002   5.76000E+000   5.94000E+000
   4.25951E-002   5.76000E+000   5.94000E+000
   4.26265E-002   5.76000E+000   5.94000E+000
   4.26579E-002   5.76000E+000   5.94000E+000
   4.26893E-002   5.76000E+000   5.94000E+000
   4.27207E-002   5.76000E+000   5.94000E+000
   4.27521E-002   5.76000E+000   5.94000E+000
   4.27835E-002   5.76000E+000   5.94000E+000
   4.28148E-002   5.76000E+000   5.94000E+000
   4.28462E-002   5.76000E+000   5.94000E+000
   4.28776E-002   5.76000E+000   5.94000E+000
   4.29090E-002   5.76000E+000   5.94000E+000
   4.29404E-002   5.76000E+000   5.94000E+000
   4.29718E-002   5.76000E+000   5.94000E+000
   4.30032E-002   5.76000E+000   5.94000E+000
   4.30346E-002   5.76000E+000   5.94000E+000
   4.30660E-002   5.76000E+000   5.94000E+000
   4.30973E-002   5.76000E+000   5.94000E+000
   4.31287E-002   5.76000E+000   5.94000E+000
   4.31601E-002   5.76000E+000   5.94000E+000
   4.31915E-002   5.76000E+000   5.94000E+000
   4.32229E-002   5.76000E+000   5.94000E+000
   4.32543E-002   5.76000E+000   5.94000E+000
   4.32857E-002   5.76000E+000   5.94000E+000
   4.33171E-002   5.76000E+000   5.94000E+000
   4.33485E-002   5.76000E+000   5.94000E+000
   4.33798E-002   5.76000E+000   5.94000E+000
   4.34112E-002   5.76000E+000   5.94000E+000
   4.34426E-002   5.76000E+000   5.94000E+000
   4.34740E-002   5.76000E+000   5.94000E+000
   4.35054E-002   5.76000E+000   5.94000E+000
   4.35368E-002   5.76000E+000   5.94000E+000
   4.35682E-002   5.76000E+000   5.94000E+000
   4.35996E-002   5.76000E+000   5.94000E+000
   4.36310E-002   5.76000E+000   5.94000E+000
   4.36623E-002   5.76000E+000   5.94000E+000
   4.36937E-002   5.76000E+000   5.94000E+000
   4.37251E-002   5.76000E+000   6.12000E+000
   4.37565E-002   5.76000E+000   6.12000E+000
   4.37879E-002   5.76000E+000   6.12000E+000
   4.38193E-002   5.76000E+000   6.12000E+000
   4.38507E-002   5.76000E+000   6.12000E+000
   4.38821E-002   5.76000E+000   6.12000E+000
   4.39135E-002   5.76000E+000   6.12000E+000
   4.39449E-002   5.76000E+000   6.12000E+000
   4.39762E-002   5.76000E+000   6.12000E+000
   4.40076E-002   5.76000E+000   6.12000E+000
   4.40390E-002   5.76000E+000   6.12000E+000
   4.40704E-002   5.76000E+000   6.12000E+000
   4.41018E-002   5.76000E+000   6.12000E+000
   4.41332E-002   5.76000E+000   6.12000E+000
   4.41646E-002   5.76000E+000   6.12000E+000
   4.41960E-002   5.76000E+000   6.12000E+000
   4.42274E-002   5.76000E+000   6.12000E+000
   4.42587E-002   5.76000E+000   6.12000E+000
   4.42901E-002   5.76000E+000   6.12000E+000
   4.43215E-002   5.76000E+000   6.12000E+000
   4.43529E-002   5.76000E+000   6.12000E+000
   4.43843E-002   5.76000E+000   6.12000E+000
   4.44157E-002   5.76000E+000   6.12000E+000
   4.44471E-002   5.76000E+000   6.12000E+000
   4.44785E-002   5.76000E+000   6.12000E+000
   4.45099E-002   5.76000E+000   6.12000E+000
   4.45412E-002   5.76000E+000   6.12000E+000
   4.45726E-002   5.76000E+000   6.12000E+000
   4.46040E-002   5.76000E+000   6.12000E+000
   4.46354E-002   5.76000E+000   6.12000E+000
   4.46668E-002   5.76000E+000   6.12000E+000
   4.46982E-002   5.76000E+000   6.12000E+000
   4.47296E-002   5.76000E+000   6.12000E+000
   4.47610E-002   5.76000E+000   6.12000E+000
   4.47924E-002   5.76000E+000   6.12000E+000
   4.48237E-002   5.94000E+000   6.12000E+000
   4.48551E-002   5.94000E+000   6.12000E+000
   4.48865E-002   5.94000E+000   6.12000E+000
   4.49179E-002   5.94000E+000   6.12000E+000
   4.49493E-002   5.94000E+000   6.12000E+000
   4.49807E-002   5.94000E+000   6.12000E+000
   4.50121E-002   5.94000E+000   6.12000E+000
   4.50435E-002   5.94000E+000   6.12000E+000
   4.50749E-002   5.94000E+000   6.12000E+000
   4.51063E-002   5.94000E+000   6.12000E+000
   4.51376E-002   5.94000E+000   6.12000E+000
   4.51690E-002   5.94000E+000   6.12000E+000
   4.52004E-002   5.94000E+000   6.12000E+000
   4.52318E-002   5.94000E+000   6.12000E+000
   4.52632E-002   5.94000E+000   6.12000E+000
   4.52946E-002   5.94000E+000   6.12000E+000
   4.53260E-002   5.94000E+000   6.12000E+000
   4.53574E-002   5.94000E+000   6.12000E+000
   4.53888E-002   5.94000E+000   6.12000E+000
   4.54201E-002   5.94000E+000   6.12000E+000
   4.54515E-002   5.94000E+000   6.12000E+000
   4.54829E-002   5.94000E+000   6.12000E+000
   4.55143E-002   5.94000E+000   6.12000E+000
   4.55457E-002   5.94000E+000   6.12000E+000
   4.55771E-002   5.94000E+000   6.12000E+000
   4.56085E-002   5.94000E+000   6.12000E+000
   4.56399E-002   5.94000E+000   6.12000E+000
   4.56713E-002   5.94000E+000   6.12000E+000
   4.57026E-002   5.94000E+000   6.12000E+000
   4.57340E-002   5.94000E+000   6.12000E+000
   4.57654E-002   5.94000E+000   6.12000E+000
   4.57968E-002   5.94000E+000   6.12000E+000
   4.58282E-002   5.94000E+000   6.12000E+000
   4.58596E-002   5.94000E+000   6.12000E+000
   4.58910E-002   5.94000E+000   6.12000E+000
   4.59224E-002   5.94000E+000   6.12000E+000
   4.59538E-002   5.94000E+000   6.12000E+000
   4.59851E-002   5.94000E+000   6.12000E+000
   4.60165E-002   5.94000E+000   6.12000E+000
   4.60479E-002   5.94000E+000   6.12000E+000
   4.60793E-002   5.94000E+000   6.12000E+000
   4.61107E-002   5.94000E+000   6.12000E+000
   4.61421E-002   5.94000E+000   6.12000E+000
   4.61735E-002   5.94000E+000   6.12000E+000
   4.62049E-002   5.94000E+000   6.12000E+000
   4.62363E-002   5.94000E+000   6.12000E+000
   4.62677E-002   5.94000E+000   6.30000E+000
   4.62990E-002   5.94000E+000   6.30000E+000
   4.63304E-002   5.94000E+000   6.30000E+000
   4.63618E-002   5.94000E+000   6.30000E+000
   4.63932E-002   5.94000E+000   6.30000E+000
   4.64246E-002   5.94000E+000   6.30000E+000
   4.64560E-002   5.94000E+000   6.30000E+000
   4.64874E-002   5.94000E+000   6.30000E+000
   4.65188E-002   5.94000E+000   6.30000E+000
   4.65502E-002   5.94000E+000   6.30000E+000
   4.65815E-002   5.94000E+000   6.30000E+000
   4.66129E-002   5.94000E+000   6.30000E+000
   4.66443E-002   5.94000E+000   6.30000E+000
   4.66757E-002   5.94000E+000   6.30000E+000
   4.67071E-002   5.94000E+000   6.30000E+000
   4.67385E-002   5.94000E+000   6.30000E+000
   4.67699E-002   5.94000E+000   6.30000E+000
   4.68013E-002   5.94000E+000   6.30000E+000
   4.68327E-002   5.94000E+000   6.30000E+000
   4.68640E-002   5.94000E+000   6.30000E+000
   4.68954E-002   5.94000E+000   6.30000E+000
   4.69268E-002   5.94000E+000   6.30000E+000
   4.69582E-002   5.94000E+000   6.30000E+000
   4.69896E-002   5.94000E+000   6.30000E+000
   4.70210E-002   5.94000E+000   6.30000E+000
   4.70524E-002   5.94000E+000   6.30000E+000
   4.70838E-002   5.94000E+000   6.30000E+000
   4.71152E-002   5.94000E+000   6.30000E+000
   4.71465E-002   5.94000E+000   6.30000E+000
   4.71779E-002   5.94000E+000   6.30000E+000
   4.72093E-002   5.94000E+000   6.30000E+000
   4.72407E-002   5.94000E+000   6.30000E+000
   4.72721E-002   5.94000E+000   6.30000E+000
   4.73035E-002   5.94000E+000   6.30000E+000
   4.73349E-002   5.94000E+000   6.30000E+000
   4.73663E-002   5.94000E+000   6.30000E+000
   4.73977E-002   5.94000E+000   6.30000E+000
   4.74290E-002   5.94000E+000   6.30000E+000
   4.74604E-002   5.94000E+000   6.30000E+000
   4.74918E-002   5.94000E+000   6.30000E+000
   4.75232E-002   5.94000E+000   6.30000E+000
   4.75546E-002   5.94000E+000   6.30000E+000
   4.75860E-002   5.94000E+000   6.30000E+000
   4.76174E-002   5.94000E+000   6.30000E+000
   4.76488E-002   5.94000E+000   6.30000E+000
   4.76802E-002   5.94000E+000   6.30000E+000
   4.77116E-002   6.12000E+000   6.30000E+000
   4.77429E-002   6.12000E+000   6.30000E+000
   4.77743E-002   6.12000E+000   6.30000E+000
   4.78057E-002   6.12000E+000   6.30000E+000
   4.78371E-002   6.12000E+000   6.30000E+000
   4.78685E-002   6.12000E+000   6.30000E+000
   4.78999E-002   6.12000E+000   6.30000E+000
   4.79313E-002   6.12000E+000   6.30000E+000
   4.79627E-002   6.12000E+000   6.30000E+000
   4.79941E-002   6.12000E+000   6.30000E+000
   4.80254E-002   6.12000E+000   6.30000E+000
   4.80568E-002   6.12000E+000   6.30000E+000
   4.80882E-002   6.12000E+000   6.30000E+000
   4.81196E-002   6.12000E+000   6.30000E+000
   4.81510E-002   6.12000E+000   6.30000E+000
   4.81824E-002   6.12000E+000   6.30000E+000
   4.82138E-002   6.12000E+000   6.30000E+000
   4.82452E-002   6.12000E+000   6.30000E+000
   4.82766E-002   6.12000E+000   6.30000E+000
   4.83079E-002   6.12000E+000   6.30000E+000
   4.83393E-002   6.12000E+000   6.30000E+000
   4.83707E-002   6.12000E+000   6.30000E+000
   4.84021E-002   6.12000E+000   6.30000E+000
   4.84335E-002   6.12000E+000   6.30000E+000
   4.84649E-002   6.12000E+000   6.30000E+000
   4.84963E-002   6.12000E+000   6.30000E+000
   4.85277E-002   6.12000E+000   6.30000E+000
   4.85591E-002   6.12000E+000   6.30000E+000
   4.85904E-002   6.12000E+000   6.30000E+000
   4.86218E-002   6.12000E+000   6.30000E+000
   4.86532E-002   6.12000E+000   6.30000E+000
   4.86846E-002   6.12000E+000   6.30000E+000
   4.87160E-002   6.12000E+000   6.30000E+000
   4.87474E-002   6.12000E+000   6.30000E+000
   4.87788E-002   6.12000E+000   6.30000E+000
   4.88102E-002   6.12000E+000   6.30000E+000
   4.88416E-002   6.12000E+000   6.30000E+000
   4.88730E-002   6.12000E+000   6.30000E+000
   4.89043E-002   6.12000E+000   6.48000E+000
   4.89357E-002   6.12000E+000   6.48000E+000
   4.89671E-002   6.12000E+000   6.48000E+000
   4.89985E-002   6.12000E+000   6.48000E+000
   4.90299E-002   6.12000E+000   6.48000E+000
   4.90613E-002   6.12000E+000   6.48000E+000
   4.90927E-002   6.12000E+000   6.48000E+000
   4.91241E-002   6.12000E+000   6.48000E+000
   4.91555E-002   6.12000E+000   6.48000E+000
   4.91868E-002   6.12000E+000   6.48000E+000
   4.92182E-002   6.12000E+000   6.48000E+000
   4.92496E-002   6.12000E+000   6.48000E+000
   4.92810E-002   6.12000E+000   6.48000E+000
   4.93124E-002   6.12000E+000   6.48000E+000
   4.93438E-002   6.12000E+000   6.48000E+000
   4.93752E-002   6.12000E+000   6.48000E+000
   4.94066E-002   6.12000E+000   6.48000E+000
   4.94380E-002   6.12000E+000   6.48000E+000
   4.94693E-002   6.12000E+000   6.48000E+000
   4.95007E-002   6.12000E+000   6.48000E+000
   4.95321E-002   6.12000E+000   6.48000E+000
   4.95635E-002   6.12000E+000   6.48000E+000
   4.95949E-002   6.12000E+000   6.48000E+000
   4.96263E-002   6.12000E+000   6.48000E+000
   4.96577E-002   6.12000E+000   6.48000E+000
   4.96891E-002   6.12000E+000   6.48000E+000
   4.97205E-002   6.12000E+000   6.48000E+000
   4.97518E-002   6.12000E+000   6.48000E+000
   4.97832E-002   6.12000E+000   6.48000E+000
   4.98146E-002   6.12000E+000   6.48000E+000
   4.98460E-002   6.12000E+000   6.48000E+000
   4.98774E-002   6.12000E+000   6.48000E+000
   4.99088E-002   6.12000E+000   6.48000E+000
   4.99402E-002   6.12000E+000   6.48000E+000
   4.99716E-002   6.12000E+000   6.48000E+000
   5.00030E-002   6.12000E+000   6.48000E+000
   5.00344E-002   6.12000E+000   6.48000E+000
   5.00657E-002   6.12000E+000   6.48000E+000
   5.00971E-002   6.12000E+000   6.48000E+000
   5.01285E-002   6.12000E+000   6.48000E+000
   5.01599E-002   6.12000E+000   6.48000E+000
   5.01913E-002   6.12000E+000   6.48000E+000
   5.02227E-002   6.12000E+000   6.48000E+000
   5.02541E-002   6.12000E+000   6.48000E+000
   5.02855E-002   6.12000E+000   6.48000E+000
   5.03169E-002   6.12000E+000   6.48000E+000
   5.03482E-002   6.12000E+000   6.48000E+000
   5.03796E-002   6.12000E+000   6.48000E+000
   5.04110E-002   6.12000E+000   6.48000E+000
   5.04424E-002   6.12000E+000   6.48000E+000
   5.04738E-002   6.12000E+000   6.48000E+000
   5.05052E-002   6.12000E+000   6.48000E+000
   5.05366E-002   6.12000E+000   6.48000E+000
   5.05680E-002   6.12000E+000   6.48000E+000
   5.05994E-002   6.12000E+000   6.48000E+000
   5.06307E-002   6.12000E+000   6.48000E+000
   5.06621E-002   6.12000E+000   6.48000E+000
   5.06935E-002   6.12000E+000   6.48000E+000
   5.07249E-002   6.30000E+000   6.48000E+000
   5.07563E-002   6.30000E+000   6.48000E+000
   5.07877E-002   6.30000E+000   6.48000E+000
   5.08191E-002   6.30000E+000   6.48000E+000
   5.08505E-002   6.30000E+000   6.48000E+000
   5.08819E-002   6.30000E+000   6.48000E+000
   5.09132E-002   6.30000E+000   6.48000E+000
   5.09446E-002   6.30000E+000   6.48000E+000
   5.09760E-002   6.30000E+000   6.48000E+000
   5.10074E-002   6.30000E+000   6.48000E+000
   5.10388E-002   6.30000E+000   6.48000E+000
   5.10702E-002   6.30000E+000   6.48000E+000
   5.11016E-002   6.30000E+000   6.48000E+000
   5.11330E-002   6.30000E+000   6.48000E+000
   5.11644E-002   6.30000E+000   6.48000E+000
   5.11958E-002   6.30000E+000   6.48000E+000
   5.12271E-002   6.30000E+000   6.48000E+000
   5.12585E-002   6.30000E+000   6.48000E+000
   5.12899E-002   6.30000E+000   6.48000E+000
   5.13213E-002   6.30000E+000   6.48000E+000
   5.13527E-002   6.30000E+000   6.48000E+000
   5.13841E-002   6.30000E+000   6.48000E+000
   5.14155E-002   6.30000E+000   6.48000E+000
   5.14469E-002   6.30000E+000   6.48000E+000
   5.14783E-002   6.30000E+000   6.48000E+000
   5.15096E-002   6.30000E+000   6.48000E+000
   5.15410E-002   6.30000E+000   6.48000E+000
   5.15724E-002   6.30000E+000   6.48000E+000
   5.16038E-002   6.30000E+000   6.66000E+000
   5.16352E-002   6.30000E+000   6.66000E+000
   5.16666E-002   6.30000E+000   6.66000E+000
   5.16980E-002   6.30000E+000   6.66000E+000
   5.17294E-002   6.30000E+000   6.66000E+000
   5.17608E-002   6.30000E+000   6.66000E+000
   5.17921E-002   6.30000E+000   6.66000E+000
   5.18235E-002   6.30000E+000   6.66000E+000
   5.18549E-002   6.30000E+000   6.66000E+000
   5.18863E-002   6.30000E+000   6.66000E+000
   5.19177E-002   6.30000E+000   6.66000E+000
   5.19491E-002   6.30000E+000   6.66000E+000
   5.19805E-002   6.30000E+000   6.66000E+000
   5.20119E-002   6.30000E+000   6.66000E+000
   5.20433E-002   6.30000E+000   6.66000E+000
   5.20746E-002   6.30000E+000   6.66000E+000
   5.21060E-002   6.30000E+000   6.66000E+000
   5.21374E-002   6.30000E+000   6.66000E+000
   5.21688E-002   6.30000E+000   6.66000E+000
   5.22002E-002   6.30000E+000   6.66000E+000
   5.22316E-002   6.30000E+000   6.66000E+000
   5.22630E-002   6.30000E+000   6.66000E+000
   5.22944E-002   6.30000E+000   6.66000E+000
   5.23258E-002   6.30000E+000   6.66000E+000
   5.23572E-002   6.30000E+000   6.66000E+000
   5.23885E-002   6.30000E+000   6.66000E+000
   5.24199E-002   6.30000E+000   6.66000E+000
   5.24513E-002   6.30000E+000   6.66000E+000
   5.24827E-002   6.30000E+000   6.66000E+000
   5.25141E-002   6.30000E+000   6.66000E+000
   5.25455E-002   6.30000E+000   6.66000E+000
   5.25769E-002   6.30000E+000   6.66000E+000
   5.26083E-002   6.30000E+000   6.66000E+000
   5.26397E-002   6.30000E+000   6.66000E+000
   5.26710E-002   6.30000E+000   6.66000E+000
   5.27024E-002   6.30000E+000   6.66000E+000
   5.27338E-002   6.30000E+000   6.66000E+000
   5.27652E-002   6.30000E+000   6.66000E+000
   5.27966E-002   6.30000E+000   6.66000E+000
   5.28280E-002   6.30000E+000   6.66000E+000
   5.28594E-002   6.30000E+000   6.66000E+000
   5.28908E-002   6.30000E+000   6.66000E+000
   5.29222E-002   6.30000E+000   6.66000E+000
   5.29535E-002   6.30000E+000   6.66000E+000
   5.29849E-002   6.30000E+000   6.66000E+000
   5.30163E-002   6.30000E+000   6.66000E+000
   5.30477E-002   6.30000E+000   6.66000E+000
   5.30791E-002   6.30000E+000   6.66000E+000
   5.31105E-002   6.30000E+000   6.66000E+000
   5.31419E-002   6.30000E+000   6.66000E+000
   5.31733E-002   6.30000E+000   6.66000E+000
   5.32047E-002   6.30000E+000   6.66000E+000
   5.32360E-002   6.30000E+000   6.66000E+000
   5.32674E-002   6.30000E+000   6.66000E+000
   5.32988E-002   6.30000E+000   6.66000E+000
   5.33302E-002   6.30000E+000   6.66000E+000
   5.33616E-002   6.30000E+000   6.66000E+000
   5.33930E-002   6.30000E+000   6.66000E+000
   5.34244E-002   6.30000E+000   6.66000E+000
   5.34558E-002   6.30000E+000   6.66000E+000
   5.34872E-002   6.30000E+000   6.66000E+000
   5.35186E-002   6.30000E+000   6.66000E+000
   5.35499E-002   6.30000E+000   6.66000E+000
   5.35813E-002   6.30000E+000   6.66000E+000
   5.36127E-002   6.30000E+000   6.66000E+000
   5.36441E-002   6.30000E+000   6.66000E+000
   5.36755E-002   6.30000E+000   6.66000E+000
   5.37069E-002   6.30000E+000   6.66000E+000
   5.37383E-002   6.30000E+000   6.66000E+000
   5.37697E-002   6.30000E+000   6.66000E+000
   5.38011E-002   6.30000E+000   6.66000E+000
   5.38324E-002   6.30000E+000   6.66000E+000
   5.38638E-002   6.48000E+000   6.66000E+000
   5.38952E-002   6.48000E+000   6.66000E+000
   5.39266E-002   6.48000E+000   6.66000E+000
   5.39580E-002   6.48000E+000   6.66000E+000
   5.39894E-002   6.48000E+000   6.66000E+000
   5.40208E-002   6.48000E+000   6.66000E+000
   5.40522E-002   6.48000E+000   6.66000E+000
   5.40836E-002   6.48000E+000   6.66000E+000
   5.41149E-002   6.48000E+000   6.66000E+000
   5.41463E-002   6.48000E+000   6.66000E+000
   5.41777E-002   6.48000E+000   6.66000E+000
   5.42091E-002   6.48000E+000   6.66000E+000
   5.42405E-002   6.48000E+000   6.66000E+000
   5.42719E-002   6.48000E+000   6.66000E+000
   5.43033E-002   6.48000E+000   6.66000E+000
   5.43347E-002   6.48000E+000   6.66000E+000
   5.43661E-002   6.48000E+000   6.66000E+000
   5.43974E-002   6.48000E+000   6.84000E+000
   5.44288E-002   6.48000E+000   6.84000E+000
   5.44602E-002   6.48000E+000   6.84000E+000
   5.44916E-002   6.48000E+000   6.84000E+000
   5.45230E-002   6.48000E+000   6.84000E+000
   5.45544E-002   6.48000E+000   6.84000E+000
   5.45858E-002   6.48000E+000   6.84000E+000
   5.46172E-002   6.48000E+000   6.84000E+000
   5.46486E-002   6.48000E+000   6.84000E+000
   5.46800E-002   6.48000E+000   6.84000E+000
   5.47113E-002   6.48000E+000   6.84000E+000
   5.47427E-002   6.48000E+000   6.84000E+000
   5.47741E-002   6.48000E+000   6.84000E+000
   5.48055E-002   6.48000E+000   6.84000E+000
   5.48369E-002   6.48000E+000   6.84000E+000
   5.48683E-002   6.48000E+000   6.84000E+000
   5.48997E-002   6.48000E+000   6.84000E+000
   5.49311E-002   6.48000E+000   6.84000E+000
   5.49625E-002   6.48000E+000   6.84000E+000
   5.49938E-002   6.48000E+000   6.84000E+000
   5.50252E-002   6.48000E+000   6.84000E+000
   5.50566E-002   6.48000E+000   6.84000E+000
   5.50880E-002   6.48000E+000   6.84000E+000
   5.51194E-002   6.48000E+000   6.84000E+000
   5.51508E-002   6.48000E+000   6.84000E+000
   5.51822E-002   6.48000E+000   6.84000E+000
   5.52136E-002   6.48000E+000   6.84000E+000
   5.52450E-002   6.48000E+000   6.84000E+000
   5.52763E-002   6.48000E+000   6.84000E+000
   5.53077E-002   6.48000E+000   6.84000E+000
   5.53391E-002   6.48000E+000   6.84000E+000
   5.53705E-002   6.48000E+000   6.84000E+000
   5.54019E-002   6.48000E+000   6.84000E+000
   5.54333E-002   6.48000E+000   6.84000E+000
   5.54647E-002   6.48000E+000   6.84000E+000
   5.54961E-002   6.48000E+000   6.84000E+000
   5.55275E-002   6.48000E+000   6.84000E+000
   5.55588E-002   6.48000E+000   6.84000E+000
   5.55902E-002   6.48000E+000   6.84000E+000
   5.56216E-002   6.48000E+000   6.84000E+000
   5.56530E-002   6.48000E+000   6.84000E+000
   5.56844E-002   6.48000E+000   6.84000E+000
   5.57158E-002   6.48000E+000   6.84000E+000
   5.57472E-002   6.48000E+000   6.84000E+000
   5.57786E-002   6.48000E+000   6.84000E+000
   5.58100E-002   6.48000E+000   6.84000E+000
   5.58413E-002   6.48000E+000   6.84000E+000
   5.58727E-002   6.48000E+000   6.84000E+000
   5.59041E-002   6.48000E+000   6.84000E+000
   5.59355E-002   6.48000E+000   6.84000E+000
   5.59669E-002   6.48000E+000   6.84000E+000
   5.59983E-002   6.48000E+000   6.84000E+000
   5.60297E-002   6.48000E+000   6.84000E+000
   5.60611E-002   6.48000E+000   6.84000E+000
   5.60925E-002   6.48000E+000   6.84000E+000
   5.61239E-002   6.48000E+000   6.84000E+000
   5.61552E-002   6.48000E+000   6.84000E+000
   5.61866E-002   6.48000E+000   6.84000E+000
   5.62180E-002   6.48000E+000   6.84000E+000
   5.62494E-002   6.48000E+000   6.84000E+000
   5.62808E-002   6.48000E+000   6.84000E+000
   5.63122E-002   6.48000E+000   6.84000E+000
   5.63436E-002   6.48000E+000   6.84000E+000
   5.63750E-002   6.48000E+000   6.84000E+000
   5.64064E-002   6.48000E+000   6.84000E+000
   5.64377E-002   6.48000E+000   6.84000E+000
   5.64691E-002   6.48000E+000   6.84000E+000
   5.65005E-002   6.48000E+000   6.84000E+000
   5.65319E-002   6.48000E+000   6.84000E+000
   5.65633E-002   6.48000E+000   6.84000E+000
   5.65947E-002   6.48000E+000   6.84000E+000
   5.66261E-002   6.48000E+000   6.84000E+000
   5.66575E-002   6.48000E+000   6.84000E+000
   5.66889E-002   6.48000E+000   6.84000E+000
   5.67202E-002   6.48000E+000   6.84000E+000
   5.67516E-002   6.48000E+000   6.84000E+000
   5.67830E-002   6.48000E+000   6.84000E+000
   5.68144E-002   6.48000E+000   6.84000E+000
   5.68458E-002   6.48000E+000   6.84000E+000
   5.68772E-002   6.48000E+000   6.84000E+000
   5.69086E-002   6.48000E+000   6.84000E+000
   5.69400E-002   6.48000E+000   6.84000E+000
   5.69714E-002   6.48000E+000   6.84000E+000
   5.70027E-002   6.48000E+000   6.84000E+000
   5.70341E-002   6.48000E+000   6.84000E+000
   5.70655E-002   6.48000E+000   6.84000E+000
   5.70969E-002   6.48000E+000   6.84000E+000
   5.71283E-002   6.48000E+000   6.84000E+000
   5.71597E-002   6.66000E+000   6.84000E+000
   5.71911E-002   6.66000E+000   6.84000E+000
   5.72225E-002   6.66000E+000   6.84000E+000
   5.72539E-002   6.66000E+000   7.02000E+000
   5.72853E-002   6.66000E+000   7.02000E+000
   5.73166E-002   6.66000E+000   7.02000E+000
   5.73480E-002   6.66000E+000   7.02000E+000
   5.73794E-002   6.66000E+000   7.02000E+000
   5.74108E-002   6.66000E+000   7.02000E+000
   5.74422E-002   6.66000E+000   7.02000E+000
   5.74736E-002   6.66000E+000   7.02000E+000
   5.75050E-002   6.66000E+000   7.02000E+000
   5.75364E-002   6.66000E+000   7.02000E+000
   5.75678E-002   6.66000E+000   7.02000E+000
   5.75991E-002   6.66000E+000   7.02000E+000
   5.76305E-002   6.66000E+000   7.02000E+000
   5.76619E-002   6.66000E+000   7.02000E+000
   5.76933E-002   6.66000E+000   7.02000E+000
   5.77247E-002   6.66000E+000   7.02000E+000
   5.77561E-002   6.66000E+000   7.02000E+000
   5.77875E-002   6.66000E+000   7.02000E+000
   5.78189E-002   6.66000E+000   7.02000E+000
   5.78503E-002   6.66000E+000   7.02000E+000
   5.78816E-002   6.66000E+000   7.02000E+000
   5.79130E-002   6.66000E+000   7.02000E+000
   5.79444E-002   6.66000E+000   7.02000E+000
   5.79758E-002   6.66000E+000   7.02000E+000
   5.80072E-002   6.66000E+000   7.02000E+000
   5.80386E-002   6.66000E+000   7.02000E+000
   5.80700E-002   6.66000E+000   7.02000E+000
   5.81014E-002   6.66000E+000   7.02000E+000
   5.81328E-002   6.66000E+000   7.02000E+000
   5.81641E-002   6.66000E+000   7.02000E+000
   5.81955E-002   6.66000E+000   7.02000E+000
   5.82269E-002   6.66000E+000   7.02000E+000
   5.82583E-002   6.66000E+000   7.02000E+000
   5.82897E-002   6.66000E+000   7.02000E+000
   5.83211E-002   6.66000E+000   7.02000E+000
   5.83525E-002   6.66000E+000   7.02000E+000
   5.83839E-002   6.66000E+000   7.02000E+000
   5.84153E-002   6.66000E+000   7.02000E+000
   5.84467E-002   6.66000E+000   7.02000E+000
   5.84780E-002   6.66000E+000   7.02000E+000
   5.85094E-002   6.66000E+000   7.02000E+000
   5.85408E-002   6.66000E+000   7.02000E+000
   5.85722E-002   6.66000E+000   7.02000E+000
   5.86036E-002   6.66000E+000   7.02000E+000
   5.86350E-002   6.66000E+000   7.02000E+000
   5.86664E-002   6.66000E+000   7.02000E+000
   5.86978E-002   6.66000E+000   7.02000E+000
   5.87292E-002   6.66000E+000   7.02000E+000
   5.87605E-002   6.66000E+000   7.02000E+000
   5.87919E-002   6.66000E+000   7.02000E+000
   5.88233E-002   6.66000E+000   7.02000E+000
   5.88547E-002   6.66000E+000   7.02000E+000
   5.88861E-002   6.66000E+000   7.02000E+000
   5.89175E-002   6.66000E+000   7.02000E+000
   5.89489E-002   6.66000E+000   7.02000E+000
   5.89803E-002   6.66000E+000   7.02000E+000
   5.90117E-002   6.66000E+000   7.02000E+000
   5.90430E-002   6.66000E+000   7.02000E+000
   5.90744E-002   6.66000E+000   7.02000E+000
   5.91058E-002   6.66000E+000   7.02000E+000
   5.91372E-002   6.66000E+000   7.02000E+000
   5.91686E-002   6.66000E+000   7.02000E+000
   5.92000E-002   6.66000E+000   7.02000E+000
   5.92314E-002   6.66000E+000   7.02000E+000
   5.92628E-002   6.66000E+000   7.02000E+000
   5.92942E-002   6.66000E+000   7.02000E+000
   5.93255E-002   6.66000E+000   7.02000E+000
   5.93569E-002   6.66000E+000   7.02000E+000
   5.93883E-002   6.66000E+000   7.02000E+000
   5.94197E-002   6.66000E+000   7.02000E+000
   5.94511E-002   6.66000E+000   7.02000E+000
   5.94825E-002   6.66000E+000   7.02000E+000
   5.95139E-002   6.66000E+000   7.02000E+000
   5.95453E-002   6.66000E+000   7.02000E+000
   5.95767E-002   6.66000E+000   7.02000E+000
   5.96081E-002   6.66000E+000   7.02000E+000
   5.96394E-002   6.66000E+000   7.02000E+000
   5.96708E-002   6.66000E+000   7.02000E+000
   5.97022E-002   6.66000E+000   7.02000E+000
   5.97336E-002   6.66000E+000   7.02000E+000
   5.97650E-002   6.66000E+000   7.02000E+000
   5.97964E-002   6.66000E+000   7.02000E+000
   5.98278E-002   6.66000E+000   7.02000E+000
   5.98592E-002   6.66000E+000   7.02000E+000
   5.98906E-002   6.66000E+000   7.02000E+000
   5.99219E-002   6.66000E+000   7.02000E+000
   5.99533E-002   6.66000E+000   7.02000E+000
   5.99847E-002   6.66000E+000   7.02000E+000
   6.00161E-002   6.66000E+000   7.02000E+000
   6.00475E-002   6.66000E+000   7.02000E+000
   6.00789E-002   6.66000E+000   7.02000E+000
   6.01103E-002   6.66000E+000   7.02000E+000
   6.01417E-002   6.66000E+000   7.02000E+000
   6.01731E-002   6.66000E+000   7.20000E+000
   6.02044E-002   6.66000E+000   7.20000E+000
   6.02358E-002   6.66000E+000   7.20000E+000
   6.02672E-002   6.66000E+000   7.20000E+000
   6.02986E-002   6.66000E+000   7.20000E+000
   6.03300E-002   6.66000E+000   7.20000E+000
   6.03614E-002   6.66000E+000   7.20000E+000
   6.03928E-002   6.66000E+000   7.20000E+000
   6.04242E-002   6.66000E+000   7.20000E+000
   6.04556E-002   6.66000E+000   7.20000E+000
   6.04869E-002   6.66000E+000   7.20000E+000
   6.05183E-002   6.66000E+000   7.20000E+000
   6.05497E-002   6.84000E+000   7.20000E+000
   6.05811E-002   6.84000E+000   7.20000E+000
   6.06125E-002   6.84000E+000   7.20000E+000
   6.06439E-002   6.84000E+000   7.20000E+000
   6.06753E-002   6.84000E+000   7.20000E+000
   6.07067E-002   6.84000E+000   7.20000E+000
   6.07381E-002   6.84000E+000   7.20000E+000
   6.07695E-002   6.84000E+000   7.20000E+000
   6.08008E-002   6.84000E+000   7.20000E+000
   6.08322E-002   6.84000E+000   7.20000E+000
   6.08636E-002   6.84000E+000   7.20000E+000
   6.08950E-002   6.84000E+000   7.20000E+000
   6.09264E-002   6.84000E+000   7.20000E+000
   6.09578E-002   6.84000E+000   7.20000E+000
   6.09892E-002   6.84000E+000   7.20000E+000
   6.10206E-002   6.84000E+000   7.20000E+000
   6.10520E-002   6.84000E+000   7.20000E+000
   6.10833E-002   6.84000E+000   7.20000E+000
   6.11147E-002   6.84000E+000   7.20000E+000
   6.11461E-002   6.84000E+000   7.20000E+000
   6.11775E-002   6.84000E+000   7.20000E+000
   6.12089E-002   6.84000E+000   7.20000E+000
   6.12403E-002   6.84000E+000   7.20000E+000
   6.12717E-002   6.84000E+000   7.20000E+000
   6.13031E-002   6.84000E+000   7.20000E+000
   6.13345E-002   6.84000E+000   7.20000E+000
   6.13658E-002   6.84000E+000   7.20000E+000
   6.13972E-002   6.84000E+000   7.20000E+000
   6.14286E-002   6.84000E+000   7.20000E+000
   6.14600E-002   6.84000E+000   7.20000E+000
   6.14914E-002   6.84000E+000   7.20000E+000
   6.15228E-002   6.84000E+000   7.20000E+000
   6.15542E-002   6.84000E+000   7.20000E+000
   6.15856E-002   6.84000E+000   7.20000E+000
   6.16170E-002   6.84000E+000   7.20000E+000
   6.16483E-002   6.84000E+000   7.20000E+000
   6.16797E-002   6.84000E+000   7.20000E+000
   6.17111E-002   6.84000E+000   7.20000E+000
   6.17425E-002   6.84000E+000   7.20000E+000
   6.17739E-002   6.84000E+000   7.20000E+000
   6.18053E-002   6.84000E+000   7.20000E+000
   6.18367E-002   6.84000E+000   7.20000E+000
   6.18681E-002   6.84000E+000   7.20000E+000
   6.18995E-002   6.84000E+000   7.20000E+000
   6.19309E-002   6.84000E+000   7.20000E+000
   6.19622E-002   6.84000E+000   7.20000E+000
   6.19936E-002   6.84000E+000   7.20000E+000
   6.20250E-002   6.84000E+000   7.20000E+000
   6.20564E-002   6.84000E+000   7.20000E+000
   6.20878E-002   6.84000E+000   7.20000E+000
   6.21192E-002   6.84000E+000   7.20000E+000
   6.21506E-002   6.84000E+000   7.20000E+000
   6.21820E-002   6.84000E+000   7.20000E+000
   6.22134E-002   6.84000E+000   7.20000E+000
   6.22447E-002   6.84000E+000   7.20000E+000
   6.22761E-002   6.84000E+000   7.20000E+000
   6.23075E-002   6.84000E+000   7.20000E+000
   6.23389E-002   6.84000E+000   7.20000E+000
   6.23703E-002   6.84000E+000   7.20000E+000
   6.24017E-002   6.84000E+000   7.20000E+000
   6.24331E-002   6.84000E+000   7.20000E+000
   6.24645E-002   6.84000E+000   7.20000E+000
   6.24959E-002   6.84000E+000   7.20000E+000
   6.25272E-002   6.84000E+000   7.20000E+000
   6.25586E-002   6.84000E+000   7.20000E+000
   6.25900E-002   6.84000E+000   7.20000E+000
   6.26214E-002   6.84000E+000   7.20000E+000
   6.26528E-002   6.84000E+000   7.20000E+000
   6.26842E-002   6.84000E+000   7.20000E+000
   6.27156E-002   6.84000E+000   7.20000E+000
   6.27470E-002   6.84000E+000   7.20000E+000
   6.27784E-002   6.84000E+000   7.20000E+000
   6.28097E-002   6.84000E+000   7.20000E+000
   6.28411E-002   6.84000E+000   7.20000E+000
   6.28725E-002   6.84000E+000   7.20000E+000
   6.29039E-002   6.84000E+000   7.20000E+000
   6.29353E-002   6.84000E+000   7.20000E+000
   6.29667E-002   6.84000E+000   7.20000E+000
   6.29981E-002   6.84000E+000   7.20000E+000
   6.30295E-002   6.84000E+000   7.20000E+000
   6.30609E-002   6.84000E+000   7.20000E+000
   6.30923E-002   6.84000E+000   7.20000E+000
   6.31236E-002   6.84000E+000   7.20000E+000
   6.31550E-002   6.84000E+000   7.20000E+000
   6.31864E-002   6.84000E+000   7.38000E+000
   6.32178E-002   6.84000E+000   7.38000E+000
   6.32492E-002   6.84000E+000   7.38000E+000
   6.32806E-002   6.84000E+000   7.38000E+000
   6.33120E-002   6.84000E+000   7.38000E+000
   6.33434E-002   6.84000E+000   7.38000E+000
   6.33748E-002   6.84000E+000   7.38000E+000
   6.34061E-002   6.84000E+000   7.38000E+000
   6.34375E-002   6.84000E+000   7.38000E+000
   6.34689E-002   6.84000E+000   7.38000E+000
   6.35003E-002   6.84000E+000   7.38000E+000
   6.35317E-002   6.84000E+000   7.38000E+000
   6.35631E-002   6.84000E+000   7.38000E+000
   6.35945E-002   6.84000E+000   7.38000E+000
   6.36259E-002   6.84000E+000   7.38000E+000
   6.36573E-002   6.84000E+000   7.38000E+000
   6.36886E-002   6.84000E+000   7.38000E+000
   6.37200E-002   6.84000E+000   7.38000E+000
   6.37514E-002   6.84000E+000   7.38000E+000
   6.37828E-002   6.84000E+000   7.38000E+000
   6.38142E-002   6.84000E+000   7.38000E+000
   6.38456E-002   6.84000E+000   7.38000E+000
   6.38770E-002   6.84000E+000   7.38000E+000
   6.39084E-002   6.84000E+000   7.38000E+000
   6.39398E-002   6.84000E+000   7.38000E+000
   6.39711E-002   6.84000E+000   7.38000E+000
   6.40025E-002   6.84000E+000   7.38000E+000
   6.40339E-002   6.84000E+000   7.38000E+000
   6.40653E-002   6.84000E+000   7.38000E+000
   6.40967E-002   7.02000E+000   7.38000E+000
   6.41281E-002   7.02000E+000   7.38000E+000
   6.41595E-002   7.02000E+000   7.38000E+000
   6.41909E-002   7.02000E+000   7.38000E+000
   6.42223E-002   7.02000E+000   7.38000E+000
   6.42536E-002   7.02000E+000   7.38000E+000
   6.42850E-002   7.02000E+000   7.38000E+000
   6.43164E-002   7.02000E+000   7.38000E+000
   6.43478E-002   7.02000E+000   7.38000E+000
   6.43792E-002   7.02000E+000   7.38000E+000
   6.44106E-002   7.02000E+000   7.38000E+000
   6.44420E-002   7.02000E+000   7.38000E+000
   6.44734E-002   7.02000E+000   7.38000E+000
   6.45048E-002   7.02000E+000   7.38000E+000
   6.45362E-002   7.02000E+000   7.38000E+000
   6.45675E-002   7.02000E+000   7.38000E+000
   6.45989E-002   7.02000E+000   7.38000E+000
   6.46303E-002   7.02000E+000   7.38000E+000
   6.46617E-002   7.02000E+000   7.38000E+000
   6.46931E-002   7.02000E+000   7.38000E+000
   6.47245E-002   7.02000E+000   7.38000E+000
   6.47559E-002   7.02000E+000   7.38000E+000
   6.47873E-002   7.02000E+000   7.38000E+000
   6.48187E-002   7.02000E+000   7.38000E+000
   6.48500E-002   7.02000E+000   7.38000E+000
   6.48814E-002   7.02000E+000   7.38000E+000
   6.49128E-002   7.02000E+000   7.38000E+000
   6.49442E-002   7.02000E+000   7.38000E+000
   6.49756E-002   7.02000E+000   7.38000E+000
   6.50070E-002   7.02000E+000   7.38000E+000
   6.50384E-002   7.02000E+000   7.38000E+000
   6.50698E-002   7.02000E+000   7.38000E+000
   6.51012E-002   7.02000E+000   7.38000E+000
   6.51325E-002   7.02000E+000   7.38000E+000
   6.51639E-002   7.02000E+000   7.38000E+000
   6.51953E-002   7.02000E+000   7.38000E+000
   6.52267E-002   7.02000E+000   7.38000E+000
   6.52581E-002   7.02000E+000   7.38000E+000
   6.52895E-002   7.02000E+000   7.38000E+000
   6.53209E-002   7.02000E+000   7.38000E+000
   6.53523E-002   7.02000E+000   7.38000E+000
   6.53837E-002   7.02000E+000   7.38000E+000
   6.54150E-002   7.02000E+000   7.38000E+000
   6.54464E-002   7.02000E+000   7.38000E+000
   6.54778E-002   7.02000E+000   7.38000E+000
   6.55092E-002   7.02000E+000   7.38000E+000
   6.55406E-002   7.02000E+000   7.38000E+000
   6.55720E-002   7.02000E+000   7.38000E+000
   6.56034E-002   7.02000E+000   7.38000E+000
   6.56348E-002   7.02000E+000   7.38000E+000
   6.56662E-002   7.02000E+000   7.38000E+000
   6.56976E-002   7.02000E+000   7.38000E+000
   6.57289E-002   7.02000E+000   7.38000E+000
   6.57603E-002   7.02000E+000   7.38000E+000
   6.57917E-002   7.02000E+000   7.38000E+000
   6.58231E-002   7.02000E+000   7.38000E+000
   6.58545E-002   7.02000E+000   7.38000E+000
   6.58859E-002   7.02000E+000   7.38000E+000
   6.59173E-002   7.02000E+000   7.38000E+000
   6.59487E-002   7.02000E+000   7.38000E+000
   6.59801E-002   7.02000E+000   7.38000E+000
   6.60114E-002   7.02000E+000   7.38000E+000
   6.60428E-002   7.02000E+000   7.38000E+000
   6.60742E-002   7.02000E+000   7.38000E+000
   6.61056E-002   7.02000E+000   7.38000E+000
   6.61370E-002   7.02000E+000   7.38000E+000
   6.61684E-002   7.02000E+000   7.38000E+000
   6.61998E-002   7.02000E+000   7.38000E+000
   6.62312E-002   7.02000E+000   7.38000E+000
   6.62626E-002   7.02000E+000   7.56000E+000
   6.62939E-002   7.02000E+000   7.56000E+000
   6.63253E-002   7.02000E+000   7.56000E+000
   6.63567E-002   7.02000E+000   7.56000E+000
   6.63881E-002   7.02000E+000   7.56000E+000
   6.64195E-002   7.02000E+000   7.56000E+000
   6.64509E-002   7.02000E+000   7.56000E+000
   6.64823E-002   7.02000E+000   7.56000E+000
   6.65137E-002   7.02000E+000   7.56000E+000
   6.65451E-002   7.02000E+000   7.56000E+000
   6.65764E-002   7.02000E+000   7.56000E+000
   6.66078E-002   7.02000E+000   7.56000E+000
   6.66392E-002   7.02000E+000   7.56000E+000
   6.66706E-002   7.02000E+000   7.56000E+000
   6.67020E-002   7.02000E+000   7.56000E+000
   6.67334E-002   7.02000E+000   7.56000E+000
   6.67648E-002   7.02000E+000   7.56000E+000
   6.67962E-002   7.02000E+000   7.56000E+000
   6.68276E-002   7.02000E+000   7.56000E+000
   6.68590E-002   7.02000E+000   7.56000E+000
   6.68903E-002   7.02000E+000   7.56000E+000
   6.69217E-002   7.02000E+000   7.56000E+000
   6.69531E-002   7.02000E+000   7.56000E+000
   6.69845E-002   7.02000E+000   7.56000E+000
   6.70159E-002   7.02000E+000   7.56000E+000
   6.70473E-002   7.02000E+000   7.56000E+000
   6.70787E-002   7.02000E+000   7.56000E+000
   6.71101E-002   7.02000E+000   7.56000E+000
   6.71415E-002   7.02000E+000   7.56000E+000
   6.71728E-002   7.02000E+000   7.56000E+000
   6.72042E-002   7.02000E+000   7.56000E+000
   6.72356E-002   7.02000E+000   7.56000E+000
   6.72670E-002   7.02000E+000   7.56000E+000
   6.72984E-002   7.02000E+000   7.56000E+000
   6.73298E-002   7.02000E+000   7.56000E+000
   6.73612E-002   7.02000E+000   7.56000E+000
   6.73926E-002   7.02000E+000   7.56000E+000
   6.74240E-002   7.02000E+000   7.56000E+000
   6.74553E-002   7.02000E+000   7.56000E+000
   6.74867E-002   7.02000E+000   7.56000E+000
   6.75181E-002   7.02000E+000   7.56000E+000
   6.75495E-002   7.02000E+000   7.56000E+000
   6.75809E-002   7.02000E+000   7.56000E+000
   6.76123E-002   7.02000E+000   7.56000E+000
   6.76437E-002   7.02000E+000   7.56000E+000
   6.76751E-002   7.02000E+000   7.56000E+000
   6.77065E-002   7.02000E+000   7.56000E+000
   6.77378E-002   7.02000E+000   7.56000E+000
   6.77692E-002   7.20000E+000   7.56000E+000
   6.78006E-002   7.20000E+000   7.56000E+000
   6.78320E-002   7.20000E+000   7.56000E+000
   6.78634E-002   7.20000E+000   7.56000E+000
   6.78948E-002   7.20000E+000   7.56000E+000
   6.79262E-002   7.20000E+000   7.56000E+000
   6.79576E-002   7.20000E+000   7.56000E+000
   6.79890E-002   7.20000E+000   7.56000E+000
   6.80204E-002   7.20000E+000   7.56000E+000
   6.80517E-002   7.20000E+000   7.56000E+000
   6.80831E-002   7.20000E+000   7.56000E+000
   6.81145E-002   7.20000E+000   7.56000E+000
   6.81459E-002   7.20000E+000   7.56000E+000
   6.81773E-002   7.20000E+000   7.56000E+000
   6.82087E-002   7.20000E+000   7.56000E+000
   6.82401E-002   7.20000E+000   7.56000E+000
   6.82715E-002   7.20000E+000   7.56000E+000
   6.83029E-002   7.20000E+000   7.56000E+000
   6.83342E-002   7.20000E+000   7.56000E+000
   6.83656E-002   7.20000E+000   7.56000E+000
   6.83970E-002   7.20000E+000   7.56000E+000
   6.84284E-002   7.20000E+000   7.56000E+000
   6.84598E-002   7.20000E+000   7.56000E+000
   6.84912E-002   7.20000E+000   7.56000E+000
   6.85226E-002   7.20000E+000   7.56000E+000
   6.85540E-002   7.20000E+000   7.56000E+000
   6.85854E-002   7.20000E+000   7.56000E+000
   6.86167E-002   7.20000E+000   7.56000E+000
   6.86481E-002   7.20000E+000   7.56000E+000
   6.86795E-002   7.20000E+000   7.56000E+000
   6.87109E-002   7.20000E+000   7.56000E+000
   6.87423E-002   7.20000E+000   7.56000E+000
   6.87737E-002   7.20000E+000   7.56000E+000
   6.88051E-002   7.20000E+000   7.56000E+000
   6.88365E-002   7.20000E+000   7.56000E+000
   6.88679E-002   7.20000E+000   7.56000E+000
   6.88992E-002   7.20000E+000   7.56000E+000
   6.89306E-002   7.20000E+000   7.56000E+000
   6.89620E-002   7.20000E+000   7.56000E+000
   6.89934E-002   7.20000E+000   7.56000E+000
   6.90248E-002   7.20000E+000   7.56000E+000
   6.90562E-002   7.20000E+000   7.56000E+000
   6.90876E-002   7.20000E+000   7.56000E+000
   6.91190E-002   7.20000E+000   7.56000E+000
   6.91504E-002   7.20000E+000   7.56000E+000
   6.91818E-002   7.20000E+000   7.56000E+000
   6.92131E-002   7.20000E+000   7.56000E+000
   6.92445E-002   7.20000E+000   7.56000E+000
   6.92759E-002   7.20000E+000   7.56000E+000
   6.93073E-002   7.20000E+000   7.56000E+000
   6.93387E-002   7.20000E+000   7.56000E+000
   6.93701E-002   7.20000E+000   7.56000E+000
   6.94015E-002   7.20000E+000   7.74000E+000
   6.94329E-002   7.20000E+000   7.74000E+000
   6.94643E-002   7.20000E+000   7.74000E+000
   6.94956E-002   7.20000E+000   7.74000E+000
   6.95270E-002   7.20000E+000   7.74000E+000
   6.95584E-002   7.20000E+000   7.74000E+000
   6.95898E-002   7.20000E+000   7.74000E+000
   6.96212E-002   7.20000E+000   7.74000E+000
   6.96526E-002   7.20000E+000   7.74000E+000
   6.96840E-002   7.20000E+000   7.74000E+000
   6.97154E-002   7.20000E+000   7.74000E+000
   6.97468E-002   7.20000E+000   7.74000E+000
   6.97781E-002   7.20000E+000   7.74000E+000
   6.98095E-002   7.20000E+000   7.74000E+000
   6.98409E-002   7.20000E+000   7.74000E+000
   6.98723E-002   7.20000E+000   7.74000E+000
   6.99037E-002   7.20000E+000   7.74000E+000
   6.99351E-002   7.20000E+000   7.74000E+000
   6.99665E-002   7.20000E+000   7.74000E+000
   6.99979E-002   7.20000E+000   7.74000E+000
   7.00293E-002   7.20000E+000   7.74000E+000
   7.00606E-002   7.20000E+000   7.74000E+000
   7.00920E-002   7.20000E+000   7.74000E+000
   7.01234E-002   7.20000E+000   7.74000E+000
   7.01548E-002   7.20000E+000   7.74000E+000
   7.01862E-002   7.20000E+000   7.74000E+000
   7.02176E-002   7.20000E+000   7.74000E+000
   7.02490E-002   7.20000E+000   7.74000E+000
   7.02804E-002   7.20000E+000   7.74000E+000
   7.03118E-002   7.20000E+000   7.74000E+000
   7.03432E-002   7.20000E+000   7.74000E+000
   7.03745E-002   7.20000E+000   7.74000E+000
   7.04059E-002   7.20000E+000   7.74000E+000
   7.04373E-002   7.20000E+000   7.74000E+000
   7.04687E-002   7.20000E+000   7.74000E+000
   7.05001E-002   7.20000E+000   7.74000E+000
   7.05315E-002   7.20000E+000   7.74000E+000
   7.05629E-002   7.20000E+000   7.74000E+000
   7.05943E-002   7.20000E+000   7.74000E+000
   7.06257E-002   7.20000E+000   7.74000E+000
   7.06570E-002   7.20000E+000   7.74000E+000
   7.06884E-002   7.20000E+000   7.74000E+000
   7.07198E-002   7.20000E+000   7.74000E+000
   7.07512E-002   7.20000E+000   7.74000E+000
   7.07826E-002   7.20000E+000   7.74000E+000
   7.08140E-002   7.20000E+000   7.74000E+000
   7.08454E-002   7.20000E+000   7.74000E+000
   7.08768E-002   7.20000E+000   7.74000E+000
   7.09082E-002   7.20000E+000   7.74000E+000
   7.09395E-002   7.20000E+000   7.74000E+000
   7.09709E-002   7.20000E+000   7.74000E+000
   7.10023E-002   7.20000E+000   7.74000E+000
   7.10337E-002   7.20000E+000   7.74000E+000
   7.10651E-002   7.20000E+000   7.74000E+000
   7.10965E-002   7.20000E+000   7.74000E+000
   7.11279E-002   7.20000E+000   7.74000E+000
   7.11593E-002   7.20000E+000   7.74000E+000
   7.11907E-002   7.20000E+000   7.74000E+000
   7.12220E-002   7.20000E+000   7.74000E+000
   7.12534E-002   7.20000E+000   7.74000E+000
   7.12848E-002   7.20000E+000   7.74000E+000
   7.13162E-002   7.20000E+000   7.74000E+000
   7.13476E-002   7.20000E+000   7.74000E+000
   7.13790E-002   7.20000E+000   7.74000E+000
   7.14104E-002   7.20000E+000   7.74000E+000
   7.14418E-002   7.20000E+000   7.74000E+000
   7.14732E-002   7.20000E+000   7.74000E+000
   7.15046E-002   7.20000E+000   7.74000E+000
   7.15359E-002   7.20000E+000   7.74000E+000
   7.15673E-002   7.20000E+000   7.74000E+000
   7.15987E-002   7.38000E+000   7.74000E+000
   7.16301E-002   7.38000E+000   7.74000E+000
   7.16615E-002   7.38000E+000   7.74000E+000
   7.16929E-002   7.38000E+000   7.74000E+000
   7.17243E-002   7.38000E+000   7.74000E+000
   7.17557E-002   7.38000E+000   7.74000E+000
   7.17871E-002   7.38000E+000   7.74000E+000
   7.18184E-002   7.38000E+000   7.74000E+000
   7.18498E-002   7.38000E+000   7.74000E+000
   7.18812E-002   7.38000E+000   7.74000E+000
   7.19126E-002   7.38000E+000   7.74000E+000
   7.19440E-002   7.38000E+000   7.74000E+000
   7.19754E-002   7.38000E+000   7.74000E+000
   7.20068E-002   7.38000E+000   7.74000E+000
   7.20382E-002   7.38000E+000   7.74000E+000
   7.20696E-002   7.38000E+000   7.74000E+000
   7.21009E-002   7.38000E+000   7.74000E+000
   7.21323E-002   7.38000E+000   7.74000E+000
   7.21637E-002   7.38000E+000   7.74000E+000
   7.21951E-002   7.38000E+000   7.74000E+000
   7.22265E-002   7.38000E+000   7.74000E+000
   7.22579E-002   7.38000E+000   7.74000E+000
   7.22893E-002   7.38000E+000   7.74000E+000
   7.23207E-002   7.38000E+000   7.74000E+000
   7.23521E-002   7.38000E+000   7.74000E+000
   7.23834E-002   7.38000E+000   7.74000E+000
   7.24148E-002   7.38000E+000   7.74000E+000
   7.24462E-002   7.38000E+000   7.74000E+000
   7.24776E-002   7.38000E+000   7.74000E+000
   7.25090E-002   7.38000E+000   7.74000E+000
   7.25404E-002   7.38000E+000   7.74000E+000
   7.25718E-002   7.38000E+000   7.74000E+000
   7.26032E-002   7.38000E+000   7.74000E+000
   7.26346E-002   7.38000E+000   7.92000E+000
   7.26659E-002   7.38000E+000   7.92000E+000
   7.26973E-002   7.38000E+000   7.92000E+000
   7.27287E-002   7.38000E+000   7.92000E+000
   7.27601E-002   7.38000E+000   7.92000E+000
   7.27915E-002   7.38000E+000   7.92000E+000
   7.28229E-002   7.38000E+000   7.92000E+000
   7.28543E-002   7.38000E+000   7.92000E+000
   7.28857E-002   7.38000E+000   7.92000E+000
   7.29171E-002   7.38000E+000   7.92000E+000
   7.29485E-002   7.38000E+000   7.92000E+000
   7.29798E-002   7.38000E+000   7.92000E+000
   7.30112E-002   7.38000E+000   7.92000E+000
   7.30426E-002   7.38000E+000   7.92000E+000
   7.30740E-002   7.38000E+000   7.92000E+000
   7.31054E-002   7.38000E+000   7.92000E+000
   7.31368E-002   7.38000E+000   7.92000E+000
   7.31682E-002   7.38000E+000   7.92000E+000
   7.31996E-002   7.38000E+000   7.92000E+000
   7.32310E-002   7.38000E+000   7.92000E+000
   7.32623E-002   7.38000E+000   7.92000E+000
   7.32937E-002   7.38000E+000   7.92000E+000
   7.33251E-002   7.38000E+000   7.92000E+000
   7.33565E-002   7.38000E+000   7.92000E+000
   7.33879E-002   7.38000E+000   7.92000E+000
   7.34193E-002   7.38000E+000   7.92000E+000
   7.34507E-002   7.38000E+000   7.92000E+000
   7.34821E-002   7.38000E+000   7.92000E+000
   7.35135E-002   7.38000E+000   7.92000E+000
   7.35448E-002   7.38000E+000   7.92000E+000
   7.35762E-002   7.38000E+000   7.92000E+000
   7.36076E-002   7.38000E+000   7.92000E+000
   7.36390E-002   7.38000E+000   7.92000E+000
   7.36704E-002   7.38000E+000   7.92000E+000
   7.37018E-002   7.38000E+000   7.92000E+000
   7.37332E-002   7.38000E+000   7.92000E+000
   7.37646E-002   7.38000E+000   7.92000E+000
   7.37960E-002   7.38000E+000   7.92000E+000
   7.38273E-002   7.38000E+000   7.92000E+000
   7.38587E-002   7.38000E+000   7.92000E+000
   7.38901E-002   7.38000E+000   7.92000E+000
   7.39215E-002   7.38000E+000   7.92000E+000
   7.39529E-002   7.38000E+000   7.92000E+000
   7.39843E-002   7.38000E+000   7.92000E+000
   7.40157E-002   7.38000E+000   7.92000E+000
   7.40471E-002   7.38000E+000   7.92000E+000
   7.40785E-002   7.38000E+000   7.92000E+000
   7.41099E-002   7.38000E+000   7.92000E+000
   7.41412E-002   7.38000E+000   7.92000E+000
   7.41726E-002   7.38000E+000   7.92000E+000
   7.42040E-002   7.38000E+000   7.92000E+000
   7.42354E-002   7.38000E+000   7.92000E+000
   7.42668E-002   7.38000E+000   7.92000E+000
   7.42982E-002   7.38000E+000   7.92000E+000
   7.43296E-002   7.38000E+000   7.92000E+000
   7.43610E-002   7.38000E+000   7.92000E+000
   7.43924E-002   7.38000E+000   7.92000E+000
   7.44237E-002   7.38000E+000   7.92000E+000
   7.44551E-002   7.38000E+000   7.92000E+000
   7.44865E-002   7.38000E+000   7.92000E+000
   7.45179E-002   7.38000E+000   7.92000E+000
   7.45493E-002   7.38000E+000   7.92000E+000
   7.45807E-002   7.38000E+000   7.92000E+000
   7.46121E-002   7.38000E+000   7.92000E+000
   7.46435E-002   7.38000E+000   7.92000E+000
   7.46749E-002   7.38000E+000   7.92000E+000
   7.47062E-002   7.38000E+000   7.92000E+000
   7.47376E-002   7.38000E+000   7.92000E+000
   7.47690E-002   7.38000E+000   7.92000E+000
   7.48004E-002   7.38000E+000   7.92000E+000
   7.48318E-002   7.38000E+000   7.92000E+000
   7.48632E-002   7.38000E+000   7.92000E+000
   7.48946E-002   7.38000E+000   7.92000E+000
   7.49260E-002   7.38000E+000   7.92000E+000
   7.49574E-002   7.38000E+000   7.92000E+000
   7.49887E-002   7.38000E+000   7.92000E+000
   7.50201E-002   7.38000E+000   7.92000E+000
   7.50515E-002   7.38000E+000   7.92000E+000
   7.50829E-002   7.38000E+000   7.92000E+000
   7.51143E-002   7.38000E+000   7.92000E+000
   7.51457E-002   7.38000E+000   7.92000E+000
   7.51771E-002   7.38000E+000   7.92000E+000
   7.52085E-002   7.38000E+000   7.92000E+000
   7.52399E-002   7.38000E+000   7.92000E+000
   7.52713E-002   7.38000E+000   7.92000E+000
   7.53026E-002   7.38000E+000   7.92000E+000
   7.53340E-002   7.38000E+000   7.92000E+000
   7.53654E-002   7.38000E+000   7.92000E+000
   7.53968E-002   7.38000E+000   7.92000E+000
   7.54282E-002   7.38000E+000   7.92000E+000
   7.54596E-002   7.38000E+000   7.92000E+000
   7.54910E-002   7.38000E+000   7.92000E+000
   7.55224E-002   7.38000E+000   7.92000E+000
   7.55538E-002   7.38000E+000   7.92000E+000
   7.55851E-002   7.56000E+000   7.92000E+000
   7.56165E-002   7.56000E+000   7.92000E+000
   7.56479E-002   7.56000E+000   7.92000E+000
   7.56793E-002   7.56000E+000   7.92000E+000
   7.57107E-002   7.56000E+000   7.92000E+000
   7.57421E-002   7.56000E+000   7.92000E+000
   7.57735E-002   7.56000E+000   7.92000E+000
   7.58049E-002   7.56000E+000   7.92000E+000
   7.58363E-002   7.56000E+000   7.92000E+000
   7.58676E-002   7.56000E+000   7.92000E+000
   7.58990E-002   7.56000E+000   7.92000E+000
   7.59304E-002   7.56000E+000   8.10000E+000
   7.59618E-002   7.56000E+000   8.10000E+000
   7.59932E-002   7.56000E+000   8.10000E+000
   7.60246E-002   7.56000E+000   8.10000E+000
   7.60560E-002   7.56000E+000   8.10000E+000
   7.60874E-002   7.56000E+000   8.10000E+000
   7.61188E-002   7.56000E+000   8.10000E+000
   7.61501E-002   7.56000E+000   8.10000E+000
   7.61815E-002   7.56000E+000   8.10000E+000
   7.62129E-002   7.56000E+000   8.10000E+000
   7.62443E-002   7.56000E+000   8.10000E+000
   7.62757E-002   7.56000E+000   8.10000E+000
   7.63071E-002   7.56000E+000   8.10000E+000
   7.63385E-002   7.56000E+000   8.10000E+000
   7.63699E-002   7.56000E+000   8.10000E+000
   7.64013E-002   7.56000E+000   8.10000E+000
   7.64327E-002   7.56000E+000   8.10000E+000
   7.64640E-002   7.56000E+000   8.10000E+000
   7.64954E-002   7.56000E+000   8.10000E+000
   7.65268E-002   7.56000E+000   8.10000E+000
   7.65582E-002   7.56000E+000   8.10000E+000
   7.65896E-002   7.56000E+000   8.10000E+000
   7.66210E-002   7.56000E+000   8.10000E+000
   7.66524E-002   7.56000E+000   8.10000E+000
   7.66838E-002   7.56000E+000   8.10000E+000
   7.67152E-002   7.56000E+000   8.10000E+000
   7.67465E-002   7.56000E+000   8.10000E+000
   7.67779E-002   7.56000E+000   8.10000E+000
   7.68093E-002   7.56000E+000   8.10000E+000
   7.68407E-002   7.56000E+000   8.10000E+000
   7.68721E-002   7.56000E+000   8.10000E+000
   7.69035E-002   7.56000E+000   8.10000E+000
   7.69349E-002   7.56000E+000   8.10000E+000
   7.69663E-002   7.56000E+000   8.10000E+000
   7.69977E-002   7.56000E+000   8.10000E+000
   7.70290E-002   7.56000E+000   8.10000E+000
   7.70604E-002   7.56000E+000   8.10000E+000
   7.70918E-002   7.56000E+000   8.10000E+000
   7.71232E-002   7.56000E+000   8.10000E+000
   7.71546E-002   7.56000E+000   8.10000E+000
   7.71860E-002   7.56000E+000   8.10000E+000
   7.72174E-002   7.56000E+000   8.10000E+000
   7.72488E-002   7.56000E+000   8.10000E+000
   7.72802E-002   7.56000E+000   8.10000E+000
   7.73115E-002   7.56000E+000   8.10000E+000
   7.73429E-002   7.56000E+000   8.10000E+000
   7.73743E-002   7.56000E+000   8.10000E+000
   7.74057E-002   7.56000E+000   8.10000E+000
   7.74371E-002   7.56000E+000   8.10000E+000
   7.74685E-002   7.56000E+000   8.10000E+000
   7.74999E-002   7.56000E+000   8.10000E+000
   7.75313E-002   7.56000E+000   8.10000E+000
   7.75627E-002   7.56000E+000   8.10000E+000
   7.75941E-002   7.56000E+000   8.10000E+000
   7.76254E-002   7.56000E+000   8.10000E+000
   7.76568E-002   7.56000E+000   8.10000E+000
   7.76882E-002   7.56000E+000   8.10000E+000
   7.77196E-002   7.56000E+000   8.10000E+000
   7.77510E-002   7.56000E+000   8.10000E+000
   7.77824E-002   7.56000E+000   8.10000E+000
   7.78138E-002   7.56000E+000   8.10000E+000
   7.78452E-002   7.56000E+000   8.10000E+000
   7.78766E-002   7.56000E+000   8.10000E+000
   7.79079E-002   7.56000E+000   8.10000E+000
   7.79393E-002   7.56000E+000   8.10000E+000
   7.79707E-002   7.56000E+000   8.10000E+000
   7.80021E-002   7.56000E+000   8.10000E+000
   7.80335E-002   7.56000E+000   8.10000E+000
   7.80649E-002   7.56000E+000   8.10000E+000
   7.80963E-002   7.56000E+000   8.10000E+000
   7.81277E-002   7.56000E+000   8.10000E+000
   7.81591E-002   7.56000E+000   8.10000E+000
   7.81904E-002   7.56000E+000   8.10000E+000
   7.82218E-002   7.56000E+000   8.10000E+000
   7.82532E-002   7.56000E+000   8.10000E+000
   7.82846E-002   7.56000E+000   8.10000E+000
   7.83160E-002   7.56000E+000   8.10000E+000
   7.83474E-002   7.56000E+000   8.10000E+000
   7.83788E-002   7.56000E+000   8.10000E+000
   7.84102E-002   7.56000E+000   8.10000E+000
   7.84416E-002   7.56000E+000   8.10000E+000
   7.84729E-002   7.56000E+000   8.10000E+000
   7.85043E-002   7.56000E+000   8.10000E+000
   7.85357E-002   7.56000E+000   8.10000E+000
   7.85671E-002   7.56000E+000   8.10000E+000
   7.85985E-002   7.56000E+000   8.10000E+000
   7.86299E-002   7.56000E+000   8.10000E+000
   7.86613E-002   7.56000E+000   8.10000E+000
   7.86927E-002   7.56000E+000   8.10000E+000
   7.87241E-002   7.56000E+000   8.10000E+000
   7.87555E-002   7.56000E+000   8.10000E+000
   7.87868E-002   7.56000E+000   8.10000E+000
   7.88182E-002   7.56000E+000   8.10000E+000
   7.88496E-002   7.56000E+000   8.10000E+000
   7.88810E-002   7.56000E+000   8.10000E+000
   7.89124E-002   7.56000E+000   8.10000E+000
   7.89438E-002   7.56000E+000   8.10000E+000
   7.89752E-002   7.56000E+000   8.10000E+000
   7.90066E-002   7.56000E+000   8.10000E+000
   7.90380E-002   7.56000E+000   8.10000E+000
   7.90693E-002   7.56000E+000   8.10000E+000
   7.91007E-002   7.56000E+000   8.10000E+000
   7.91321E-002   7.56000E+000   8.10000E+000
   7.91635E-002   7.56000E+000   8.10000E+000
   7.91949E-002   7.56000E+000   8.10000E+000
   7.92263E-002   7.56000E+000   8.10000E+000
   7.92577E-002   7.56000E+000   8.10000E+000
   7.92891E-002   7.56000E+000   8.10000E+000
   7.93205E-002   7.56000E+000   8.28000E+000
   7.93518E-002   7.56000E+000   8.28000E+000
   7.93832E-002   7.56000E+000   8.28000E+000
   7.94146E-002   7.56000E+000   8.28000E+000
   7.94460E-002   7.56000E+000   8.28000E+000
   7.94774E-002   7.56000E+000   8.28000E+000
   7.95088E-002   7.56000E+000   8.28000E+000
   7.95402E-002   7.56000E+000   8.28000E+000
   7.95716E-002   7.56000E+000   8.28000E+000
   7.96030E-002   7.56000E+000   8.28000E+000
   7.96343E-002   7.56000E+000   8.28000E+000
   7.96657E-002   7.56000E+000   8.28000E+000
   7.96971E-002   7.74000E+000   8.28000E+000
   7.97285E-002   7.74000E+000   8.28000E+000
   7.97599E-002   7.74000E+000   8.28000E+000
   7.97913E-002   7.74000E+000   8.28000E+000
   7.98227E-002   7.74000E+000   8.28000E+000
   7.98541E-002   7.74000E+000   8.28000E+000
   7.98855E-002   7.74000E+000   8.28000E+000
   7.99169E-002   7.74000E+000   8.28000E+000
   7.99482E-002   7.74000E+000   8.28000E+000
   7.99796E-002   7.74000E+000   8.28000E+000
   8.00110E-002   7.74000E+000   8.28000E+000
   8.00424E-002   7.74000E+000   8.28000E+000
   8.00738E-002   7.74000E+000   8.28000E+000
   8.01052E-002   7.74000E+000   8.28000E+000
   8.01366E-002   7.74000E+000   8.28000E+000
   8.01680E-002   7.74000E+000   8.28000E+000
   8.01994E-002   7.74000E+000   8.28000E+000
   8.02307E-002   7.74000E+000   8.28000E+000
   8.02621E-002   7.74000E+000   8.28000E+000
   8.02935E-002   7.74000E+000   8.28000E+000
   8.03249E-002   7.74000E+000   8.28000E+000
   8.03563E-002   7.74000E+000   8.28000E+000
   8.03877E-002   7.74000E+000   8.28000E+000
   8.04191E-002   7.74000E+000   8.28000E+000
   8.04505E-002   7.74000E+000   8.28000E+000
   8.04819E-002   7.74000E+000   8.28000E+000
   8.05132E-002   7.74000E+000   8.28000E+000
   8.05446E-002   7.74000E+000   8.28000E+000
   8.05760E-002   7.74000E+000   8.28000E+000
   8.06074E-002   7.74000E+000   8.28000E+000
   8.06388E-002   7.74000E+000   8.28000E+000
   8.06702E-002   7.74000E+000   8.28000E+000
   8.07016E-002   7.74000E+000   8.28000E+000
   8.07330E-002   7.74000E+000   8.28000E+000
   8.07644E-002   7.74000E+000   8.28000E+000
   8.07957E-002   7.74000E+000   8.28000E+000
   8.08271E-002   7.74000E+000   8.28000E+000
   8.08585E-002   7.74000E+000   8.28000E+000
   8.08899E-002   7.74000E+000   8.28000E+000
   8.09213E-002   7.74000E+000   8.28000E+000
   8.09527E-002   7.74000E+000   8.28000E+000
   8.09841E-002   7.74000E+000   8.28000E+000
   8.10155E-002   7.74000E+000   8.28000E+000
   8.10469E-002   7.74000E+000   8.28000E+000
   8.10782E-002   7.74000E+000   8.28000E+000
   8.11096E-002   7.74000E+000   8.28000E+000
   8.11410E-002   7.74000E+000   8.28000E+000
   8.11724E-002   7.74000E+000   8.28000E+000
   8.12038E-002   7.74000E+000   8.28000E+000
   8.12352E-002   7.74000E+000   8.28000E+000
   8.12666E-002   7.74000E+000   8.28000E+000
   8.12980E-002   7.74000E+000   8.28000E+000
   8.13294E-002   7.74000E+000   8.28000E+000
   8.13608E-002   7.74000E+000   8.28000E+000
   8.13921E-002   7.74000E+000   8.28000E+000
   8.14235E-002   7.74000E+000   8.28000E+000
   8.14549E-002   7.74000E+000   8.28000E+000
   8.14863E-002   7.74000E+000   8.28000E+000
   8.15177E-002   7.74000E+000   8.28000E+000
   8.15491E-002   7.74000E+000   8.28000E+000
   8.15805E-002   7.74000E+000   8.28000E+000
   8.16119E-002   7.74000E+000   8.28000E+000
   8.16433E-002   7.74000E+000   8.28000E+000
   8.16746E-002   7.74000E+000   8.28000E+000
   8.17060E-002   7.74000E+000   8.28000E+000
   8.17374E-002   7.74000E+000   8.28000E+000
   8.17688E-002   7.74000E+000   8.28000E+000
   8.18002E-002   7.74000E+000   8.28000E+000
   8.18316E-002   7.74000E+000   8.28000E+000
   8.18630E-002   7.74000E+000   8.28000E+000
   8.18944E-002   7.74000E+000   8.28000E+000
   8.19258E-002   7.74000E+000   8.28000E+000
   8.19571E-002   7.74000E+000   8.28000E+000
   8.19885E-002   7.74000E+000   8.28000E+000
   8.20199E-002   7.74000E+000   8.28000E+000
   8.20513E-002   7.74000E+000   8.28000E+000
   8.20827E-002   7.74000E+000   8.28000E+000
   8.21141E-002   7.74000E+000   8.28000E+000
   8.21455E-002   7.74000E+000   8.28000E+000
   8.21769E-002   7.74000E+000   8.28000E+000
   8.22083E-002   7.74000E+000   8.28000E+000
   8.22396E-002   7.74000E+000   8.28000E+000
   8.22710E-002   7.74000E+000   8.28000E+000
   8.23024E-002   7.74000E+000   8.28000E+000
   8.23338E-002   7.74000E+000   8.28000E+000
   8.23652E-002   7.74000E+000   8.28000E+000
   8.23966E-002   7.74000E+000   8.28000E+000
   8.24280E-002   7.74000E+000   8.28000E+000
   8.24594E-002   7.74000E+000   8.28000E+000
   8.24908E-002   7.74000E+000   8.28000E+000
   8.25222E-002   7.74000E+000   8.28000E+000
   8.25535E-002   7.74000E+000   8.28000E+000
   8.25849E-002   7.74000E+000   8.28000E+000
   8.26163E-002   7.74000E+000   8.28000E+000
   8.26477E-002   7.74000E+000   8.28000E+000
   8.26791E-002   7.74000E+000   8.28000E+000
   8.27105E-002   7.74000E+000   8.28000E+000
   8.27419E-002   7.74000E+000   8.28000E+000
   8.27733E-002   7.74000E+000   8.46000E+000
   8.28047E-002   7.74000E+000   8.46000E+000
   8.28360E-002   7.74000E+000   8.46000E+000
   8.28674E-002   7.74000E+000   8.46000E+000
   8.28988E-002   7.74000E+000   8.46000E+000
   8.29302E-002   7.74000E+000   8.46000E+000
   8.29616E-002   7.74000E+000   8.46000E+000
   8.29930E-002   7.74000E+000   8.46000E+000
   8.30244E-002   7.74000E+000   8.46000E+000
   8.30558E-002   7.74000E+000   8.46000E+000
   8.30872E-002   7.74000E+000   8.46000E+000
   8.31185E-002   7.74000E+000   8.46000E+000
   8.31499E-002   7.74000E+000   8.46000E+000
   8.31813E-002   7.74000E+000   8.46000E+000
   8.32127E-002   7.74000E+000   8.46000E+000
   8.32441E-002   7.74000E+000   8.46000E+000
   8.32755E-002   7.74000E+000   8.46000E+000
   8.33069E-002   7.74000E+000   8.46000E+000
   8.33383E-002   7.74000E+000   8.46000E+000
   8.33697E-002   7.74000E+000   8.46000E+000
   8.34010E-002   7.74000E+000   8.46000E+000
   8.34324E-002   7.74000E+000   8.46000E+000
   8.34638E-002   7.74000E+000   8.46000E+000
   8.34952E-002   7.74000E+000   8.46000E+000
   8.35266E-002   7.74000E+000   8.46000E+000
   8.35580E-002   7.74000E+000   8.46000E+000
   8.35894E-002   7.74000E+000   8.46000E+000
   8.36208E-002   7.74000E+000   8.46000E+000
   8.36522E-002   7.74000E+000   8.46000E+000
   8.36836E-002   7.74000E+000   8.46000E+000
   8.37149E-002   7.74000E+000   8.46000E+000
   8.37463E-002   7.74000E+000   8.46000E+000
   8.37777E-002   7.74000E+000   8.46000E+000
   8.38091E-002   7.74000E+000   8.46000E+000
   8.38405E-002   7.74000E+000   8.46000E+000
   8.38719E-002   7.74000E+000   8.46000E+000
   8.39033E-002   7.74000E+000   8.46000E+000
   8.39347E-002   7.74000E+000   8.46000E+000
   8.39661E-002   7.74000E+000   8.46000E+000
   8.39974E-002   7.92000E+000   8.46000E+000
   8.40288E-002   7.92000E+000   8.46000E+000
   8.40602E-002   7.92000E+000   8.46000E+000
   8.40916E-002   7.92000E+000   8.46000E+000
   8.41230E-002   7.92000E+000   8.46000E+000
   8.41544E-002   7.92000E+000   8.46000E+000
   8.41858E-002   7.92000E+000   8.46000E+000
   8.42172E-002   7.92000E+000   8.46000E+000
   8.42486E-002   7.92000E+000   8.46000E+000
   8.42799E-002   7.92000E+000   8.46000E+000
   8.43113E-002   7.92000E+000   8.46000E+000
   8.43427E-002   7.92000E+000   8.46000E+000
   8.43741E-002   7.92000E+000   8.46000E+000
   8.44055E-002   7.92000E+000   8.46000E+000
   8.44369E-002   7.92000E+000   8.46000E+000
   8.44683E-002   7.92000E+000   8.46000E+000
   8.44997E-002   7.92000E+000   8.46000E+000
   8.45311E-002   7.92000E+000   8.46000E+000
   8.45624E-002   7.92000E+000   8.46000E+000
   8.45938E-002   7.92000E+000   8.46000E+000
   8.46252E-002   7.92000E+000   8.46000E+000
   8.46566E-002   7.92000E+000   8.46000E+000
   8.46880E-002   7.92000E+000   8.46000E+000
   8.47194E-002   7.92000E+000   8.46000E+000
   8.47508E-002   7.92000E+000   8.46000E+000
   8.47822E-002   7.92000E+000   8.46000E+000
   8.48136E-002   7.92000E+000   8.46000E+000
   8.48450E-002   7.92000E+000   8.46000E+000
   8.48763E-002   7.92000E+000   8.46000E+000
   8.49077E-002   7.92000E+000   8.46000E+000
   8.49391E-002   7.92000E+000   8.46000E+000
   8.49705E-002   7.92000E+000   8.46000E+000
   8.50019E-002   7.92000E+000   8.46000E+000
   8.50333E-002   7.92000E+000   8.46000E+000
   8.50647E-002   7.92000E+000   8.46000E+000
   8.50961E-002   7.92000E+000   8.46000E+000
   8.51275E-002   7.92000E+000   8.46000E+000
   8.51588E-002   7.92000E+000   8.46000E+000
   8.51902E-002   7.92000E+000   8.46000E+000
   8.52216E-002   7.92000E+000   8.46000E+000
   8.52530E-002   7.92000E+000   8.46000E+000
   8.52844E-002   7.92000E+000   8.46000E+000
   8.53158E-002   7.92000E+000   8.46000E+000
   8.53472E-002   7.92000E+000   8.46000E+000
   8.53786E-002   7.92000E+000   8.46000E+000
   8.54100E-002   7.92000E+000   8.46000E+000
   8.54413E-002   7.92000E+000   8.46000E+000
   8.54727E-002   7.92000E+000   8.46000E+000
   8.55041E-002   7.92000E+000   8.46000E+000
   8.55355E-002   7.92000E+000   8.46000E+000
   8.55669E-002   7.92000E+000   8.46000E+000
   8.55983E-002   7.92000E+000   8.46000E+000
   8.56297E-002   7.92000E+000   8.46000E+000
   8.56611E-002   7.92000E+000   8.46000E+000
   8.56925E-002   7.92000E+000   8.46000E+000
   8.57238E-002   7.92000E+000   8.46000E+000
   8.57552E-002   7.92000E+000   8.46000E+000
   8.57866E-002   7.92000E+000   8.46000E+000
   8.58180E-002   7.92000E+000   8.46000E+000
   8.58494E-002   7.92000E+000   8.46000E+000
   8.58808E-002   7.92000E+000   8.46000E+000
   8.59122E-002   7.92000E+000   8.46000E+000
   8.59436E-002   7.92000E+000   8.46000E+000
   8.59750E-002   7.92000E+000   8.46000E+000
   8.60064E-002   7.92000E+000   8.46000E+000
   8.60377E-002   7.92000E+000   8.46000E+000
   8.60691E-002   7.92000E+000   8.46000E+000
   8.61005E-002   7.92000E+000   8.46000E+000
   8.61319E-002   7.92000E+000   8.46000E+000
   8.61633E-002   7.92000E+000   8.46000E+000
   8.61947E-002   7.92000E+000   8.46000E+000
   8.62261E-002   7.92000E+000   8.46000E+000
   8.62575E-002   7.92000E+000   8.46000E+000
   8.62889E-002   7.92000E+000   8.46000E+000
   8.63202E-002   7.92000E+000   8.64000E+000
   8.63516E-002   7.92000E+000   8.64000E+000
   8.63830E-002   7.92000E+000   8.64000E+000
   8.64144E-002   7.92000E+000   8.64000E+000
   8.64458E-002   7.92000E+000   8.64000E+000
   8.64772E-002   7.92000E+000   8.64000E+000
   8.65086E-002   7.92000E+000   8.64000E+000
   8.65400E-002   7.92000E+000   8.64000E+000
   8.65714E-002   7.92000E+000   8.64000E+000
   8.66027E-002   7.92000E+000   8.64000E+000
   8.66341E-002   7.92000E+000   8.64000E+000
   8.66655E-002   7.92000E+000   8.64000E+000
   8.66969E-002   7.92000E+000   8.64000E+000
   8.67283E-002   7.92000E+000   8.64000E+000
   8.67597E-002   7.92000E+000   8.64000E+000
   8.67911E-002   7.92000E+000   8.64000E+000
   8.68225E-002   7.92000E+000   8.64000E+000
   8.68539E-002   7.92000E+000   8.64000E+000
   8.68852E-002   7.92000E+000   8.64000E+000
   8.69166E-002   7.92000E+000   8.64000E+000
   8.69480E-002   7.92000E+000   8.64000E+000
   8.69794E-002   7.92000E+000   8.64000E+000
   8.70108E-002   7.92000E+000   8.64000E+000
   8.70422E-002   7.92000E+000   8.64000E+000
   8.70736E-002   7.92000E+000   8.64000E+000
   8.71050E-002   7.92000E+000   8.64000E+000
   8.71364E-002   7.92000E+000   8.64000E+000
   8.71678E-002   7.92000E+000   8.64000E+000
   8.71991E-002   7.92000E+000   8.64000E+000
   8.72305E-002   7.92000E+000   8.64000E+000
   8.72619E-002   7.92000E+000   8.64000E+000
   8.72933E-002   7.92000E+000   8.64000E+000
   8.73247E-002   7.92000E+000   8.64000E+000
   8.73561E-002   7.92000E+000   8.64000E+000
   8.73875E-002   7.92000E+000   8.64000E+000
   8.74189E-002   7.92000E+000   8.64000E+000
   8.74503E-002   7.92000E+000   8.64000E+000
   8.74816E-002   7.92000E+000   8.64000E+000
   8.75130E-002   7.92000E+000   8.64000E+000
   8.75444E-002   7.92000E+000   8.64000E+000
   8.75758E-002   7.92000E+000   8.64000E+000
   8.76072E-002   7.92000E+000   8.64000E+000
   8.76386E-002   7.92000E+000   8.64000E+000
   8.76700E-002   7.92000E+000   8.64000E+000
   8.77014E-002   7.92000E+000   8.64000E+000
   8.77328E-002   7.92000E+000   8.64000E+000
   8.77641E-002   7.92000E+000   8.64000E+000
   8.77955E-002   7.92000E+000   8.64000E+000
   8.78269E-002   7.92000E+000   8.64000E+000
   8.78583E-002   7.92000E+000   8.64000E+000
   8.78897E-002   7.92000E+000   8.64000E+000
   8.79211E-002   7.92000E+000   8.64000E+000
   8.79525E-002   7.92000E+000   8.64000E+000
   8.79839E-002   7.92000E+000   8.64000E+000
   8.80153E-002   7.92000E+000   8.64000E+000
   8.80466E-002   7.92000E+000   8.64000E+000
   8.80780E-002   7.92000E+000   8.64000E+000
   8.81094E-002   7.92000E+000   8.64000E+000
   8.81408E-002   7.92000E+000   8.64000E+000
   8.81722E-002   7.92000E+000   8.64000E+000
   8.82036E-002   7.92000E+000   8.64000E+000
   8.82350E-002   7.92000E+000   8.64000E+000
   8.82664E-002   7.92000E+000   8.64000E+000
   8.82978E-002   7.92000E+000   8.64000E+000
   8.83292E-002   7.92000E+000   8.64000E+000
   8.83605E-002   7.92000E+000   8.64000E+000
   8.83919E-002   7.92000E+000   8.64000E+000
   8.84233E-002   7.92000E+000   8.64000E+000
   8.84547E-002   8.10000E+000   8.64000E+000
   8.84861E-002   8.10000E+000   8.64000E+000
   8.85175E-002   8.10000E+000   8.64000E+000
   8.85489E-002   8.10000E+000   8.64000E+000
   8.85803E-002   8.10000E+000   8.64000E+000
   8.86117E-002   8.10000E+000   8.64000E+000
   8.86430E-002   8.10000E+000   8.64000E+000
   8.86744E-002   8.10000E+000   8.64000E+000
   8.87058E-002   8.10000E+000   8.64000E+000
   8.87372E-002   8.10000E+000   8.64000E+000
   8.87686E-002   8.10000E+000   8.64000E+000
   8.88000E-002   8.10000E+000   8.64000E+000
   8.88314E-002   8.10000E+000   8.64000E+000
   8.88628E-002   8.10000E+000   8.64000E+000
   8.88942E-002   8.10000E+000   8.64000E+000
   8.89255E-002   8.10000E+000   8.64000E+000
   8.89569E-002   8.10000E+000   8.64000E+000
   8.89883E-002   8.10000E+000   8.64000E+000
   8.90197E-002   8.10000E+000   8.64000E+000
   8.90511E-002   8.10000E+000   8.64000E+000
   8.90825E-002   8.10000E+000   8.64000E+000
   8.91139E-002   8.10000E+000   8.64000E+000
   8.91453E-002   8.10000E+000   8.64000E+000
   8.91767E-002   8.10000E+000   8.64000E+000
   8.92080E-002   8.10000E+000   8.64000E+000
   8.92394E-002   8.10000E+000   8.64000E+000
   8.92708E-002   8.10000E+000   8.64000E+000
   8.93022E-002   8.10000E+000   8.64000E+000
   8.93336E-002   8.10000E+000   8.64000E+000
   8.93650E-002   8.10000E+000   8.64000E+000
   8.93964E-002   8.10000E+000   8.64000E+000
   8.94278E-002   8.10000E+000   8.64000E+000
   8.94592E-002   8.10000E+000   8.64000E+000
   8.94905E-002   8.10000E+000   8.64000E+000
   8.95219E-002   8.10000E+000   8.64000E+000
   8.95533E-002   8.10000E+000   8.64000E+000
   8.95847E-002   8.10000E+000   8.64000E+000
   8.96161E-002   8.10000E+000   8.64000E+000
   8.96475E-002   8.10000E+000   8.64000E+000
   8.96789E-002   8.10000E+000   8.64000E+000
   8.97103E-002   8.10000E+000   8.64000E+000
   8.97417E-002   8.10000E+000   8.64000E+000
   8.97731E-002   8.10000E+000   8.64000E+000
   8.98044E-002   8.10000E+000   8.64000E+000
   8.98358E-002   8.10000E+000   8.64000E+000
   8.98672E-002   8.10000E+000   8.64000E+000
   8.98986E-002   8.10000E+000   8.82000E+000
   8.99300E-002   8.10000E+000   8.82000E+000
   8.99614E-002   8.10000E+000   8.82000E+000
   8.99928E-002   8.10000E+000   8.82000E+000
   9.00242E-002   8.10000E+000   8.82000E+000
   9.00556E-002   8.10000E+000   8.82000E+000
   9.00869E-002   8.10000E+000   8.82000E+000
   9.01183E-002   8.10000E+000   8.82000E+000
   9.01497E-002   8.10000E+000   8.82000E+000
   9.01811E-002   8.10000E+000   8.82000E+000
   9.02125E-002   8.10000E+000   8.82000E+000
   9.02439E-002   8.10000E+000   8.82000E+000
   9.02753E-002   8.10000E+000   8.82000E+000
   9.03067E-002   8.10000E+000   8.82000E+000
   9.03381E-002   8.10000E+000   8.82000E+000
   9.03694E-002   8.10000E+000   8.82000E+000
   9.04008E-002   8.10000E+000   8.82000E+000
   9.04322E-002   8.10000E+000   8.82000E+000
   9.04636E-002   8.10000E+000   8.82000E+000
   9.04950E-002   8.10000E+000   8.82000E+000
   9.05264E-002   8.10000E+000   8.82000E+000
   9.05578E-002   8.10000E+000   8.82000E+000
   9.05892E-002   8.10000E+000   8.82000E+000
   9.06206E-002   8.10000E+000   8.82000E+000
   9.06519E-002   8.10000E+000   8.82000E+000
   9.06833E-002   8.10000E+000   8.82000E+000
   9.07147E-002   8.10000E+000   8.82000E+000
   9.07461E-002   8.10000E+000   8.82000E+000
   9.07775E-002   8.10000E+000   8.82000E+000
   9.08089E-002   8.10000E+000   8.82000E+000
   9.08403E-002   8.10000E+000   8.82000E+000
   9.08717E-002   8.10000E+000   8.82000E+000
   9.09031E-002   8.10000E+000   8.82000E+000
   9.09345E-002   8.10000E+000   8.82000E+000
   9.09658E-002   8.10000E+000   8.82000E+000
   9.09972E-002   8.10000E+000   8.82000E+000
   9.10286E-002   8.10000E+000   8.82000E+000
   9.10600E-002   8.10000E+000   8.82000E+000
   9.10914E-002   8.10000E+000   8.82000E+000
   9.11228E-002   8.10000E+000   8.82000E+000
   9.11542E-002   8.10000E+000   8.82000E+000
   9.11856E-002   8.10000E+000   8.82000E+000
   9.12170E-002   8.10000E+000   8.82000E+000
   9.12483E-002   8.10000E+000   8.82000E+000
   9.12797E-002   8.10000E+000   8.82000E+000
   9.13111E-002   8.10000E+000   8.82000E+000
   9.13425E-002   8.10000E+000   8.82000E+000
   9.13739E-002   8.10000E+000   8.82000E+000
   9.14053E-002   8.10000E+000   8.82000E+000
   9.14367E-002   8.10000E+000   8.82000E+000
   9.14681E-002   8.10000E+000   8.82000E+000
   9.14995E-002   8.10000E+000   8.82000E+000
   9.15308E-002   8.10000E+000   8.82000E+000
   9.15622E-002   8.10000E+000   8.82000E+000
   9.15936E-002   8.10000E+000   8.82000E+000
   9.16250E-002   8.10000E+000   8.82000E+000
   9.16564E-002   8.10000E+000   8.82000E+000
   9.16878E-002   8.10000E+000   8.82000E+000
   9.17192E-002   8.10000E+000   8.82000E+000
   9.17506E-002   8.10000E+000   8.82000E+000
   9.17820E-002   8.10000E+000   8.82000E+000
   9.18133E-002   8.10000E+000   8.82000E+000
   9.18447E-002   8.10000E+000   8.82000E+000
   9.18761E-002   8.10000E+000   8.82000E+000
   9.19075E-002   8.10000E+000   8.82000E+000
   9.19389E-002   8.10000E+000   8.82000E+000
   9.19703E-002   8.10000E+000   8.82000E+000
   9.20017E-002   8.10000E+000   8.82000E+000
   9.20331E-002   8.10000E+000   8.82000E+000
   9.20645E-002   8.10000E+000   8.82000E+000
   9.20959E-002   8.10000E+000   8.82000E+000
   9.21272E-002   8.10000E+000   8.82000E+000
   9.21586E-002   8.10000E+000   8.82000E+000
   9.21900E-002   8.10000E+000   8.82000E+000
   9.22214E-002   8.10000E+000   8.82000E+000
   9.22528E-002   8.10000E+000   8.82000E+000
   9.22842E-002   8.10000E+000   8.82000E+000
   9.23156E-002   8.10000E+000   8.82000E+000
   9.23470E-002   8.10000E+000   8.82000E+000
   9.23784E-002   8.10000E+000   8.82000E+000
   9.24097E-002   8.10000E+000   8.82000E+000
   9.24411E-002   8.10000E+000   8.82000E+000
   9.24725E-002   8.10000E+000   8.82000E+000
   9.25039E-002   8.10000E+000   8.82000E+000
   9.25353E-002   8.10000E+000   8.82000E+000
   9.25667E-002   8.10000E+000   8.82000E+000
   9.25981E-002   8.10000E+000   8.82000E+000
   9.26295E-002   8.10000E+000   8.82000E+000
   9.26609E-002   8.10000E+000   8.82000E+000
   9.26922E-002   8.10000E+000   8.82000E+000
   9.27236E-002   8.10000E+000   8.82000E+000
   9.27550E-002   8.10000E+000   8.82000E+000
   9.27864E-002   8.10000E+000   8.82000E+000
   9.28178E-002   8.10000E+000   8.82000E+000
   9.28492E-002   8.10000E+000   8.82000E+000
   9.28806E-002   8.10000E+000   8.82000E+000
   9.29120E-002   8.10000E+000   8.82000E+000
   9.29434E-002   8.10000E+000   8.82000E+000
   9.29747E-002   8.10000E+000   8.82000E+000
   9.30061E-002   8.10000E+000   8.82000E+000
   9.30375E-002   8.10000E+000   8.82000E+000
   9.30689E-002   8.28000E+000   8.82000E+000
   9.31003E-002   8.28000E+000   8.82000E+000
   9.31317E-002   8.28000E+000   8.82000E+000
   9.31631E-002   8.28000E+000   8.82000E+000
   9.31945E-002   8.28000E+000   8.82000E+000
   9.32259E-002   8.28000E+000   8.82000E+000
   9.32573E-002   8.28000E+000   8.82000E+000
   9.32886E-002   8.28000E+000   8.82000E+000
   9.33200E-002   8.28000E+000   8.82000E+000
   9.33514E-002   8.28000E+000   8.82000E+000
   9.33828E-002   8.28000E+000   8.82000E+000
   9.34142E-002   8.28000E+000   8.82000E+000
   9.34456E-002   8.28000E+000   8.82000E+000
   9.34770E-002   8.28000E+000   8.82000E+000
   9.35084E-002   8.28000E+000   8.82000E+000
   9.35398E-002   8.28000E+000   8.82000E+000
   9.35711E-002   8.28000E+000   8.82000E+000
   9.36025E-002   8.28000E+000   9.00000E+000
   9.36339E-002   8.28000E+000   9.00000E+000
   9.36653E-002   8.28000E+000   9.00000E+000
   9.36967E-002   8.28000E+000   9.00000E+000
   9.37281E-002   8.28000E+000   9.00000E+000
   9.37595E-002   8.28000E+000   9.00000E+000
   9.37909E-002   8.28000E+000   9.00000E+000
   9.38223E-002   8.28000E+000   9.00000E+000
   9.38536E-002   8.28000E+000   9.00000E+000
   9.38850E-002   8.28000E+000   9.00000E+000
   9.39164E-002   8.28000E+000   9.00000E+000
   9.39478E-002   8.28000E+000   9.00000E+000
   9.39792E-002   8.28000E+000   9.00000E+000
   9.40106E-002   8.28000E+000   9.00000E+000
   9.40420E-002   8.28000E+000   9.00000E+000
   9.40734E-002   8.28000E+000   9.00000E+000
   9.41048E-002   8.28000E+000   9.00000E+000
   9.41361E-002   8.28000E+000   9.00000E+000
   9.41675E-002   8.28000E+000   9.00000E+000
   9.41989E-002   8.28000E+000   9.00000E+000
   9.42303E-002   8.28000E+000   9.00000E+000
   9.42617E-002   8.28000E+000   9.00000E+000
   9.42931E-002   8.28000E+000   9.00000E+000
   9.43245E-002   8.28000E+000   9.00000E+000
   9.43559E-002   8.28000E+000   9.00000E+000
   9.43873E-002   8.28000E+000   9.00000E+000
   9.44187E-002   8.28000E+000   9.00000E+000
   9.44500E-002   8.28000E+000   9.00000E+000
   9.44814E-002   8.28000E+000   9.00000E+000
   9.45128E-002   8.28000E+000   9.00000E+000
   9.45442E-002   8.28000E+000   9.00000E+000
   9.45756E-002   8.28000E+000   9.00000E+000
   9.46070E-002   8.28000E+000   9.00000E+000
   9.46384E-002   8.28000E+000   9.00000E+000
   9.46698E-002   8.28000E+000   9.00000E+000
   9.47012E-002   8.28000E+000   9.00000E+000
   9.47325E-002   8.28000E+000   9.00000E+000
   9.47639E-002   8.28000E+000   9.00000E+000
   9.47953E-002   8.28000E+000   9.00000E+000
   9.48267E-002   8.28000E+000   9.00000E+000
   9.48581E-002   8.28000E+000   9.00000E+000
   9.48895E-002   8.28000E+000   9.00000E+000
   9.49209E-002   8.28000E+000   9.00000E+000
   9.49523E-002   8.28000E+000   9.00000E+000
   9.49837E-002   8.28000E+000   9.00000E+000
   9.50150E-002   8.28000E+000   9.00000E+000
   9.50464E-002   8.28000E+000   9.00000E+000
   9.50778E-002   8.28000E+000   9.00000E+000
   9.51092E-002   8.28000E+000   9.00000E+000
   9.51406E-002   8.28000E+000   9.00000E+000
   9.51720E-002   8.28000E+000   9.00000E+000
   9.52034E-002   8.28000E+000   9.00000E+000
   9.52348E-002   8.28000E+000   9.00000E+000
   9.52662E-002   8.28000E+000   9.00000E+000
   9.52975E-002   8.28000E+000   9.00000E+000
   9.53289E-002   8.28000E+000   9.00000E+000
   9.53603E-002   8.28000E+000   9.00000E+000
   9.53917E-002   8.28000E+000   9.00000E+000
   9.54231E-002   8.28000E+000   9.00000E+000
   9.54545E-002   8.28000E+000   9.00000E+000
   9.54859E-002   8.28000E+000   9.00000E+000
   9.55173E-002   8.28000E+000   9.00000E+000
   9.55487E-002   8.28000E+000   9.00000E+000
   9.55801E-002   8.28000E+000   9.00000E+000
   9.56114E-002   8.28000E+000   9.00000E+000
   9.56428E-002   8.28000E+000   9.00000E+000
   9.56742E-002   8.28000E+000   9.00000E+000
   9.57056E-002   8.28000E+000   9.00000E+000
   9.57370E-002   8.28000E+000   9.00000E+000
   9.57684E-002   8.28000E+000   9.00000E+000
   9.57998E-002   8.28000E+000   9.00000E+000
   9.58312E-002   8.28000E+000   9.00000E+000
   9.58626E-002   8.28000E+000   9.00000E+000
   9.58939E-002   8.28000E+000   9.00000E+000
   9.59253E-002   8.28000E+000   9.00000E+000
   9.59567E-002   8.28000E+000   9.00000E+000
   9.59881E-002   8.28000E+000   9.00000E+000
   9.60195E-002   8.28000E+000   9.00000E+000
   9.60509E-002   8.28000E+000   9.00000E+000
   9.60823E-002   8.28000E+000   9.00000E+000
   9.61137E-002   8.28000E+000   9.00000E+000
   9.61451E-002   8.28000E+000   9.00000E+000
   9.61764E-002   8.28000E+000   9.00000E+000
   9.62078E-002   8.28000E+000   9.00000E+000
   9.62392E-002   8.28000E+000   9.00000E+000
   9.62706E-002   8.28000E+000   9.00000E+000
   9.63020E-002   8.28000E+000   9.00000E+000
   9.63334E-002   8.28000E+000   9.00000E+000
   9.63648E-002   8.28000E+000   9.00000E+000
   9.63962E-002   8.28000E+000   9.00000E+000
   9.64276E-002   8.28000E+000   9.00000E+000
   9.64589E-002   8.28000E+000   9.00000E+000
   9.64903E-002   8.28000E+000   9.00000E+000
   9.65217E-002   8.28000E+000   9.00000E+000
   9.65531E-002   8.28000E+000   9.00000E+000
   9.65845E-002   8.28000E+000   9.00000E+000
   9.66159E-002   8.28000E+000   9.00000E+000
   9.66473E-002   8.28000E+000   9.00000E+000
   9.66787E-002   8.28000E+000   9.00000E+000
   9.67101E-002   8.28000E+000   9.00000E+000
   9.67415E-002   8.28000E+000   9.00000E+000
   9.67728E-002   8.28000E+000   9.00000E+000
   9.68042E-002   8.28000E+000   9.00000E+000
   9.68356E-002   8.28000E+000   9.00000E+000
   9.68670E-002   8.28000E+000   9.00000E+000
   9.68984E-002   8.28000E+000   9.00000E+000
   9.69298E-002   8.28000E+000   9.00000E+000
   9.69612E-002   8.28000E+000   9.00000E+000
   9.69926E-002   8.28000E+000   9.00000E+000
   9.70240E-002   8.28000E+000   9.00000E+000
   9.70553E-002   8.28000E+000   9.00000E+000
   9.70867E-002   8.28000E+000   9.00000E+000
   9.71181E-002   8.28000E+000   9.00000E+000
   9.71495E-002   8.28000E+000   9.00000E+000
   9.71809E-002   8.28000E+000   9.00000E+000
   9.72123E-002   8.28000E+000   9.00000E+000
   9.72437E-002   8.28000E+000   9.00000E+000
   9.72751E-002   8.28000E+000   9.00000E+000
   9.73065E-002   8.28000E+000   9.00000E+000
   9.73378E-002   8.28000E+000   9.00000E+000
   9.73692E-002   8.28000E+000   9.18000E+000
   9.74006E-002   8.28000E+000   9.18000E+000
   9.74320E-002   8.28000E+000   9.18000E+000
   9.74634E-002   8.28000E+000   9.18000E+000
   9.74948E-002   8.28000E+000   9.18000E+000
   9.75262E-002   8.28000E+000   9.18000E+000
   9.75576E-002   8.28000E+000   9.18000E+000
   9.75890E-002   8.28000E+000   9.18000E+000
   9.76203E-002   8.28000E+000   9.18000E+000
   9.76517E-002   8.28000E+000   9.18000E+000
   9.76831E-002   8.28000E+000   9.18000E+000
   9.77145E-002   8.28000E+000   9.18000E+000
   9.77459E-002   8.28000E+000   9.18000E+000
   9.77773E-002   8.28000E+000   9.18000E+000
   9.78087E-002   8.28000E+000   9.18000E+000
   9.78401E-002   8.28000E+000   9.18000E+000
   9.78715E-002   8.46000E+000   9.18000E+000
   9.79028E-002   8.46000E+000   9.18000E+000
   9.79342E-002   8.46000E+000   9.18000E+000
   9.79656E-002   8.46000E+000   9.18000E+000
   9.79970E-002   8.46000E+000   9.18000E+000
   9.80284E-002   8.46000E+000   9.18000E+000
   9.80598E-002   8.46000E+000   9.18000E+000
   9.80912E-002   8.46000E+000   9.18000E+000
   9.81226E-002   8.46000E+000   9.18000E+000
   9.81540E-002   8.46000E+000   9.18000E+000
   9.81854E-002   8.46000E+000   9.18000E+000
   9.82167E-002   8.46000E+000   9.18000E+000
   9.82481E-002   8.46000E+000   9.18000E+000
   9.82795E-002   8.46000E+000   9.18000E+000
   9.83109E-002   8.46000E+000   9.18000E+000
   9.83423E-002   8.46000E+000   9.18000E+000
   9.83737E-002   8.46000E+000   9.18000E+000
   9.84051E-002   8.46000E+000   9.18000E+000
   9.84365E-002   8.46000E+000   9.18000E+000
   9.84679E-002   8.46000E+000   9.18000E+000
   9.84992E-002   8.46000E+000   9.18000E+000
   9.85306E-002   8.46000E+000   9.18000E+000
   9.85620E-002   8.46000E+000   9.18000E+000
   9.85934E-002   8.46000E+000   9.18000E+000
   9.86248E-002   8.46000E+000   9.18000E+000
   9.86562E-002   8.46000E+000   9.18000E+000
   9.86876E-002   8.46000E+000   9.18000E+000
   9.87190E-002   8.46000E+000   9.18000E+000
   9.87504E-002   8.46000E+000   9.18000E+000
   9.87817E-002   8.46000E+000   9.18000E+000
   9.88131E-002   8.46000E+000   9.18000E+000
   9.88445E-002   8.46000E+000   9.18000E+000
   9.88759E-002   8.46000E+000   9.18000E+000
   9.89073E-002   8.46000E+000   9.18000E+000
   9.89387E-002   8.46000E+000   9.18000E+000
   9.89701E-002   8.46000E+000   9.18000E+000
   9.90015E-002   8.46000E+000   9.18000E+000
   9.90329E-002   8.46000E+000   9.18000E+000
   9.90642E-002   8.46000E+000   9.18000E+000
   9.90956E-002   8.46000E+000   9.18000E+000
   9.91270E-002   8.46000E+000   9.18000E+000
   9.91584E-002   8.46000E+000   9.18000E+000
   9.91898E-002   8.46000E+000   9.18000E+000
   9.92212E-002   8.46000E+000   9.18000E+000
   9.92526E-002   8.46000E+000   9.18000E+000
   9.92840E-002   8.46000E+000   9.18000E+000
   9.93154E-002   8.46000E+000   9.18000E+000
   9.93468E-002   8.46000E+000   9.18000E+000
   9.93781E-002   8.46000E+000   9.18000E+000
   9.94095E-002   8.46000E+000   9.18000E+000
   9.94409E-002   8.46000E+000   9.18000E+000
   9.94723E-002   8.46000E+000   9.18000E+000
   9.95037E-002   8.46000E+000   9.18000E+000
   9.95351E-002   8.46000E+000   9.18000E+000
   9.95665E-002   8.46000E+000   9.18000E+000
   9.95979E-002   8.46000E+000   9.18000E+000
   9.96293E-002   8.46000E+000   9.18000E+000
   9.96606E-002   8.46000E+000   9.18000E+000
   9.96920E-002   8.46000E+000   9.18000E+000
   9.97234E-002   8.46000E+000   9.18000E+000
   9.97548E-002   8.46000E+000   9.18000E+000
   9.97862E-002   8.46000E+000   9.18000E+000
   9.98176E-002   8.46000E+000   9.18000E+000
   9.98490E-002   8.46000E+000   9.18000E+000
   9.98804E-002   8.46000E+000   9.18000E+000
   9.99118E-002   8.46000E+000   9.18000E+000
   9.99431E-002   8.46000E+000   9.18000E+000
   9.99745E-002   8.46000E+000   9.18000E+000
   1.00006E-001   8.46000E+000   9.18000E+000
   1.00037E-001   8.46000E+000   9.18000E+000
   1.00069E-001   8.46000E+000   9.18000E+000
   1.00100E-001   8.46000E+000   9.18000E+000
   1.00131E-001   8.46000E+000   9.18000E+000
   1.00163E-001   8.46000E+000   9.18000E+000
   1.00194E-001   8.46000E+000   9.18000E+000
   1.00226E-001   8.46000E+000   9.18000E+000
   1.00257E-001   8.46000E+000   9.18000E+000
   1.00288E-001   8.46000E+000   9.18000E+000
   1.00320E-001   8.46000E+000   9.18000E+000
   1.00351E-001   8.46000E+000   9.18000E+000
   1.00383E-001   8.46000E+000   9.18000E+000
   1.00414E-001   8.46000E+000   9.18000E+000
   1.00445E-001   8.46000E+000   9.18000E+000
   1.00477E-001   8.46000E+000   9.18000E+000
   1.00508E-001   8.46000E+000   9.18000E+000
   1.00540E-001   8.46000E+000   9.18000E+000
   1.00571E-001   8.46000E+000   9.18000E+000
   1.00602E-001   8.46000E+000   9.18000E+000
   1.00634E-001   8.46000E+000   9.18000E+000
   1.00665E-001   8.46000E+000   9.18000E+000
   1.00696E-001   8.46000E+000   9.18000E+000
   1.00728E-001   8.46000E+000   9.18000E+000
   1.00759E-001   8.46000E+000   9.18000E+000
   1.00791E-001   8.46000E+000   9.18000E+000
   1.00822E-001   8.46000E+000   9.18000E+000
   1.00853E-001   8.46000E+000   9.18000E+000
   1.00885E-001   8.46000E+000   9.18000E+000
   1.00916E-001   8.46000E+000   9.18000E+000
   1.00948E-001   8.46000E+000   9.18000E+000
   1.00979E-001   8.46000E+000   9.18000E+000
   1.01010E-001   8.46000E+000   9.18000E+000
   1.01042E-001   8.46000E+000   9.18000E+000
   1.01073E-001   8.46000E+000   9.18000E+000
   1.01105E-001   8.46000E+000   9.18000E+000
   1.01136E-001   8.46000E+000   9.18000E+000
   1.01167E-001   8.46000E+000   9.18000E+000
   1.01199E-001   8.46000E+000   9.36000E+000
   1.01230E-001   8.46000E+000   9.36000E+000
   1.01261E-001   8.46000E+000   9.36000E+000
   1.01293E-001   8.46000E+000   9.36000E+000
   1.01324E-001   8.46000E+000   9.36000E+000
   1.01356E-001   8.46000E+000   9.36000E+000
   1.01387E-001   8.46000E+000   9.36000E+000
   1.01418E-001   8.46000E+000   9.36000E+000
   1.01450E-001   8.46000E+000   9.36000E+000
   1.01481E-001   8.46000E+000   9.36000E+000
   1.01513E-001   8.46000E+000   9.36000E+000
   1.01544E-001   8.46000E+000   9.36000E+000
   1.01575E-001   8.46000E+000   9.36000E+000
   1.01607E-001   8.46000E+000   9.36000E+000
   1.01638E-001   8.46000E+000   9.36000E+000
   1.01670E-001   8.46000E+000   9.36000E+000
   1.01701E-001   8.46000E+000   9.36000E+000
   1.01732E-001   8.46000E+000   9.36000E+000
   1.01764E-001   8.46000E+000   9.36000E+000
   1.01795E-001   8.46000E+000   9.36000E+000
   1.01826E-001   8.46000E+000   9.36000E+000
   1.01858E-001   8.46000E+000   9.36000E+000
   1.01889E-001   8.46000E+000   9.36000E+000
   1.01921E-001   8.46000E+000   9.36000E+000
   1.01952E-001   8.46000E+000   9.36000E+000
   1.01983E-001   8.46000E+000   9.36000E+000
   1.02015E-001   8.46000E+000   9.36000E+000
   1.02046E-001   8.46000E+000   9.36000E+000
   1.02078E-001   8.46000E+000   9.36000E+000
   1.02109E-001   8.46000E+000   9.36000E+000
   1.02140E-001   8.46000E+000   9.36000E+000
   1.02172E-001   8.46000E+000   9.36000E+000
   1.02203E-001   8.46000E+000   9.36000E+000
   1.02235E-001   8.46000E+000   9.36000E+000
   1.02266E-001   8.46000E+000   9.36000E+000
   1.02297E-001   8.46000E+000   9.36000E+000
   1.02329E-001   8.46000E+000   9.36000E+000
   1.02360E-001   8.46000E+000   9.36000E+000
   1.02392E-001   8.46000E+000   9.36000E+000
   1.02423E-001   8.46000E+000   9.36000E+000
   1.02454E-001   8.46000E+000   9.36000E+000
   1.02486E-001   8.46000E+000   9.36000E+000
   1.02517E-001   8.46000E+000   9.36000E+000
   1.02548E-001   8.46000E+000   9.36000E+000
   1.02580E-001   8.46000E+000   9.36000E+000
   1.02611E-001   8.46000E+000   9.36000E+000
   1.02643E-001   8.46000E+000   9.36000E+000
   1.02674E-001   8.46000E+000   9.36000E+000
   1.02705E-001   8.46000E+000   9.36000E+000
   1.02737E-001   8.46000E+000   9.36000E+000
   1.02768E-001   8.46000E+000   9.36000E+000
   1.02800E-001   8.64000E+000   9.36000E+000
   1.02831E-001   8.64000E+000   9.36000E+000
   1.02862E-001   8.64000E+000   9.36000E+000
   1.02894E-001   8.64000E+000   9.36000E+000
   1.02925E-001   8.64000E+000   9.36000E+000
   1.02957E-001   8.64000E+000   9.36000E+000
   1.02988E-001   8.64000E+000   9.36000E+000
   1.03019E-001   8.64000E+000   9.36000E+000
   1.03051E-001   8.64000E+000   9.36000E+000
   1.03082E-001   8.64000E+000   9.36000E+000
   1.03113E-001   8.64000E+000   9.36000E+000
   1.03145E-001   8.64000E+000   9.36000E+000
   1.03176E-001   8.64000E+000   9.36000E+000
   1.03208E-001   8.64000E+000   9.36000E+000
   1.03239E-001   8.64000E+000   9.36000E+000
   1.03270E-001   8.64000E+000   9.36000E+000
   1.03302E-001   8.64000E+000   9.36000E+000
   1.03333E-001   8.64000E+000   9.36000E+000
   1.03365E-001   8.64000E+000   9.36000E+000
   1.03396E-001   8.64000E+000   9.36000E+000
   1.03427E-001   8.64000E+000   9.36000E+000
   1.03459E-001   8.64000E+000   9.36000E+000
   1.03490E-001   8.64000E+000   9.36000E+000
   1.03522E-001   8.64000E+000   9.36000E+000
   1.03553E-001   8.64000E+000   9.36000E+000
   1.03584E-001   8.64000E+000   9.36000E+000
   1.03616E-001   8.64000E+000   9.36000E+000
   1.03647E-001   8.64000E+000   9.36000E+000
   1.03678E-001   8.64000E+000   9.36000E+000
   1.03710E-001   8.64000E+000   9.36000E+000
   1.03741E-001   8.64000E+000   9.36000E+000
   1.03773E-001   8.64000E+000   9.36000E+000
   1.03804E-001   8.64000E+000   9.36000E+000
   1.03835E-001   8.64000E+000   9.36000E+000
   1.03867E-001   8.64000E+000   9.36000E+000
   1.03898E-001   8.64000E+000   9.36000E+000
   1.03930E-001   8.64000E+000   9.36000E+000
   1.03961E-001   8.64000E+000   9.36000E+000
   1.03992E-001   8.64000E+000   9.36000E+000
   1.04024E-001   8.64000E+000   9.36000E+000
   1.04055E-001   8.64000E+000   9.36000E+000
   1.04087E-001   8.64000E+000   9.36000E+000
   1.04118E-001   8.64000E+000   9.36000E+000
   1.04149E-001   8.64000E+000   9.36000E+000
   1.04181E-001   8.64000E+000   9.36000E+000
   1.04212E-001   8.64000E+000   9.36000E+000
   1.04243E-001   8.64000E+000   9.36000E+000
   1.04275E-001   8.64000E+000   9.36000E+000
   1.04306E-001   8.64000E+000   9.36000E+000
   1.04338E-001   8.64000E+000   9.36000E+000
   1.04369E-001   8.64000E+000   9.36000E+000
   1.04400E-001   8.64000E+000   9.36000E+000
   1.04432E-001   8.64000E+000   9.36000E+000
   1.04463E-001   8.64000E+000   9.36000E+000
   1.04495E-001   8.64000E+000   9.36000E+000
   1.04526E-001   8.64000E+000   9.36000E+000
   1.04557E-001   8.64000E+000   9.36000E+000
   1.04589E-001   8.64000E+000   9.36000E+000
   1.04620E-001   8.64000E+000   9.36000E+000
   1.04652E-001   8.64000E+000   9.36000E+000
   1.04683E-001   8.64000E+000   9.36000E+000
   1.04714E-001   8.64000E+000   9.36000E+000
   1.04746E-001   8.64000E+000   9.36000E+000
   1.04777E-001   8.64000E+000   9.36000E+000
   1.04808E-001   8.64000E+000   9.36000E+000
   1.04840E-001   8.64000E+000   9.36000E+000
   1.04871E-001   8.64000E+000   9.36000E+000
   1.04903E-001   8.64000E+000   9.36000E+000
   1.04934E-001   8.64000E+000   9.36000E+000
   1.04965E-001   8.64000E+000   9.36000E+000
   1.04997E-001   8.64000E+000   9.36000E+000
   1.05028E-001   8.64000E+000   9.36000E+000
   1.05060E-001   8.64000E+000   9.36000E+000
   1.05091E-001   8.64000E+000   9.54000E+000
   1.05122E-001   8.64000E+000   9.54000E+000
   1.05154E-001   8.64000E+000   9.54000E+000
   1.05185E-001   8.64000E+000   9.54000E+000
   1.05217E-001   8.64000E+000   9.54000E+000
   1.05248E-001   8.64000E+000   9.54000E+000
   1.05279E-001   8.64000E+000   9.54000E+000
   1.05311E-001   8.64000E+000   9.54000E+000
   1.05342E-001   8.64000E+000   9.54000E+000
   1.05373E-001   8.64000E+000   9.54000E+000
   1.05405E-001   8.64000E+000   9.54000E+000
   1.05436E-001   8.64000E+000   9.54000E+000
   1.05468E-001   8.64000E+000   9.54000E+000
   1.05499E-001   8.64000E+000   9.54000E+000
   1.05530E-001   8.64000E+000   9.54000E+000
   1.05562E-001   8.64000E+000   9.54000E+000
   1.05593E-001   8.64000E+000   9.54000E+000
   1.05625E-001   8.64000E+000   9.54000E+000
   1.05656E-001   8.64000E+000   9.54000E+000
   1.05687E-001   8.64000E+000   9.54000E+000
   1.05719E-001   8.64000E+000   9.54000E+000
   1.05750E-001   8.64000E+000   9.54000E+000
   1.05782E-001   8.64000E+000   9.54000E+000
   1.05813E-001   8.64000E+000   9.54000E+000
   1.05844E-001   8.64000E+000   9.54000E+000
   1.05876E-001   8.64000E+000   9.54000E+000
   1.05907E-001   8.64000E+000   9.54000E+000
   1.05938E-001   8.64000E+000   9.54000E+000
   1.05970E-001   8.64000E+000   9.54000E+000
   1.06001E-001   8.64000E+000   9.54000E+000
   1.06033E-001   8.64000E+000   9.54000E+000
   1.06064E-001   8.64000E+000   9.54000E+000
   1.06095E-001   8.64000E+000   9.54000E+000
   1.06127E-001   8.64000E+000   9.54000E+000
   1.06158E-001   8.64000E+000   9.54000E+000
   1.06190E-001   8.64000E+000   9.54000E+000
   1.06221E-001   8.64000E+000   9.54000E+000
   1.06252E-001   8.64000E+000   9.54000E+000
   1.06284E-001   8.64000E+000   9.54000E+000
   1.06315E-001   8.64000E+000   9.54000E+000
   1.06347E-001   8.64000E+000   9.54000E+000
   1.06378E-001   8.64000E+000   9.54000E+000
   1.06409E-001   8.64000E+000   9.54000E+000
   1.06441E-001   8.64000E+000   9.54000E+000
   1.06472E-001   8.64000E+000   9.54000E+000
   1.06503E-001   8.64000E+000   9.54000E+000
   1.06535E-001   8.64000E+000   9.54000E+000
   1.06566E-001   8.64000E+000   9.54000E+000
   1.06598E-001   8.64000E+000   9.54000E+000
   1.06629E-001   8.64000E+000   9.54000E+000
   1.06660E-001   8.64000E+000   9.54000E+000
   1.06692E-001   8.64000E+000   9.54000E+000
   1.06723E-001   8.64000E+000   9.54000E+000
   1.06755E-001   8.64000E+000   9.54000E+000
   1.06786E-001   8.64000E+000   9.54000E+000
   1.06817E-001   8.64000E+000   9.54000E+000
   1.06849E-001   8.64000E+000   9.54000E+000
   1.06880E-001   8.64000E+000   9.54000E+000
   1.06912E-001   8.64000E+000   9.54000E+000
   1.06943E-001   8.64000E+000   9.54000E+000
   1.06974E-001   8.64000E+000   9.54000E+000
   1.07006E-001   8.64000E+000   9.54000E+000
   1.07037E-001   8.64000E+000   9.54000E+000
   1.07068E-001   8.64000E+000   9.54000E+000
   1.07100E-001   8.64000E+000   9.54000E+000
   1.07131E-001   8.64000E+000   9.54000E+000
   1.07163E-001   8.64000E+000   9.54000E+000
   1.07194E-001   8.64000E+000   9.54000E+000
   1.07225E-001   8.64000E+000   9.54000E+000
   1.07257E-001   8.64000E+000   9.54000E+000
   1.07288E-001   8.64000E+000   9.54000E+000
   1.07320E-001   8.64000E+000   9.54000E+000
   1.07351E-001   8.64000E+000   9.54000E+000
   1.07382E-001   8.64000E+000   9.54000E+000
   1.07414E-001   8.64000E+000   9.54000E+000
   1.07445E-001   8.64000E+000   9.54000E+000
   1.07477E-001   8.64000E+000   9.54000E+000
   1.07508E-001   8.64000E+000   9.54000E+000
   1.07539E-001   8.64000E+000   9.54000E+000
   1.07571E-001   8.64000E+000   9.54000E+000
   1.07602E-001   8.64000E+000   9.54000E+000
   1.07633E-001   8.64000E+000   9.54000E+000
   1.07665E-001   8.64000E+000   9.54000E+000
   1.07696E-001   8.64000E+000   9.54000E+000
   1.07728E-001   8.64000E+000   9.54000E+000
   1.07759E-001   8.64000E+000   9.54000E+000
   1.07790E-001   8.64000E+000   9.54000E+000
   1.07822E-001   8.64000E+000   9.54000E+000
   1.07853E-001   8.64000E+000   9.54000E+000
   1.07885E-001   8.82000E+000   9.54000E+000
   1.07916E-001   8.82000E+000   9.54000E+000
   1.07947E-001   8.82000E+000   9.54000E+000
   1.07979E-001   8.82000E+000   9.54000E+000
   1.08010E-001   8.82000E+000   9.54000E+000
   1.08042E-001   8.82000E+000   9.54000E+000
   1.08073E-001   8.82000E+000   9.54000E+000
   1.08104E-001   8.82000E+000   9.54000E+000
   1.08136E-001   8.82000E+000   9.54000E+000
   1.08167E-001   8.82000E+000   9.54000E+000
   1.08199E-001   8.82000E+000   9.54000E+000
   1.08230E-001   8.82000E+000   9.54000E+000
   1.08261E-001   8.82000E+000   9.54000E+000
   1.08293E-001   8.82000E+000   9.54000E+000
   1.08324E-001   8.82000E+000   9.54000E+000
   1.08355E-001   8.82000E+000   9.54000E+000
   1.08387E-001   8.82000E+000   9.54000E+000
   1.08418E-001   8.82000E+000   9.54000E+000
   1.08450E-001   8.82000E+000   9.54000E+000
   1.08481E-001   8.82000E+000   9.54000E+000
   1.08512E-001   8.82000E+000   9.54000E+000
   1.08544E-001   8.82000E+000   9.54000E+000
   1.08575E-001   8.82000E+000   9.54000E+000
   1.08607E-001   8.82000E+000   9.54000E+000
   1.08638E-001   8.82000E+000   9.54000E+000
   1.08669E-001   8.82000E+000   9.54000E+000
   1.08701E-001   8.82000E+000   9.54000E+000
   1.08732E-001   8.82000E+000   9.54000E+000
   1.08764E-001   8.82000E+000   9.54000E+000
   1.08795E-001   8.82000E+000   9.54000E+000
   1.08826E-001   8.82000E+000   9.54000E+000
   1.08858E-001   8.82000E+000   9.54000E+000
   1.08889E-001   8.82000E+000   9.54000E+000
   1.08920E-001   8.82000E+000   9.54000E+000
   1.08952E-001   8.82000E+000   9.54000E+000
   1.08983E-001   8.82000E+000   9.54000E+000
   1.09015E-001   8.82000E+000   9.54000E+000
   1.09046E-001   8.82000E+000   9.54000E+000
   1.09077E-001   8.82000E+000   9.72000E+000
   1.09109E-001   8.82000E+000   9.72000E+000
   1.09140E-001   8.82000E+000   9.72000E+000
   1.09172E-001   8.82000E+000   9.72000E+000
   1.09203E-001   8.82000E+000   9.72000E+000
   1.09234E-001   8.82000E+000   9.72000E+000
   1.09266E-001   8.82000E+000   9.72000E+000
   1.09297E-001   8.82000E+000   9.72000E+000
   1.09329E-001   8.82000E+000   9.72000E+000
   1.09360E-001   8.82000E+000   9.72000E+000
   1.09391E-001   8.82000E+000   9.72000E+000
   1.09423E-001   8.82000E+000   9.72000E+000
   1.09454E-001   8.82000E+000   9.72000E+000
   1.09485E-001   8.82000E+000   9.72000E+000
   1.09517E-001   8.82000E+000   9.72000E+000
   1.09548E-001   8.82000E+000   9.72000E+000
   1.09580E-001   8.82000E+000   9.72000E+000
   1.09611E-001   8.82000E+000   9.72000E+000
   1.09642E-001   8.82000E+000   9.72000E+000
   1.09674E-001   8.82000E+000   9.72000E+000
   1.09705E-001   8.82000E+000   9.72000E+000
   1.09737E-001   8.82000E+000   9.72000E+000
   1.09768E-001   8.82000E+000   9.72000E+000
   1.09799E-001   8.82000E+000   9.72000E+000
   1.09831E-001   8.82000E+000   9.72000E+000
   1.09862E-001   8.82000E+000   9.72000E+000
   1.09894E-001   8.82000E+000   9.72000E+000
   1.09925E-001   8.82000E+000   9.72000E+000
   1.09956E-001   8.82000E+000   9.72000E+000
   1.09988E-001   8.82000E+000   9.72000E+000
   1.10019E-001   8.82000E+000   9.72000E+000
   1.10050E-001   8.82000E+000   9.72000E+000
   1.10082E-001   8.82000E+000   9.72000E+000
   1.10113E-001   8.82000E+000   9.72000E+000
   1.10145E-001   8.82000E+000   9.72000E+000
   1.10176E-001   8.82000E+000   9.72000E+000
   1.10207E-001   8.82000E+000   9.72000E+000
   1.10239E-001   8.82000E+000   9.72000E+000
   1.10270E-001   8.82000E+000   9.72000E+000
   1.10302E-001   8.82000E+000   9.72000E+000
   1.10333E-001   8.82000E+000   9.72000E+000
   1.10364E-001   8.82000E+000   9.72000E+000
   1.10396E-001   8.82000E+000   9.72000E+000
   1.10427E-001   8.82000E+000   9.72000E+000
   1.10459E-001   8.82000E+000   9.72000E+000
   1.10490E-001   8.82000E+000   9.72000E+000
   1.10521E-001   8.82000E+000   9.72000E+000
   1.10553E-001   8.82000E+000   9.72000E+000
   1.10584E-001   8.82000E+000   9.72000E+000
   1.10615E-001   8.82000E+000   9.72000E+000
   1.10647E-001   8.82000E+000   9.72000E+000
   1.10678E-001   8.82000E+000   9.72000E+000
   1.10710E-001   8.82000E+000   9.72000E+000
   1.10741E-001   8.82000E+000   9.72000E+000
   1.10772E-001   8.82000E+000   9.72000E+000
   1.10804E-001   8.82000E+000   9.72000E+000
   1.10835E-001   8.82000E+000   9.72000E+000
   1.10867E-001   8.82000E+000   9.72000E+000
   1.10898E-001   8.82000E+000   9.72000E+000
   1.10929E-001   8.82000E+000   9.72000E+000
   1.10961E-001   8.82000E+000   9.72000E+000
   1.10992E-001   8.82000E+000   9.72000E+000
   1.11024E-001   8.82000E+000   9.72000E+000
   1.11055E-001   8.82000E+000   9.72000E+000
   1.11086E-001   8.82000E+000   9.72000E+000
   1.11118E-001   8.82000E+000   9.72000E+000
   1.11149E-001   8.82000E+000   9.72000E+000
   1.11180E-001   8.82000E+000   9.72000E+000
   1.11212E-001   8.82000E+000   9.72000E+000
   1.11243E-001   8.82000E+000   9.72000E+000
   1.11275E-001   8.82000E+000   9.72000E+000
   1.11306E-001   8.82000E+000   9.72000E+000
   1.11337E-001   8.82000E+000   9.72000E+000
   1.11369E-001   8.82000E+000   9.72000E+000
   1.11400E-001   8.82000E+000   9.72000E+000
   1.11432E-001   8.82000E+000   9.72000E+000
   1.11463E-001   8.82000E+000   9.72000E+000
   1.11494E-001   8.82000E+000   9.72000E+000
   1.11526E-001   8.82000E+000   9.72000E+000
   1.11557E-001   8.82000E+000   9.72000E+000
   1.11589E-001   8.82000E+000   9.72000E+000
   1.11620E-001   8.82000E+000   9.72000E+000
   1.11651E-001   8.82000E+000   9.72000E+000
   1.11683E-001   8.82000E+000   9.72000E+000
   1.11714E-001   8.82000E+000   9.72000E+000
   1.11745E-001   8.82000E+000   9.72000E+000
   1.11777E-001   8.82000E+000   9.72000E+000
   1.11808E-001   8.82000E+000   9.72000E+000
   1.11840E-001   8.82000E+000   9.72000E+000
   1.11871E-001   8.82000E+000   9.72000E+000
   1.11902E-001   8.82000E+000   9.72000E+000
   1.11934E-001   8.82000E+000   9.72000E+000
   1.11965E-001   8.82000E+000   9.72000E+000
   1.11997E-001   8.82000E+000   9.72000E+000
   1.12028E-001   8.82000E+000   9.72000E+000
   1.12059E-001   8.82000E+000   9.72000E+000
   1.12091E-001   8.82000E+000   9.72000E+000
   1.12122E-001   8.82000E+000   9.72000E+000
   1.12154E-001   8.82000E+000   9.72000E+000
   1.12185E-001   8.82000E+000   9.72000E+000
   1.12216E-001   8.82000E+000   9.72000E+000
   1.12248E-001   8.82000E+000   9.72000E+000
   1.12279E-001   8.82000E+000   9.72000E+000
   1.12310E-001   8.82000E+000   9.72000E+000
   1.12342E-001   8.82000E+000   9.72000E+000
   1.12373E-001   8.82000E+000   9.72000E+000
   1.12405E-001   8.82000E+000   9.72000E+000
   1.12436E-001   8.82000E+000   9.72000E+000
   1.12467E-001   8.82000E+000   9.72000E+000
   1.12499E-001   8.82000E+000   9.72000E+000
   1.12530E-001   8.82000E+000   9.72000E+000
   1.12562E-001   8.82000E+000   9.72000E+000
   1.12593E-001   8.82000E+000   9.72000E+000
   1.12624E-001   8.82000E+000   9.72000E+000
   1.12656E-001   8.82000E+000   9.72000E+000
   1.12687E-001   8.82000E+000   9.72000E+000
   1.12719E-001   8.82000E+000   9.72000E+000
   1.12750E-001   8.82000E+000   9.72000E+000
   1.12781E-001   8.82000E+000   9.72000E+000
   1.12813E-001   8.82000E+000   9.72000E+000
   1.12844E-001   8.82000E+000   9.72000E+000
   1.12875E-001   8.82000E+000   9.72000E+000
   1.12907E-001   8.82000E+000   9.72000E+000
   1.12938E-001   8.82000E+000   9.72000E+000
   1.12970E-001   8.82000E+000   9.72000E+000
   1.13001E-001   8.82000E+000   9.72000E+000
   1.13032E-001   8.82000E+000   9.72000E+000
   1.13064E-001   8.82000E+000   9.72000E+000
   1.13095E-001   9.00000E+000   9.72000E+000
   1.13127E-001   9.00000E+000   9.72000E+000
   1.13158E-001   9.00000E+000   9.90000E+000
   1.13189E-001   9.00000E+000   9.90000E+000
   1.13221E-001   9.00000E+000   9.90000E+000
   1.13252E-001   9.00000E+000   9.90000E+000
   1.13284E-001   9.00000E+000   9.90000E+000
   1.13315E-001   9.00000E+000   9.90000E+000
   1.13346E-001   9.00000E+000   9.90000E+000
   1.13378E-001   9.00000E+000   9.90000E+000
   1.13409E-001   9.00000E+000   9.90000E+000
   1.13440E-001   9.00000E+000   9.90000E+000
   1.13472E-001   9.00000E+000   9.90000E+000
   1.13503E-001   9.00000E+000   9.90000E+000
   1.13535E-001   9.00000E+000   9.90000E+000
   1.13566E-001   9.00000E+000   9.90000E+000
   1.13597E-001   9.00000E+000   9.90000E+000
   1.13629E-001   9.00000E+000   9.90000E+000
   1.13660E-001   9.00000E+000   9.90000E+000
   1.13692E-001   9.00000E+000   9.90000E+000
   1.13723E-001   9.00000E+000   9.90000E+000
   1.13754E-001   9.00000E+000   9.90000E+000
   1.13786E-001   9.00000E+000   9.90000E+000
   1.13817E-001   9.00000E+000   9.90000E+000
   1.13849E-001   9.00000E+000   9.90000E+000
   1.13880E-001   9.00000E+000   9.90000E+000
   1.13911E-001   9.00000E+000   9.90000E+000
   1.13943E-001   9.00000E+000   9.90000E+000
   1.13974E-001   9.00000E+000   9.90000E+000
   1.14005E-001   9.00000E+000   9.90000E+000
   1.14037E-001   9.00000E+000   9.90000E+000
   1.14068E-001   9.00000E+000   9.90000E+000
   1.14100E-001   9.00000E+000   9.90000E+000
   1.14131E-001   9.00000E+000   9.90000E+000
   1.14162E-001   9.00000E+000   9.90000E+000
   1.14194E-001   9.00000E+000   9.90000E+000
   1.14225E-001   9.00000E+000   9.90000E+000
   1.14257E-001   9.00000E+000   9.90000E+000
   1.14288E-001   9.00000E+000   9.90000E+000
   1.14319E-001   9.00000E+000   9.90000E+000
   1.14351E-001   9.00000E+000   9.90000E+000
   1.14382E-001   9.00000E+000   9.90000E+000
   1.14414E-001   9.00000E+000   9.90000E+000
   1.14445E-001   9.00000E+000   9.90000E+000
   1.14476E-001   9.00000E+000   9.90000E+000
   1.14508E-001   9.00000E+000   9.90000E+000
   1.14539E-001   9.00000E+000   9.90000E+000
   1.14571E-001   9.00000E+000   9.90000E+000
   1.14602E-001   9.00000E+000   9.90000E+000
   1.14633E-001   9.00000E+000   9.90000E+000
   1.14665E-001   9.00000E+000   9.90000E+000
   1.14696E-001   9.00000E+000   9.90000E+000
   1.14727E-001   9.00000E+000   9.90000E+000
   1.14759E-001   9.00000E+000   9.90000E+000
   1.14790E-001   9.00000E+000   9.90000E+000
   1.14822E-001   9.00000E+000   9.90000E+000
   1.14853E-001   9.00000E+000   9.90000E+000
   1.14884E-001   9.00000E+000   9.90000E+000
   1.14916E-001   9.00000E+000   9.90000E+000
   1.14947E-001   9.00000E+000   9.90000E+000
   1.14979E-001   9.00000E+000   9.90000E+000
   1.15010E-001   9.00000E+000   9.90000E+000
   1.15041E-001   9.00000E+000   9.90000E+000
   1.15073E-001   9.00000E+000   9.90000E+000
   1.15104E-001   9.00000E+000   9.90000E+000
   1.15136E-001   9.00000E+000   9.90000E+000
   1.15167E-001   9.00000E+000   9.90000E+000
   1.15198E-001   9.00000E+000   9.90000E+000
   1.15230E-001   9.00000E+000   9.90000E+000
   1.15261E-001   9.00000E+000   9.90000E+000
   1.15292E-001   9.00000E+000   9.90000E+000
   1.15324E-001   9.00000E+000   9.90000E+000
   1.15355E-001   9.00000E+000   9.90000E+000
   1.15387E-001   9.00000E+000   9.90000E+000
   1.15418E-001   9.00000E+000   9.90000E+000
   1.15449E-001   9.00000E+000   9.90000E+000
   1.15481E-001   9.00000E+000   9.90000E+000
   1.15512E-001   9.00000E+000   9.90000E+000
   1.15544E-001   9.00000E+000   9.90000E+000
   1.15575E-001   9.00000E+000   9.90000E+000
   1.15606E-001   9.00000E+000   9.90000E+000
   1.15638E-001   9.00000E+000   9.90000E+000
   1.15669E-001   9.00000E+000   9.90000E+000
   1.15701E-001   9.00000E+000   9.90000E+000
   1.15732E-001   9.00000E+000   9.90000E+000
   1.15763E-001   9.00000E+000   9.90000E+000
   1.15795E-001   9.00000E+000   9.90000E+000
   1.15826E-001   9.00000E+000   9.90000E+000
   1.15857E-001   9.00000E+000   9.90000E+000
   1.15889E-001   9.00000E+000   9.90000E+000
   1.15920E-001   9.00000E+000   9.90000E+000
   1.15952E-001   9.00000E+000   9.90000E+000
   1.15983E-001   9.00000E+000   9.90000E+000
   1.16014E-001   9.00000E+000   9.90000E+000
   1.16046E-001   9.00000E+000   9.90000E+000
   1.16077E-001   9.00000E+000   9.90000E+000
   1.16109E-001   9.00000E+000   9.90000E+000
   1.16140E-001   9.00000E+000   9.90000E+000
   1.16171E-001   9.00000E+000   9.90000E+000
   1.16203E-001   9.00000E+000   9.90000E+000
   1.16234E-001   9.00000E+000   9.90000E+000
   1.16266E-001   9.00000E+000   9.90000E+000
   1.16297E-001   9.00000E+000   9.90000E+000
   1.16328E-001   9.00000E+000   9.90000E+000
   1.16360E-001   9.00000E+000   9.90000E+000
   1.16391E-001   9.00000E+000   9.90000E+000
   1.16422E-001   9.00000E+000   9.90000E+000
   1.16454E-001   9.00000E+000   9.90000E+000
   1.16485E-001   9.00000E+000   9.90000E+000
   1.16517E-001   9.00000E+000   9.90000E+000
   1.16548E-001   9.00000E+000   9.90000E+000
   1.16579E-001   9.00000E+000   9.90000E+000
   1.16611E-001   9.00000E+000   9.90000E+000
   1.16642E-001   9.00000E+000   9.90000E+000
   1.16674E-001   9.00000E+000   9.90000E+000
   1.16705E-001   9.00000E+000   9.90000E+000
   1.16736E-001   9.00000E+000   9.90000E+000
   1.16768E-001   9.00000E+000   9.90000E+000
   1.16799E-001   9.00000E+000   9.90000E+000
   1.16831E-001   9.00000E+000   9.90000E+000
   1.16862E-001   9.00000E+000   9.90000E+000
   1.16893E-001   9.00000E+000   9.90000E+000
   1.16925E-001   9.00000E+000   9.90000E+000
   1.16956E-001   9.00000E+000   9.90000E+000
   1.16987E-001   9.00000E+000   9.90000E+000
   1.17019E-001   9.00000E+000   9.90000E+000
   1.17050E-001   9.00000E+000   9.90000E+000
   1.17082E-001   9.00000E+000   9.90000E+000
   1.17113E-001   9.00000E+000   9.90000E+000
   1.17144E-001   9.00000E+000   9.90000E+000
   1.17176E-001   9.00000E+000   9.90000E+000
   1.17207E-001   9.00000E+000   9.90000E+000
   1.17239E-001   9.00000E+000   9.90000E+000
   1.17270E-001   9.00000E+000   9.90000E+000
   1.17301E-001   9.00000E+000   1.00800E+001
   1.17333E-001   9.00000E+000   1.00800E+001
   1.17364E-001   9.00000E+000   1.00800E+001
   1.17396E-001   9.00000E+000   1.00800E+001
   1.17427E-001   9.00000E+000   1.00800E+001
   1.17458E-001   9.00000E+000   1.00800E+001
   1.17490E-001   9.00000E+000   1.00800E+001
   1.17521E-001   9.00000E+000   1.00800E+001
   1.17552E-001   9.00000E+000   1.00800E+001
   1.17584E-001   9.00000E+000   1.00800E+001
   1.17615E-001   9.00000E+000   1.00800E+001
   1.17647E-001   9.00000E+000   1.00800E+001
   1.17678E-001   9.00000E+000   1.00800E+001
   1.17709E-001   9.00000E+000   1.00800E+001
   1.17741E-001   9.00000E+000   1.00800E+001
   1.17772E-001   9.00000E+000   1.00800E+001
   1.17804E-001   9.00000E+000   1.00800E+001
   1.17835E-001   9.00000E+000   1.00800E+001
   1.17866E-001   9.00000E+000   1.00800E+001
   1.17898E-001   9.00000E+000   1.00800E+001
   1.17929E-001   9.00000E+000   1.00800E+001
   1.17961E-001   9.00000E+000   1.00800E+001
   1.17992E-001   9.00000E+000   1.00800E+001
   1.18023E-001   9.00000E+000   1.00800E+001
   1.18055E-001   9.00000E+000   1.00800E+001
   1.18086E-001   9.00000E+000   1.00800E+001
   1.18117E-001   9.00000E+000   1.00800E+001
   1.18149E-001   9.00000E+000   1.00800E+001
   1.18180E-001   9.00000E+000   1.00800E+001
   1.18212E-001   9.00000E+000   1.00800E+001
   1.18243E-001   9.00000E+000   1.00800E+001
   1.18274E-001   9.00000E+000   1.00800E+001
   1.18306E-001   9.00000E+000   1.00800E+001
   1.18337E-001   9.00000E+000   1.00800E+001
   1.18369E-001   9.00000E+000   1.00800E+001
   1.18400E-001   9.00000E+000   1.00800E+001
   1.18431E-001   9.00000E+000   1.00800E+001
   1.18463E-001   9.00000E+000   1.00800E+001
   1.18494E-001   9.18000E+000   1.00800E+001
   1.18526E-001   9.18000E+000   1.00800E+001
   1.18557E-001   9.18000E+000   1.00800E+001
   1.18588E-001   9.18000E+000   1.00800E+001
   1.18620E-001   9.18000E+000   1.00800E+001
   1.18651E-001   9.18000E+000   1.00800E+001
   1.18682E-001   9.18000E+000   1.00800E+001
   1.18714E-001   9.18000E+000   1.00800E+001
   1.18745E-001   9.18000E+000   1.00800E+001
   1.18777E-001   9.18000E+000   1.00800E+001
   1.18808E-001   9.18000E+000   1.00800E+001
   1.18839E-001   9.18000E+000   1.00800E+001
   1.18871E-001   9.18000E+000   1.00800E+001
   1.18902E-001   9.18000E+000   1.00800E+001
   1.18934E-001   9.18000E+000   1.00800E+001
   1.18965E-001   9.18000E+000   1.00800E+001
   1.18996E-001   9.18000E+000   1.00800E+001
   1.19028E-001   9.18000E+000   1.00800E+001
   1.19059E-001   9.18000E+000   1.00800E+001
   1.19091E-001   9.18000E+000   1.00800E+001
   1.19122E-001   9.18000E+000   1.00800E+001
   1.19153E-001   9.18000E+000   1.00800E+001
   1.19185E-001   9.18000E+000   1.00800E+001
   1.19216E-001   9.18000E+000   1.00800E+001
   1.19247E-001   9.18000E+000   1.00800E+001
   1.19279E-001   9.18000E+000   1.00800E+001
   1.19310E-001   9.18000E+000   1.00800E+001
   1.19342E-001   9.18000E+000   1.00800E+001
   1.19373E-001   9.18000E+000   1.00800E+001
   1.19404E-001   9.18000E+000   1.00800E+001
   1.19436E-001   9.18000E+000   1.00800E+001
   1.19467E-001   9.18000E+000   1.00800E+001
   1.19499E-001   9.18000E+000   1.00800E+001
   1.19530E-001   9.18000E+000   1.00800E+001
   1.19561E-001   9.18000E+000   1.00800E+001
   1.19593E-001   9.18000E+000   1.00800E+001
   1.19624E-001   9.18000E+000   1.00800E+001
   1.19656E-001   9.18000E+000   1.00800E+001
   1.19687E-001   9.18000E+000   1.00800E+001
   1.19718E-001   9.18000E+000   1.00800E+001
   1.19750E-001   9.18000E+000   1.00800E+001
   1.19781E-001   9.18000E+000   1.00800E+001
   1.19812E-001   9.18000E+000   1.00800E+001
   1.19844E-001   9.18000E+000   1.00800E+001
   1.19875E-001   9.18000E+000   1.00800E+001
   1.19907E-001   9.18000E+000   1.00800E+001
   1.19938E-001   9.18000E+000   1.00800E+001
   1.19969E-001   9.18000E+000   1.00800E+001
   1.20001E-001   9.18000E+000   1.00800E+001
   1.20032E-001   9.18000E+000   1.00800E+001
   1.20064E-001   9.18000E+000   1.00800E+001
   1.20095E-001   9.18000E+000   1.00800E+001
   1.20126E-001   9.18000E+000   1.00800E+001
   1.20158E-001   9.18000E+000   1.00800E+001
   1.20189E-001   9.18000E+000   1.00800E+001
   1.20221E-001   9.18000E+000   1.00800E+001
   1.20252E-001   9.18000E+000   1.00800E+001
   1.20283E-001   9.18000E+000   1.00800E+001
   1.20315E-001   9.18000E+000   1.00800E+001
   1.20346E-001   9.18000E+000   1.00800E+001
   1.20378E-001   9.18000E+000   1.00800E+001
   1.20409E-001   9.18000E+000   1.00800E+001
   1.20440E-001   9.18000E+000   1.00800E+001
   1.20472E-001   9.18000E+000   1.00800E+001
   1.20503E-001   9.18000E+000   1.00800E+001
   1.20534E-001   9.18000E+000   1.00800E+001
   1.20566E-001   9.18000E+000   1.00800E+001
   1.20597E-001   9.18000E+000   1.00800E+001
   1.20629E-001   9.18000E+000   1.00800E+001
   1.20660E-001   9.18000E+000   1.00800E+001
   1.20691E-001   9.18000E+000   1.00800E+001
   1.20723E-001   9.18000E+000   1.00800E+001
   1.20754E-001   9.18000E+000   1.00800E+001
   1.20786E-001   9.18000E+000   1.00800E+001
   1.20817E-001   9.18000E+000   1.00800E+001
   1.20848E-001   9.18000E+000   1.00800E+001
   1.20880E-001   9.18000E+000   1.00800E+001
   1.20911E-001   9.18000E+000   1.00800E+001
   1.20943E-001   9.18000E+000   1.00800E+001
   1.20974E-001   9.18000E+000   1.00800E+001
   1.21005E-001   9.18000E+000   1.00800E+001
   1.21037E-001   9.18000E+000   1.00800E+001
   1.21068E-001   9.18000E+000   1.00800E+001
   1.21099E-001   9.18000E+000   1.00800E+001
   1.21131E-001   9.18000E+000   1.00800E+001
   1.21162E-001   9.18000E+000   1.00800E+001
   1.21194E-001   9.18000E+000   1.00800E+001
   1.21225E-001   9.18000E+000   1.00800E+001
   1.21256E-001   9.18000E+000   1.00800E+001
   1.21288E-001   9.18000E+000   1.00800E+001
   1.21319E-001   9.18000E+000   1.00800E+001
   1.21351E-001   9.18000E+000   1.00800E+001
   1.21382E-001   9.18000E+000   1.00800E+001
   1.21413E-001   9.18000E+000   1.00800E+001
   1.21445E-001   9.18000E+000   1.00800E+001
   1.21476E-001   9.18000E+000   1.00800E+001
   1.21508E-001   9.18000E+000   1.02600E+001
   1.21539E-001   9.18000E+000   1.02600E+001
   1.21570E-001   9.18000E+000   1.02600E+001
   1.21602E-001   9.18000E+000   1.02600E+001
   1.21633E-001   9.18000E+000   1.02600E+001
   1.21664E-001   9.18000E+000   1.02600E+001
   1.21696E-001   9.18000E+000   1.02600E+001
   1.21727E-001   9.18000E+000   1.02600E+001
   1.21759E-001   9.18000E+000   1.02600E+001
   1.21790E-001   9.18000E+000   1.02600E+001
   1.21821E-001   9.18000E+000   1.02600E+001
   1.21853E-001   9.18000E+000   1.02600E+001
   1.21884E-001   9.18000E+000   1.02600E+001
   1.21916E-001   9.18000E+000   1.02600E+001
   1.21947E-001   9.18000E+000   1.02600E+001
   1.21978E-001   9.18000E+000   1.02600E+001
   1.22010E-001   9.18000E+000   1.02600E+001
   1.22041E-001   9.18000E+000   1.02600E+001
   1.22073E-001   9.18000E+000   1.02600E+001
   1.22104E-001   9.18000E+000   1.02600E+001
   1.22135E-001   9.18000E+000   1.02600E+001
   1.22167E-001   9.18000E+000   1.02600E+001
   1.22198E-001   9.18000E+000   1.02600E+001
   1.22229E-001   9.18000E+000   1.02600E+001
   1.22261E-001   9.18000E+000   1.02600E+001
   1.22292E-001   9.18000E+000   1.02600E+001
   1.22324E-001   9.18000E+000   1.02600E+001
   1.22355E-001   9.18000E+000   1.02600E+001
   1.22386E-001   9.18000E+000   1.02600E+001
   1.22418E-001   9.18000E+000   1.02600E+001
   1.22449E-001   9.18000E+000   1.02600E+001
   1.22481E-001   9.18000E+000   1.02600E+001
   1.22512E-001   9.18000E+000   1.02600E+001
   1.22543E-001   9.18000E+000   1.02600E+001
   1.22575E-001   9.18000E+000   1.02600E+001
   1.22606E-001   9.18000E+000   1.02600E+001
   1.22638E-001   9.18000E+000   1.02600E+001
   1.22669E-001   9.18000E+000   1.02600E+001
   1.22700E-001   9.18000E+000   1.02600E+001
   1.22732E-001   9.18000E+000   1.02600E+001
   1.22763E-001   9.18000E+000   1.02600E+001
   1.22794E-001   9.18000E+000   1.02600E+001
   1.22826E-001   9.18000E+000   1.02600E+001
   1.22857E-001   9.18000E+000   1.02600E+001
   1.22889E-001   9.18000E+000   1.02600E+001
   1.22920E-001   9.18000E+000   1.02600E+001
   1.22951E-001   9.18000E+000   1.02600E+001
   1.22983E-001   9.18000E+000   1.02600E+001
   1.23014E-001   9.18000E+000   1.02600E+001
   1.23046E-001   9.18000E+000   1.02600E+001
   1.23077E-001   9.18000E+000   1.02600E+001
   1.23108E-001   9.18000E+000   1.02600E+001
   1.23140E-001   9.18000E+000   1.02600E+001
   1.23171E-001   9.18000E+000   1.02600E+001
   1.23203E-001   9.18000E+000   1.02600E+001
   1.23234E-001   9.18000E+000   1.02600E+001
   1.23265E-001   9.18000E+000   1.02600E+001
   1.23297E-001   9.18000E+000   1.02600E+001
   1.23328E-001   9.18000E+000   1.02600E+001
   1.23359E-001   9.18000E+000   1.02600E+001
   1.23391E-001   9.18000E+000   1.02600E+001
   1.23422E-001   9.18000E+000   1.02600E+001
   1.23454E-001   9.18000E+000   1.02600E+001
   1.23485E-001   9.18000E+000   1.02600E+001
   1.23516E-001   9.18000E+000   1.02600E+001
   1.23548E-001   9.18000E+000   1.02600E+001
   1.23579E-001   9.18000E+000   1.02600E+001
   1.23611E-001   9.18000E+000   1.02600E+001
   1.23642E-001   9.18000E+000   1.02600E+001
   1.23673E-001   9.18000E+000   1.02600E+001
   1.23705E-001   9.18000E+000   1.02600E+001
   1.23736E-001   9.18000E+000   1.02600E+001
   1.23768E-001   9.18000E+000   1.02600E+001
   1.23799E-001   9.18000E+000   1.02600E+001
   1.23830E-001   9.18000E+000   1.02600E+001
   1.23862E-001   9.18000E+000   1.02600E+001
   1.23893E-001   9.18000E+000   1.02600E+001
   1.23924E-001   9.18000E+000   1.02600E+001
   1.23956E-001   9.18000E+000   1.02600E+001
   1.23987E-001   9.36000E+000   1.02600E+001
   1.24019E-001   9.36000E+000   1.02600E+001
   1.24050E-001   9.36000E+000   1.02600E+001
   1.24081E-001   9.36000E+000   1.02600E+001
   1.24113E-001   9.36000E+000   1.02600E+001
   1.24144E-001   9.36000E+000   1.02600E+001
   1.24176E-001   9.36000E+000   1.02600E+001
   1.24207E-001   9.36000E+000   1.02600E+001
   1.24238E-001   9.36000E+000   1.02600E+001
   1.24270E-001   9.36000E+000   1.02600E+001
   1.24301E-001   9.36000E+000   1.02600E+001
   1.24333E-001   9.36000E+000   1.02600E+001
   1.24364E-001   9.36000E+000   1.02600E+001
   1.24395E-001   9.36000E+000   1.02600E+001
   1.24427E-001   9.36000E+000   1.02600E+001
   1.24458E-001   9.36000E+000   1.02600E+001
   1.24489E-001   9.36000E+000   1.02600E+001
   1.24521E-001   9.36000E+000   1.02600E+001
   1.24552E-001   9.36000E+000   1.02600E+001
   1.24584E-001   9.36000E+000   1.02600E+001
   1.24615E-001   9.36000E+000   1.02600E+001
   1.24646E-001   9.36000E+000   1.02600E+001
   1.24678E-001   9.36000E+000   1.02600E+001
   1.24709E-001   9.36000E+000   1.02600E+001
   1.24741E-001   9.36000E+000   1.02600E+001
   1.24772E-001   9.36000E+000   1.02600E+001
   1.24803E-001   9.36000E+000   1.02600E+001
   1.24835E-001   9.36000E+000   1.02600E+001
   1.24866E-001   9.36000E+000   1.02600E+001
   1.24898E-001   9.36000E+000   1.02600E+001
   1.24929E-001   9.36000E+000   1.02600E+001
   1.24960E-001   9.36000E+000   1.02600E+001
   1.24992E-001   9.36000E+000   1.02600E+001
   1.25023E-001   9.36000E+000   1.02600E+001
   1.25054E-001   9.36000E+000   1.02600E+001
   1.25086E-001   9.36000E+000   1.02600E+001
   1.25117E-001   9.36000E+000   1.02600E+001
   1.25149E-001   9.36000E+000   1.02600E+001
   1.25180E-001   9.36000E+000   1.02600E+001
   1.25211E-001   9.36000E+000   1.02600E+001
   1.25243E-001   9.36000E+000   1.02600E+001
   1.25274E-001   9.36000E+000   1.02600E+001
   1.25306E-001   9.36000E+000   1.02600E+001
   1.25337E-001   9.36000E+000   1.02600E+001
   1.25368E-001   9.36000E+000   1.02600E+001
   1.25400E-001   9.36000E+000   1.02600E+001
   1.25431E-001   9.36000E+000   1.02600E+001
   1.25463E-001   9.36000E+000   1.02600E+001
   1.25494E-001   9.36000E+000   1.02600E+001
   1.25525E-001   9.36000E+000   1.02600E+001
   1.25557E-001   9.36000E+000   1.02600E+001
   1.25588E-001   9.36000E+000   1.02600E+001
   1.25619E-001   9.36000E+000   1.02600E+001
   1.25651E-001   9.36000E+000   1.02600E+001
   1.25682E-001   9.36000E+000   1.02600E+001
   1.25714E-001   9.36000E+000   1.02600E+001
   1.25745E-001   9.36000E+000   1.02600E+001
   1.25776E-001   9.36000E+000   1.02600E+001
   1.25808E-001   9.36000E+000   1.04400E+001
   1.25839E-001   9.36000E+000   1.04400E+001
   1.25871E-001   9.36000E+000   1.04400E+001
   1.25902E-001   9.36000E+000   1.04400E+001
   1.25933E-001   9.36000E+000   1.04400E+001
   1.25965E-001   9.36000E+000   1.04400E+001
   1.25996E-001   9.36000E+000   1.04400E+001
   1.26028E-001   9.36000E+000   1.04400E+001
   1.26059E-001   9.36000E+000   1.04400E+001
   1.26090E-001   9.36000E+000   1.04400E+001
   1.26122E-001   9.36000E+000   1.04400E+001
   1.26153E-001   9.36000E+000   1.04400E+001
   1.26185E-001   9.36000E+000   1.04400E+001
   1.26216E-001   9.36000E+000   1.04400E+001
   1.26247E-001   9.36000E+000   1.04400E+001
   1.26279E-001   9.36000E+000   1.04400E+001
   1.26310E-001   9.36000E+000   1.04400E+001
   1.26341E-001   9.36000E+000   1.04400E+001
   1.26373E-001   9.36000E+000   1.04400E+001
   1.26404E-001   9.36000E+000   1.04400E+001
   1.26436E-001   9.36000E+000   1.04400E+001
   1.26467E-001   9.36000E+000   1.04400E+001
   1.26498E-001   9.36000E+000   1.04400E+001
   1.26530E-001   9.36000E+000   1.04400E+001
   1.26561E-001   9.36000E+000   1.04400E+001
   1.26593E-001   9.36000E+000   1.04400E+001
   1.26624E-001   9.36000E+000   1.04400E+001
   1.26655E-001   9.36000E+000   1.04400E+001
   1.26687E-001   9.36000E+000   1.04400E+001
   1.26718E-001   9.36000E+000   1.04400E+001
   1.26750E-001   9.36000E+000   1.04400E+001
   1.26781E-001   9.36000E+000   1.04400E+001
   1.26812E-001   9.36000E+000   1.04400E+001
   1.26844E-001   9.36000E+000   1.04400E+001
   1.26875E-001   9.36000E+000   1.04400E+001
   1.26906E-001   9.36000E+000   1.04400E+001
   1.26938E-001   9.36000E+000   1.04400E+001
   1.26969E-001   9.36000E+000   1.04400E+001
   1.27001E-001   9.36000E+000   1.04400E+001
   1.27032E-001   9.36000E+000   1.04400E+001
   1.27063E-001   9.36000E+000   1.04400E+001
   1.27095E-001   9.36000E+000   1.04400E+001
   1.27126E-001   9.36000E+000   1.04400E+001
   1.27158E-001   9.36000E+000   1.04400E+001
   1.27189E-001   9.36000E+000   1.04400E+001
   1.27220E-001   9.36000E+000   1.04400E+001
   1.27252E-001   9.36000E+000   1.04400E+001
   1.27283E-001   9.36000E+000   1.04400E+001
   1.27315E-001   9.36000E+000   1.04400E+001
   1.27346E-001   9.36000E+000   1.04400E+001
   1.27377E-001   9.36000E+000   1.04400E+001
   1.27409E-001   9.36000E+000   1.04400E+001
   1.27440E-001   9.36000E+000   1.04400E+001
   1.27471E-001   9.36000E+000   1.04400E+001
   1.27503E-001   9.36000E+000   1.04400E+001
   1.27534E-001   9.36000E+000   1.04400E+001
   1.27566E-001   9.36000E+000   1.04400E+001
   1.27597E-001   9.36000E+000   1.04400E+001
   1.27628E-001   9.36000E+000   1.04400E+001
   1.27660E-001   9.36000E+000   1.04400E+001
   1.27691E-001   9.36000E+000   1.04400E+001
   1.27723E-001   9.36000E+000   1.04400E+001
   1.27754E-001   9.36000E+000   1.04400E+001
   1.27785E-001   9.36000E+000   1.04400E+001
   1.27817E-001   9.36000E+000   1.04400E+001
   1.27848E-001   9.36000E+000   1.04400E+001
   1.27880E-001   9.36000E+000   1.04400E+001
   1.27911E-001   9.36000E+000   1.04400E+001
   1.27942E-001   9.36000E+000   1.04400E+001
   1.27974E-001   9.36000E+000   1.04400E+001
   1.28005E-001   9.36000E+000   1.04400E+001
   1.28036E-001   9.36000E+000   1.04400E+001
   1.28068E-001   9.36000E+000   1.04400E+001
   1.28099E-001   9.36000E+000   1.04400E+001
   1.28131E-001   9.36000E+000   1.04400E+001
   1.28162E-001   9.36000E+000   1.04400E+001
   1.28193E-001   9.36000E+000   1.04400E+001
   1.28225E-001   9.36000E+000   1.04400E+001
   1.28256E-001   9.36000E+000   1.04400E+001
   1.28288E-001   9.36000E+000   1.04400E+001
   1.28319E-001   9.36000E+000   1.04400E+001
   1.28350E-001   9.36000E+000   1.04400E+001
   1.28382E-001   9.36000E+000   1.04400E+001
   1.28413E-001   9.36000E+000   1.04400E+001
   1.28445E-001   9.36000E+000   1.04400E+001
   1.28476E-001   9.36000E+000   1.04400E+001
   1.28507E-001   9.36000E+000   1.04400E+001
   1.28539E-001   9.36000E+000   1.04400E+001
   1.28570E-001   9.36000E+000   1.04400E+001
   1.28601E-001   9.36000E+000   1.04400E+001
   1.28633E-001   9.36000E+000   1.04400E+001
   1.28664E-001   9.36000E+000   1.04400E+001
   1.28696E-001   9.36000E+000   1.04400E+001
   1.28727E-001   9.36000E+000   1.04400E+001
   1.28758E-001   9.36000E+000   1.04400E+001
   1.28790E-001   9.36000E+000   1.04400E+001
   1.28821E-001   9.36000E+000   1.04400E+001
   1.28853E-001   9.36000E+000   1.04400E+001
   1.28884E-001   9.36000E+000   1.04400E+001
   1.28915E-001   9.36000E+000   1.04400E+001
   1.28947E-001   9.36000E+000   1.04400E+001
   1.28978E-001   9.36000E+000   1.04400E+001
   1.29010E-001   9.36000E+000   1.04400E+001
   1.29041E-001   9.36000E+000   1.04400E+001
   1.29072E-001   9.36000E+000   1.04400E+001
   1.29104E-001   9.36000E+000   1.04400E+001
   1.29135E-001   9.36000E+000   1.04400E+001
   1.29166E-001   9.36000E+000   1.04400E+001
   1.29198E-001   9.36000E+000   1.04400E+001
   1.29229E-001   9.36000E+000   1.04400E+001
   1.29261E-001   9.36000E+000   1.04400E+001
   1.29292E-001   9.36000E+000   1.04400E+001
   1.29323E-001   9.36000E+000   1.04400E+001
   1.29355E-001   9.36000E+000   1.04400E+001
   1.29386E-001   9.36000E+000   1.04400E+001
   1.29418E-001   9.36000E+000   1.04400E+001
   1.29449E-001   9.36000E+000   1.04400E+001
   1.29480E-001   9.36000E+000   1.04400E+001
   1.29512E-001   9.36000E+000   1.04400E+001
   1.29543E-001   9.36000E+000   1.04400E+001
   1.29575E-001   9.36000E+000   1.04400E+001
   1.29606E-001   9.54000E+000   1.04400E+001
   1.29637E-001   9.54000E+000   1.04400E+001
   1.29669E-001   9.54000E+000   1.04400E+001
   1.29700E-001   9.54000E+000   1.04400E+001
   1.29731E-001   9.54000E+000   1.04400E+001
   1.29763E-001   9.54000E+000   1.04400E+001
   1.29794E-001   9.54000E+000   1.04400E+001
   1.29826E-001   9.54000E+000   1.04400E+001
   1.29857E-001   9.54000E+000   1.04400E+001
   1.29888E-001   9.54000E+000   1.04400E+001
   1.29920E-001   9.54000E+000   1.04400E+001
   1.29951E-001   9.54000E+000   1.04400E+001
   1.29983E-001   9.54000E+000   1.04400E+001
   1.30014E-001   9.54000E+000   1.04400E+001
   1.30045E-001   9.54000E+000   1.04400E+001
   1.30077E-001   9.54000E+000   1.04400E+001
   1.30108E-001   9.54000E+000   1.04400E+001
   1.30140E-001   9.54000E+000   1.04400E+001
   1.30171E-001   9.54000E+000   1.06200E+001
   1.30202E-001   9.54000E+000   1.06200E+001
   1.30234E-001   9.54000E+000   1.06200E+001
   1.30265E-001   9.54000E+000   1.06200E+001
   1.30296E-001   9.54000E+000   1.06200E+001
   1.30328E-001   9.54000E+000   1.06200E+001
   1.30359E-001   9.54000E+000   1.06200E+001
   1.30391E-001   9.54000E+000   1.06200E+001
   1.30422E-001   9.54000E+000   1.06200E+001
   1.30453E-001   9.54000E+000   1.06200E+001
   1.30485E-001   9.54000E+000   1.06200E+001
   1.30516E-001   9.54000E+000   1.06200E+001
   1.30548E-001   9.54000E+000   1.06200E+001
   1.30579E-001   9.54000E+000   1.06200E+001
   1.30610E-001   9.54000E+000   1.06200E+001
   1.30642E-001   9.54000E+000   1.06200E+001
   1.30673E-001   9.54000E+000   1.06200E+001
   1.30705E-001   9.54000E+000   1.06200E+001
   1.30736E-001   9.54000E+000   1.06200E+001
   1.30767E-001   9.54000E+000   1.06200E+001
   1.30799E-001   9.54000E+000   1.06200E+001
   1.30830E-001   9.54000E+000   1.06200E+001
   1.30861E-001   9.54000E+000   1.06200E+001
   1.30893E-001   9.54000E+000   1.06200E+001
   1.30924E-001   9.54000E+000   1.06200E+001
   1.30956E-001   9.54000E+000   1.06200E+001
   1.30987E-001   9.54000E+000   1.06200E+001
   1.31018E-001   9.54000E+000   1.06200E+001
   1.31050E-001   9.54000E+000   1.06200E+001
   1.31081E-001   9.54000E+000   1.06200E+001
   1.31113E-001   9.54000E+000   1.06200E+001
   1.31144E-001   9.54000E+000   1.06200E+001
   1.31175E-001   9.54000E+000   1.06200E+001
   1.31207E-001   9.54000E+000   1.06200E+001
   1.31238E-001   9.54000E+000   1.06200E+001
   1.31270E-001   9.54000E+000   1.06200E+001
   1.31301E-001   9.54000E+000   1.06200E+001
   1.31332E-001   9.54000E+000   1.06200E+001
   1.31364E-001   9.54000E+000   1.06200E+001
   1.31395E-001   9.54000E+000   1.06200E+001
   1.31426E-001   9.54000E+000   1.06200E+001
   1.31458E-001   9.54000E+000   1.06200E+001
   1.31489E-001   9.54000E+000   1.06200E+001
   1.31521E-001   9.54000E+000   1.06200E+001
   1.31552E-001   9.54000E+000   1.06200E+001
   1.31583E-001   9.54000E+000   1.06200E+001
   1.31615E-001   9.54000E+000   1.06200E+001
   1.31646E-001   9.54000E+000   1.06200E+001
   1.31678E-001   9.54000E+000   1.06200E+001
   1.31709E-001   9.54000E+000   1.06200E+001
   1.31740E-001   9.54000E+000   1.06200E+001
   1.31772E-001   9.54000E+000   1.06200E+001
   1.31803E-001   9.54000E+000   1.06200E+001
   1.31835E-001   9.54000E+000   1.06200E+001
   1.31866E-001   9.54000E+000   1.06200E+001
   1.31897E-001   9.54000E+000   1.06200E+001
   1.31929E-001   9.54000E+000   1.06200E+001
   1.31960E-001   9.54000E+000   1.06200E+001
   1.31991E-001   9.54000E+000   1.06200E+001
   1.32023E-001   9.54000E+000   1.06200E+001
   1.32054E-001   9.54000E+000   1.06200E+001
   1.32086E-001   9.54000E+000   1.06200E+001
   1.32117E-001   9.54000E+000   1.06200E+001
   1.32148E-001   9.54000E+000   1.06200E+001
   1.32180E-001   9.54000E+000   1.06200E+001
   1.32211E-001   9.54000E+000   1.06200E+001
   1.32243E-001   9.54000E+000   1.06200E+001
   1.32274E-001   9.54000E+000   1.06200E+001
   1.32305E-001   9.54000E+000   1.06200E+001
   1.32337E-001   9.54000E+000   1.06200E+001
   1.32368E-001   9.54000E+000   1.06200E+001
   1.32400E-001   9.54000E+000   1.06200E+001
   1.32431E-001   9.54000E+000   1.06200E+001
   1.32462E-001   9.54000E+000   1.06200E+001
   1.32494E-001   9.54000E+000   1.06200E+001
   1.32525E-001   9.54000E+000   1.06200E+001
   1.32557E-001   9.54000E+000   1.06200E+001
   1.32588E-001   9.54000E+000   1.06200E+001
   1.32619E-001   9.54000E+000   1.06200E+001
   1.32651E-001   9.54000E+000   1.06200E+001
   1.32682E-001   9.54000E+000   1.06200E+001
   1.32713E-001   9.54000E+000   1.06200E+001
   1.32745E-001   9.54000E+000   1.06200E+001
   1.32776E-001   9.54000E+000   1.06200E+001
   1.32808E-001   9.54000E+000   1.06200E+001
   1.32839E-001   9.54000E+000   1.06200E+001
   1.32870E-001   9.54000E+000   1.06200E+001
   1.32902E-001   9.54000E+000   1.06200E+001
   1.32933E-001   9.54000E+000   1.06200E+001
   1.32965E-001   9.54000E+000   1.06200E+001
   1.32996E-001   9.54000E+000   1.06200E+001
   1.33027E-001   9.54000E+000   1.06200E+001
   1.33059E-001   9.54000E+000   1.06200E+001
   1.33090E-001   9.54000E+000   1.06200E+001
   1.33122E-001   9.54000E+000   1.06200E+001
   1.33153E-001   9.54000E+000   1.06200E+001
   1.33184E-001   9.54000E+000   1.06200E+001
   1.33216E-001   9.54000E+000   1.06200E+001
   1.33247E-001   9.54000E+000   1.06200E+001
   1.33278E-001   9.54000E+000   1.06200E+001
   1.33310E-001   9.54000E+000   1.06200E+001
   1.33341E-001   9.54000E+000   1.06200E+001
   1.33373E-001   9.54000E+000   1.06200E+001
   1.33404E-001   9.54000E+000   1.06200E+001
   1.33435E-001   9.54000E+000   1.06200E+001
   1.33467E-001   9.54000E+000   1.06200E+001
   1.33498E-001   9.54000E+000   1.06200E+001
   1.33530E-001   9.54000E+000   1.06200E+001
   1.33561E-001   9.54000E+000   1.06200E+001
   1.33592E-001   9.54000E+000   1.06200E+001
   1.33624E-001   9.54000E+000   1.06200E+001
   1.33655E-001   9.54000E+000   1.06200E+001
   1.33687E-001   9.54000E+000   1.06200E+001
   1.33718E-001   9.54000E+000   1.06200E+001
   1.33749E-001   9.54000E+000   1.06200E+001
   1.33781E-001   9.54000E+000   1.06200E+001
   1.33812E-001   9.54000E+000   1.06200E+001
   1.33843E-001   9.54000E+000   1.06200E+001
   1.33875E-001   9.54000E+000   1.06200E+001
   1.33906E-001   9.54000E+000   1.06200E+001
   1.33938E-001   9.54000E+000   1.06200E+001
   1.33969E-001   9.54000E+000   1.06200E+001
   1.34000E-001   9.54000E+000   1.06200E+001
   1.34032E-001   9.54000E+000   1.06200E+001
   1.34063E-001   9.54000E+000   1.06200E+001
   1.34095E-001   9.54000E+000   1.06200E+001
   1.34126E-001   9.54000E+000   1.06200E+001
   1.34157E-001   9.54000E+000   1.06200E+001
   1.34189E-001   9.54000E+000   1.06200E+001
   1.34220E-001   9.54000E+000   1.06200E+001
   1.34252E-001   9.54000E+000   1.06200E+001
   1.34283E-001   9.54000E+000   1.06200E+001
   1.34314E-001   9.54000E+000   1.06200E+001
   1.34346E-001   9.54000E+000   1.06200E+001
   1.34377E-001   9.54000E+000   1.06200E+001
   1.34408E-001   9.54000E+000   1.06200E+001
   1.34440E-001   9.54000E+000   1.06200E+001
   1.34471E-001   9.54000E+000   1.06200E+001
   1.34503E-001   9.54000E+000   1.06200E+001
   1.34534E-001   9.54000E+000   1.06200E+001
   1.34565E-001   9.54000E+000   1.06200E+001
   1.34597E-001   9.54000E+000   1.06200E+001
   1.34628E-001   9.54000E+000   1.08000E+001
   1.34660E-001   9.54000E+000   1.08000E+001
   1.34691E-001   9.54000E+000   1.08000E+001
   1.34722E-001   9.54000E+000   1.08000E+001
   1.34754E-001   9.54000E+000   1.08000E+001
   1.34785E-001   9.54000E+000   1.08000E+001
   1.34817E-001   9.54000E+000   1.08000E+001
   1.34848E-001   9.54000E+000   1.08000E+001
   1.34879E-001   9.54000E+000   1.08000E+001
   1.34911E-001   9.54000E+000   1.08000E+001
   1.34942E-001   9.54000E+000   1.08000E+001
   1.34973E-001   9.54000E+000   1.08000E+001
   1.35005E-001   9.54000E+000   1.08000E+001
   1.35036E-001   9.54000E+000   1.08000E+001
   1.35068E-001   9.54000E+000   1.08000E+001
   1.35099E-001   9.54000E+000   1.08000E+001
   1.35130E-001   9.54000E+000   1.08000E+001
   1.35162E-001   9.54000E+000   1.08000E+001
   1.35193E-001   9.54000E+000   1.08000E+001
   1.35225E-001   9.54000E+000   1.08000E+001
   1.35256E-001   9.54000E+000   1.08000E+001
   1.35287E-001   9.54000E+000   1.08000E+001
   1.35319E-001   9.54000E+000   1.08000E+001
   1.35350E-001   9.72000E+000   1.08000E+001
   1.35382E-001   9.72000E+000   1.08000E+001
   1.35413E-001   9.72000E+000   1.08000E+001
   1.35444E-001   9.72000E+000   1.08000E+001
   1.35476E-001   9.72000E+000   1.08000E+001
   1.35507E-001   9.72000E+000   1.08000E+001
   1.35538E-001   9.72000E+000   1.08000E+001
   1.35570E-001   9.72000E+000   1.08000E+001
   1.35601E-001   9.72000E+000   1.08000E+001
   1.35633E-001   9.72000E+000   1.08000E+001
   1.35664E-001   9.72000E+000   1.08000E+001
   1.35695E-001   9.72000E+000   1.08000E+001
   1.35727E-001   9.72000E+000   1.08000E+001
   1.35758E-001   9.72000E+000   1.08000E+001
   1.35790E-001   9.72000E+000   1.08000E+001
   1.35821E-001   9.72000E+000   1.08000E+001
   1.35852E-001   9.72000E+000   1.08000E+001
   1.35884E-001   9.72000E+000   1.08000E+001
   1.35915E-001   9.72000E+000   1.08000E+001
   1.35947E-001   9.72000E+000   1.08000E+001
   1.35978E-001   9.72000E+000   1.08000E+001
   1.36009E-001   9.72000E+000   1.08000E+001
   1.36041E-001   9.72000E+000   1.08000E+001
   1.36072E-001   9.72000E+000   1.08000E+001
   1.36103E-001   9.72000E+000   1.08000E+001
   1.36135E-001   9.72000E+000   1.08000E+001
   1.36166E-001   9.72000E+000   1.08000E+001
   1.36198E-001   9.72000E+000   1.08000E+001
   1.36229E-001   9.72000E+000   1.08000E+001
   1.36260E-001   9.72000E+000   1.08000E+001
   1.36292E-001   9.72000E+000   1.08000E+001
   1.36323E-001   9.72000E+000   1.08000E+001
   1.36355E-001   9.72000E+000   1.08000E+001
   1.36386E-001   9.72000E+000   1.08000E+001
   1.36417E-001   9.72000E+000   1.08000E+001
   1.36449E-001   9.72000E+000   1.08000E+001
   1.36480E-001   9.72000E+000   1.08000E+001
   1.36512E-001   9.72000E+000   1.08000E+001
   1.36543E-001   9.72000E+000   1.08000E+001
   1.36574E-001   9.72000E+000   1.08000E+001
   1.36606E-001   9.72000E+000   1.08000E+001
   1.36637E-001   9.72000E+000   1.08000E+001
   1.36668E-001   9.72000E+000   1.08000E+001
   1.36700E-001   9.72000E+000   1.08000E+001
   1.36731E-001   9.72000E+000   1.08000E+001
   1.36763E-001   9.72000E+000   1.08000E+001
   1.36794E-001   9.72000E+000   1.08000E+001
   1.36825E-001   9.72000E+000   1.08000E+001
   1.36857E-001   9.72000E+000   1.08000E+001
   1.36888E-001   9.72000E+000   1.08000E+001
   1.36920E-001   9.72000E+000   1.08000E+001
   1.36951E-001   9.72000E+000   1.08000E+001
   1.36982E-001   9.72000E+000   1.08000E+001
   1.37014E-001   9.72000E+000   1.08000E+001
   1.37045E-001   9.72000E+000   1.08000E+001
   1.37077E-001   9.72000E+000   1.08000E+001
   1.37108E-001   9.72000E+000   1.08000E+001
   1.37139E-001   9.72000E+000   1.08000E+001
   1.37171E-001   9.72000E+000   1.08000E+001
   1.37202E-001   9.72000E+000   1.08000E+001
   1.37233E-001   9.72000E+000   1.08000E+001
   1.37265E-001   9.72000E+000   1.08000E+001
   1.37296E-001   9.72000E+000   1.08000E+001
   1.37328E-001   9.72000E+000   1.08000E+001
   1.37359E-001   9.72000E+000   1.08000E+001
   1.37390E-001   9.72000E+000   1.08000E+001
   1.37422E-001   9.72000E+000   1.08000E+001
   1.37453E-001   9.72000E+000   1.08000E+001
   1.37485E-001   9.72000E+000   1.08000E+001
   1.37516E-001   9.72000E+000   1.08000E+001
   1.37547E-001   9.72000E+000   1.08000E+001
   1.37579E-001   9.72000E+000   1.08000E+001
   1.37610E-001   9.72000E+000   1.08000E+001
   1.37642E-001   9.72000E+000   1.08000E+001
   1.37673E-001   9.72000E+000   1.08000E+001
   1.37704E-001   9.72000E+000   1.08000E+001
   1.37736E-001   9.72000E+000   1.08000E+001
   1.37767E-001   9.72000E+000   1.08000E+001
   1.37798E-001   9.72000E+000   1.08000E+001
   1.37830E-001   9.72000E+000   1.08000E+001
   1.37861E-001   9.72000E+000   1.08000E+001
   1.37893E-001   9.72000E+000   1.08000E+001
   1.37924E-001   9.72000E+000   1.08000E+001
   1.37955E-001   9.72000E+000   1.08000E+001
   1.37987E-001   9.72000E+000   1.08000E+001
   1.38018E-001   9.72000E+000   1.08000E+001
   1.38050E-001   9.72000E+000   1.08000E+001
   1.38081E-001   9.72000E+000   1.08000E+001
   1.38112E-001   9.72000E+000   1.08000E+001
   1.38144E-001   9.72000E+000   1.08000E+001
   1.38175E-001   9.72000E+000   1.08000E+001
   1.38207E-001   9.72000E+000   1.08000E+001
   1.38238E-001   9.72000E+000   1.08000E+001
   1.38269E-001   9.72000E+000   1.08000E+001
   1.38301E-001   9.72000E+000   1.08000E+001
   1.38332E-001   9.72000E+000   1.08000E+001
   1.38364E-001   9.72000E+000   1.08000E+001
   1.38395E-001   9.72000E+000   1.08000E+001
   1.38426E-001   9.72000E+000   1.08000E+001
   1.38458E-001   9.72000E+000   1.08000E+001
   1.38489E-001   9.72000E+000   1.08000E+001
   1.38520E-001   9.72000E+000   1.08000E+001
   1.38552E-001   9.72000E+000   1.08000E+001
   1.38583E-001   9.72000E+000   1.08000E+001
   1.38615E-001   9.72000E+000   1.08000E+001
   1.38646E-001   9.72000E+000   1.08000E+001
   1.38677E-001   9.72000E+000   1.08000E+001
   1.38709E-001   9.72000E+000   1.08000E+001
   1.38740E-001   9.72000E+000   1.08000E+001
   1.38772E-001   9.72000E+000   1.08000E+001
   1.38803E-001   9.72000E+000   1.08000E+001
   1.38834E-001   9.72000E+000   1.08000E+001
   1.38866E-001   9.72000E+000   1.08000E+001
   1.38897E-001   9.72000E+000   1.08000E+001
   1.38929E-001   9.72000E+000   1.08000E+001
   1.38960E-001   9.72000E+000   1.08000E+001
   1.38991E-001   9.72000E+000   1.08000E+001
   1.39023E-001   9.72000E+000   1.08000E+001
   1.39054E-001   9.72000E+000   1.08000E+001
   1.39085E-001   9.72000E+000   1.08000E+001
   1.39117E-001   9.72000E+000   1.08000E+001
   1.39148E-001   9.72000E+000   1.09800E+001
   1.39180E-001   9.72000E+000   1.09800E+001
   1.39211E-001   9.72000E+000   1.09800E+001
   1.39242E-001   9.72000E+000   1.09800E+001
   1.39274E-001   9.72000E+000   1.09800E+001
   1.39305E-001   9.72000E+000   1.09800E+001
   1.39337E-001   9.72000E+000   1.09800E+001
   1.39368E-001   9.72000E+000   1.09800E+001
   1.39399E-001   9.72000E+000   1.09800E+001
   1.39431E-001   9.72000E+000   1.09800E+001
   1.39462E-001   9.72000E+000   1.09800E+001
   1.39494E-001   9.72000E+000   1.09800E+001
   1.39525E-001   9.72000E+000   1.09800E+001
   1.39556E-001   9.72000E+000   1.09800E+001
   1.39588E-001   9.72000E+000   1.09800E+001
   1.39619E-001   9.72000E+000   1.09800E+001
   1.39650E-001   9.72000E+000   1.09800E+001
   1.39682E-001   9.72000E+000   1.09800E+001
   1.39713E-001   9.72000E+000   1.09800E+001
   1.39745E-001   9.72000E+000   1.09800E+001
   1.39776E-001   9.72000E+000   1.09800E+001
   1.39807E-001   9.72000E+000   1.09800E+001
   1.39839E-001   9.72000E+000   1.09800E+001
   1.39870E-001   9.72000E+000   1.09800E+001
   1.39902E-001   9.72000E+000   1.09800E+001
   1.39933E-001   9.72000E+000   1.09800E+001
   1.39964E-001   9.72000E+000   1.09800E+001
   1.39996E-001   9.72000E+000   1.09800E+001
   1.40027E-001   9.72000E+000   1.09800E+001
   1.40059E-001   9.72000E+000   1.09800E+001
   1.40090E-001   9.72000E+000   1.09800E+001
   1.40121E-001   9.72000E+000   1.09800E+001
   1.40153E-001   9.72000E+000   1.09800E+001
   1.40184E-001   9.72000E+000   1.09800E+001
   1.40215E-001   9.72000E+000   1.09800E+001
   1.40247E-001   9.72000E+000   1.09800E+001
   1.40278E-001   9.72000E+000   1.09800E+001
   1.40310E-001   9.72000E+000   1.09800E+001
   1.40341E-001   9.72000E+000   1.09800E+001
   1.40372E-001   9.72000E+000   1.09800E+001
   1.40404E-001   9.72000E+000   1.09800E+001
   1.40435E-001   9.72000E+000   1.09800E+001
   1.40467E-001   9.72000E+000   1.09800E+001
   1.40498E-001   9.72000E+000   1.09800E+001
   1.40529E-001   9.72000E+000   1.09800E+001
   1.40561E-001   9.72000E+000   1.09800E+001
   1.40592E-001   9.72000E+000   1.09800E+001
   1.40624E-001   9.72000E+000   1.09800E+001
   1.40655E-001   9.72000E+000   1.09800E+001
   1.40686E-001   9.72000E+000   1.09800E+001
   1.40718E-001   9.72000E+000   1.09800E+001
   1.40749E-001   9.72000E+000   1.09800E+001
   1.40780E-001   9.72000E+000   1.09800E+001
   1.40812E-001   9.72000E+000   1.09800E+001
   1.40843E-001   9.72000E+000   1.09800E+001
   1.40875E-001   9.72000E+000   1.09800E+001
   1.40906E-001   9.72000E+000   1.09800E+001
   1.40937E-001   9.72000E+000   1.09800E+001
   1.40969E-001   9.72000E+000   1.09800E+001
   1.41000E-001   9.72000E+000   1.09800E+001
   1.41032E-001   9.72000E+000   1.09800E+001
   1.41063E-001   9.72000E+000   1.09800E+001
   1.41094E-001   9.72000E+000   1.09800E+001
   1.41126E-001   9.72000E+000   1.09800E+001
   1.41157E-001   9.72000E+000   1.09800E+001
   1.41189E-001   9.72000E+000   1.09800E+001
   1.41220E-001   9.90000E+000   1.09800E+001
   1.41251E-001   9.90000E+000   1.09800E+001
   1.41283E-001   9.90000E+000   1.09800E+001
   1.41314E-001   9.90000E+000   1.09800E+001
   1.41345E-001   9.90000E+000   1.09800E+001
   1.41377E-001   9.90000E+000   1.09800E+001
   1.41408E-001   9.90000E+000   1.09800E+001
   1.41440E-001   9.90000E+000   1.09800E+001
   1.41471E-001   9.90000E+000   1.09800E+001
   1.41502E-001   9.90000E+000   1.09800E+001
   1.41534E-001   9.90000E+000   1.09800E+001
   1.41565E-001   9.90000E+000   1.09800E+001
   1.41597E-001   9.90000E+000   1.09800E+001
   1.41628E-001   9.90000E+000   1.09800E+001
   1.41659E-001   9.90000E+000   1.09800E+001
   1.41691E-001   9.90000E+000   1.09800E+001
   1.41722E-001   9.90000E+000   1.09800E+001
   1.41754E-001   9.90000E+000   1.09800E+001
   1.41785E-001   9.90000E+000   1.09800E+001
   1.41816E-001   9.90000E+000   1.09800E+001
   1.41848E-001   9.90000E+000   1.09800E+001
   1.41879E-001   9.90000E+000   1.09800E+001
   1.41910E-001   9.90000E+000   1.09800E+001
   1.41942E-001   9.90000E+000   1.09800E+001
   1.41973E-001   9.90000E+000   1.09800E+001
   1.42005E-001   9.90000E+000   1.09800E+001
   1.42036E-001   9.90000E+000   1.09800E+001
   1.42067E-001   9.90000E+000   1.09800E+001
   1.42099E-001   9.90000E+000   1.09800E+001
   1.42130E-001   9.90000E+000   1.09800E+001
   1.42162E-001   9.90000E+000   1.09800E+001
   1.42193E-001   9.90000E+000   1.09800E+001
   1.42224E-001   9.90000E+000   1.09800E+001
   1.42256E-001   9.90000E+000   1.09800E+001
   1.42287E-001   9.90000E+000   1.09800E+001
   1.42319E-001   9.90000E+000   1.09800E+001
   1.42350E-001   9.90000E+000   1.09800E+001
   1.42381E-001   9.90000E+000   1.09800E+001
   1.42413E-001   9.90000E+000   1.09800E+001
   1.42444E-001   9.90000E+000   1.09800E+001
   1.42475E-001   9.90000E+000   1.09800E+001
   1.42507E-001   9.90000E+000   1.09800E+001
   1.42538E-001   9.90000E+000   1.09800E+001
   1.42570E-001   9.90000E+000   1.09800E+001
   1.42601E-001   9.90000E+000   1.09800E+001
   1.42632E-001   9.90000E+000   1.09800E+001
   1.42664E-001   9.90000E+000   1.09800E+001
   1.42695E-001   9.90000E+000   1.09800E+001
   1.42727E-001   9.90000E+000   1.09800E+001
   1.42758E-001   9.90000E+000   1.09800E+001
   1.42789E-001   9.90000E+000   1.09800E+001
   1.42821E-001   9.90000E+000   1.09800E+001
   1.42852E-001   9.90000E+000   1.09800E+001
   1.42884E-001   9.90000E+000   1.09800E+001
   1.42915E-001   9.90000E+000   1.09800E+001
   1.42946E-001   9.90000E+000   1.09800E+001
   1.42978E-001   9.90000E+000   1.09800E+001
   1.43009E-001   9.90000E+000   1.09800E+001
   1.43040E-001   9.90000E+000   1.09800E+001
   1.43072E-001   9.90000E+000   1.09800E+001
   1.43103E-001   9.90000E+000   1.09800E+001
   1.43135E-001   9.90000E+000   1.09800E+001
   1.43166E-001   9.90000E+000   1.09800E+001
   1.43197E-001   9.90000E+000   1.09800E+001
   1.43229E-001   9.90000E+000   1.09800E+001
   1.43260E-001   9.90000E+000   1.09800E+001
   1.43292E-001   9.90000E+000   1.09800E+001
   1.43323E-001   9.90000E+000   1.09800E+001
   1.43354E-001   9.90000E+000   1.09800E+001
   1.43386E-001   9.90000E+000   1.09800E+001
   1.43417E-001   9.90000E+000   1.09800E+001
   1.43449E-001   9.90000E+000   1.09800E+001
   1.43480E-001   9.90000E+000   1.09800E+001
   1.43511E-001   9.90000E+000   1.09800E+001
   1.43543E-001   9.90000E+000   1.09800E+001
   1.43574E-001   9.90000E+000   1.09800E+001
   1.43605E-001   9.90000E+000   1.09800E+001
   1.43637E-001   9.90000E+000   1.09800E+001
   1.43668E-001   9.90000E+000   1.09800E+001
   1.43700E-001   9.90000E+000   1.09800E+001
   1.43731E-001   9.90000E+000   1.09800E+001
   1.43762E-001   9.90000E+000   1.11600E+001
   1.43794E-001   9.90000E+000   1.11600E+001
   1.43825E-001   9.90000E+000   1.11600E+001
   1.43857E-001   9.90000E+000   1.11600E+001
   1.43888E-001   9.90000E+000   1.11600E+001
   1.43919E-001   9.90000E+000   1.11600E+001
   1.43951E-001   9.90000E+000   1.11600E+001
   1.43982E-001   9.90000E+000   1.11600E+001
   1.44014E-001   9.90000E+000   1.11600E+001
   1.44045E-001   9.90000E+000   1.11600E+001
   1.44076E-001   9.90000E+000   1.11600E+001
   1.44108E-001   9.90000E+000   1.11600E+001
   1.44139E-001   9.90000E+000   1.11600E+001
   1.44170E-001   9.90000E+000   1.11600E+001
   1.44202E-001   9.90000E+000   1.11600E+001
   1.44233E-001   9.90000E+000   1.11600E+001
   1.44265E-001   9.90000E+000   1.11600E+001
   1.44296E-001   9.90000E+000   1.11600E+001
   1.44327E-001   9.90000E+000   1.11600E+001
   1.44359E-001   9.90000E+000   1.11600E+001
   1.44390E-001   9.90000E+000   1.11600E+001
   1.44422E-001   9.90000E+000   1.11600E+001
   1.44453E-001   9.90000E+000   1.11600E+001
   1.44484E-001   9.90000E+000   1.11600E+001
   1.44516E-001   9.90000E+000   1.11600E+001
   1.44547E-001   9.90000E+000   1.11600E+001
   1.44579E-001   9.90000E+000   1.11600E+001
   1.44610E-001   9.90000E+000   1.11600E+001
   1.44641E-001   9.90000E+000   1.11600E+001
   1.44673E-001   9.90000E+000   1.11600E+001
   1.44704E-001   9.90000E+000   1.11600E+001
   1.44736E-001   9.90000E+000   1.11600E+001
   1.44767E-001   9.90000E+000   1.11600E+001
   1.44798E-001   9.90000E+000   1.11600E+001
   1.44830E-001   9.90000E+000   1.11600E+001
   1.44861E-001   9.90000E+000   1.11600E+001
   1.44892E-001   9.90000E+000   1.11600E+001
   1.44924E-001   9.90000E+000   1.11600E+001
   1.44955E-001   9.90000E+000   1.11600E+001
   1.44987E-001   9.90000E+000   1.11600E+001
   1.45018E-001   9.90000E+000   1.11600E+001
   1.45049E-001   9.90000E+000   1.11600E+001
   1.45081E-001   9.90000E+000   1.11600E+001
   1.45112E-001   9.90000E+000   1.11600E+001
   1.45144E-001   9.90000E+000   1.11600E+001
   1.45175E-001   9.90000E+000   1.11600E+001
   1.45206E-001   9.90000E+000   1.11600E+001
   1.45238E-001   9.90000E+000   1.11600E+001
   1.45269E-001   9.90000E+000   1.11600E+001
   1.45301E-001   9.90000E+000   1.11600E+001
   1.45332E-001   9.90000E+000   1.11600E+001
   1.45363E-001   9.90000E+000   1.11600E+001
   1.45395E-001   9.90000E+000   1.11600E+001
   1.45426E-001   9.90000E+000   1.11600E+001
   1.45457E-001   9.90000E+000   1.11600E+001
   1.45489E-001   9.90000E+000   1.11600E+001
   1.45520E-001   9.90000E+000   1.11600E+001
   1.45552E-001   9.90000E+000   1.11600E+001
   1.45583E-001   9.90000E+000   1.11600E+001
   1.45614E-001   9.90000E+000   1.11600E+001
   1.45646E-001   9.90000E+000   1.11600E+001
   1.45677E-001   9.90000E+000   1.11600E+001
   1.45709E-001   9.90000E+000   1.11600E+001
   1.45740E-001   9.90000E+000   1.11600E+001
   1.45771E-001   9.90000E+000   1.11600E+001
   1.45803E-001   9.90000E+000   1.11600E+001
   1.45834E-001   9.90000E+000   1.11600E+001
   1.45866E-001   9.90000E+000   1.11600E+001
   1.45897E-001   9.90000E+000   1.11600E+001
   1.45928E-001   9.90000E+000   1.11600E+001
   1.45960E-001   9.90000E+000   1.11600E+001
   1.45991E-001   9.90000E+000   1.11600E+001
   1.46022E-001   9.90000E+000   1.11600E+001
   1.46054E-001   9.90000E+000   1.11600E+001
   1.46085E-001   9.90000E+000   1.11600E+001
   1.46117E-001   9.90000E+000   1.11600E+001
   1.46148E-001   9.90000E+000   1.11600E+001
   1.46179E-001   9.90000E+000   1.11600E+001
   1.46211E-001   9.90000E+000   1.11600E+001
   1.46242E-001   9.90000E+000   1.11600E+001
   1.46274E-001   9.90000E+000   1.11600E+001
   1.46305E-001   9.90000E+000   1.11600E+001
   1.46336E-001   9.90000E+000   1.11600E+001
   1.46368E-001   9.90000E+000   1.11600E+001
   1.46399E-001   9.90000E+000   1.11600E+001
   1.46431E-001   9.90000E+000   1.11600E+001
   1.46462E-001   9.90000E+000   1.11600E+001
   1.46493E-001   9.90000E+000   1.11600E+001
   1.46525E-001   9.90000E+000   1.11600E+001
   1.46556E-001   9.90000E+000   1.11600E+001
   1.46587E-001   9.90000E+000   1.11600E+001
   1.46619E-001   9.90000E+000   1.11600E+001
   1.46650E-001   9.90000E+000   1.11600E+001
   1.46682E-001   9.90000E+000   1.11600E+001
   1.46713E-001   9.90000E+000   1.11600E+001
   1.46744E-001   9.90000E+000   1.11600E+001
   1.46776E-001   9.90000E+000   1.11600E+001
   1.46807E-001   9.90000E+000   1.11600E+001
   1.46839E-001   9.90000E+000   1.11600E+001
   1.46870E-001   9.90000E+000   1.11600E+001
   1.46901E-001   9.90000E+000   1.11600E+001
   1.46933E-001   9.90000E+000   1.11600E+001
   1.46964E-001   9.90000E+000   1.11600E+001
   1.46996E-001   9.90000E+000   1.11600E+001
   1.47027E-001   9.90000E+000   1.11600E+001
   1.47058E-001   9.90000E+000   1.11600E+001
   1.47090E-001   9.90000E+000   1.11600E+001
   1.47121E-001   9.90000E+000   1.11600E+001
   1.47152E-001   9.90000E+000   1.11600E+001
   1.47184E-001   1.00800E+001   1.11600E+001
   1.47215E-001   1.00800E+001   1.11600E+001
   1.47247E-001   1.00800E+001   1.11600E+001
   1.47278E-001   1.00800E+001   1.11600E+001
   1.47309E-001   1.00800E+001   1.11600E+001
   1.47341E-001   1.00800E+001   1.11600E+001
   1.47372E-001   1.00800E+001   1.11600E+001
   1.47404E-001   1.00800E+001   1.11600E+001
   1.47435E-001   1.00800E+001   1.11600E+001
   1.47466E-001   1.00800E+001   1.11600E+001
   1.47498E-001   1.00800E+001   1.11600E+001
   1.47529E-001   1.00800E+001   1.11600E+001
   1.47561E-001   1.00800E+001   1.11600E+001
   1.47592E-001   1.00800E+001   1.11600E+001
   1.47623E-001   1.00800E+001   1.11600E+001
   1.47655E-001   1.00800E+001   1.11600E+001
   1.47686E-001   1.00800E+001   1.11600E+001
   1.47717E-001   1.00800E+001   1.11600E+001
   1.47749E-001   1.00800E+001   1.11600E+001
   1.47780E-001   1.00800E+001   1.11600E+001
   1.47812E-001   1.00800E+001   1.11600E+001
   1.47843E-001   1.00800E+001   1.11600E+001
   1.47874E-001   1.00800E+001   1.11600E+001
   1.47906E-001   1.00800E+001   1.11600E+001
   1.47937E-001   1.00800E+001   1.11600E+001
   1.47969E-001   1.00800E+001   1.11600E+001
   1.48000E-001   1.00800E+001   1.11600E+001
   1.48031E-001   1.00800E+001   1.11600E+001
   1.48063E-001   1.00800E+001   1.11600E+001
   1.48094E-001   1.00800E+001   1.11600E+001
   1.48126E-001   1.00800E+001   1.11600E+001
   1.48157E-001   1.00800E+001   1.11600E+001
   1.48188E-001   1.00800E+001   1.11600E+001
   1.48220E-001   1.00800E+001   1.11600E+001
   1.48251E-001   1.00800E+001   1.11600E+001
   1.48282E-001   1.00800E+001   1.11600E+001
   1.48314E-001   1.00800E+001   1.11600E+001
   1.48345E-001   1.00800E+001   1.11600E+001
   1.48377E-001   1.00800E+001   1.11600E+001
   1.48408E-001   1.00800E+001   1.11600E+001
   1.48439E-001   1.00800E+001   1.13400E+001
   1.48471E-001   1.00800E+001   1.13400E+001
   1.48502E-001   1.00800E+001   1.13400E+001
   1.48534E-001   1.00800E+001   1.13400E+001
   1.48565E-001   1.00800E+001   1.13400E+001
   1.48596E-001   1.00800E+001   1.13400E+001
   1.48628E-001   1.00800E+001   1.13400E+001
   1.48659E-001   1.00800E+001   1.13400E+001
   1.48691E-001   1.00800E+001   1.13400E+001
   1.48722E-001   1.00800E+001   1.13400E+001
   1.48753E-001   1.00800E+001   1.13400E+001
   1.48785E-001   1.00800E+001   1.13400E+001
   1.48816E-001   1.00800E+001   1.13400E+001
   1.48847E-001   1.00800E+001   1.13400E+001
   1.48879E-001   1.00800E+001   1.13400E+001
   1.48910E-001   1.00800E+001   1.13400E+001
   1.48942E-001   1.00800E+001   1.13400E+001
   1.48973E-001   1.00800E+001   1.13400E+001
   1.49004E-001   1.00800E+001   1.13400E+001
   1.49036E-001   1.00800E+001   1.13400E+001
   1.49067E-001   1.00800E+001   1.13400E+001
   1.49099E-001   1.00800E+001   1.13400E+001
   1.49130E-001   1.00800E+001   1.13400E+001
   1.49161E-001   1.00800E+001   1.13400E+001
   1.49193E-001   1.00800E+001   1.13400E+001
   1.49224E-001   1.00800E+001   1.13400E+001
   1.49256E-001   1.00800E+001   1.13400E+001
   1.49287E-001   1.00800E+001   1.13400E+001
   1.49318E-001   1.00800E+001   1.13400E+001
   1.49350E-001   1.00800E+001   1.13400E+001
   1.49381E-001   1.00800E+001   1.13400E+001
   1.49412E-001   1.00800E+001   1.13400E+001
   1.49444E-001   1.00800E+001   1.13400E+001
   1.49475E-001   1.00800E+001   1.13400E+001
   1.49507E-001   1.00800E+001   1.13400E+001
   1.49538E-001   1.00800E+001   1.13400E+001
   1.49569E-001   1.00800E+001   1.13400E+001
   1.49601E-001   1.00800E+001   1.13400E+001
   1.49632E-001   1.00800E+001   1.13400E+001
   1.49664E-001   1.00800E+001   1.13400E+001
   1.49695E-001   1.00800E+001   1.13400E+001
   1.49726E-001   1.00800E+001   1.13400E+001
   1.49758E-001   1.00800E+001   1.13400E+001
   1.49789E-001   1.00800E+001   1.13400E+001
   1.49821E-001   1.00800E+001   1.13400E+001
   1.49852E-001   1.00800E+001   1.13400E+001
   1.49883E-001   1.00800E+001   1.13400E+001
   1.49915E-001   1.00800E+001   1.13400E+001
   1.49946E-001   1.00800E+001   1.13400E+001
   1.49977E-001   1.00800E+001   1.13400E+001
   1.50009E-001   1.00800E+001   1.13400E+001
   1.50040E-001   1.00800E+001   1.13400E+001
   1.50072E-001   1.00800E+001   1.13400E+001
   1.50103E-001   1.00800E+001   1.13400E+001
   1.50134E-001   1.00800E+001   1.13400E+001
   1.50166E-001   1.00800E+001   1.13400E+001
   1.50197E-001   1.00800E+001   1.13400E+001
   1.50229E-001   1.00800E+001   1.13400E+001
   1.50260E-001   1.00800E+001   1.13400E+001
   1.50291E-001   1.00800E+001   1.13400E+001
   1.50323E-001   1.00800E+001   1.13400E+001
   1.50354E-001   1.00800E+001   1.13400E+001
   1.50386E-001   1.00800E+001   1.13400E+001
   1.50417E-001   1.00800E+001   1.13400E+001
   1.50448E-001   1.00800E+001   1.13400E+001
   1.50480E-001   1.00800E+001   1.13400E+001
   1.50511E-001   1.00800E+001   1.13400E+001
   1.50543E-001   1.00800E+001   1.13400E+001
   1.50574E-001   1.00800E+001   1.13400E+001
   1.50605E-001   1.00800E+001   1.13400E+001
   1.50637E-001   1.00800E+001   1.13400E+001
   1.50668E-001   1.00800E+001   1.13400E+001
   1.50699E-001   1.00800E+001   1.13400E+001
   1.50731E-001   1.00800E+001   1.13400E+001
   1.50762E-001   1.00800E+001   1.13400E+001
   1.50794E-001   1.00800E+001   1.13400E+001
   1.50825E-001   1.00800E+001   1.13400E+001
   1.50856E-001   1.00800E+001   1.13400E+001
   1.50888E-001   1.00800E+001   1.13400E+001
   1.50919E-001   1.00800E+001   1.13400E+001
   1.50951E-001   1.00800E+001   1.13400E+001
   1.50982E-001   1.00800E+001   1.13400E+001
   1.51013E-001   1.00800E+001   1.13400E+001
   1.51045E-001   1.00800E+001   1.13400E+001
   1.51076E-001   1.00800E+001   1.13400E+001
   1.51108E-001   1.00800E+001   1.13400E+001
   1.51139E-001   1.00800E+001   1.13400E+001
   1.51170E-001   1.00800E+001   1.13400E+001
   1.51202E-001   1.00800E+001   1.13400E+001
   1.51233E-001   1.00800E+001   1.13400E+001
   1.51264E-001   1.00800E+001   1.13400E+001
   1.51296E-001   1.00800E+001   1.13400E+001
   1.51327E-001   1.00800E+001   1.13400E+001
   1.51359E-001   1.00800E+001   1.13400E+001
   1.51390E-001   1.00800E+001   1.13400E+001
   1.51421E-001   1.00800E+001   1.13400E+001
   1.51453E-001   1.00800E+001   1.13400E+001
   1.51484E-001   1.00800E+001   1.13400E+001
   1.51516E-001   1.00800E+001   1.13400E+001
   1.51547E-001   1.00800E+001   1.13400E+001
   1.51578E-001   1.00800E+001   1.13400E+001
   1.51610E-001   1.00800E+001   1.13400E+001
   1.51641E-001   1.00800E+001   1.13400E+001
   1.51673E-001   1.00800E+001   1.13400E+001
   1.51704E-001   1.00800E+001   1.13400E+001
   1.51735E-001   1.00800E+001   1.13400E+001
   1.51767E-001   1.00800E+001   1.13400E+001
   1.51798E-001   1.00800E+001   1.13400E+001
   1.51829E-001   1.00800E+001   1.13400E+001
   1.51861E-001   1.00800E+001   1.13400E+001
   1.51892E-001   1.00800E+001   1.13400E+001
   1.51924E-001   1.00800E+001   1.13400E+001
   1.51955E-001   1.00800E+001   1.13400E+001
   1.51986E-001   1.00800E+001   1.13400E+001
   1.52018E-001   1.00800E+001   1.13400E+001
   1.52049E-001   1.00800E+001   1.13400E+001
   1.52081E-001   1.00800E+001   1.13400E+001
   1.52112E-001   1.00800E+001   1.13400E+001
   1.52143E-001   1.00800E+001   1.13400E+001
   1.52175E-001   1.00800E+001   1.13400E+001
   1.52206E-001   1.00800E+001   1.13400E+001
   1.52238E-001   1.00800E+001   1.13400E+001
   1.52269E-001   1.00800E+001   1.13400E+001
   1.52300E-001   1.00800E+001   1.13400E+001
   1.52332E-001   1.00800E+001   1.13400E+001
   1.52363E-001   1.00800E+001   1.13400E+001
   1.52394E-001   1.00800E+001   1.13400E+001
   1.52426E-001   1.00800E+001   1.13400E+001
   1.52457E-001   1.00800E+001   1.13400E+001
   1.52489E-001   1.00800E+001   1.13400E+001
   1.52520E-001   1.00800E+001   1.13400E+001
   1.52551E-001   1.00800E+001   1.13400E+001
   1.52583E-001   1.00800E+001   1.13400E+001
   1.52614E-001   1.00800E+001   1.13400E+001
   1.52646E-001   1.00800E+001   1.13400E+001
   1.52677E-001   1.00800E+001   1.13400E+001
   1.52708E-001   1.00800E+001   1.13400E+001
   1.52740E-001   1.00800E+001   1.13400E+001
   1.52771E-001   1.00800E+001   1.13400E+001
   1.52803E-001   1.00800E+001   1.13400E+001
   1.52834E-001   1.00800E+001   1.13400E+001
   1.52865E-001   1.00800E+001   1.13400E+001
   1.52897E-001   1.00800E+001   1.13400E+001
   1.52928E-001   1.00800E+001   1.13400E+001
   1.52959E-001   1.00800E+001   1.13400E+001
   1.52991E-001   1.00800E+001   1.13400E+001
   1.53022E-001   1.00800E+001   1.13400E+001
   1.53054E-001   1.00800E+001   1.13400E+001
   1.53085E-001   1.00800E+001   1.13400E+001
   1.53116E-001   1.00800E+001   1.13400E+001
   1.53148E-001   1.00800E+001   1.13400E+001
   1.53179E-001   1.00800E+001   1.15200E+001
   1.53211E-001   1.00800E+001   1.15200E+001
   1.53242E-001   1.02600E+001   1.15200E+001
   1.53273E-001   1.02600E+001   1.15200E+001
   1.53305E-001   1.02600E+001   1.15200E+001
   1.53336E-001   1.02600E+001   1.15200E+001
   1.53368E-001   1.02600E+001   1.15200E+001
   1.53399E-001   1.02600E+001   1.15200E+001
   1.53430E-001   1.02600E+001   1.15200E+001
   1.53462E-001   1.02600E+001   1.15200E+001
   1.53493E-001   1.02600E+001   1.15200E+001
   1.53524E-001   1.02600E+001   1.15200E+001
   1.53556E-001   1.02600E+001   1.15200E+001
   1.53587E-001   1.02600E+001   1.15200E+001
   1.53619E-001   1.02600E+001   1.15200E+001
   1.53650E-001   1.02600E+001   1.15200E+001
   1.53681E-001   1.02600E+001   1.15200E+001
   1.53713E-001   1.02600E+001   1.15200E+001
   1.53744E-001   1.02600E+001   1.15200E+001
   1.53776E-001   1.02600E+001   1.15200E+001
   1.53807E-001   1.02600E+001   1.15200E+001
   1.53838E-001   1.02600E+001   1.15200E+001
   1.53870E-001   1.02600E+001   1.15200E+001
   1.53901E-001   1.02600E+001   1.15200E+001
   1.53933E-001   1.02600E+001   1.15200E+001
   1.53964E-001   1.02600E+001   1.15200E+001
   1.53995E-001   1.02600E+001   1.15200E+001
   1.54027E-001   1.02600E+001   1.15200E+001
   1.54058E-001   1.02600E+001   1.15200E+001
   1.54089E-001   1.02600E+001   1.15200E+001
   1.54121E-001   1.02600E+001   1.15200E+001
   1.54152E-001   1.02600E+001   1.15200E+001
   1.54184E-001   1.02600E+001   1.15200E+001
   1.54215E-001   1.02600E+001   1.15200E+001
   1.54246E-001   1.02600E+001   1.15200E+001
   1.54278E-001   1.02600E+001   1.15200E+001
   1.54309E-001   1.02600E+001   1.15200E+001
   1.54341E-001   1.02600E+001   1.15200E+001
   1.54372E-001   1.02600E+001   1.15200E+001
   1.54403E-001   1.02600E+001   1.15200E+001
   1.54435E-001   1.02600E+001   1.15200E+001
   1.54466E-001   1.02600E+001   1.15200E+001
   1.54498E-001   1.02600E+001   1.15200E+001
   1.54529E-001   1.02600E+001   1.15200E+001
   1.54560E-001   1.02600E+001   1.15200E+001
   1.54592E-001   1.02600E+001   1.15200E+001
   1.54623E-001   1.02600E+001   1.15200E+001
   1.54654E-001   1.02600E+001   1.15200E+001
   1.54686E-001   1.02600E+001   1.15200E+001
   1.54717E-001   1.02600E+001   1.15200E+001
   1.54749E-001   1.02600E+001   1.15200E+001
   1.54780E-001   1.02600E+001   1.15200E+001
   1.54811E-001   1.02600E+001   1.15200E+001
   1.54843E-001   1.02600E+001   1.15200E+001
   1.54874E-001   1.02600E+001   1.15200E+001
   1.54906E-001   1.02600E+001   1.15200E+001
   1.54937E-001   1.02600E+001   1.15200E+001
   1.54968E-001   1.02600E+001   1.15200E+001
   1.55000E-001   1.02600E+001   1.15200E+001
   1.55031E-001   1.02600E+001   1.15200E+001
   1.55063E-001   1.02600E+001   1.15200E+001
   1.55094E-001   1.02600E+001   1.15200E+001
   1.55125E-001   1.02600E+001   1.15200E+001
   1.55157E-001   1.02600E+001   1.15200E+001
   1.55188E-001   1.02600E+001   1.15200E+001
   1.55219E-001   1.02600E+001   1.15200E+001
   1.55251E-001   1.02600E+001   1.15200E+001
   1.55282E-001   1.02600E+001   1.15200E+001
   1.55314E-001   1.02600E+001   1.15200E+001
   1.55345E-001   1.02600E+001   1.15200E+001
   1.55376E-001   1.02600E+001   1.15200E+001
   1.55408E-001   1.02600E+001   1.15200E+001
   1.55439E-001   1.02600E+001   1.15200E+001
   1.55471E-001   1.02600E+001   1.15200E+001
   1.55502E-001   1.02600E+001   1.15200E+001
   1.55533E-001   1.02600E+001   1.15200E+001
   1.55565E-001   1.02600E+001   1.15200E+001
   1.55596E-001   1.02600E+001   1.15200E+001
   1.55628E-001   1.02600E+001   1.15200E+001
   1.55659E-001   1.02600E+001   1.15200E+001
   1.55690E-001   1.02600E+001   1.15200E+001
   1.55722E-001   1.02600E+001   1.15200E+001
   1.55753E-001   1.02600E+001   1.15200E+001
   1.55784E-001   1.02600E+001   1.15200E+001
   1.55816E-001   1.02600E+001   1.15200E+001
   1.55847E-001   1.02600E+001   1.15200E+001
   1.55879E-001   1.02600E+001   1.15200E+001
   1.55910E-001   1.02600E+001   1.15200E+001
   1.55941E-001   1.02600E+001   1.15200E+001
   1.55973E-001   1.02600E+001   1.15200E+001
   1.56004E-001   1.02600E+001   1.15200E+001
   1.56036E-001   1.02600E+001   1.15200E+001
   1.56067E-001   1.02600E+001   1.15200E+001
   1.56098E-001   1.02600E+001   1.15200E+001
   1.56130E-001   1.02600E+001   1.15200E+001
   1.56161E-001   1.02600E+001   1.15200E+001
   1.56193E-001   1.02600E+001   1.15200E+001
   1.56224E-001   1.02600E+001   1.15200E+001
   1.56255E-001   1.02600E+001   1.15200E+001
   1.56287E-001   1.02600E+001   1.15200E+001
   1.56318E-001   1.02600E+001   1.15200E+001
   1.56350E-001   1.02600E+001   1.15200E+001
   1.56381E-001   1.02600E+001   1.15200E+001
   1.56412E-001   1.02600E+001   1.15200E+001
   1.56444E-001   1.02600E+001   1.15200E+001
   1.56475E-001   1.02600E+001   1.15200E+001
   1.56506E-001   1.02600E+001   1.15200E+001
   1.56538E-001   1.02600E+001   1.15200E+001
   1.56569E-001   1.02600E+001   1.15200E+001
   1.56601E-001   1.02600E+001   1.15200E+001
   1.56632E-001   1.02600E+001   1.15200E+001
   1.56663E-001   1.02600E+001   1.15200E+001
   1.56695E-001   1.02600E+001   1.15200E+001
   1.56726E-001   1.02600E+001   1.15200E+001
   1.56758E-001   1.02600E+001   1.15200E+001
   1.56789E-001   1.02600E+001   1.15200E+001
   1.56820E-001   1.02600E+001   1.15200E+001
   1.56852E-001   1.02600E+001   1.15200E+001
   1.56883E-001   1.02600E+001   1.15200E+001
   1.56915E-001   1.02600E+001   1.15200E+001
   1.56946E-001   1.02600E+001   1.15200E+001
   1.56977E-001   1.02600E+001   1.15200E+001
   1.57009E-001   1.02600E+001   1.15200E+001
   1.57040E-001   1.02600E+001   1.15200E+001
   1.57071E-001   1.02600E+001   1.15200E+001
   1.57103E-001   1.02600E+001   1.15200E+001
   1.57134E-001   1.02600E+001   1.15200E+001
   1.57166E-001   1.02600E+001   1.15200E+001
   1.57197E-001   1.02600E+001   1.15200E+001
   1.57228E-001   1.02600E+001   1.15200E+001
   1.57260E-001   1.02600E+001   1.15200E+001
   1.57291E-001   1.02600E+001   1.15200E+001
   1.57323E-001   1.02600E+001   1.15200E+001
   1.57354E-001   1.02600E+001   1.15200E+001
   1.57385E-001   1.02600E+001   1.15200E+001
   1.57417E-001   1.02600E+001   1.15200E+001
   1.57448E-001   1.02600E+001   1.15200E+001
   1.57480E-001   1.02600E+001   1.15200E+001
   1.57511E-001   1.02600E+001   1.15200E+001
   1.57542E-001   1.02600E+001   1.15200E+001
   1.57574E-001   1.02600E+001   1.15200E+001
   1.57605E-001   1.02600E+001   1.15200E+001
   1.57636E-001   1.02600E+001   1.15200E+001
   1.57668E-001   1.02600E+001   1.15200E+001
   1.57699E-001   1.02600E+001   1.15200E+001
   1.57731E-001   1.02600E+001   1.15200E+001
   1.57762E-001   1.02600E+001   1.15200E+001
   1.57793E-001   1.02600E+001   1.15200E+001
   1.57825E-001   1.02600E+001   1.15200E+001
   1.57856E-001   1.02600E+001   1.15200E+001
   1.57888E-001   1.02600E+001   1.15200E+001
   1.57919E-001   1.02600E+001   1.15200E+001
   1.57950E-001   1.02600E+001   1.15200E+001
   1.57982E-001   1.02600E+001   1.15200E+001
   1.58013E-001   1.02600E+001   1.17000E+001
   1.58045E-001   1.02600E+001   1.17000E+001
   1.58076E-001   1.02600E+001   1.17000E+001
   1.58107E-001   1.02600E+001   1.17000E+001
   1.58139E-001   1.02600E+001   1.17000E+001
   1.58170E-001   1.02600E+001   1.17000E+001
   1.58201E-001   1.02600E+001   1.17000E+001
   1.58233E-001   1.02600E+001   1.17000E+001
   1.58264E-001   1.02600E+001   1.17000E+001
   1.58296E-001   1.02600E+001   1.17000E+001
   1.58327E-001   1.02600E+001   1.17000E+001
   1.58358E-001   1.02600E+001   1.17000E+001
   1.58390E-001   1.02600E+001   1.17000E+001
   1.58421E-001   1.02600E+001   1.17000E+001
   1.58453E-001   1.02600E+001   1.17000E+001
   1.58484E-001   1.02600E+001   1.17000E+001
   1.58515E-001   1.02600E+001   1.17000E+001
   1.58547E-001   1.02600E+001   1.17000E+001
   1.58578E-001   1.02600E+001   1.17000E+001
   1.58610E-001   1.02600E+001   1.17000E+001
   1.58641E-001   1.02600E+001   1.17000E+001
   1.58672E-001   1.02600E+001   1.17000E+001
   1.58704E-001   1.02600E+001   1.17000E+001
   1.58735E-001   1.02600E+001   1.17000E+001
   1.58766E-001   1.02600E+001   1.17000E+001
   1.58798E-001   1.02600E+001   1.17000E+001
   1.58829E-001   1.02600E+001   1.17000E+001
   1.58861E-001   1.02600E+001   1.17000E+001
   1.58892E-001   1.02600E+001   1.17000E+001
   1.58923E-001   1.02600E+001   1.17000E+001
   1.58955E-001   1.02600E+001   1.17000E+001
   1.58986E-001   1.02600E+001   1.17000E+001
   1.59018E-001   1.02600E+001   1.17000E+001
   1.59049E-001   1.02600E+001   1.17000E+001
   1.59080E-001   1.02600E+001   1.17000E+001
   1.59112E-001   1.02600E+001   1.17000E+001
   1.59143E-001   1.02600E+001   1.17000E+001
   1.59175E-001   1.02600E+001   1.17000E+001
   1.59206E-001   1.02600E+001   1.17000E+001
   1.59237E-001   1.02600E+001   1.17000E+001
   1.59269E-001   1.02600E+001   1.17000E+001
   1.59300E-001   1.02600E+001   1.17000E+001
   1.59331E-001   1.02600E+001   1.17000E+001
   1.59363E-001   1.02600E+001   1.17000E+001
   1.59394E-001   1.02600E+001   1.17000E+001
   1.59426E-001   1.04400E+001   1.17000E+001
   1.59457E-001   1.04400E+001   1.17000E+001
   1.59488E-001   1.04400E+001   1.17000E+001
   1.59520E-001   1.04400E+001   1.17000E+001
   1.59551E-001   1.04400E+001   1.17000E+001
   1.59583E-001   1.04400E+001   1.17000E+001
   1.59614E-001   1.04400E+001   1.17000E+001
   1.59645E-001   1.04400E+001   1.17000E+001
   1.59677E-001   1.04400E+001   1.17000E+001
   1.59708E-001   1.04400E+001   1.17000E+001
   1.59740E-001   1.04400E+001   1.17000E+001
   1.59771E-001   1.04400E+001   1.17000E+001
   1.59802E-001   1.04400E+001   1.17000E+001
   1.59834E-001   1.04400E+001   1.17000E+001
   1.59865E-001   1.04400E+001   1.17000E+001
   1.59896E-001   1.04400E+001   1.17000E+001
   1.59928E-001   1.04400E+001   1.17000E+001
   1.59959E-001   1.04400E+001   1.17000E+001
   1.59991E-001   1.04400E+001   1.17000E+001
   1.60022E-001   1.04400E+001   1.17000E+001
   1.60053E-001   1.04400E+001   1.17000E+001
   1.60085E-001   1.04400E+001   1.17000E+001
   1.60116E-001   1.04400E+001   1.17000E+001
   1.60148E-001   1.04400E+001   1.17000E+001
   1.60179E-001   1.04400E+001   1.17000E+001
   1.60210E-001   1.04400E+001   1.17000E+001
   1.60242E-001   1.04400E+001   1.17000E+001
   1.60273E-001   1.04400E+001   1.17000E+001
   1.60305E-001   1.04400E+001   1.17000E+001
   1.60336E-001   1.04400E+001   1.17000E+001
   1.60367E-001   1.04400E+001   1.17000E+001
   1.60399E-001   1.04400E+001   1.17000E+001
   1.60430E-001   1.04400E+001   1.17000E+001
   1.60461E-001   1.04400E+001   1.17000E+001
   1.60493E-001   1.04400E+001   1.17000E+001
   1.60524E-001   1.04400E+001   1.17000E+001
   1.60556E-001   1.04400E+001   1.17000E+001
   1.60587E-001   1.04400E+001   1.17000E+001
   1.60618E-001   1.04400E+001   1.17000E+001
   1.60650E-001   1.04400E+001   1.17000E+001
   1.60681E-001   1.04400E+001   1.17000E+001
   1.60713E-001   1.04400E+001   1.17000E+001
   1.60744E-001   1.04400E+001   1.17000E+001
   1.60775E-001   1.04400E+001   1.17000E+001
   1.60807E-001   1.04400E+001   1.17000E+001
   1.60838E-001   1.04400E+001   1.17000E+001
   1.60870E-001   1.04400E+001   1.17000E+001
   1.60901E-001   1.04400E+001   1.17000E+001
   1.60932E-001   1.04400E+001   1.17000E+001
   1.60964E-001   1.04400E+001   1.17000E+001
   1.60995E-001   1.04400E+001   1.17000E+001
   1.61026E-001   1.04400E+001   1.17000E+001
   1.61058E-001   1.04400E+001   1.17000E+001
   1.61089E-001   1.04400E+001   1.17000E+001
   1.61121E-001   1.04400E+001   1.17000E+001
   1.61152E-001   1.04400E+001   1.17000E+001
   1.61183E-001   1.04400E+001   1.17000E+001
   1.61215E-001   1.04400E+001   1.17000E+001
   1.61246E-001   1.04400E+001   1.17000E+001
   1.61278E-001   1.04400E+001   1.17000E+001
   1.61309E-001   1.04400E+001   1.17000E+001
   1.61340E-001   1.04400E+001   1.17000E+001
   1.61372E-001   1.04400E+001   1.17000E+001
   1.61403E-001   1.04400E+001   1.17000E+001
   1.61435E-001   1.04400E+001   1.17000E+001
   1.61466E-001   1.04400E+001   1.17000E+001
   1.61497E-001   1.04400E+001   1.17000E+001
   1.61529E-001   1.04400E+001   1.17000E+001
   1.61560E-001   1.04400E+001   1.17000E+001
   1.61591E-001   1.04400E+001   1.17000E+001
   1.61623E-001   1.04400E+001   1.17000E+001
   1.61654E-001   1.04400E+001   1.17000E+001
   1.61686E-001   1.04400E+001   1.17000E+001
   1.61717E-001   1.04400E+001   1.17000E+001
   1.61748E-001   1.04400E+001   1.17000E+001
   1.61780E-001   1.04400E+001   1.17000E+001
   1.61811E-001   1.04400E+001   1.17000E+001
   1.61843E-001   1.04400E+001   1.17000E+001
   1.61874E-001   1.04400E+001   1.17000E+001
   1.61905E-001   1.04400E+001   1.17000E+001
   1.61937E-001   1.04400E+001   1.17000E+001
   1.61968E-001   1.04400E+001   1.17000E+001
   1.62000E-001   1.04400E+001   1.17000E+001
   1.62031E-001   1.04400E+001   1.17000E+001
   1.62062E-001   1.04400E+001   1.17000E+001
   1.62094E-001   1.04400E+001   1.17000E+001
   1.62125E-001   1.04400E+001   1.17000E+001
   1.62156E-001   1.04400E+001   1.17000E+001
   1.62188E-001   1.04400E+001   1.17000E+001
   1.62219E-001   1.04400E+001   1.17000E+001
   1.62251E-001   1.04400E+001   1.17000E+001
   1.62282E-001   1.04400E+001   1.17000E+001
   1.62313E-001   1.04400E+001   1.17000E+001
   1.62345E-001   1.04400E+001   1.17000E+001
   1.62376E-001   1.04400E+001   1.17000E+001
   1.62408E-001   1.04400E+001   1.17000E+001
   1.62439E-001   1.04400E+001   1.17000E+001
   1.62470E-001   1.04400E+001   1.17000E+001
   1.62502E-001   1.04400E+001   1.17000E+001
   1.62533E-001   1.04400E+001   1.17000E+001
   1.62565E-001   1.04400E+001   1.17000E+001
   1.62596E-001   1.04400E+001   1.17000E+001
   1.62627E-001   1.04400E+001   1.17000E+001
   1.62659E-001   1.04400E+001   1.17000E+001
   1.62690E-001   1.04400E+001   1.17000E+001
   1.62722E-001   1.04400E+001   1.17000E+001
   1.62753E-001   1.04400E+001   1.17000E+001
   1.62784E-001   1.04400E+001   1.17000E+001
   1.62816E-001   1.04400E+001   1.17000E+001
   1.62847E-001   1.04400E+001   1.17000E+001
   1.62878E-001   1.04400E+001   1.17000E+001
   1.62910E-001   1.04400E+001   1.17000E+001
   1.62941E-001   1.04400E+001   1.18800E+001
   1.62973E-001   1.04400E+001   1.18800E+001
   1.63004E-001   1.04400E+001   1.18800E+001
   1.63035E-001   1.04400E+001   1.18800E+001
   1.63067E-001   1.04400E+001   1.18800E+001
   1.63098E-001   1.04400E+001   1.18800E+001
   1.63130E-001   1.04400E+001   1.18800E+001
   1.63161E-001   1.04400E+001   1.18800E+001
   1.63192E-001   1.04400E+001   1.18800E+001
   1.63224E-001   1.04400E+001   1.18800E+001
   1.63255E-001   1.04400E+001   1.18800E+001
   1.63287E-001   1.04400E+001   1.18800E+001
   1.63318E-001   1.04400E+001   1.18800E+001
   1.63349E-001   1.04400E+001   1.18800E+001
   1.63381E-001   1.04400E+001   1.18800E+001
   1.63412E-001   1.04400E+001   1.18800E+001
   1.63443E-001   1.04400E+001   1.18800E+001
   1.63475E-001   1.04400E+001   1.18800E+001
   1.63506E-001   1.04400E+001   1.18800E+001
   1.63538E-001   1.04400E+001   1.18800E+001
   1.63569E-001   1.04400E+001   1.18800E+001
   1.63600E-001   1.04400E+001   1.18800E+001
   1.63632E-001   1.04400E+001   1.18800E+001
   1.63663E-001   1.04400E+001   1.18800E+001
   1.63695E-001   1.04400E+001   1.18800E+001
   1.63726E-001   1.04400E+001   1.18800E+001
   1.63757E-001   1.04400E+001   1.18800E+001
   1.63789E-001   1.04400E+001   1.18800E+001
   1.63820E-001   1.04400E+001   1.18800E+001
   1.63852E-001   1.04400E+001   1.18800E+001
   1.63883E-001   1.04400E+001   1.18800E+001
   1.63914E-001   1.04400E+001   1.18800E+001
   1.63946E-001   1.04400E+001   1.18800E+001
   1.63977E-001   1.04400E+001   1.18800E+001
   1.64008E-001   1.04400E+001   1.18800E+001
   1.64040E-001   1.04400E+001   1.18800E+001
   1.64071E-001   1.04400E+001   1.18800E+001
   1.64103E-001   1.04400E+001   1.18800E+001
   1.64134E-001   1.04400E+001   1.18800E+001
   1.64165E-001   1.04400E+001   1.18800E+001
   1.64197E-001   1.04400E+001   1.18800E+001
   1.64228E-001   1.04400E+001   1.18800E+001
   1.64260E-001   1.04400E+001   1.18800E+001
   1.64291E-001   1.04400E+001   1.18800E+001
   1.64322E-001   1.04400E+001   1.18800E+001
   1.64354E-001   1.04400E+001   1.18800E+001
   1.64385E-001   1.04400E+001   1.18800E+001
   1.64417E-001   1.04400E+001   1.18800E+001
   1.64448E-001   1.04400E+001   1.18800E+001
   1.64479E-001   1.04400E+001   1.18800E+001
   1.64511E-001   1.04400E+001   1.18800E+001
   1.64542E-001   1.04400E+001   1.18800E+001
   1.64573E-001   1.04400E+001   1.18800E+001
   1.64605E-001   1.04400E+001   1.18800E+001
   1.64636E-001   1.04400E+001   1.18800E+001
   1.64668E-001   1.04400E+001   1.18800E+001
   1.64699E-001   1.04400E+001   1.18800E+001
   1.64730E-001   1.04400E+001   1.18800E+001
   1.64762E-001   1.04400E+001   1.18800E+001
   1.64793E-001   1.04400E+001   1.18800E+001
   1.64825E-001   1.04400E+001   1.18800E+001
   1.64856E-001   1.04400E+001   1.18800E+001
   1.64887E-001   1.04400E+001   1.18800E+001
   1.64919E-001   1.04400E+001   1.18800E+001
   1.64950E-001   1.04400E+001   1.18800E+001
   1.64982E-001   1.04400E+001   1.18800E+001
   1.65013E-001   1.04400E+001   1.18800E+001
   1.65044E-001   1.04400E+001   1.18800E+001
   1.65076E-001   1.04400E+001   1.18800E+001
   1.65107E-001   1.04400E+001   1.18800E+001
   1.65138E-001   1.04400E+001   1.18800E+001
   1.65170E-001   1.04400E+001   1.18800E+001
   1.65201E-001   1.04400E+001   1.18800E+001
   1.65233E-001   1.04400E+001   1.18800E+001
   1.65264E-001   1.04400E+001   1.18800E+001
   1.65295E-001   1.04400E+001   1.18800E+001
   1.65327E-001   1.04400E+001   1.18800E+001
   1.65358E-001   1.04400E+001   1.18800E+001
   1.65390E-001   1.04400E+001   1.18800E+001
   1.65421E-001   1.04400E+001   1.18800E+001
   1.65452E-001   1.04400E+001   1.18800E+001
   1.65484E-001   1.04400E+001   1.18800E+001
   1.65515E-001   1.04400E+001   1.18800E+001
   1.65547E-001   1.04400E+001   1.18800E+001
   1.65578E-001   1.04400E+001   1.18800E+001
   1.65609E-001   1.04400E+001   1.18800E+001
   1.65641E-001   1.04400E+001   1.18800E+001
   1.65672E-001   1.04400E+001   1.18800E+001
   1.65703E-001   1.06200E+001   1.18800E+001
   1.65735E-001   1.06200E+001   1.18800E+001
   1.65766E-001   1.06200E+001   1.18800E+001
   1.65798E-001   1.06200E+001   1.18800E+001
   1.65829E-001   1.06200E+001   1.18800E+001
   1.65860E-001   1.06200E+001   1.18800E+001
   1.65892E-001   1.06200E+001   1.18800E+001
   1.65923E-001   1.06200E+001   1.18800E+001
   1.65955E-001   1.06200E+001   1.18800E+001
   1.65986E-001   1.06200E+001   1.18800E+001
   1.66017E-001   1.06200E+001   1.18800E+001
   1.66049E-001   1.06200E+001   1.18800E+001
   1.66080E-001   1.06200E+001   1.18800E+001
   1.66112E-001   1.06200E+001   1.18800E+001
   1.66143E-001   1.06200E+001   1.18800E+001
   1.66174E-001   1.06200E+001   1.18800E+001
   1.66206E-001   1.06200E+001   1.18800E+001
   1.66237E-001   1.06200E+001   1.18800E+001
   1.66268E-001   1.06200E+001   1.18800E+001
   1.66300E-001   1.06200E+001   1.18800E+001
   1.66331E-001   1.06200E+001   1.18800E+001
   1.66363E-001   1.06200E+001   1.18800E+001
   1.66394E-001   1.06200E+001   1.18800E+001
   1.66425E-001   1.06200E+001   1.18800E+001
   1.66457E-001   1.06200E+001   1.18800E+001
   1.66488E-001   1.06200E+001   1.18800E+001
   1.66520E-001   1.06200E+001   1.18800E+001
   1.66551E-001   1.06200E+001   1.18800E+001
   1.66582E-001   1.06200E+001   1.18800E+001
   1.66614E-001   1.06200E+001   1.18800E+001
   1.66645E-001   1.06200E+001   1.18800E+001
   1.66677E-001   1.06200E+001   1.18800E+001
   1.66708E-001   1.06200E+001   1.18800E+001
   1.66739E-001   1.06200E+001   1.18800E+001
   1.66771E-001   1.06200E+001   1.18800E+001
   1.66802E-001   1.06200E+001   1.18800E+001
   1.66833E-001   1.06200E+001   1.18800E+001
   1.66865E-001   1.06200E+001   1.18800E+001
   1.66896E-001   1.06200E+001   1.18800E+001
   1.66928E-001   1.06200E+001   1.18800E+001
   1.66959E-001   1.06200E+001   1.18800E+001
   1.66990E-001   1.06200E+001   1.18800E+001
   1.67022E-001   1.06200E+001   1.18800E+001
   1.67053E-001   1.06200E+001   1.18800E+001
   1.67085E-001   1.06200E+001   1.18800E+001
   1.67116E-001   1.06200E+001   1.18800E+001
   1.67147E-001   1.06200E+001   1.18800E+001
   1.67179E-001   1.06200E+001   1.18800E+001
   1.67210E-001   1.06200E+001   1.18800E+001
   1.67242E-001   1.06200E+001   1.18800E+001
   1.67273E-001   1.06200E+001   1.18800E+001
   1.67304E-001   1.06200E+001   1.18800E+001
   1.67336E-001   1.06200E+001   1.18800E+001
   1.67367E-001   1.06200E+001   1.18800E+001
   1.67398E-001   1.06200E+001   1.18800E+001
   1.67430E-001   1.06200E+001   1.18800E+001
   1.67461E-001   1.06200E+001   1.18800E+001
   1.67493E-001   1.06200E+001   1.18800E+001
   1.67524E-001   1.06200E+001   1.18800E+001
   1.67555E-001   1.06200E+001   1.18800E+001
   1.67587E-001   1.06200E+001   1.18800E+001
   1.67618E-001   1.06200E+001   1.18800E+001
   1.67650E-001   1.06200E+001   1.18800E+001
   1.67681E-001   1.06200E+001   1.18800E+001
   1.67712E-001   1.06200E+001   1.18800E+001
   1.67744E-001   1.06200E+001   1.18800E+001
   1.67775E-001   1.06200E+001   1.18800E+001
   1.67807E-001   1.06200E+001   1.18800E+001
   1.67838E-001   1.06200E+001   1.18800E+001
   1.67869E-001   1.06200E+001   1.18800E+001
   1.67901E-001   1.06200E+001   1.20600E+001
   1.67932E-001   1.06200E+001   1.20600E+001
   1.67963E-001   1.06200E+001   1.20600E+001
   1.67995E-001   1.06200E+001   1.20600E+001
   1.68026E-001   1.06200E+001   1.20600E+001
   1.68058E-001   1.06200E+001   1.20600E+001
   1.68089E-001   1.06200E+001   1.20600E+001
   1.68120E-001   1.06200E+001   1.20600E+001
   1.68152E-001   1.06200E+001   1.20600E+001
   1.68183E-001   1.06200E+001   1.20600E+001
   1.68215E-001   1.06200E+001   1.20600E+001
   1.68246E-001   1.06200E+001   1.20600E+001
   1.68277E-001   1.06200E+001   1.20600E+001
   1.68309E-001   1.06200E+001   1.20600E+001
   1.68340E-001   1.06200E+001   1.20600E+001
   1.68372E-001   1.06200E+001   1.20600E+001
   1.68403E-001   1.06200E+001   1.20600E+001
   1.68434E-001   1.06200E+001   1.20600E+001
   1.68466E-001   1.06200E+001   1.20600E+001
   1.68497E-001   1.06200E+001   1.20600E+001
   1.68529E-001   1.06200E+001   1.20600E+001
   1.68560E-001   1.06200E+001   1.20600E+001
   1.68591E-001   1.06200E+001   1.20600E+001
   1.68623E-001   1.06200E+001   1.20600E+001
   1.68654E-001   1.06200E+001   1.20600E+001
   1.68685E-001   1.06200E+001   1.20600E+001
   1.68717E-001   1.06200E+001   1.20600E+001
   1.68748E-001   1.06200E+001   1.20600E+001
   1.68780E-001   1.06200E+001   1.20600E+001
   1.68811E-001   1.06200E+001   1.20600E+001
   1.68842E-001   1.06200E+001   1.20600E+001
   1.68874E-001   1.06200E+001   1.20600E+001
   1.68905E-001   1.06200E+001   1.20600E+001
   1.68937E-001   1.06200E+001   1.20600E+001
   1.68968E-001   1.06200E+001   1.20600E+001
   1.68999E-001   1.06200E+001   1.20600E+001
   1.69031E-001   1.06200E+001   1.20600E+001
   1.69062E-001   1.06200E+001   1.20600E+001
   1.69094E-001   1.06200E+001   1.20600E+001
   1.69125E-001   1.06200E+001   1.20600E+001
   1.69156E-001   1.06200E+001   1.20600E+001
   1.69188E-001   1.06200E+001   1.20600E+001
   1.69219E-001   1.06200E+001   1.20600E+001
   1.69250E-001   1.06200E+001   1.20600E+001
   1.69282E-001   1.06200E+001   1.20600E+001
   1.69313E-001   1.06200E+001   1.20600E+001
   1.69345E-001   1.06200E+001   1.20600E+001
   1.69376E-001   1.06200E+001   1.20600E+001
   1.69407E-001   1.06200E+001   1.20600E+001
   1.69439E-001   1.06200E+001   1.20600E+001
   1.69470E-001   1.06200E+001   1.20600E+001
   1.69502E-001   1.06200E+001   1.20600E+001
   1.69533E-001   1.06200E+001   1.20600E+001
   1.69564E-001   1.06200E+001   1.20600E+001
   1.69596E-001   1.06200E+001   1.20600E+001
   1.69627E-001   1.06200E+001   1.20600E+001
   1.69659E-001   1.06200E+001   1.20600E+001
   1.69690E-001   1.06200E+001   1.20600E+001
   1.69721E-001   1.06200E+001   1.20600E+001
   1.69753E-001   1.06200E+001   1.20600E+001
   1.69784E-001   1.06200E+001   1.20600E+001
   1.69815E-001   1.06200E+001   1.20600E+001
   1.69847E-001   1.06200E+001   1.20600E+001
   1.69878E-001   1.06200E+001   1.20600E+001
   1.69910E-001   1.06200E+001   1.20600E+001
   1.69941E-001   1.06200E+001   1.20600E+001
   1.69972E-001   1.06200E+001   1.20600E+001
   1.70004E-001   1.06200E+001   1.20600E+001
   1.70035E-001   1.06200E+001   1.20600E+001
   1.70067E-001   1.06200E+001   1.20600E+001
   1.70098E-001   1.06200E+001   1.20600E+001
   1.70129E-001   1.06200E+001   1.20600E+001
   1.70161E-001   1.06200E+001   1.20600E+001
   1.70192E-001   1.06200E+001   1.20600E+001
   1.70224E-001   1.06200E+001   1.20600E+001
   1.70255E-001   1.06200E+001   1.20600E+001
   1.70286E-001   1.06200E+001   1.20600E+001
   1.70318E-001   1.06200E+001   1.20600E+001
   1.70349E-001   1.06200E+001   1.20600E+001
   1.70380E-001   1.06200E+001   1.20600E+001
   1.70412E-001   1.06200E+001   1.20600E+001
   1.70443E-001   1.06200E+001   1.20600E+001
   1.70475E-001   1.06200E+001   1.20600E+001
   1.70506E-001   1.06200E+001   1.20600E+001
   1.70537E-001   1.06200E+001   1.20600E+001
   1.70569E-001   1.06200E+001   1.20600E+001
   1.70600E-001   1.06200E+001   1.20600E+001
   1.70632E-001   1.06200E+001   1.20600E+001
   1.70663E-001   1.06200E+001   1.20600E+001
   1.70694E-001   1.06200E+001   1.20600E+001
   1.70726E-001   1.06200E+001   1.20600E+001
   1.70757E-001   1.06200E+001   1.20600E+001
   1.70789E-001   1.06200E+001   1.20600E+001
   1.70820E-001   1.06200E+001   1.20600E+001
   1.70851E-001   1.06200E+001   1.20600E+001
   1.70883E-001   1.06200E+001   1.20600E+001
   1.70914E-001   1.06200E+001   1.20600E+001
   1.70945E-001   1.06200E+001   1.20600E+001
   1.70977E-001   1.06200E+001   1.20600E+001
   1.71008E-001   1.06200E+001   1.20600E+001
   1.71040E-001   1.06200E+001   1.20600E+001
   1.71071E-001   1.06200E+001   1.20600E+001
   1.71102E-001   1.06200E+001   1.20600E+001
   1.71134E-001   1.06200E+001   1.20600E+001
   1.71165E-001   1.06200E+001   1.20600E+001
   1.71197E-001   1.06200E+001   1.20600E+001
   1.71228E-001   1.06200E+001   1.20600E+001
   1.71259E-001   1.06200E+001   1.20600E+001
   1.71291E-001   1.06200E+001   1.20600E+001
   1.71322E-001   1.06200E+001   1.20600E+001
   1.71354E-001   1.06200E+001   1.20600E+001
   1.71385E-001   1.06200E+001   1.20600E+001
   1.71416E-001   1.06200E+001   1.20600E+001
   1.71448E-001   1.06200E+001   1.20600E+001
   1.71479E-001   1.06200E+001   1.20600E+001
   1.71510E-001   1.06200E+001   1.20600E+001
   1.71542E-001   1.06200E+001   1.20600E+001
   1.71573E-001   1.06200E+001   1.20600E+001
   1.71605E-001   1.06200E+001   1.20600E+001
   1.71636E-001   1.06200E+001   1.20600E+001
   1.71667E-001   1.06200E+001   1.20600E+001
   1.71699E-001   1.06200E+001   1.20600E+001
   1.71730E-001   1.06200E+001   1.20600E+001
   1.71762E-001   1.06200E+001   1.20600E+001
   1.71793E-001   1.06200E+001   1.20600E+001
   1.71824E-001   1.06200E+001   1.20600E+001
   1.71856E-001   1.06200E+001   1.20600E+001
   1.71887E-001   1.06200E+001   1.20600E+001
   1.71919E-001   1.06200E+001   1.20600E+001
   1.71950E-001   1.06200E+001   1.20600E+001
   1.71981E-001   1.06200E+001   1.20600E+001
   1.72013E-001   1.06200E+001   1.20600E+001
   1.72044E-001   1.06200E+001   1.20600E+001
   1.72075E-001   1.08000E+001   1.20600E+001
   1.72107E-001   1.08000E+001   1.20600E+001
   1.72138E-001   1.08000E+001   1.20600E+001
   1.72170E-001   1.08000E+001   1.20600E+001
   1.72201E-001   1.08000E+001   1.20600E+001
   1.72232E-001   1.08000E+001   1.20600E+001
   1.72264E-001   1.08000E+001   1.20600E+001
   1.72295E-001   1.08000E+001   1.20600E+001
   1.72327E-001   1.08000E+001   1.20600E+001
   1.72358E-001   1.08000E+001   1.20600E+001
   1.72389E-001   1.08000E+001   1.20600E+001
   1.72421E-001   1.08000E+001   1.20600E+001
   1.72452E-001   1.08000E+001   1.20600E+001
   1.72484E-001   1.08000E+001   1.20600E+001
   1.72515E-001   1.08000E+001   1.20600E+001
   1.72546E-001   1.08000E+001   1.20600E+001
   1.72578E-001   1.08000E+001   1.20600E+001
   1.72609E-001   1.08000E+001   1.20600E+001
   1.72640E-001   1.08000E+001   1.20600E+001
   1.72672E-001   1.08000E+001   1.20600E+001
   1.72703E-001   1.08000E+001   1.20600E+001
   1.72735E-001   1.08000E+001   1.20600E+001
   1.72766E-001   1.08000E+001   1.20600E+001
   1.72797E-001   1.08000E+001   1.20600E+001
   1.72829E-001   1.08000E+001   1.20600E+001
   1.72860E-001   1.08000E+001   1.20600E+001
   1.72892E-001   1.08000E+001   1.20600E+001
   1.72923E-001   1.08000E+001   1.20600E+001
   1.72954E-001   1.08000E+001   1.20600E+001
   1.72986E-001   1.08000E+001   1.22400E+001
   1.73017E-001   1.08000E+001   1.22400E+001
   1.73049E-001   1.08000E+001   1.22400E+001
   1.73080E-001   1.08000E+001   1.22400E+001
   1.73111E-001   1.08000E+001   1.22400E+001
   1.73143E-001   1.08000E+001   1.22400E+001
   1.73174E-001   1.08000E+001   1.22400E+001
   1.73205E-001   1.08000E+001   1.22400E+001
   1.73237E-001   1.08000E+001   1.22400E+001
   1.73268E-001   1.08000E+001   1.22400E+001
   1.73300E-001   1.08000E+001   1.22400E+001
   1.73331E-001   1.08000E+001   1.22400E+001
   1.73362E-001   1.08000E+001   1.22400E+001
   1.73394E-001   1.08000E+001   1.22400E+001
   1.73425E-001   1.08000E+001   1.22400E+001
   1.73457E-001   1.08000E+001   1.22400E+001
   1.73488E-001   1.08000E+001   1.22400E+001
   1.73519E-001   1.08000E+001   1.22400E+001
   1.73551E-001   1.08000E+001   1.22400E+001
   1.73582E-001   1.08000E+001   1.22400E+001
   1.73614E-001   1.08000E+001   1.22400E+001
   1.73645E-001   1.08000E+001   1.22400E+001
   1.73676E-001   1.08000E+001   1.22400E+001
   1.73708E-001   1.08000E+001   1.22400E+001
   1.73739E-001   1.08000E+001   1.22400E+001
   1.73770E-001   1.08000E+001   1.22400E+001
   1.73802E-001   1.08000E+001   1.22400E+001
   1.73833E-001   1.08000E+001   1.22400E+001
   1.73865E-001   1.08000E+001   1.22400E+001
   1.73896E-001   1.08000E+001   1.22400E+001
   1.73927E-001   1.08000E+001   1.22400E+001
   1.73959E-001   1.08000E+001   1.22400E+001
   1.73990E-001   1.08000E+001   1.22400E+001
   1.74022E-001   1.08000E+001   1.22400E+001
   1.74053E-001   1.08000E+001   1.22400E+001
   1.74084E-001   1.08000E+001   1.22400E+001
   1.74116E-001   1.08000E+001   1.22400E+001
   1.74147E-001   1.08000E+001   1.22400E+001
   1.74179E-001   1.08000E+001   1.22400E+001
   1.74210E-001   1.08000E+001   1.22400E+001
   1.74241E-001   1.08000E+001   1.22400E+001
   1.74273E-001   1.08000E+001   1.22400E+001
   1.74304E-001   1.08000E+001   1.22400E+001
   1.74336E-001   1.08000E+001   1.22400E+001
   1.74367E-001   1.08000E+001   1.22400E+001
   1.74398E-001   1.08000E+001   1.22400E+001
   1.74430E-001   1.08000E+001   1.22400E+001
   1.74461E-001   1.08000E+001   1.22400E+001
   1.74492E-001   1.08000E+001   1.22400E+001
   1.74524E-001   1.08000E+001   1.22400E+001
   1.74555E-001   1.08000E+001   1.22400E+001
   1.74587E-001   1.08000E+001   1.22400E+001
   1.74618E-001   1.08000E+001   1.22400E+001
   1.74649E-001   1.08000E+001   1.22400E+001
   1.74681E-001   1.08000E+001   1.22400E+001
   1.74712E-001   1.08000E+001   1.22400E+001
   1.74744E-001   1.08000E+001   1.22400E+001
   1.74775E-001   1.08000E+001   1.22400E+001
   1.74806E-001   1.08000E+001   1.22400E+001
   1.74838E-001   1.08000E+001   1.22400E+001
   1.74869E-001   1.08000E+001   1.22400E+001
   1.74901E-001   1.08000E+001   1.22400E+001
   1.74932E-001   1.08000E+001   1.22400E+001
   1.74963E-001   1.08000E+001   1.22400E+001
   1.74995E-001   1.08000E+001   1.22400E+001
   1.75026E-001   1.08000E+001   1.22400E+001
   1.75057E-001   1.08000E+001   1.22400E+001
   1.75089E-001   1.08000E+001   1.22400E+001
   1.75120E-001   1.08000E+001   1.22400E+001
   1.75152E-001   1.08000E+001   1.22400E+001
   1.75183E-001   1.08000E+001   1.22400E+001
   1.75214E-001   1.08000E+001   1.22400E+001
   1.75246E-001   1.08000E+001   1.22400E+001
   1.75277E-001   1.08000E+001   1.22400E+001
   1.75309E-001   1.08000E+001   1.22400E+001
   1.75340E-001   1.08000E+001   1.22400E+001
   1.75371E-001   1.08000E+001   1.22400E+001
   1.75403E-001   1.08000E+001   1.22400E+001
   1.75434E-001   1.08000E+001   1.22400E+001
   1.75466E-001   1.08000E+001   1.22400E+001
   1.75497E-001   1.08000E+001   1.22400E+001
   1.75528E-001   1.08000E+001   1.22400E+001
   1.75560E-001   1.08000E+001   1.22400E+001
   1.75591E-001   1.08000E+001   1.22400E+001
   1.75622E-001   1.08000E+001   1.22400E+001
   1.75654E-001   1.08000E+001   1.22400E+001
   1.75685E-001   1.08000E+001   1.22400E+001
   1.75717E-001   1.08000E+001   1.22400E+001
   1.75748E-001   1.08000E+001   1.22400E+001
   1.75779E-001   1.08000E+001   1.22400E+001
   1.75811E-001   1.08000E+001   1.22400E+001
   1.75842E-001   1.08000E+001   1.22400E+001
   1.75874E-001   1.08000E+001   1.22400E+001
   1.75905E-001   1.08000E+001   1.22400E+001
   1.75936E-001   1.08000E+001   1.22400E+001
   1.75968E-001   1.08000E+001   1.22400E+001
   1.75999E-001   1.08000E+001   1.22400E+001
   1.76031E-001   1.08000E+001   1.22400E+001
   1.76062E-001   1.08000E+001   1.22400E+001
   1.76093E-001   1.08000E+001   1.22400E+001
   1.76125E-001   1.08000E+001   1.22400E+001
   1.76156E-001   1.08000E+001   1.22400E+001
   1.76187E-001   1.08000E+001   1.22400E+001
   1.76219E-001   1.08000E+001   1.22400E+001
   1.76250E-001   1.08000E+001   1.22400E+001
   1.76282E-001   1.08000E+001   1.22400E+001
   1.76313E-001   1.08000E+001   1.22400E+001
   1.76344E-001   1.08000E+001   1.22400E+001
   1.76376E-001   1.08000E+001   1.22400E+001
   1.76407E-001   1.08000E+001   1.22400E+001
   1.76439E-001   1.08000E+001   1.22400E+001
   1.76470E-001   1.08000E+001   1.22400E+001
   1.76501E-001   1.08000E+001   1.22400E+001
   1.76533E-001   1.08000E+001   1.22400E+001
   1.76564E-001   1.08000E+001   1.22400E+001
   1.76596E-001   1.08000E+001   1.22400E+001
   1.76627E-001   1.08000E+001   1.22400E+001
   1.76658E-001   1.08000E+001   1.22400E+001
   1.76690E-001   1.08000E+001   1.22400E+001
   1.76721E-001   1.08000E+001   1.22400E+001
   1.76752E-001   1.08000E+001   1.22400E+001
   1.76784E-001   1.08000E+001   1.22400E+001
   1.76815E-001   1.08000E+001   1.22400E+001
   1.76847E-001   1.08000E+001   1.22400E+001
   1.76878E-001   1.08000E+001   1.22400E+001
   1.76909E-001   1.08000E+001   1.22400E+001
   1.76941E-001   1.08000E+001   1.22400E+001
   1.76972E-001   1.08000E+001   1.22400E+001
   1.77004E-001   1.08000E+001   1.22400E+001
   1.77035E-001   1.08000E+001   1.22400E+001
   1.77066E-001   1.08000E+001   1.22400E+001
   1.77098E-001   1.08000E+001   1.22400E+001
   1.77129E-001   1.08000E+001   1.22400E+001
   1.77161E-001   1.08000E+001   1.22400E+001
   1.77192E-001   1.08000E+001   1.22400E+001
   1.77223E-001   1.08000E+001   1.22400E+001
   1.77255E-001   1.08000E+001   1.22400E+001
   1.77286E-001   1.08000E+001   1.22400E+001
   1.77317E-001   1.08000E+001   1.22400E+001
   1.77349E-001   1.08000E+001   1.22400E+001
   1.77380E-001   1.08000E+001   1.22400E+001
   1.77412E-001   1.08000E+001   1.22400E+001
   1.77443E-001   1.08000E+001   1.22400E+001
   1.77474E-001   1.08000E+001   1.22400E+001
   1.77506E-001   1.08000E+001   1.22400E+001
   1.77537E-001   1.08000E+001   1.22400E+001
   1.77569E-001   1.08000E+001   1.22400E+001
   1.77600E-001   1.08000E+001   1.22400E+001
   1.77631E-001   1.08000E+001   1.22400E+001
   1.77663E-001   1.08000E+001   1.22400E+001
   1.77694E-001   1.08000E+001   1.22400E+001
   1.77726E-001   1.08000E+001   1.22400E+001
   1.77757E-001   1.08000E+001   1.22400E+001
   1.77788E-001   1.08000E+001   1.22400E+001
   1.77820E-001   1.08000E+001   1.22400E+001
   1.77851E-001   1.08000E+001   1.22400E+001
   1.77882E-001   1.08000E+001   1.22400E+001
   1.77914E-001   1.08000E+001   1.22400E+001
   1.77945E-001   1.08000E+001   1.22400E+001
   1.77977E-001   1.08000E+001   1.22400E+001
   1.78008E-001   1.08000E+001   1.22400E+001
   1.78039E-001   1.08000E+001   1.22400E+001
   1.78071E-001   1.08000E+001   1.22400E+001
   1.78102E-001   1.08000E+001   1.22400E+001
   1.78134E-001   1.08000E+001   1.24200E+001
   1.78165E-001   1.08000E+001   1.24200E+001
   1.78196E-001   1.08000E+001   1.24200E+001
   1.78228E-001   1.08000E+001   1.24200E+001
   1.78259E-001   1.08000E+001   1.24200E+001
   1.78291E-001   1.08000E+001   1.24200E+001
   1.78322E-001   1.08000E+001   1.24200E+001
   1.78353E-001   1.08000E+001   1.24200E+001
   1.78385E-001   1.08000E+001   1.24200E+001
   1.78416E-001   1.08000E+001   1.24200E+001
   1.78447E-001   1.08000E+001   1.24200E+001
   1.78479E-001   1.08000E+001   1.24200E+001
   1.78510E-001   1.08000E+001   1.24200E+001
   1.78542E-001   1.08000E+001   1.24200E+001
   1.78573E-001   1.09800E+001   1.24200E+001
   1.78604E-001   1.09800E+001   1.24200E+001
   1.78636E-001   1.09800E+001   1.24200E+001
   1.78667E-001   1.09800E+001   1.24200E+001
   1.78699E-001   1.09800E+001   1.24200E+001
   1.78730E-001   1.09800E+001   1.24200E+001
   1.78761E-001   1.09800E+001   1.24200E+001
   1.78793E-001   1.09800E+001   1.24200E+001
   1.78824E-001   1.09800E+001   1.24200E+001
   1.78856E-001   1.09800E+001   1.24200E+001
   1.78887E-001   1.09800E+001   1.24200E+001
   1.78918E-001   1.09800E+001   1.24200E+001
   1.78950E-001   1.09800E+001   1.24200E+001
   1.78981E-001   1.09800E+001   1.24200E+001
   1.79012E-001   1.09800E+001   1.24200E+001
   1.79044E-001   1.09800E+001   1.24200E+001
   1.79075E-001   1.09800E+001   1.24200E+001
   1.79107E-001   1.09800E+001   1.24200E+001
   1.79138E-001   1.09800E+001   1.24200E+001
   1.79169E-001   1.09800E+001   1.24200E+001
   1.79201E-001   1.09800E+001   1.24200E+001
   1.79232E-001   1.09800E+001   1.24200E+001
   1.79264E-001   1.09800E+001   1.24200E+001
   1.79295E-001   1.09800E+001   1.24200E+001
   1.79326E-001   1.09800E+001   1.24200E+001
   1.79358E-001   1.09800E+001   1.24200E+001
   1.79389E-001   1.09800E+001   1.24200E+001
   1.79421E-001   1.09800E+001   1.24200E+001
   1.79452E-001   1.09800E+001   1.24200E+001
   1.79483E-001   1.09800E+001   1.24200E+001
   1.79515E-001   1.09800E+001   1.24200E+001
   1.79546E-001   1.09800E+001   1.24200E+001
   1.79577E-001   1.09800E+001   1.24200E+001
   1.79609E-001   1.09800E+001   1.24200E+001
   1.79640E-001   1.09800E+001   1.24200E+001
   1.79672E-001   1.09800E+001   1.24200E+001
   1.79703E-001   1.09800E+001   1.24200E+001
   1.79734E-001   1.09800E+001   1.24200E+001
   1.79766E-001   1.09800E+001   1.24200E+001
   1.79797E-001   1.09800E+001   1.24200E+001
   1.79829E-001   1.09800E+001   1.24200E+001
   1.79860E-001   1.09800E+001   1.24200E+001
   1.79891E-001   1.09800E+001   1.24200E+001
   1.79923E-001   1.09800E+001   1.24200E+001
   1.79954E-001   1.09800E+001   1.24200E+001
   1.79986E-001   1.09800E+001   1.24200E+001
   1.80017E-001   1.09800E+001   1.24200E+001
   1.80048E-001   1.09800E+001   1.24200E+001
   1.80080E-001   1.09800E+001   1.24200E+001
   1.80111E-001   1.09800E+001   1.24200E+001
   1.80142E-001   1.09800E+001   1.24200E+001
   1.80174E-001   1.09800E+001   1.24200E+001
   1.80205E-001   1.09800E+001   1.24200E+001
   1.80237E-001   1.09800E+001   1.24200E+001
   1.80268E-001   1.09800E+001   1.24200E+001
   1.80299E-001   1.09800E+001   1.24200E+001
   1.80331E-001   1.09800E+001   1.24200E+001
   1.80362E-001   1.09800E+001   1.24200E+001
   1.80394E-001   1.09800E+001   1.24200E+001
   1.80425E-001   1.09800E+001   1.24200E+001
   1.80456E-001   1.09800E+001   1.24200E+001
   1.80488E-001   1.09800E+001   1.24200E+001
   1.80519E-001   1.09800E+001   1.24200E+001
   1.80551E-001   1.09800E+001   1.24200E+001
   1.80582E-001   1.09800E+001   1.24200E+001
   1.80613E-001   1.09800E+001   1.24200E+001
   1.80645E-001   1.09800E+001   1.24200E+001
   1.80676E-001   1.09800E+001   1.24200E+001
   1.80708E-001   1.09800E+001   1.24200E+001
   1.80739E-001   1.09800E+001   1.24200E+001
   1.80770E-001   1.09800E+001   1.24200E+001
   1.80802E-001   1.09800E+001   1.24200E+001
   1.80833E-001   1.09800E+001   1.24200E+001
   1.80864E-001   1.09800E+001   1.24200E+001
   1.80896E-001   1.09800E+001   1.24200E+001
   1.80927E-001   1.09800E+001   1.24200E+001
   1.80959E-001   1.09800E+001   1.24200E+001
   1.80990E-001   1.09800E+001   1.24200E+001
   1.81021E-001   1.09800E+001   1.24200E+001
   1.81053E-001   1.09800E+001   1.24200E+001
   1.81084E-001   1.09800E+001   1.24200E+001
   1.81116E-001   1.09800E+001   1.24200E+001
   1.81147E-001   1.09800E+001   1.24200E+001
   1.81178E-001   1.09800E+001   1.24200E+001
   1.81210E-001   1.09800E+001   1.24200E+001
   1.81241E-001   1.09800E+001   1.24200E+001
   1.81273E-001   1.09800E+001   1.24200E+001
   1.81304E-001   1.09800E+001   1.24200E+001
   1.81335E-001   1.09800E+001   1.24200E+001
   1.81367E-001   1.09800E+001   1.24200E+001
   1.81398E-001   1.09800E+001   1.24200E+001
   1.81429E-001   1.09800E+001   1.24200E+001
   1.81461E-001   1.09800E+001   1.24200E+001
   1.81492E-001   1.09800E+001   1.24200E+001
   1.81524E-001   1.09800E+001   1.24200E+001
   1.81555E-001   1.09800E+001   1.24200E+001
   1.81586E-001   1.09800E+001   1.24200E+001
   1.81618E-001   1.09800E+001   1.24200E+001
   1.81649E-001   1.09800E+001   1.24200E+001
   1.81681E-001   1.09800E+001   1.24200E+001
   1.81712E-001   1.09800E+001   1.24200E+001
   1.81743E-001   1.09800E+001   1.24200E+001
   1.81775E-001   1.09800E+001   1.24200E+001
   1.81806E-001   1.09800E+001   1.24200E+001
   1.81838E-001   1.09800E+001   1.24200E+001
   1.81869E-001   1.09800E+001   1.24200E+001
   1.81900E-001   1.09800E+001   1.24200E+001
   1.81932E-001   1.09800E+001   1.24200E+001
   1.81963E-001   1.09800E+001   1.24200E+001
   1.81994E-001   1.09800E+001   1.24200E+001
   1.82026E-001   1.09800E+001   1.24200E+001
   1.82057E-001   1.09800E+001   1.24200E+001
   1.82089E-001   1.09800E+001   1.24200E+001
   1.82120E-001   1.09800E+001   1.24200E+001
   1.82151E-001   1.09800E+001   1.24200E+001
   1.82183E-001   1.09800E+001   1.24200E+001
   1.82214E-001   1.09800E+001   1.24200E+001
   1.82246E-001   1.09800E+001   1.24200E+001
   1.82277E-001   1.09800E+001   1.24200E+001
   1.82308E-001   1.09800E+001   1.24200E+001
   1.82340E-001   1.09800E+001   1.24200E+001
   1.82371E-001   1.09800E+001   1.24200E+001
   1.82403E-001   1.09800E+001   1.24200E+001
   1.82434E-001   1.09800E+001   1.24200E+001
   1.82465E-001   1.09800E+001   1.24200E+001
   1.82497E-001   1.09800E+001   1.24200E+001
   1.82528E-001   1.09800E+001   1.24200E+001
   1.82559E-001   1.09800E+001   1.24200E+001
   1.82591E-001   1.09800E+001   1.24200E+001
   1.82622E-001   1.09800E+001   1.24200E+001
   1.82654E-001   1.09800E+001   1.24200E+001
   1.82685E-001   1.09800E+001   1.24200E+001
   1.82716E-001   1.09800E+001   1.24200E+001
   1.82748E-001   1.09800E+001   1.24200E+001
   1.82779E-001   1.09800E+001   1.24200E+001
   1.82811E-001   1.09800E+001   1.24200E+001
   1.82842E-001   1.09800E+001   1.24200E+001
   1.82873E-001   1.09800E+001   1.24200E+001
   1.82905E-001   1.09800E+001   1.24200E+001
   1.82936E-001   1.09800E+001   1.24200E+001
   1.82968E-001   1.09800E+001   1.24200E+001
   1.82999E-001   1.09800E+001   1.24200E+001
   1.83030E-001   1.09800E+001   1.24200E+001
   1.83062E-001   1.09800E+001   1.24200E+001
   1.83093E-001   1.09800E+001   1.24200E+001
   1.83124E-001   1.09800E+001   1.24200E+001
   1.83156E-001   1.09800E+001   1.24200E+001
   1.83187E-001   1.09800E+001   1.24200E+001
   1.83219E-001   1.09800E+001   1.24200E+001
   1.83250E-001   1.09800E+001   1.24200E+001
   1.83281E-001   1.09800E+001   1.24200E+001
   1.83313E-001   1.09800E+001   1.24200E+001
   1.83344E-001   1.09800E+001   1.26000E+001
   1.83376E-001   1.09800E+001   1.26000E+001
   1.83407E-001   1.09800E+001   1.26000E+001
   1.83438E-001   1.09800E+001   1.26000E+001
   1.83470E-001   1.09800E+001   1.26000E+001
   1.83501E-001   1.09800E+001   1.26000E+001
   1.83533E-001   1.09800E+001   1.26000E+001
   1.83564E-001   1.09800E+001   1.26000E+001
   1.83595E-001   1.09800E+001   1.26000E+001
   1.83627E-001   1.09800E+001   1.26000E+001
   1.83658E-001   1.09800E+001   1.26000E+001
   1.83689E-001   1.09800E+001   1.26000E+001
   1.83721E-001   1.09800E+001   1.26000E+001
   1.83752E-001   1.09800E+001   1.26000E+001
   1.83784E-001   1.09800E+001   1.26000E+001
   1.83815E-001   1.09800E+001   1.26000E+001
   1.83846E-001   1.09800E+001   1.26000E+001
   1.83878E-001   1.09800E+001   1.26000E+001
   1.83909E-001   1.09800E+001   1.26000E+001
   1.83941E-001   1.09800E+001   1.26000E+001
   1.83972E-001   1.09800E+001   1.26000E+001
   1.84003E-001   1.09800E+001   1.26000E+001
   1.84035E-001   1.09800E+001   1.26000E+001
   1.84066E-001   1.09800E+001   1.26000E+001
   1.84098E-001   1.09800E+001   1.26000E+001
   1.84129E-001   1.09800E+001   1.26000E+001
   1.84160E-001   1.09800E+001   1.26000E+001
   1.84192E-001   1.09800E+001   1.26000E+001
   1.84223E-001   1.09800E+001   1.26000E+001
   1.84254E-001   1.09800E+001   1.26000E+001
   1.84286E-001   1.09800E+001   1.26000E+001
   1.84317E-001   1.09800E+001   1.26000E+001
   1.84349E-001   1.09800E+001   1.26000E+001
   1.84380E-001   1.09800E+001   1.26000E+001
   1.84411E-001   1.09800E+001   1.26000E+001
   1.84443E-001   1.09800E+001   1.26000E+001
   1.84474E-001   1.09800E+001   1.26000E+001
   1.84506E-001   1.09800E+001   1.26000E+001
   1.84537E-001   1.09800E+001   1.26000E+001
   1.84568E-001   1.09800E+001   1.26000E+001
   1.84600E-001   1.09800E+001   1.26000E+001
   1.84631E-001   1.09800E+001   1.26000E+001
   1.84663E-001   1.09800E+001   1.26000E+001
   1.84694E-001   1.09800E+001   1.26000E+001
   1.84725E-001   1.09800E+001   1.26000E+001
   1.84757E-001   1.09800E+001   1.26000E+001
   1.84788E-001   1.09800E+001   1.26000E+001
   1.84819E-001   1.09800E+001   1.26000E+001
   1.84851E-001   1.09800E+001   1.26000E+001
   1.84882E-001   1.09800E+001   1.26000E+001
   1.84914E-001   1.09800E+001   1.26000E+001
   1.84945E-001   1.09800E+001   1.26000E+001
   1.84976E-001   1.09800E+001   1.26000E+001
   1.85008E-001   1.09800E+001   1.26000E+001
   1.85039E-001   1.09800E+001   1.26000E+001
   1.85071E-001   1.09800E+001   1.26000E+001
   1.85102E-001   1.09800E+001   1.26000E+001
   1.85133E-001   1.09800E+001   1.26000E+001
   1.85165E-001   1.11600E+001   1.26000E+001
   1.85196E-001   1.11600E+001   1.26000E+001
   1.85228E-001   1.11600E+001   1.26000E+001
   1.85259E-001   1.11600E+001   1.26000E+001
   1.85290E-001   1.11600E+001   1.26000E+001
   1.85322E-001   1.11600E+001   1.26000E+001
   1.85353E-001   1.11600E+001   1.26000E+001
   1.85384E-001   1.11600E+001   1.26000E+001
   1.85416E-001   1.11600E+001   1.26000E+001
   1.85447E-001   1.11600E+001   1.26000E+001
   1.85479E-001   1.11600E+001   1.26000E+001
   1.85510E-001   1.11600E+001   1.26000E+001
   1.85541E-001   1.11600E+001   1.26000E+001
   1.85573E-001   1.11600E+001   1.26000E+001
   1.85604E-001   1.11600E+001   1.26000E+001
   1.85636E-001   1.11600E+001   1.26000E+001
   1.85667E-001   1.11600E+001   1.26000E+001
   1.85698E-001   1.11600E+001   1.26000E+001
   1.85730E-001   1.11600E+001   1.26000E+001
   1.85761E-001   1.11600E+001   1.26000E+001
   1.85793E-001   1.11600E+001   1.26000E+001
   1.85824E-001   1.11600E+001   1.26000E+001
   1.85855E-001   1.11600E+001   1.26000E+001
   1.85887E-001   1.11600E+001   1.26000E+001
   1.85918E-001   1.11600E+001   1.26000E+001
   1.85949E-001   1.11600E+001   1.26000E+001
   1.85981E-001   1.11600E+001   1.26000E+001
   1.86012E-001   1.11600E+001   1.26000E+001
   1.86044E-001   1.11600E+001   1.26000E+001
   1.86075E-001   1.11600E+001   1.26000E+001
   1.86106E-001   1.11600E+001   1.26000E+001
   1.86138E-001   1.11600E+001   1.26000E+001
   1.86169E-001   1.11600E+001   1.26000E+001
   1.86201E-001   1.11600E+001   1.26000E+001
   1.86232E-001   1.11600E+001   1.26000E+001
   1.86263E-001   1.11600E+001   1.26000E+001
   1.86295E-001   1.11600E+001   1.26000E+001
   1.86326E-001   1.11600E+001   1.26000E+001
   1.86358E-001   1.11600E+001   1.26000E+001
   1.86389E-001   1.11600E+001   1.26000E+001
   1.86420E-001   1.11600E+001   1.26000E+001
   1.86452E-001   1.11600E+001   1.26000E+001
   1.86483E-001   1.11600E+001   1.26000E+001
   1.86515E-001   1.11600E+001   1.26000E+001
   1.86546E-001   1.11600E+001   1.26000E+001
   1.86577E-001   1.11600E+001   1.26000E+001
   1.86609E-001   1.11600E+001   1.26000E+001
   1.86640E-001   1.11600E+001   1.26000E+001
   1.86671E-001   1.11600E+001   1.26000E+001
   1.86703E-001   1.11600E+001   1.26000E+001
   1.86734E-001   1.11600E+001   1.26000E+001
   1.86766E-001   1.11600E+001   1.26000E+001
   1.86797E-001   1.11600E+001   1.26000E+001
   1.86828E-001   1.11600E+001   1.26000E+001
   1.86860E-001   1.11600E+001   1.26000E+001
   1.86891E-001   1.11600E+001   1.26000E+001
   1.86923E-001   1.11600E+001   1.26000E+001
   1.86954E-001   1.11600E+001   1.26000E+001
   1.86985E-001   1.11600E+001   1.26000E+001
   1.87017E-001   1.11600E+001   1.26000E+001
   1.87048E-001   1.11600E+001   1.26000E+001
   1.87080E-001   1.11600E+001   1.26000E+001
   1.87111E-001   1.11600E+001   1.26000E+001
   1.87142E-001   1.11600E+001   1.26000E+001
   1.87174E-001   1.11600E+001   1.26000E+001
   1.87205E-001   1.11600E+001   1.26000E+001
   1.87236E-001   1.11600E+001   1.26000E+001
   1.87268E-001   1.11600E+001   1.26000E+001
   1.87299E-001   1.11600E+001   1.26000E+001
   1.87331E-001   1.11600E+001   1.26000E+001
   1.87362E-001   1.11600E+001   1.26000E+001
   1.87393E-001   1.11600E+001   1.26000E+001
   1.87425E-001   1.11600E+001   1.26000E+001
   1.87456E-001   1.11600E+001   1.26000E+001
   1.87488E-001   1.11600E+001   1.26000E+001
   1.87519E-001   1.11600E+001   1.26000E+001
   1.87550E-001   1.11600E+001   1.26000E+001
   1.87582E-001   1.11600E+001   1.26000E+001
   1.87613E-001   1.11600E+001   1.26000E+001
   1.87645E-001   1.11600E+001   1.26000E+001
   1.87676E-001   1.11600E+001   1.26000E+001
   1.87707E-001   1.11600E+001   1.26000E+001
   1.87739E-001   1.11600E+001   1.26000E+001
   1.87770E-001   1.11600E+001   1.26000E+001
   1.87801E-001   1.11600E+001   1.26000E+001
   1.87833E-001   1.11600E+001   1.26000E+001
   1.87864E-001   1.11600E+001   1.26000E+001
   1.87896E-001   1.11600E+001   1.26000E+001
   1.87927E-001   1.11600E+001   1.26000E+001
   1.87958E-001   1.11600E+001   1.26000E+001
   1.87990E-001   1.11600E+001   1.26000E+001
   1.88021E-001   1.11600E+001   1.26000E+001
   1.88053E-001   1.11600E+001   1.26000E+001
   1.88084E-001   1.11600E+001   1.26000E+001
   1.88115E-001   1.11600E+001   1.26000E+001
   1.88147E-001   1.11600E+001   1.26000E+001
   1.88178E-001   1.11600E+001   1.26000E+001
   1.88210E-001   1.11600E+001   1.26000E+001
   1.88241E-001   1.11600E+001   1.26000E+001
   1.88272E-001   1.11600E+001   1.26000E+001
   1.88304E-001   1.11600E+001   1.26000E+001
   1.88335E-001   1.11600E+001   1.26000E+001
   1.88366E-001   1.11600E+001   1.26000E+001
   1.88398E-001   1.11600E+001   1.26000E+001
   1.88429E-001   1.11600E+001   1.26000E+001
   1.88461E-001   1.11600E+001   1.26000E+001
   1.88492E-001   1.11600E+001   1.26000E+001
   1.88523E-001   1.11600E+001   1.26000E+001
   1.88555E-001   1.11600E+001   1.26000E+001
   1.88586E-001   1.11600E+001   1.26000E+001
   1.88618E-001   1.11600E+001   1.26000E+001
   1.88649E-001   1.11600E+001   1.27800E+001
   1.88680E-001   1.11600E+001   1.27800E+001
   1.88712E-001   1.11600E+001   1.27800E+001
   1.88743E-001   1.11600E+001   1.27800E+001
   1.88775E-001   1.11600E+001   1.27800E+001
   1.88806E-001   1.11600E+001   1.27800E+001
   1.88837E-001   1.11600E+001   1.27800E+001
   1.88869E-001   1.11600E+001   1.27800E+001
   1.88900E-001   1.11600E+001   1.27800E+001
   1.88931E-001   1.11600E+001   1.27800E+001
   1.88963E-001   1.11600E+001   1.27800E+001
   1.88994E-001   1.11600E+001   1.27800E+001
   1.89026E-001   1.11600E+001   1.27800E+001
   1.89057E-001   1.11600E+001   1.27800E+001
   1.89088E-001   1.11600E+001   1.27800E+001
   1.89120E-001   1.11600E+001   1.27800E+001
   1.89151E-001   1.11600E+001   1.27800E+001
   1.89183E-001   1.11600E+001   1.27800E+001
   1.89214E-001   1.11600E+001   1.27800E+001
   1.89245E-001   1.11600E+001   1.27800E+001
   1.89277E-001   1.11600E+001   1.27800E+001
   1.89308E-001   1.11600E+001   1.27800E+001
   1.89340E-001   1.11600E+001   1.27800E+001
   1.89371E-001   1.11600E+001   1.27800E+001
   1.89402E-001   1.11600E+001   1.27800E+001
   1.89434E-001   1.11600E+001   1.27800E+001
   1.89465E-001   1.11600E+001   1.27800E+001
   1.89496E-001   1.11600E+001   1.27800E+001
   1.89528E-001   1.11600E+001   1.27800E+001
   1.89559E-001   1.11600E+001   1.27800E+001
   1.89591E-001   1.11600E+001   1.27800E+001
   1.89622E-001   1.11600E+001   1.27800E+001
   1.89653E-001   1.11600E+001   1.27800E+001
   1.89685E-001   1.11600E+001   1.27800E+001
   1.89716E-001   1.11600E+001   1.27800E+001
   1.89748E-001   1.11600E+001   1.27800E+001
   1.89779E-001   1.11600E+001   1.27800E+001
   1.89810E-001   1.11600E+001   1.27800E+001
   1.89842E-001   1.11600E+001   1.27800E+001
   1.89873E-001   1.11600E+001   1.27800E+001
   1.89905E-001   1.11600E+001   1.27800E+001
   1.89936E-001   1.11600E+001   1.27800E+001
   1.89967E-001   1.11600E+001   1.27800E+001
   1.89999E-001   1.11600E+001   1.27800E+001
   1.90030E-001   1.11600E+001   1.27800E+001
   1.90061E-001   1.11600E+001   1.27800E+001
   1.90093E-001   1.11600E+001   1.27800E+001
   1.90124E-001   1.11600E+001   1.27800E+001
   1.90156E-001   1.11600E+001   1.27800E+001
   1.90187E-001   1.11600E+001   1.27800E+001
   1.90218E-001   1.11600E+001   1.27800E+001
   1.90250E-001   1.11600E+001   1.27800E+001
   1.90281E-001   1.11600E+001   1.27800E+001
   1.90313E-001   1.11600E+001   1.27800E+001
   1.90344E-001   1.11600E+001   1.27800E+001
   1.90375E-001   1.11600E+001   1.27800E+001
   1.90407E-001   1.11600E+001   1.27800E+001
   1.90438E-001   1.11600E+001   1.27800E+001
   1.90470E-001   1.11600E+001   1.27800E+001
   1.90501E-001   1.11600E+001   1.27800E+001
   1.90532E-001   1.11600E+001   1.27800E+001
   1.90564E-001   1.11600E+001   1.27800E+001
   1.90595E-001   1.11600E+001   1.27800E+001
   1.90626E-001   1.11600E+001   1.27800E+001
   1.90658E-001   1.11600E+001   1.27800E+001
   1.90689E-001   1.11600E+001   1.27800E+001
   1.90721E-001   1.11600E+001   1.27800E+001
   1.90752E-001   1.11600E+001   1.27800E+001
   1.90783E-001   1.11600E+001   1.27800E+001
   1.90815E-001   1.11600E+001   1.27800E+001
   1.90846E-001   1.11600E+001   1.27800E+001
   1.90878E-001   1.11600E+001   1.27800E+001
   1.90909E-001   1.11600E+001   1.27800E+001
   1.90940E-001   1.11600E+001   1.27800E+001
   1.90972E-001   1.11600E+001   1.27800E+001
   1.91003E-001   1.11600E+001   1.27800E+001
   1.91035E-001   1.11600E+001   1.27800E+001
   1.91066E-001   1.11600E+001   1.27800E+001
   1.91097E-001   1.11600E+001   1.27800E+001
   1.91129E-001   1.11600E+001   1.27800E+001
   1.91160E-001   1.11600E+001   1.27800E+001
   1.91191E-001   1.11600E+001   1.27800E+001
   1.91223E-001   1.11600E+001   1.27800E+001
   1.91254E-001   1.11600E+001   1.27800E+001
   1.91286E-001   1.11600E+001   1.27800E+001
   1.91317E-001   1.11600E+001   1.27800E+001
   1.91348E-001   1.11600E+001   1.27800E+001
   1.91380E-001   1.11600E+001   1.27800E+001
   1.91411E-001   1.11600E+001   1.27800E+001
   1.91443E-001   1.11600E+001   1.27800E+001
   1.91474E-001   1.11600E+001   1.27800E+001
   1.91505E-001   1.11600E+001   1.27800E+001
   1.91537E-001   1.11600E+001   1.27800E+001
   1.91568E-001   1.11600E+001   1.27800E+001
   1.91600E-001   1.11600E+001   1.27800E+001
   1.91631E-001   1.11600E+001   1.27800E+001
   1.91662E-001   1.11600E+001   1.27800E+001
   1.91694E-001   1.11600E+001   1.27800E+001
   1.91725E-001   1.11600E+001   1.27800E+001
   1.91756E-001   1.11600E+001   1.27800E+001
   1.91788E-001   1.11600E+001   1.27800E+001
   1.91819E-001   1.11600E+001   1.27800E+001
   1.91851E-001   1.11600E+001   1.27800E+001
   1.91882E-001   1.13400E+001   1.27800E+001
   1.91913E-001   1.13400E+001   1.27800E+001
   1.91945E-001   1.13400E+001   1.27800E+001
   1.91976E-001   1.13400E+001   1.27800E+001
   1.92008E-001   1.13400E+001   1.27800E+001
   1.92039E-001   1.13400E+001   1.27800E+001
   1.92070E-001   1.13400E+001   1.27800E+001
   1.92102E-001   1.13400E+001   1.27800E+001
   1.92133E-001   1.13400E+001   1.27800E+001
   1.92165E-001   1.13400E+001   1.27800E+001
   1.92196E-001   1.13400E+001   1.27800E+001
   1.92227E-001   1.13400E+001   1.27800E+001
   1.92259E-001   1.13400E+001   1.27800E+001
   1.92290E-001   1.13400E+001   1.27800E+001
   1.92322E-001   1.13400E+001   1.27800E+001
   1.92353E-001   1.13400E+001   1.27800E+001
   1.92384E-001   1.13400E+001   1.27800E+001
   1.92416E-001   1.13400E+001   1.27800E+001
   1.92447E-001   1.13400E+001   1.27800E+001
   1.92478E-001   1.13400E+001   1.27800E+001
   1.92510E-001   1.13400E+001   1.27800E+001
   1.92541E-001   1.13400E+001   1.27800E+001
   1.92573E-001   1.13400E+001   1.27800E+001
   1.92604E-001   1.13400E+001   1.27800E+001
   1.92635E-001   1.13400E+001   1.27800E+001
   1.92667E-001   1.13400E+001   1.27800E+001
   1.92698E-001   1.13400E+001   1.27800E+001
   1.92730E-001   1.13400E+001   1.27800E+001
   1.92761E-001   1.13400E+001   1.27800E+001
   1.92792E-001   1.13400E+001   1.27800E+001
   1.92824E-001   1.13400E+001   1.27800E+001
   1.92855E-001   1.13400E+001   1.27800E+001
   1.92887E-001   1.13400E+001   1.27800E+001
   1.92918E-001   1.13400E+001   1.27800E+001
   1.92949E-001   1.13400E+001   1.27800E+001
   1.92981E-001   1.13400E+001   1.27800E+001
   1.93012E-001   1.13400E+001   1.27800E+001
   1.93043E-001   1.13400E+001   1.27800E+001
   1.93075E-001   1.13400E+001   1.27800E+001
   1.93106E-001   1.13400E+001   1.27800E+001
   1.93138E-001   1.13400E+001   1.27800E+001
   1.93169E-001   1.13400E+001   1.27800E+001
   1.93200E-001   1.13400E+001   1.27800E+001
   1.93232E-001   1.13400E+001   1.27800E+001
   1.93263E-001   1.13400E+001   1.27800E+001
   1.93295E-001   1.13400E+001   1.27800E+001
   1.93326E-001   1.13400E+001   1.27800E+001
   1.93357E-001   1.13400E+001   1.27800E+001
   1.93389E-001   1.13400E+001   1.27800E+001
   1.93420E-001   1.13400E+001   1.27800E+001
   1.93452E-001   1.13400E+001   1.27800E+001
   1.93483E-001   1.13400E+001   1.27800E+001
   1.93514E-001   1.13400E+001   1.27800E+001
   1.93546E-001   1.13400E+001   1.27800E+001
   1.93577E-001   1.13400E+001   1.27800E+001
   1.93608E-001   1.13400E+001   1.27800E+001
   1.93640E-001   1.13400E+001   1.27800E+001
   1.93671E-001   1.13400E+001   1.27800E+001
   1.93703E-001   1.13400E+001   1.27800E+001
   1.93734E-001   1.13400E+001   1.27800E+001
   1.93765E-001   1.13400E+001   1.27800E+001
   1.93797E-001   1.13400E+001   1.27800E+001
   1.93828E-001   1.13400E+001   1.27800E+001
   1.93860E-001   1.13400E+001   1.27800E+001
   1.93891E-001   1.13400E+001   1.27800E+001
   1.93922E-001   1.13400E+001   1.27800E+001
   1.93954E-001   1.13400E+001   1.27800E+001
   1.93985E-001   1.13400E+001   1.27800E+001
   1.94017E-001   1.13400E+001   1.29600E+001
   1.94048E-001   1.13400E+001   1.29600E+001
   1.94079E-001   1.13400E+001   1.29600E+001
   1.94111E-001   1.13400E+001   1.29600E+001
   1.94142E-001   1.13400E+001   1.29600E+001
   1.94173E-001   1.13400E+001   1.29600E+001
   1.94205E-001   1.13400E+001   1.29600E+001
   1.94236E-001   1.13400E+001   1.29600E+001
   1.94268E-001   1.13400E+001   1.29600E+001
   1.94299E-001   1.13400E+001   1.29600E+001
   1.94330E-001   1.13400E+001   1.29600E+001
   1.94362E-001   1.13400E+001   1.29600E+001
   1.94393E-001   1.13400E+001   1.29600E+001
   1.94425E-001   1.13400E+001   1.29600E+001
   1.94456E-001   1.13400E+001   1.29600E+001
   1.94487E-001   1.13400E+001   1.29600E+001
   1.94519E-001   1.13400E+001   1.29600E+001
   1.94550E-001   1.13400E+001   1.29600E+001
   1.94582E-001   1.13400E+001   1.29600E+001
   1.94613E-001   1.13400E+001   1.29600E+001
   1.94644E-001   1.13400E+001   1.29600E+001
   1.94676E-001   1.13400E+001   1.29600E+001
   1.94707E-001   1.13400E+001   1.29600E+001
   1.94738E-001   1.13400E+001   1.29600E+001
   1.94770E-001   1.13400E+001   1.29600E+001
   1.94801E-001   1.13400E+001   1.29600E+001
   1.94833E-001   1.13400E+001   1.29600E+001
   1.94864E-001   1.13400E+001   1.29600E+001
   1.94895E-001   1.13400E+001   1.29600E+001
   1.94927E-001   1.13400E+001   1.29600E+001
   1.94958E-001   1.13400E+001   1.29600E+001
   1.94990E-001   1.13400E+001   1.29600E+001
   1.95021E-001   1.13400E+001   1.29600E+001
   1.95052E-001   1.13400E+001   1.29600E+001
   1.95084E-001   1.13400E+001   1.29600E+001
   1.95115E-001   1.13400E+001   1.29600E+001
   1.95147E-001   1.13400E+001   1.29600E+001
   1.95178E-001   1.13400E+001   1.29600E+001
   1.95209E-001   1.13400E+001   1.29600E+001
   1.95241E-001   1.13400E+001   1.29600E+001
   1.95272E-001   1.13400E+001   1.29600E+001
   1.95303E-001   1.13400E+001   1.29600E+001
   1.95335E-001   1.13400E+001   1.29600E+001
   1.95366E-001   1.13400E+001   1.29600E+001
   1.95398E-001   1.13400E+001   1.29600E+001
   1.95429E-001   1.13400E+001   1.29600E+001
   1.95460E-001   1.13400E+001   1.29600E+001
   1.95492E-001   1.13400E+001   1.29600E+001
   1.95523E-001   1.13400E+001   1.29600E+001
   1.95555E-001   1.13400E+001   1.29600E+001
   1.95586E-001   1.13400E+001   1.29600E+001
   1.95617E-001   1.13400E+001   1.29600E+001
   1.95649E-001   1.13400E+001   1.29600E+001
   1.95680E-001   1.13400E+001   1.29600E+001
   1.95712E-001   1.13400E+001   1.29600E+001
   1.95743E-001   1.13400E+001   1.29600E+001
   1.95774E-001   1.13400E+001   1.29600E+001
   1.95806E-001   1.13400E+001   1.29600E+001
   1.95837E-001   1.13400E+001   1.29600E+001
   1.95868E-001   1.13400E+001   1.29600E+001
   1.95900E-001   1.13400E+001   1.29600E+001
   1.95931E-001   1.13400E+001   1.29600E+001
   1.95963E-001   1.13400E+001   1.29600E+001
   1.95994E-001   1.13400E+001   1.29600E+001
   1.96025E-001   1.13400E+001   1.29600E+001
   1.96057E-001   1.13400E+001   1.29600E+001
   1.96088E-001   1.13400E+001   1.29600E+001
   1.96120E-001   1.13400E+001   1.29600E+001
   1.96151E-001   1.13400E+001   1.29600E+001
   1.96182E-001   1.13400E+001   1.29600E+001
   1.96214E-001   1.13400E+001   1.29600E+001
   1.96245E-001   1.13400E+001   1.29600E+001
   1.96277E-001   1.13400E+001   1.29600E+001
   1.96308E-001   1.13400E+001   1.29600E+001
   1.96339E-001   1.13400E+001   1.29600E+001
   1.96371E-001   1.13400E+001   1.29600E+001
   1.96402E-001   1.13400E+001   1.29600E+001
   1.96433E-001   1.13400E+001   1.29600E+001
   1.96465E-001   1.13400E+001   1.29600E+001
   1.96496E-001   1.13400E+001   1.29600E+001
   1.96528E-001   1.13400E+001   1.29600E+001
   1.96559E-001   1.13400E+001   1.29600E+001
   1.96590E-001   1.13400E+001   1.29600E+001
   1.96622E-001   1.13400E+001   1.29600E+001
   1.96653E-001   1.13400E+001   1.29600E+001
   1.96685E-001   1.13400E+001   1.29600E+001
   1.96716E-001   1.13400E+001   1.29600E+001
   1.96747E-001   1.13400E+001   1.29600E+001
   1.96779E-001   1.13400E+001   1.29600E+001
   1.96810E-001   1.13400E+001   1.29600E+001
   1.96842E-001   1.13400E+001   1.29600E+001
   1.96873E-001   1.13400E+001   1.29600E+001
   1.96904E-001   1.13400E+001   1.29600E+001
   1.96936E-001   1.13400E+001   1.29600E+001
   1.96967E-001   1.13400E+001   1.29600E+001
   1.96998E-001   1.13400E+001   1.29600E+001
   1.97030E-001   1.13400E+001   1.29600E+001
   1.97061E-001   1.13400E+001   1.29600E+001
   1.97093E-001   1.13400E+001   1.29600E+001
   1.97124E-001   1.13400E+001   1.29600E+001
   1.97155E-001   1.13400E+001   1.29600E+001
   1.97187E-001   1.13400E+001   1.29600E+001
   1.97218E-001   1.13400E+001   1.29600E+001
   1.97250E-001   1.13400E+001   1.29600E+001
   1.97281E-001   1.13400E+001   1.29600E+001
   1.97312E-001   1.13400E+001   1.29600E+001
   1.97344E-001   1.13400E+001   1.29600E+001
   1.97375E-001   1.13400E+001   1.29600E+001
   1.97407E-001   1.13400E+001   1.29600E+001
   1.97438E-001   1.13400E+001   1.29600E+001
   1.97469E-001   1.13400E+001   1.29600E+001
   1.97501E-001   1.13400E+001   1.29600E+001
   1.97532E-001   1.13400E+001   1.29600E+001
   1.97563E-001   1.13400E+001   1.29600E+001
   1.97595E-001   1.13400E+001   1.29600E+001
   1.97626E-001   1.13400E+001   1.29600E+001
   1.97658E-001   1.13400E+001   1.29600E+001
   1.97689E-001   1.13400E+001   1.29600E+001
   1.97720E-001   1.13400E+001   1.29600E+001
   1.97752E-001   1.13400E+001   1.29600E+001
   1.97783E-001   1.13400E+001   1.29600E+001
   1.97815E-001   1.13400E+001   1.29600E+001
   1.97846E-001   1.13400E+001   1.29600E+001
   1.97877E-001   1.13400E+001   1.29600E+001
   1.97909E-001   1.13400E+001   1.29600E+001
   1.97940E-001   1.13400E+001   1.29600E+001
   1.97972E-001   1.13400E+001   1.29600E+001
   1.98003E-001   1.13400E+001   1.29600E+001
   1.98034E-001   1.13400E+001   1.29600E+001
   1.98066E-001   1.13400E+001   1.29600E+001
   1.98097E-001   1.13400E+001   1.29600E+001
   1.98128E-001   1.13400E+001   1.29600E+001
   1.98160E-001   1.13400E+001   1.29600E+001
   1.98191E-001   1.13400E+001   1.29600E+001
   1.98223E-001   1.13400E+001   1.29600E+001
   1.98254E-001   1.13400E+001   1.29600E+001
   1.98285E-001   1.13400E+001   1.29600E+001
   1.98317E-001   1.13400E+001   1.29600E+001
   1.98348E-001   1.13400E+001   1.29600E+001
   1.98380E-001   1.13400E+001   1.29600E+001
   1.98411E-001   1.13400E+001   1.29600E+001
   1.98442E-001   1.13400E+001   1.29600E+001
   1.98474E-001   1.13400E+001   1.29600E+001
   1.98505E-001   1.13400E+001   1.29600E+001
   1.98537E-001   1.13400E+001   1.29600E+001
   1.98568E-001   1.13400E+001   1.29600E+001
   1.98599E-001   1.13400E+001   1.29600E+001
   1.98631E-001   1.13400E+001   1.29600E+001
   1.98662E-001   1.13400E+001   1.29600E+001
   1.98694E-001   1.13400E+001   1.29600E+001
   1.98725E-001   1.15200E+001   1.29600E+001
   1.98756E-001   1.15200E+001   1.29600E+001
   1.98788E-001   1.15200E+001   1.29600E+001
   1.98819E-001   1.15200E+001   1.29600E+001
   1.98850E-001   1.15200E+001   1.29600E+001
   1.98882E-001   1.15200E+001   1.29600E+001
   1.98913E-001   1.15200E+001   1.29600E+001
   1.98945E-001   1.15200E+001   1.29600E+001
   1.98976E-001   1.15200E+001   1.29600E+001
   1.99007E-001   1.15200E+001   1.29600E+001
   1.99039E-001   1.15200E+001   1.29600E+001
   1.99070E-001   1.15200E+001   1.29600E+001
   1.99102E-001   1.15200E+001   1.29600E+001
   1.99133E-001   1.15200E+001   1.29600E+001
   1.99164E-001   1.15200E+001   1.29600E+001
   1.99196E-001   1.15200E+001   1.29600E+001
   1.99227E-001   1.15200E+001   1.29600E+001
   1.99259E-001   1.15200E+001   1.29600E+001
   1.99290E-001   1.15200E+001   1.29600E+001
   1.99321E-001   1.15200E+001   1.29600E+001
   1.99353E-001   1.15200E+001   1.29600E+001
   1.99384E-001   1.15200E+001   1.29600E+001
   1.99415E-001   1.15200E+001   1.29600E+001
   1.99447E-001   1.15200E+001   1.29600E+001
   1.99478E-001   1.15200E+001   1.31400E+001
   1.99510E-001   1.15200E+001   1.31400E+001
   1.99541E-001   1.15200E+001   1.31400E+001
   1.99572E-001   1.15200E+001   1.31400E+001
   1.99604E-001   1.15200E+001   1.31400E+001
   1.99635E-001   1.15200E+001   1.31400E+001
   1.99667E-001   1.15200E+001   1.31400E+001
   1.99698E-001   1.15200E+001   1.31400E+001
   1.99729E-001   1.15200E+001   1.31400E+001
   1.99761E-001   1.15200E+001   1.31400E+001
   1.99792E-001   1.15200E+001   1.31400E+001
   1.99824E-001   1.15200E+001   1.31400E+001
   1.99855E-001   1.15200E+001   1.31400E+001
   1.99886E-001   1.15200E+001   1.31400E+001
   1.99918E-001   1.15200E+001   1.31400E+001
   1.99949E-001   1.15200E+001   1.31400E+001
   1.99980E-001   1.15200E+001   1.31400E+001
   2.00012E-001   1.15200E+001   1.31400E+001
   2.00043E-001   1.15200E+001   1.31400E+001
   2.00075E-001   1.15200E+001   1.31400E+001
   2.00106E-001   1.15200E+001   1.31400E+001
   2.00137E-001   1.15200E+001   1.31400E+001
   2.00169E-001   1.15200E+001   1.31400E+001
   2.00200E-001   1.15200E+001   1.31400E+001
   2.00232E-001   1.15200E+001   1.31400E+001
   2.00263E-001   1.15200E+001   1.31400E+001
   2.00294E-001   1.15200E+001   1.31400E+001
   2.00326E-001   1.15200E+001   1.31400E+001
   2.00357E-001   1.15200E+001   1.31400E+001
   2.00389E-001   1.15200E+001   1.31400E+001
   2.00420E-001   1.15200E+001   1.31400E+001
   2.00451E-001   1.15200E+001   1.31400E+001
   2.00483E-001   1.15200E+001   1.31400E+001
   2.00514E-001   1.15200E+001   1.31400E+001
   2.00545E-001   1.15200E+001   1.31400E+001
   2.00577E-001   1.15200E+001   1.31400E+001
   2.00608E-001   1.15200E+001   1.31400E+001
   2.00640E-001   1.15200E+001   1.31400E+001
   2.00671E-001   1.15200E+001   1.31400E+001
   2.00702E-001   1.15200E+001   1.31400E+001
   2.00734E-001   1.15200E+001   1.31400E+001
   2.00765E-001   1.15200E+001   1.31400E+001
   2.00797E-001   1.15200E+001   1.31400E+001
   2.00828E-001   1.15200E+001   1.31400E+001
   2.00859E-001   1.15200E+001   1.31400E+001
   2.00891E-001   1.15200E+001   1.31400E+001
   2.00922E-001   1.15200E+001   1.31400E+001
   2.00954E-001   1.15200E+001   1.31400E+001
   2.00985E-001   1.15200E+001   1.31400E+001
   2.01016E-001   1.15200E+001   1.31400E+001
   2.01048E-001   1.15200E+001   1.31400E+001
   2.01079E-001   1.15200E+001   1.31400E+001
   2.01110E-001   1.15200E+001   1.31400E+001
   2.01142E-001   1.15200E+001   1.31400E+001
   2.01173E-001   1.15200E+001   1.31400E+001
   2.01205E-001   1.15200E+001   1.31400E+001
   2.01236E-001   1.15200E+001   1.31400E+001
   2.01267E-001   1.15200E+001   1.31400E+001
   2.01299E-001   1.15200E+001   1.31400E+001
   2.01330E-001   1.15200E+001   1.31400E+001
   2.01362E-001   1.15200E+001   1.31400E+001
   2.01393E-001   1.15200E+001   1.31400E+001
   2.01424E-001   1.15200E+001   1.31400E+001
   2.01456E-001   1.15200E+001   1.31400E+001
   2.01487E-001   1.15200E+001   1.31400E+001
   2.01519E-001   1.15200E+001   1.31400E+001
   2.01550E-001   1.15200E+001   1.31400E+001
   2.01581E-001   1.15200E+001   1.31400E+001
   2.01613E-001   1.15200E+001   1.31400E+001
   2.01644E-001   1.15200E+001   1.31400E+001
   2.01675E-001   1.15200E+001   1.31400E+001
   2.01707E-001   1.15200E+001   1.31400E+001
   2.01738E-001   1.15200E+001   1.31400E+001
   2.01770E-001   1.15200E+001   1.31400E+001
   2.01801E-001   1.15200E+001   1.31400E+001
   2.01832E-001   1.15200E+001   1.31400E+001
   2.01864E-001   1.15200E+001   1.31400E+001
   2.01895E-001   1.15200E+001   1.31400E+001
   2.01927E-001   1.15200E+001   1.31400E+001
   2.01958E-001   1.15200E+001   1.31400E+001
   2.01989E-001   1.15200E+001   1.31400E+001
   2.02021E-001   1.15200E+001   1.31400E+001
   2.02052E-001   1.15200E+001   1.31400E+001
   2.02084E-001   1.15200E+001   1.31400E+001
   2.02115E-001   1.15200E+001   1.31400E+001
   2.02146E-001   1.15200E+001   1.31400E+001
   2.02178E-001   1.15200E+001   1.31400E+001
   2.02209E-001   1.15200E+001   1.31400E+001
   2.02240E-001   1.15200E+001   1.31400E+001
   2.02272E-001   1.15200E+001   1.31400E+001
   2.02303E-001   1.15200E+001   1.31400E+001
   2.02335E-001   1.15200E+001   1.31400E+001
   2.02366E-001   1.15200E+001   1.31400E+001
   2.02397E-001   1.15200E+001   1.31400E+001
   2.02429E-001   1.15200E+001   1.31400E+001
   2.02460E-001   1.15200E+001   1.31400E+001
   2.02492E-001   1.15200E+001   1.31400E+001
   2.02523E-001   1.15200E+001   1.31400E+001
   2.02554E-001   1.15200E+001   1.31400E+001
   2.02586E-001   1.15200E+001   1.31400E+001
   2.02617E-001   1.15200E+001   1.31400E+001
   2.02649E-001   1.15200E+001   1.31400E+001
   2.02680E-001   1.15200E+001   1.31400E+001
   2.02711E-001   1.15200E+001   1.31400E+001
   2.02743E-001   1.15200E+001   1.31400E+001
   2.02774E-001   1.15200E+001   1.31400E+001
   2.02805E-001   1.15200E+001   1.31400E+001
   2.02837E-001   1.15200E+001   1.31400E+001
   2.02868E-001   1.15200E+001   1.31400E+001
   2.02900E-001   1.15200E+001   1.31400E+001
   2.02931E-001   1.15200E+001   1.31400E+001
   2.02962E-001   1.15200E+001   1.31400E+001
   2.02994E-001   1.15200E+001   1.31400E+001
   2.03025E-001   1.15200E+001   1.31400E+001
   2.03057E-001   1.15200E+001   1.31400E+001
   2.03088E-001   1.15200E+001   1.31400E+001
   2.03119E-001   1.15200E+001   1.31400E+001
   2.03151E-001   1.15200E+001   1.31400E+001
   2.03182E-001   1.15200E+001   1.31400E+001
   2.03214E-001   1.15200E+001   1.31400E+001
   2.03245E-001   1.15200E+001   1.31400E+001
   2.03276E-001   1.15200E+001   1.31400E+001
   2.03308E-001   1.15200E+001   1.31400E+001
   2.03339E-001   1.15200E+001   1.31400E+001
   2.03370E-001   1.15200E+001   1.31400E+001
   2.03402E-001   1.15200E+001   1.31400E+001
   2.03433E-001   1.15200E+001   1.31400E+001
   2.03465E-001   1.15200E+001   1.31400E+001
   2.03496E-001   1.15200E+001   1.31400E+001
   2.03527E-001   1.15200E+001   1.31400E+001
   2.03559E-001   1.15200E+001   1.31400E+001
   2.03590E-001   1.15200E+001   1.31400E+001
   2.03622E-001   1.15200E+001   1.31400E+001
   2.03653E-001   1.15200E+001   1.31400E+001
   2.03684E-001   1.15200E+001   1.31400E+001
   2.03716E-001   1.15200E+001   1.31400E+001
   2.03747E-001   1.15200E+001   1.31400E+001
   2.03779E-001   1.15200E+001   1.31400E+001
   2.03810E-001   1.15200E+001   1.31400E+001
   2.03841E-001   1.15200E+001   1.31400E+001
   2.03873E-001   1.15200E+001   1.31400E+001
   2.03904E-001   1.15200E+001   1.31400E+001
   2.03935E-001   1.15200E+001   1.31400E+001
   2.03967E-001   1.15200E+001   1.31400E+001
   2.03998E-001   1.15200E+001   1.31400E+001
   2.04030E-001   1.15200E+001   1.31400E+001
   2.04061E-001   1.15200E+001   1.31400E+001
   2.04092E-001   1.15200E+001   1.31400E+001
   2.04124E-001   1.15200E+001   1.31400E+001
   2.04155E-001   1.15200E+001   1.31400E+001
   2.04187E-001   1.15200E+001   1.31400E+001
   2.04218E-001   1.15200E+001   1.31400E+001
   2.04249E-001   1.15200E+001   1.31400E+001
   2.04281E-001   1.15200E+001   1.31400E+001
   2.04312E-001   1.15200E+001   1.31400E+001
   2.04344E-001   1.15200E+001   1.31400E+001
   2.04375E-001   1.15200E+001   1.31400E+001
   2.04406E-001   1.15200E+001   1.31400E+001
   2.04438E-001   1.15200E+001   1.31400E+001
   2.04469E-001   1.15200E+001   1.31400E+001
   2.04501E-001   1.15200E+001   1.31400E+001
   2.04532E-001   1.15200E+001   1.31400E+001
   2.04563E-001   1.15200E+001   1.31400E+001
   2.04595E-001   1.15200E+001   1.31400E+001
   2.04626E-001   1.15200E+001   1.31400E+001
   2.04657E-001   1.15200E+001   1.31400E+001
   2.04689E-001   1.15200E+001   1.31400E+001
   2.04720E-001   1.15200E+001   1.31400E+001
   2.04752E-001   1.15200E+001   1.31400E+001
   2.04783E-001   1.15200E+001   1.31400E+001
   2.04814E-001   1.15200E+001   1.31400E+001
   2.04846E-001   1.15200E+001   1.31400E+001
   2.04877E-001   1.15200E+001   1.31400E+001
   2.04909E-001   1.15200E+001   1.31400E+001
   2.04940E-001   1.15200E+001   1.31400E+001
   2.04971E-001   1.15200E+001   1.31400E+001
   2.05003E-001   1.15200E+001   1.33200E+001
   2.05034E-001   1.15200E+001   1.33200E+001
   2.05066E-001   1.15200E+001   1.33200E+001
   2.05097E-001   1.15200E+001   1.33200E+001
   2.05128E-001   1.15200E+001   1.33200E+001
   2.05160E-001   1.15200E+001   1.33200E+001
   2.05191E-001   1.15200E+001   1.33200E+001
   2.05222E-001   1.15200E+001   1.33200E+001
   2.05254E-001   1.15200E+001   1.33200E+001
   2.05285E-001   1.15200E+001   1.33200E+001
   2.05317E-001   1.15200E+001   1.33200E+001
   2.05348E-001   1.15200E+001   1.33200E+001
   2.05379E-001   1.15200E+001   1.33200E+001
   2.05411E-001   1.15200E+001   1.33200E+001
   2.05442E-001   1.15200E+001   1.33200E+001
   2.05474E-001   1.15200E+001   1.33200E+001
   2.05505E-001   1.15200E+001   1.33200E+001
   2.05536E-001   1.15200E+001   1.33200E+001
   2.05568E-001   1.15200E+001   1.33200E+001
   2.05599E-001   1.15200E+001   1.33200E+001
   2.05631E-001   1.15200E+001   1.33200E+001
   2.05662E-001   1.17000E+001   1.33200E+001
   2.05693E-001   1.17000E+001   1.33200E+001
   2.05725E-001   1.17000E+001   1.33200E+001
   2.05756E-001   1.17000E+001   1.33200E+001
   2.05787E-001   1.17000E+001   1.33200E+001
   2.05819E-001   1.17000E+001   1.33200E+001
   2.05850E-001   1.17000E+001   1.33200E+001
   2.05882E-001   1.17000E+001   1.33200E+001
   2.05913E-001   1.17000E+001   1.33200E+001
   2.05944E-001   1.17000E+001   1.33200E+001
   2.05976E-001   1.17000E+001   1.33200E+001
   2.06007E-001   1.17000E+001   1.33200E+001
   2.06039E-001   1.17000E+001   1.33200E+001
   2.06070E-001   1.17000E+001   1.33200E+001
   2.06101E-001   1.17000E+001   1.33200E+001
   2.06133E-001   1.17000E+001   1.33200E+001
   2.06164E-001   1.17000E+001   1.33200E+001
   2.06196E-001   1.17000E+001   1.33200E+001
   2.06227E-001   1.17000E+001   1.33200E+001
   2.06258E-001   1.17000E+001   1.33200E+001
   2.06290E-001   1.17000E+001   1.33200E+001
   2.06321E-001   1.17000E+001   1.33200E+001
   2.06352E-001   1.17000E+001   1.33200E+001
   2.06384E-001   1.17000E+001   1.33200E+001
   2.06415E-001   1.17000E+001   1.33200E+001
   2.06447E-001   1.17000E+001   1.33200E+001
   2.06478E-001   1.17000E+001   1.33200E+001
   2.06509E-001   1.17000E+001   1.33200E+001
   2.06541E-001   1.17000E+001   1.33200E+001
   2.06572E-001   1.17000E+001   1.33200E+001
   2.06604E-001   1.17000E+001   1.33200E+001
   2.06635E-001   1.17000E+001   1.33200E+001
   2.06666E-001   1.17000E+001   1.33200E+001
   2.06698E-001   1.17000E+001   1.33200E+001
   2.06729E-001   1.17000E+001   1.33200E+001
   2.06761E-001   1.17000E+001   1.33200E+001
   2.06792E-001   1.17000E+001   1.33200E+001
   2.06823E-001   1.17000E+001   1.33200E+001
   2.06855E-001   1.17000E+001   1.33200E+001
   2.06886E-001   1.17000E+001   1.33200E+001
   2.06917E-001   1.17000E+001   1.33200E+001
   2.06949E-001   1.17000E+001   1.33200E+001
   2.06980E-001   1.17000E+001   1.33200E+001
   2.07012E-001   1.17000E+001   1.33200E+001
   2.07043E-001   1.17000E+001   1.33200E+001
   2.07074E-001   1.17000E+001   1.33200E+001
   2.07106E-001   1.17000E+001   1.33200E+001
   2.07137E-001   1.17000E+001   1.33200E+001
   2.07169E-001   1.17000E+001   1.33200E+001
   2.07200E-001   1.17000E+001   1.33200E+001
   2.07231E-001   1.17000E+001   1.33200E+001
   2.07263E-001   1.17000E+001   1.33200E+001
   2.07294E-001   1.17000E+001   1.33200E+001
   2.07326E-001   1.17000E+001   1.33200E+001
   2.07357E-001   1.17000E+001   1.33200E+001
   2.07388E-001   1.17000E+001   1.33200E+001
   2.07420E-001   1.17000E+001   1.33200E+001
   2.07451E-001   1.17000E+001   1.33200E+001
   2.07482E-001   1.17000E+001   1.33200E+001
   2.07514E-001   1.17000E+001   1.33200E+001
   2.07545E-001   1.17000E+001   1.33200E+001
   2.07577E-001   1.17000E+001   1.33200E+001
   2.07608E-001   1.17000E+001   1.33200E+001
   2.07639E-001   1.17000E+001   1.33200E+001
   2.07671E-001   1.17000E+001   1.33200E+001
   2.07702E-001   1.17000E+001   1.33200E+001
   2.07734E-001   1.17000E+001   1.33200E+001
   2.07765E-001   1.17000E+001   1.33200E+001
   2.07796E-001   1.17000E+001   1.33200E+001
   2.07828E-001   1.17000E+001   1.33200E+001
   2.07859E-001   1.17000E+001   1.33200E+001
   2.07891E-001   1.17000E+001   1.33200E+001
   2.07922E-001   1.17000E+001   1.33200E+001
   2.07953E-001   1.17000E+001   1.33200E+001
   2.07985E-001   1.17000E+001   1.33200E+001
   2.08016E-001   1.17000E+001   1.33200E+001
   2.08047E-001   1.17000E+001   1.33200E+001
   2.08079E-001   1.17000E+001   1.33200E+001
   2.08110E-001   1.17000E+001   1.33200E+001
   2.08142E-001   1.17000E+001   1.33200E+001
   2.08173E-001   1.17000E+001   1.33200E+001
   2.08204E-001   1.17000E+001   1.33200E+001
   2.08236E-001   1.17000E+001   1.33200E+001
   2.08267E-001   1.17000E+001   1.33200E+001
   2.08299E-001   1.17000E+001   1.33200E+001
   2.08330E-001   1.17000E+001   1.33200E+001
   2.08361E-001   1.17000E+001   1.33200E+001
   2.08393E-001   1.17000E+001   1.33200E+001
   2.08424E-001   1.17000E+001   1.33200E+001
   2.08456E-001   1.17000E+001   1.33200E+001
   2.08487E-001   1.17000E+001   1.33200E+001
   2.08518E-001   1.17000E+001   1.33200E+001
   2.08550E-001   1.17000E+001   1.33200E+001
   2.08581E-001   1.17000E+001   1.33200E+001
   2.08612E-001   1.17000E+001   1.33200E+001
   2.08644E-001   1.17000E+001   1.33200E+001
   2.08675E-001   1.17000E+001   1.33200E+001
   2.08707E-001   1.17000E+001   1.33200E+001
   2.08738E-001   1.17000E+001   1.33200E+001
   2.08769E-001   1.17000E+001   1.33200E+001
   2.08801E-001   1.17000E+001   1.33200E+001
   2.08832E-001   1.17000E+001   1.33200E+001
   2.08864E-001   1.17000E+001   1.33200E+001
   2.08895E-001   1.17000E+001   1.33200E+001
   2.08926E-001   1.17000E+001   1.33200E+001
   2.08958E-001   1.17000E+001   1.33200E+001
   2.08989E-001   1.17000E+001   1.33200E+001
   2.09021E-001   1.17000E+001   1.33200E+001
   2.09052E-001   1.17000E+001   1.33200E+001
   2.09083E-001   1.17000E+001   1.33200E+001
   2.09115E-001   1.17000E+001   1.33200E+001
   2.09146E-001   1.17000E+001   1.33200E+001
   2.09177E-001   1.17000E+001   1.33200E+001
   2.09209E-001   1.17000E+001   1.33200E+001
   2.09240E-001   1.17000E+001   1.33200E+001
   2.09272E-001   1.17000E+001   1.33200E+001
   2.09303E-001   1.17000E+001   1.33200E+001
   2.09334E-001   1.17000E+001   1.33200E+001
   2.09366E-001   1.17000E+001   1.33200E+001
   2.09397E-001   1.17000E+001   1.33200E+001
   2.09429E-001   1.17000E+001   1.33200E+001
   2.09460E-001   1.17000E+001   1.33200E+001
   2.09491E-001   1.17000E+001   1.33200E+001
   2.09523E-001   1.17000E+001   1.33200E+001
   2.09554E-001   1.17000E+001   1.33200E+001
   2.09586E-001   1.17000E+001   1.33200E+001
   2.09617E-001   1.17000E+001   1.33200E+001
   2.09648E-001   1.17000E+001   1.33200E+001
   2.09680E-001   1.17000E+001   1.33200E+001
   2.09711E-001   1.17000E+001   1.33200E+001
   2.09742E-001   1.17000E+001   1.33200E+001
   2.09774E-001   1.17000E+001   1.33200E+001
   2.09805E-001   1.17000E+001   1.33200E+001
   2.09837E-001   1.17000E+001   1.33200E+001
   2.09868E-001   1.17000E+001   1.33200E+001
   2.09899E-001   1.17000E+001   1.33200E+001
   2.09931E-001   1.17000E+001   1.33200E+001
   2.09962E-001   1.17000E+001   1.33200E+001
   2.09994E-001   1.17000E+001   1.33200E+001
   2.10025E-001   1.17000E+001   1.33200E+001
   2.10056E-001   1.17000E+001   1.33200E+001
   2.10088E-001   1.17000E+001   1.33200E+001
   2.10119E-001   1.17000E+001   1.33200E+001
   2.10151E-001   1.17000E+001   1.33200E+001
   2.10182E-001   1.17000E+001   1.33200E+001
   2.10213E-001   1.17000E+001   1.33200E+001
   2.10245E-001   1.17000E+001   1.33200E+001
   2.10276E-001   1.17000E+001   1.33200E+001
   2.10308E-001   1.17000E+001   1.33200E+001
   2.10339E-001   1.17000E+001   1.33200E+001
   2.10370E-001   1.17000E+001   1.33200E+001
   2.10402E-001   1.17000E+001   1.33200E+001
   2.10433E-001   1.17000E+001   1.33200E+001
   2.10464E-001   1.17000E+001   1.33200E+001
   2.10496E-001   1.17000E+001   1.33200E+001
   2.10527E-001   1.17000E+001   1.33200E+001
   2.10559E-001   1.17000E+001   1.33200E+001
   2.10590E-001   1.17000E+001   1.33200E+001
   2.10621E-001   1.17000E+001   1.35000E+001
   2.10653E-001   1.17000E+001   1.35000E+001
   2.10684E-001   1.17000E+001   1.35000E+001
   2.10716E-001   1.17000E+001   1.35000E+001
   2.10747E-001   1.17000E+001   1.35000E+001
   2.10778E-001   1.17000E+001   1.35000E+001
   2.10810E-001   1.17000E+001   1.35000E+001
   2.10841E-001   1.17000E+001   1.35000E+001
   2.10873E-001   1.17000E+001   1.35000E+001
   2.10904E-001   1.17000E+001   1.35000E+001
   2.10935E-001   1.17000E+001   1.35000E+001
   2.10967E-001   1.17000E+001   1.35000E+001
   2.10998E-001   1.17000E+001   1.35000E+001
   2.11029E-001   1.17000E+001   1.35000E+001
   2.11061E-001   1.17000E+001   1.35000E+001
   2.11092E-001   1.17000E+001   1.35000E+001
   2.11124E-001   1.17000E+001   1.35000E+001
   2.11155E-001   1.17000E+001   1.35000E+001
   2.11186E-001   1.17000E+001   1.35000E+001
   2.11218E-001   1.17000E+001   1.35000E+001
   2.11249E-001   1.17000E+001   1.35000E+001
   2.11281E-001   1.17000E+001   1.35000E+001
   2.11312E-001   1.17000E+001   1.35000E+001
   2.11343E-001   1.17000E+001   1.35000E+001
   2.11375E-001   1.17000E+001   1.35000E+001
   2.11406E-001   1.17000E+001   1.35000E+001
   2.11438E-001   1.17000E+001   1.35000E+001
   2.11469E-001   1.17000E+001   1.35000E+001
   2.11500E-001   1.17000E+001   1.35000E+001
   2.11532E-001   1.17000E+001   1.35000E+001
   2.11563E-001   1.17000E+001   1.35000E+001
   2.11594E-001   1.17000E+001   1.35000E+001
   2.11626E-001   1.17000E+001   1.35000E+001
   2.11657E-001   1.17000E+001   1.35000E+001
   2.11689E-001   1.17000E+001   1.35000E+001
   2.11720E-001   1.17000E+001   1.35000E+001
   2.11751E-001   1.17000E+001   1.35000E+001
   2.11783E-001   1.17000E+001   1.35000E+001
   2.11814E-001   1.17000E+001   1.35000E+001
   2.11846E-001   1.17000E+001   1.35000E+001
   2.11877E-001   1.17000E+001   1.35000E+001
   2.11908E-001   1.17000E+001   1.35000E+001
   2.11940E-001   1.17000E+001   1.35000E+001
   2.11971E-001   1.17000E+001   1.35000E+001
   2.12003E-001   1.17000E+001   1.35000E+001
   2.12034E-001   1.17000E+001   1.35000E+001
   2.12065E-001   1.17000E+001   1.35000E+001
   2.12097E-001   1.17000E+001   1.35000E+001
   2.12128E-001   1.17000E+001   1.35000E+001
   2.12159E-001   1.17000E+001   1.35000E+001
   2.12191E-001   1.17000E+001   1.35000E+001
   2.12222E-001   1.17000E+001   1.35000E+001
   2.12254E-001   1.17000E+001   1.35000E+001
   2.12285E-001   1.17000E+001   1.35000E+001
   2.12316E-001   1.17000E+001   1.35000E+001
   2.12348E-001   1.17000E+001   1.35000E+001
   2.12379E-001   1.17000E+001   1.35000E+001
   2.12411E-001   1.17000E+001   1.35000E+001
   2.12442E-001   1.17000E+001   1.35000E+001
   2.12473E-001   1.17000E+001   1.35000E+001
   2.12505E-001   1.17000E+001   1.35000E+001
   2.12536E-001   1.17000E+001   1.35000E+001
   2.12568E-001   1.17000E+001   1.35000E+001
   2.12599E-001   1.17000E+001   1.35000E+001
   2.12630E-001   1.17000E+001   1.35000E+001
   2.12662E-001   1.17000E+001   1.35000E+001
   2.12693E-001   1.17000E+001   1.35000E+001
   2.12724E-001   1.17000E+001   1.35000E+001
   2.12756E-001   1.18800E+001   1.35000E+001
   2.12787E-001   1.18800E+001   1.35000E+001
   2.12819E-001   1.18800E+001   1.35000E+001
   2.12850E-001   1.18800E+001   1.35000E+001
   2.12881E-001   1.18800E+001   1.35000E+001
   2.12913E-001   1.18800E+001   1.35000E+001
   2.12944E-001   1.18800E+001   1.35000E+001
   2.12976E-001   1.18800E+001   1.35000E+001
   2.13007E-001   1.18800E+001   1.35000E+001
   2.13038E-001   1.18800E+001   1.35000E+001
   2.13070E-001   1.18800E+001   1.35000E+001
   2.13101E-001   1.18800E+001   1.35000E+001
   2.13133E-001   1.18800E+001   1.35000E+001
   2.13164E-001   1.18800E+001   1.35000E+001
   2.13195E-001   1.18800E+001   1.35000E+001
   2.13227E-001   1.18800E+001   1.35000E+001
   2.13258E-001   1.18800E+001   1.35000E+001
   2.13289E-001   1.18800E+001   1.35000E+001
   2.13321E-001   1.18800E+001   1.35000E+001
   2.13352E-001   1.18800E+001   1.35000E+001
   2.13384E-001   1.18800E+001   1.35000E+001
   2.13415E-001   1.18800E+001   1.35000E+001
   2.13446E-001   1.18800E+001   1.35000E+001
   2.13478E-001   1.18800E+001   1.35000E+001
   2.13509E-001   1.18800E+001   1.35000E+001
   2.13541E-001   1.18800E+001   1.35000E+001
   2.13572E-001   1.18800E+001   1.35000E+001
   2.13603E-001   1.18800E+001   1.35000E+001
   2.13635E-001   1.18800E+001   1.35000E+001
   2.13666E-001   1.18800E+001   1.35000E+001
   2.13698E-001   1.18800E+001   1.35000E+001
   2.13729E-001   1.18800E+001   1.35000E+001
   2.13760E-001   1.18800E+001   1.35000E+001
   2.13792E-001   1.18800E+001   1.35000E+001
   2.13823E-001   1.18800E+001   1.35000E+001
   2.13854E-001   1.18800E+001   1.35000E+001
   2.13886E-001   1.18800E+001   1.35000E+001
   2.13917E-001   1.18800E+001   1.35000E+001
   2.13949E-001   1.18800E+001   1.35000E+001
   2.13980E-001   1.18800E+001   1.35000E+001
   2.14011E-001   1.18800E+001   1.35000E+001
   2.14043E-001   1.18800E+001   1.35000E+001
   2.14074E-001   1.18800E+001   1.35000E+001
   2.14106E-001   1.18800E+001   1.35000E+001
   2.14137E-001   1.18800E+001   1.35000E+001
   2.14168E-001   1.18800E+001   1.35000E+001
   2.14200E-001   1.18800E+001   1.35000E+001
   2.14231E-001   1.18800E+001   1.35000E+001
   2.14263E-001   1.18800E+001   1.35000E+001
   2.14294E-001   1.18800E+001   1.35000E+001
   2.14325E-001   1.18800E+001   1.35000E+001
   2.14357E-001   1.18800E+001   1.35000E+001
   2.14388E-001   1.18800E+001   1.35000E+001
   2.14419E-001   1.18800E+001   1.35000E+001
   2.14451E-001   1.18800E+001   1.35000E+001
   2.14482E-001   1.18800E+001   1.35000E+001
   2.14514E-001   1.18800E+001   1.35000E+001
   2.14545E-001   1.18800E+001   1.35000E+001
   2.14576E-001   1.18800E+001   1.35000E+001
   2.14608E-001   1.18800E+001   1.35000E+001
   2.14639E-001   1.18800E+001   1.35000E+001
   2.14671E-001   1.18800E+001   1.35000E+001
   2.14702E-001   1.18800E+001   1.35000E+001
   2.14733E-001   1.18800E+001   1.35000E+001
   2.14765E-001   1.18800E+001   1.35000E+001
   2.14796E-001   1.18800E+001   1.35000E+001
   2.14828E-001   1.18800E+001   1.35000E+001
   2.14859E-001   1.18800E+001   1.35000E+001
   2.14890E-001   1.18800E+001   1.35000E+001
   2.14922E-001   1.18800E+001   1.35000E+001
   2.14953E-001   1.18800E+001   1.35000E+001
   2.14984E-001   1.18800E+001   1.35000E+001
   2.15016E-001   1.18800E+001   1.35000E+001
   2.15047E-001   1.18800E+001   1.35000E+001
   2.15079E-001   1.18800E+001   1.35000E+001
   2.15110E-001   1.18800E+001   1.35000E+001
   2.15141E-001   1.18800E+001   1.35000E+001
   2.15173E-001   1.18800E+001   1.35000E+001
   2.15204E-001   1.18800E+001   1.35000E+001
   2.15236E-001   1.18800E+001   1.35000E+001
   2.15267E-001   1.18800E+001   1.35000E+001
   2.15298E-001   1.18800E+001   1.35000E+001
   2.15330E-001   1.18800E+001   1.35000E+001
   2.15361E-001   1.18800E+001   1.35000E+001
   2.15393E-001   1.18800E+001   1.35000E+001
   2.15424E-001   1.18800E+001   1.35000E+001
   2.15455E-001   1.18800E+001   1.35000E+001
   2.15487E-001   1.18800E+001   1.35000E+001
   2.15518E-001   1.18800E+001   1.35000E+001
   2.15549E-001   1.18800E+001   1.35000E+001
   2.15581E-001   1.18800E+001   1.35000E+001
   2.15612E-001   1.18800E+001   1.35000E+001
   2.15644E-001   1.18800E+001   1.35000E+001
   2.15675E-001   1.18800E+001   1.35000E+001
   2.15706E-001   1.18800E+001   1.35000E+001
   2.15738E-001   1.18800E+001   1.35000E+001
   2.15769E-001   1.18800E+001   1.35000E+001
   2.15801E-001   1.18800E+001   1.35000E+001
   2.15832E-001   1.18800E+001   1.35000E+001
   2.15863E-001   1.18800E+001   1.35000E+001
   2.15895E-001   1.18800E+001   1.35000E+001
   2.15926E-001   1.18800E+001   1.35000E+001
   2.15958E-001   1.18800E+001   1.35000E+001
   2.15989E-001   1.18800E+001   1.35000E+001
   2.16020E-001   1.18800E+001   1.35000E+001
   2.16052E-001   1.18800E+001   1.35000E+001
   2.16083E-001   1.18800E+001   1.35000E+001
   2.16114E-001   1.18800E+001   1.35000E+001
   2.16146E-001   1.18800E+001   1.35000E+001
   2.16177E-001   1.18800E+001   1.35000E+001
   2.16209E-001   1.18800E+001   1.35000E+001
   2.16240E-001   1.18800E+001   1.35000E+001
   2.16271E-001   1.18800E+001   1.35000E+001
   2.16303E-001   1.18800E+001   1.36800E+001
   2.16334E-001   1.18800E+001   1.36800E+001
   2.16366E-001   1.18800E+001   1.36800E+001
   2.16397E-001   1.18800E+001   1.36800E+001
   2.16428E-001   1.18800E+001   1.36800E+001
   2.16460E-001   1.18800E+001   1.36800E+001
   2.16491E-001   1.18800E+001   1.36800E+001
   2.16523E-001   1.18800E+001   1.36800E+001
   2.16554E-001   1.18800E+001   1.36800E+001
   2.16585E-001   1.18800E+001   1.36800E+001
   2.16617E-001   1.18800E+001   1.36800E+001
   2.16648E-001   1.18800E+001   1.36800E+001
   2.16680E-001   1.18800E+001   1.36800E+001
   2.16711E-001   1.18800E+001   1.36800E+001
   2.16742E-001   1.18800E+001   1.36800E+001
   2.16774E-001   1.18800E+001   1.36800E+001
   2.16805E-001   1.18800E+001   1.36800E+001
   2.16836E-001   1.18800E+001   1.36800E+001
   2.16868E-001   1.18800E+001   1.36800E+001
   2.16899E-001   1.18800E+001   1.36800E+001
   2.16931E-001   1.18800E+001   1.36800E+001
   2.16962E-001   1.18800E+001   1.36800E+001
   2.16993E-001   1.18800E+001   1.36800E+001
   2.17025E-001   1.18800E+001   1.36800E+001
   2.17056E-001   1.18800E+001   1.36800E+001
   2.17088E-001   1.18800E+001   1.36800E+001
   2.17119E-001   1.18800E+001   1.36800E+001
   2.17150E-001   1.18800E+001   1.36800E+001
   2.17182E-001   1.18800E+001   1.36800E+001
   2.17213E-001   1.18800E+001   1.36800E+001
   2.17245E-001   1.18800E+001   1.36800E+001
   2.17276E-001   1.18800E+001   1.36800E+001
   2.17307E-001   1.18800E+001   1.36800E+001
   2.17339E-001   1.18800E+001   1.36800E+001
   2.17370E-001   1.18800E+001   1.36800E+001
   2.17401E-001   1.18800E+001   1.36800E+001
   2.17433E-001   1.18800E+001   1.36800E+001
   2.17464E-001   1.18800E+001   1.36800E+001
   2.17496E-001   1.18800E+001   1.36800E+001
   2.17527E-001   1.18800E+001   1.36800E+001
   2.17558E-001   1.18800E+001   1.36800E+001
   2.17590E-001   1.18800E+001   1.36800E+001
   2.17621E-001   1.18800E+001   1.36800E+001
   2.17653E-001   1.18800E+001   1.36800E+001
   2.17684E-001   1.18800E+001   1.36800E+001
   2.17715E-001   1.18800E+001   1.36800E+001
   2.17747E-001   1.18800E+001   1.36800E+001
   2.17778E-001   1.18800E+001   1.36800E+001
   2.17810E-001   1.18800E+001   1.36800E+001
   2.17841E-001   1.18800E+001   1.36800E+001
   2.17872E-001   1.18800E+001   1.36800E+001
   2.17904E-001   1.18800E+001   1.36800E+001
   2.17935E-001   1.18800E+001   1.36800E+001
   2.17966E-001   1.18800E+001   1.36800E+001
   2.17998E-001   1.18800E+001   1.36800E+001
   2.18029E-001   1.18800E+001   1.36800E+001
   2.18061E-001   1.18800E+001   1.36800E+001
   2.18092E-001   1.18800E+001   1.36800E+001
   2.18123E-001   1.18800E+001   1.36800E+001
   2.18155E-001   1.18800E+001   1.36800E+001
   2.18186E-001   1.18800E+001   1.36800E+001
   2.18218E-001   1.18800E+001   1.36800E+001
   2.18249E-001   1.18800E+001   1.36800E+001
   2.18280E-001   1.18800E+001   1.36800E+001
   2.18312E-001   1.18800E+001   1.36800E+001
   2.18343E-001   1.18800E+001   1.36800E+001
   2.18375E-001   1.18800E+001   1.36800E+001
   2.18406E-001   1.18800E+001   1.36800E+001
   2.18437E-001   1.18800E+001   1.36800E+001
   2.18469E-001   1.18800E+001   1.36800E+001
   2.18500E-001   1.18800E+001   1.36800E+001
   2.18531E-001   1.18800E+001   1.36800E+001
   2.18563E-001   1.18800E+001   1.36800E+001
   2.18594E-001   1.18800E+001   1.36800E+001
   2.18626E-001   1.18800E+001   1.36800E+001
   2.18657E-001   1.18800E+001   1.36800E+001
   2.18688E-001   1.18800E+001   1.36800E+001
   2.18720E-001   1.18800E+001   1.36800E+001
   2.18751E-001   1.18800E+001   1.36800E+001
   2.18783E-001   1.18800E+001   1.36800E+001
   2.18814E-001   1.18800E+001   1.36800E+001
   2.18845E-001   1.18800E+001   1.36800E+001
   2.18877E-001   1.18800E+001   1.36800E+001
   2.18908E-001   1.18800E+001   1.36800E+001
   2.18940E-001   1.18800E+001   1.36800E+001
   2.18971E-001   1.18800E+001   1.36800E+001
   2.19002E-001   1.18800E+001   1.36800E+001
   2.19034E-001   1.18800E+001   1.36800E+001
   2.19065E-001   1.18800E+001   1.36800E+001
   2.19096E-001   1.18800E+001   1.36800E+001
   2.19128E-001   1.18800E+001   1.36800E+001
   2.19159E-001   1.18800E+001   1.36800E+001
   2.19191E-001   1.18800E+001   1.36800E+001
   2.19222E-001   1.18800E+001   1.36800E+001
   2.19253E-001   1.18800E+001   1.36800E+001
   2.19285E-001   1.18800E+001   1.36800E+001
   2.19316E-001   1.18800E+001   1.36800E+001
   2.19348E-001   1.18800E+001   1.36800E+001
   2.19379E-001   1.18800E+001   1.36800E+001
   2.19410E-001   1.18800E+001   1.36800E+001
   2.19442E-001   1.18800E+001   1.36800E+001
   2.19473E-001   1.18800E+001   1.36800E+001
   2.19505E-001   1.18800E+001   1.36800E+001
   2.19536E-001   1.18800E+001   1.36800E+001
   2.19567E-001   1.18800E+001   1.36800E+001
   2.19599E-001   1.18800E+001   1.36800E+001
   2.19630E-001   1.18800E+001   1.36800E+001
   2.19661E-001   1.18800E+001   1.36800E+001
   2.19693E-001   1.18800E+001   1.36800E+001
   2.19724E-001   1.18800E+001   1.36800E+001
   2.19756E-001   1.18800E+001   1.36800E+001
   2.19787E-001   1.18800E+001   1.36800E+001
   2.19818E-001   1.18800E+001   1.36800E+001
   2.19850E-001   1.18800E+001   1.36800E+001
   2.19881E-001   1.18800E+001   1.36800E+001
   2.19913E-001   1.18800E+001   1.36800E+001
   2.19944E-001   1.18800E+001   1.36800E+001
   2.19975E-001   1.20600E+001   1.36800E+001
   2.20007E-001   1.20600E+001   1.36800E+001
   2.20038E-001   1.20600E+001   1.36800E+001
   2.20070E-001   1.20600E+001   1.36800E+001
   2.20101E-001   1.20600E+001   1.36800E+001
   2.20132E-001   1.20600E+001   1.36800E+001
   2.20164E-001   1.20600E+001   1.36800E+001
   2.20195E-001   1.20600E+001   1.36800E+001
   2.20226E-001   1.20600E+001   1.36800E+001
   2.20258E-001   1.20600E+001   1.36800E+001
   2.20289E-001   1.20600E+001   1.36800E+001
   2.20321E-001   1.20600E+001   1.36800E+001
   2.20352E-001   1.20600E+001   1.36800E+001
   2.20383E-001   1.20600E+001   1.36800E+001
   2.20415E-001   1.20600E+001   1.36800E+001
   2.20446E-001   1.20600E+001   1.36800E+001
   2.20478E-001   1.20600E+001   1.36800E+001
   2.20509E-001   1.20600E+001   1.36800E+001
   2.20540E-001   1.20600E+001   1.36800E+001
   2.20572E-001   1.20600E+001   1.36800E+001
   2.20603E-001   1.20600E+001   1.36800E+001
   2.20635E-001   1.20600E+001   1.36800E+001
   2.20666E-001   1.20600E+001   1.36800E+001
   2.20697E-001   1.20600E+001   1.36800E+001
   2.20729E-001   1.20600E+001   1.36800E+001
   2.20760E-001   1.20600E+001   1.36800E+001
   2.20791E-001   1.20600E+001   1.36800E+001
   2.20823E-001   1.20600E+001   1.36800E+001
   2.20854E-001   1.20600E+001   1.36800E+001
   2.20886E-001   1.20600E+001   1.36800E+001
   2.20917E-001   1.20600E+001   1.36800E+001
   2.20948E-001   1.20600E+001   1.36800E+001
   2.20980E-001   1.20600E+001   1.36800E+001
   2.21011E-001   1.20600E+001   1.36800E+001
   2.21043E-001   1.20600E+001   1.36800E+001
   2.21074E-001   1.20600E+001   1.36800E+001
   2.21105E-001   1.20600E+001   1.36800E+001
   2.21137E-001   1.20600E+001   1.36800E+001
   2.21168E-001   1.20600E+001   1.36800E+001
   2.21200E-001   1.20600E+001   1.36800E+001
   2.21231E-001   1.20600E+001   1.36800E+001
   2.21262E-001   1.20600E+001   1.36800E+001
   2.21294E-001   1.20600E+001   1.36800E+001
   2.21325E-001   1.20600E+001   1.36800E+001
   2.21356E-001   1.20600E+001   1.36800E+001
   2.21388E-001   1.20600E+001   1.36800E+001
   2.21419E-001   1.20600E+001   1.36800E+001
   2.21451E-001   1.20600E+001   1.36800E+001
   2.21482E-001   1.20600E+001   1.36800E+001
   2.21513E-001   1.20600E+001   1.36800E+001
   2.21545E-001   1.20600E+001   1.36800E+001
   2.21576E-001   1.20600E+001   1.36800E+001
   2.21608E-001   1.20600E+001   1.36800E+001
   2.21639E-001   1.20600E+001   1.36800E+001
   2.21670E-001   1.20600E+001   1.36800E+001
   2.21702E-001   1.20600E+001   1.36800E+001
   2.21733E-001   1.20600E+001   1.36800E+001
   2.21765E-001   1.20600E+001   1.36800E+001
   2.21796E-001   1.20600E+001   1.36800E+001
   2.21827E-001   1.20600E+001   1.36800E+001
   2.21859E-001   1.20600E+001   1.36800E+001
   2.21890E-001   1.20600E+001   1.36800E+001
   2.21921E-001   1.20600E+001   1.36800E+001
   2.21953E-001   1.20600E+001   1.36800E+001
   2.21984E-001   1.20600E+001   1.36800E+001
   2.22016E-001   1.20600E+001   1.36800E+001
   2.22047E-001   1.20600E+001   1.38600E+001
   2.22078E-001   1.20600E+001   1.38600E+001
   2.22110E-001   1.20600E+001   1.38600E+001
   2.22141E-001   1.20600E+001   1.38600E+001
   2.22173E-001   1.20600E+001   1.38600E+001
   2.22204E-001   1.20600E+001   1.38600E+001
   2.22235E-001   1.20600E+001   1.38600E+001
   2.22267E-001   1.20600E+001   1.38600E+001
   2.22298E-001   1.20600E+001   1.38600E+001
   2.22330E-001   1.20600E+001   1.38600E+001
   2.22361E-001   1.20600E+001   1.38600E+001
   2.22392E-001   1.20600E+001   1.38600E+001
   2.22424E-001   1.20600E+001   1.38600E+001
   2.22455E-001   1.20600E+001   1.38600E+001
   2.22487E-001   1.20600E+001   1.38600E+001
   2.22518E-001   1.20600E+001   1.38600E+001
   2.22549E-001   1.20600E+001   1.38600E+001
   2.22581E-001   1.20600E+001   1.38600E+001
   2.22612E-001   1.20600E+001   1.38600E+001
   2.22643E-001   1.20600E+001   1.38600E+001
   2.22675E-001   1.20600E+001   1.38600E+001
   2.22706E-001   1.20600E+001   1.38600E+001
   2.22738E-001   1.20600E+001   1.38600E+001
   2.22769E-001   1.20600E+001   1.38600E+001
   2.22800E-001   1.20600E+001   1.38600E+001
   2.22832E-001   1.20600E+001   1.38600E+001
   2.22863E-001   1.20600E+001   1.38600E+001
   2.22895E-001   1.20600E+001   1.38600E+001
   2.22926E-001   1.20600E+001   1.38600E+001
   2.22957E-001   1.20600E+001   1.38600E+001
   2.22989E-001   1.20600E+001   1.38600E+001
   2.23020E-001   1.20600E+001   1.38600E+001
   2.23052E-001   1.20600E+001   1.38600E+001
   2.23083E-001   1.20600E+001   1.38600E+001
   2.23114E-001   1.20600E+001   1.38600E+001
   2.23146E-001   1.20600E+001   1.38600E+001
   2.23177E-001   1.20600E+001   1.38600E+001
   2.23208E-001   1.20600E+001   1.38600E+001
   2.23240E-001   1.20600E+001   1.38600E+001
   2.23271E-001   1.20600E+001   1.38600E+001
   2.23303E-001   1.20600E+001   1.38600E+001
   2.23334E-001   1.20600E+001   1.38600E+001
   2.23365E-001   1.20600E+001   1.38600E+001
   2.23397E-001   1.20600E+001   1.38600E+001
   2.23428E-001   1.20600E+001   1.38600E+001
   2.23460E-001   1.20600E+001   1.38600E+001
   2.23491E-001   1.20600E+001   1.38600E+001
   2.23522E-001   1.20600E+001   1.38600E+001
   2.23554E-001   1.20600E+001   1.38600E+001
   2.23585E-001   1.20600E+001   1.38600E+001
   2.23617E-001   1.20600E+001   1.38600E+001
   2.23648E-001   1.20600E+001   1.38600E+001
   2.23679E-001   1.20600E+001   1.38600E+001
   2.23711E-001   1.20600E+001   1.38600E+001
   2.23742E-001   1.20600E+001   1.38600E+001
   2.23773E-001   1.20600E+001   1.38600E+001
   2.23805E-001   1.20600E+001   1.38600E+001
   2.23836E-001   1.20600E+001   1.38600E+001
   2.23868E-001   1.20600E+001   1.38600E+001
   2.23899E-001   1.20600E+001   1.38600E+001
   2.23930E-001   1.20600E+001   1.38600E+001
   2.23962E-001   1.20600E+001   1.38600E+001
   2.23993E-001   1.20600E+001   1.38600E+001
   2.24025E-001   1.20600E+001   1.38600E+001
   2.24056E-001   1.20600E+001   1.38600E+001
   2.24087E-001   1.20600E+001   1.38600E+001
   2.24119E-001   1.20600E+001   1.38600E+001
   2.24150E-001   1.20600E+001   1.38600E+001
   2.24182E-001   1.20600E+001   1.38600E+001
   2.24213E-001   1.20600E+001   1.38600E+001
   2.24244E-001   1.20600E+001   1.38600E+001
   2.24276E-001   1.20600E+001   1.38600E+001
   2.24307E-001   1.20600E+001   1.38600E+001
   2.24338E-001   1.20600E+001   1.38600E+001
   2.24370E-001   1.20600E+001   1.38600E+001
   2.24401E-001   1.20600E+001   1.38600E+001
   2.24433E-001   1.20600E+001   1.38600E+001
   2.24464E-001   1.20600E+001   1.38600E+001
   2.24495E-001   1.20600E+001   1.38600E+001
   2.24527E-001   1.20600E+001   1.38600E+001
   2.24558E-001   1.20600E+001   1.38600E+001
   2.24590E-001   1.20600E+001   1.38600E+001
   2.24621E-001   1.20600E+001   1.38600E+001
   2.24652E-001   1.20600E+001   1.38600E+001
   2.24684E-001   1.20600E+001   1.38600E+001
   2.24715E-001   1.20600E+001   1.38600E+001
   2.24747E-001   1.20600E+001   1.38600E+001
   2.24778E-001   1.20600E+001   1.38600E+001
   2.24809E-001   1.20600E+001   1.38600E+001
   2.24841E-001   1.20600E+001   1.38600E+001
   2.24872E-001   1.20600E+001   1.38600E+001
   2.24903E-001   1.20600E+001   1.38600E+001
   2.24935E-001   1.20600E+001   1.38600E+001
   2.24966E-001   1.20600E+001   1.38600E+001
   2.24998E-001   1.20600E+001   1.38600E+001
   2.25029E-001   1.20600E+001   1.38600E+001
   2.25060E-001   1.20600E+001   1.38600E+001
   2.25092E-001   1.20600E+001   1.38600E+001
   2.25123E-001   1.20600E+001   1.38600E+001
   2.25155E-001   1.20600E+001   1.38600E+001
   2.25186E-001   1.20600E+001   1.38600E+001
   2.25217E-001   1.20600E+001   1.38600E+001
   2.25249E-001   1.20600E+001   1.38600E+001
   2.25280E-001   1.20600E+001   1.38600E+001
   2.25312E-001   1.20600E+001   1.38600E+001
   2.25343E-001   1.20600E+001   1.38600E+001
   2.25374E-001   1.20600E+001   1.38600E+001
   2.25406E-001   1.20600E+001   1.38600E+001
   2.25437E-001   1.20600E+001   1.38600E+001
   2.25468E-001   1.20600E+001   1.38600E+001
   2.25500E-001   1.20600E+001   1.38600E+001
   2.25531E-001   1.20600E+001   1.38600E+001
   2.25563E-001   1.20600E+001   1.38600E+001
   2.25594E-001   1.20600E+001   1.38600E+001
   2.25625E-001   1.20600E+001   1.38600E+001
   2.25657E-001   1.20600E+001   1.38600E+001
   2.25688E-001   1.20600E+001   1.38600E+001
   2.25720E-001   1.20600E+001   1.38600E+001
   2.25751E-001   1.20600E+001   1.38600E+001
   2.25782E-001   1.20600E+001   1.38600E+001
   2.25814E-001   1.20600E+001   1.38600E+001
   2.25845E-001   1.20600E+001   1.38600E+001
   2.25877E-001   1.20600E+001   1.38600E+001
   2.25908E-001   1.20600E+001   1.38600E+001
   2.25939E-001   1.20600E+001   1.38600E+001
   2.25971E-001   1.20600E+001   1.38600E+001
   2.26002E-001   1.20600E+001   1.38600E+001
   2.26033E-001   1.20600E+001   1.38600E+001
   2.26065E-001   1.20600E+001   1.38600E+001
   2.26096E-001   1.20600E+001   1.38600E+001
   2.26128E-001   1.20600E+001   1.38600E+001
   2.26159E-001   1.20600E+001   1.38600E+001
   2.26190E-001   1.20600E+001   1.38600E+001
   2.26222E-001   1.20600E+001   1.38600E+001
   2.26253E-001   1.20600E+001   1.38600E+001
   2.26285E-001   1.20600E+001   1.38600E+001
   2.26316E-001   1.20600E+001   1.38600E+001
   2.26347E-001   1.20600E+001   1.38600E+001
   2.26379E-001   1.20600E+001   1.38600E+001
   2.26410E-001   1.20600E+001   1.38600E+001
   2.26442E-001   1.20600E+001   1.38600E+001
   2.26473E-001   1.20600E+001   1.38600E+001
   2.26504E-001   1.20600E+001   1.38600E+001
   2.26536E-001   1.20600E+001   1.38600E+001
   2.26567E-001   1.20600E+001   1.38600E+001
   2.26598E-001   1.20600E+001   1.38600E+001
   2.26630E-001   1.20600E+001   1.38600E+001
   2.26661E-001   1.20600E+001   1.38600E+001
   2.26693E-001   1.20600E+001   1.38600E+001
   2.26724E-001   1.20600E+001   1.38600E+001
   2.26755E-001   1.20600E+001   1.38600E+001
   2.26787E-001   1.20600E+001   1.38600E+001
   2.26818E-001   1.20600E+001   1.38600E+001
   2.26850E-001   1.20600E+001   1.38600E+001
   2.26881E-001   1.20600E+001   1.38600E+001
   2.26912E-001   1.20600E+001   1.38600E+001
   2.26944E-001   1.20600E+001   1.38600E+001
   2.26975E-001   1.20600E+001   1.38600E+001
   2.27007E-001   1.20600E+001   1.38600E+001
   2.27038E-001   1.20600E+001   1.38600E+001
   2.27069E-001   1.20600E+001   1.38600E+001
   2.27101E-001   1.20600E+001   1.38600E+001
   2.27132E-001   1.20600E+001   1.38600E+001
   2.27163E-001   1.20600E+001   1.38600E+001
   2.27195E-001   1.20600E+001   1.38600E+001
   2.27226E-001   1.20600E+001   1.38600E+001
   2.27258E-001   1.20600E+001   1.38600E+001
   2.27289E-001   1.20600E+001   1.38600E+001
   2.27320E-001   1.20600E+001   1.38600E+001
   2.27352E-001   1.22400E+001   1.38600E+001
   2.27383E-001   1.22400E+001   1.38600E+001
   2.27415E-001   1.22400E+001   1.38600E+001
   2.27446E-001   1.22400E+001   1.38600E+001
   2.27477E-001   1.22400E+001   1.38600E+001
   2.27509E-001   1.22400E+001   1.38600E+001
   2.27540E-001   1.22400E+001   1.38600E+001
   2.27572E-001   1.22400E+001   1.38600E+001
   2.27603E-001   1.22400E+001   1.38600E+001
   2.27634E-001   1.22400E+001   1.38600E+001
   2.27666E-001   1.22400E+001   1.38600E+001
   2.27697E-001   1.22400E+001   1.38600E+001
   2.27728E-001   1.22400E+001   1.38600E+001
   2.27760E-001   1.22400E+001   1.38600E+001
   2.27791E-001   1.22400E+001   1.38600E+001
   2.27823E-001   1.22400E+001   1.38600E+001
   2.27854E-001   1.22400E+001   1.38600E+001
   2.27885E-001   1.22400E+001   1.40400E+001
   2.27917E-001   1.22400E+001   1.40400E+001
   2.27948E-001   1.22400E+001   1.40400E+001
   2.27980E-001   1.22400E+001   1.40400E+001
   2.28011E-001   1.22400E+001   1.40400E+001
   2.28042E-001   1.22400E+001   1.40400E+001
   2.28074E-001   1.22400E+001   1.40400E+001
   2.28105E-001   1.22400E+001   1.40400E+001
   2.28137E-001   1.22400E+001   1.40400E+001
   2.28168E-001   1.22400E+001   1.40400E+001
   2.28199E-001   1.22400E+001   1.40400E+001
   2.28231E-001   1.22400E+001   1.40400E+001
   2.28262E-001   1.22400E+001   1.40400E+001
   2.28293E-001   1.22400E+001   1.40400E+001
   2.28325E-001   1.22400E+001   1.40400E+001
   2.28356E-001   1.22400E+001   1.40400E+001
   2.28388E-001   1.22400E+001   1.40400E+001
   2.28419E-001   1.22400E+001   1.40400E+001
   2.28450E-001   1.22400E+001   1.40400E+001
   2.28482E-001   1.22400E+001   1.40400E+001
   2.28513E-001   1.22400E+001   1.40400E+001
   2.28545E-001   1.22400E+001   1.40400E+001
   2.28576E-001   1.22400E+001   1.40400E+001
   2.28607E-001   1.22400E+001   1.40400E+001
   2.28639E-001   1.22400E+001   1.40400E+001
   2.28670E-001   1.22400E+001   1.40400E+001
   2.28702E-001   1.22400E+001   1.40400E+001
   2.28733E-001   1.22400E+001   1.40400E+001
   2.28764E-001   1.22400E+001   1.40400E+001
   2.28796E-001   1.22400E+001   1.40400E+001
   2.28827E-001   1.22400E+001   1.40400E+001
   2.28859E-001   1.22400E+001   1.40400E+001
   2.28890E-001   1.22400E+001   1.40400E+001
   2.28921E-001   1.22400E+001   1.40400E+001
   2.28953E-001   1.22400E+001   1.40400E+001
   2.28984E-001   1.22400E+001   1.40400E+001
   2.29015E-001   1.22400E+001   1.40400E+001
   2.29047E-001   1.22400E+001   1.40400E+001
   2.29078E-001   1.22400E+001   1.40400E+001
   2.29110E-001   1.22400E+001   1.40400E+001
   2.29141E-001   1.22400E+001   1.40400E+001
   2.29172E-001   1.22400E+001   1.40400E+001
   2.29204E-001   1.22400E+001   1.40400E+001
   2.29235E-001   1.22400E+001   1.40400E+001
   2.29267E-001   1.22400E+001   1.40400E+001
   2.29298E-001   1.22400E+001   1.40400E+001
   2.29329E-001   1.22400E+001   1.40400E+001
   2.29361E-001   1.22400E+001   1.40400E+001
   2.29392E-001   1.22400E+001   1.40400E+001
   2.29424E-001   1.22400E+001   1.40400E+001
   2.29455E-001   1.22400E+001   1.40400E+001
   2.29486E-001   1.22400E+001   1.40400E+001
   2.29518E-001   1.22400E+001   1.40400E+001
   2.29549E-001   1.22400E+001   1.40400E+001
   2.29580E-001   1.22400E+001   1.40400E+001
   2.29612E-001   1.22400E+001   1.40400E+001
   2.29643E-001   1.22400E+001   1.40400E+001
   2.29675E-001   1.22400E+001   1.40400E+001
   2.29706E-001   1.22400E+001   1.40400E+001
   2.29737E-001   1.22400E+001   1.40400E+001
   2.29769E-001   1.22400E+001   1.40400E+001
   2.29800E-001   1.22400E+001   1.40400E+001
   2.29832E-001   1.22400E+001   1.40400E+001
   2.29863E-001   1.22400E+001   1.40400E+001
   2.29894E-001   1.22400E+001   1.40400E+001
   2.29926E-001   1.22400E+001   1.40400E+001
   2.29957E-001   1.22400E+001   1.40400E+001
   2.29989E-001   1.22400E+001   1.40400E+001
   2.30020E-001   1.22400E+001   1.40400E+001
   2.30051E-001   1.22400E+001   1.40400E+001
   2.30083E-001   1.22400E+001   1.40400E+001
   2.30114E-001   1.22400E+001   1.40400E+001
   2.30145E-001   1.22400E+001   1.40400E+001
   2.30177E-001   1.22400E+001   1.40400E+001
   2.30208E-001   1.22400E+001   1.40400E+001
   2.30240E-001   1.22400E+001   1.40400E+001
   2.30271E-001   1.22400E+001   1.40400E+001
   2.30302E-001   1.22400E+001   1.40400E+001
   2.30334E-001   1.22400E+001   1.40400E+001
   2.30365E-001   1.22400E+001   1.40400E+001
   2.30397E-001   1.22400E+001   1.40400E+001
   2.30428E-001   1.22400E+001   1.40400E+001
   2.30459E-001   1.22400E+001   1.40400E+001
   2.30491E-001   1.22400E+001   1.40400E+001
   2.30522E-001   1.22400E+001   1.40400E+001
   2.30554E-001   1.22400E+001   1.40400E+001
   2.30585E-001   1.22400E+001   1.40400E+001
   2.30616E-001   1.22400E+001   1.40400E+001
   2.30648E-001   1.22400E+001   1.40400E+001
   2.30679E-001   1.22400E+001   1.40400E+001
   2.30710E-001   1.22400E+001   1.40400E+001
   2.30742E-001   1.22400E+001   1.40400E+001
   2.30773E-001   1.22400E+001   1.40400E+001
   2.30805E-001   1.22400E+001   1.40400E+001
   2.30836E-001   1.22400E+001   1.40400E+001
   2.30867E-001   1.22400E+001   1.40400E+001
   2.30899E-001   1.22400E+001   1.40400E+001
   2.30930E-001   1.22400E+001   1.40400E+001
   2.30962E-001   1.22400E+001   1.40400E+001
   2.30993E-001   1.22400E+001   1.40400E+001
   2.31024E-001   1.22400E+001   1.40400E+001
   2.31056E-001   1.22400E+001   1.40400E+001
   2.31087E-001   1.22400E+001   1.40400E+001
   2.31119E-001   1.22400E+001   1.40400E+001
   2.31150E-001   1.22400E+001   1.40400E+001
   2.31181E-001   1.22400E+001   1.40400E+001
   2.31213E-001   1.22400E+001   1.40400E+001
   2.31244E-001   1.22400E+001   1.40400E+001
   2.31275E-001   1.22400E+001   1.40400E+001
   2.31307E-001   1.22400E+001   1.40400E+001
   2.31338E-001   1.22400E+001   1.40400E+001
   2.31370E-001   1.22400E+001   1.40400E+001
   2.31401E-001   1.22400E+001   1.40400E+001
   2.31432E-001   1.22400E+001   1.40400E+001
   2.31464E-001   1.22400E+001   1.40400E+001
   2.31495E-001   1.22400E+001   1.40400E+001
   2.31527E-001   1.22400E+001   1.40400E+001
   2.31558E-001   1.22400E+001   1.40400E+001
   2.31589E-001   1.22400E+001   1.40400E+001
   2.31621E-001   1.22400E+001   1.40400E+001
   2.31652E-001   1.22400E+001   1.40400E+001
   2.31684E-001   1.22400E+001   1.40400E+001
   2.31715E-001   1.22400E+001   1.40400E+001
   2.31746E-001   1.22400E+001   1.40400E+001
   2.31778E-001   1.22400E+001   1.40400E+001
   2.31809E-001   1.22400E+001   1.40400E+001
   2.31840E-001   1.22400E+001   1.40400E+001
   2.31872E-001   1.22400E+001   1.40400E+001
   2.31903E-001   1.22400E+001   1.40400E+001
   2.31935E-001   1.22400E+001   1.40400E+001
   2.31966E-001   1.22400E+001   1.40400E+001
   2.31997E-001   1.22400E+001   1.40400E+001
   2.32029E-001   1.22400E+001   1.40400E+001
   2.32060E-001   1.22400E+001   1.40400E+001
   2.32092E-001   1.22400E+001   1.40400E+001
   2.32123E-001   1.22400E+001   1.40400E+001
   2.32154E-001   1.22400E+001   1.40400E+001
   2.32186E-001   1.22400E+001   1.40400E+001
   2.32217E-001   1.22400E+001   1.40400E+001
   2.32249E-001   1.22400E+001   1.40400E+001
   2.32280E-001   1.22400E+001   1.40400E+001
   2.32311E-001   1.22400E+001   1.40400E+001
   2.32343E-001   1.22400E+001   1.40400E+001
   2.32374E-001   1.22400E+001   1.40400E+001
   2.32405E-001   1.22400E+001   1.40400E+001
   2.32437E-001   1.22400E+001   1.40400E+001
   2.32468E-001   1.22400E+001   1.40400E+001
   2.32500E-001   1.22400E+001   1.40400E+001
   2.32531E-001   1.22400E+001   1.40400E+001
   2.32562E-001   1.22400E+001   1.40400E+001
   2.32594E-001   1.22400E+001   1.40400E+001
   2.32625E-001   1.22400E+001   1.40400E+001
   2.32657E-001   1.22400E+001   1.40400E+001
   2.32688E-001   1.22400E+001   1.40400E+001
   2.32719E-001   1.22400E+001   1.40400E+001
   2.32751E-001   1.22400E+001   1.40400E+001
   2.32782E-001   1.22400E+001   1.40400E+001
   2.32814E-001   1.22400E+001   1.40400E+001
   2.32845E-001   1.22400E+001   1.40400E+001
   2.32876E-001   1.22400E+001   1.40400E+001
   2.32908E-001   1.22400E+001   1.40400E+001
   2.32939E-001   1.22400E+001   1.40400E+001
   2.32970E-001   1.22400E+001   1.40400E+001
   2.33002E-001   1.22400E+001   1.40400E+001
   2.33033E-001   1.22400E+001   1.40400E+001
   2.33065E-001   1.22400E+001   1.40400E+001
   2.33096E-001   1.22400E+001   1.40400E+001
   2.33127E-001   1.22400E+001   1.40400E+001
   2.33159E-001   1.22400E+001   1.40400E+001
   2.33190E-001   1.22400E+001   1.40400E+001
   2.33222E-001   1.22400E+001   1.40400E+001
   2.33253E-001   1.22400E+001   1.40400E+001
   2.33284E-001   1.22400E+001   1.40400E+001
   2.33316E-001   1.22400E+001   1.40400E+001
   2.33347E-001   1.22400E+001   1.40400E+001
   2.33379E-001   1.22400E+001   1.40400E+001
   2.33410E-001   1.22400E+001   1.40400E+001
   2.33441E-001   1.22400E+001   1.40400E+001
   2.33473E-001   1.22400E+001   1.40400E+001
   2.33504E-001   1.22400E+001   1.40400E+001
   2.33535E-001   1.22400E+001   1.40400E+001
   2.33567E-001   1.22400E+001   1.40400E+001
   2.33598E-001   1.22400E+001   1.40400E+001
   2.33630E-001   1.22400E+001   1.40400E+001
   2.33661E-001   1.22400E+001   1.40400E+001
   2.33692E-001   1.22400E+001   1.40400E+001
   2.33724E-001   1.22400E+001   1.40400E+001
   2.33755E-001   1.22400E+001   1.40400E+001
   2.33787E-001   1.22400E+001   1.40400E+001
   2.33818E-001   1.22400E+001   1.42200E+001
   2.33849E-001   1.22400E+001   1.42200E+001
   2.33881E-001   1.22400E+001   1.42200E+001
   2.33912E-001   1.22400E+001   1.42200E+001
   2.33944E-001   1.22400E+001   1.42200E+001
   2.33975E-001   1.22400E+001   1.42200E+001
   2.34006E-001   1.22400E+001   1.42200E+001
   2.34038E-001   1.22400E+001   1.42200E+001
   2.34069E-001   1.22400E+001   1.42200E+001
   2.34100E-001   1.22400E+001   1.42200E+001
   2.34132E-001   1.22400E+001   1.42200E+001
   2.34163E-001   1.22400E+001   1.42200E+001
   2.34195E-001   1.22400E+001   1.42200E+001
   2.34226E-001   1.22400E+001   1.42200E+001
   2.34257E-001   1.22400E+001   1.42200E+001
   2.34289E-001   1.22400E+001   1.42200E+001
   2.34320E-001   1.22400E+001   1.42200E+001
   2.34352E-001   1.22400E+001   1.42200E+001
   2.34383E-001   1.22400E+001   1.42200E+001
   2.34414E-001   1.22400E+001   1.42200E+001
   2.34446E-001   1.22400E+001   1.42200E+001
   2.34477E-001   1.22400E+001   1.42200E+001
   2.34509E-001   1.22400E+001   1.42200E+001
   2.34540E-001   1.22400E+001   1.42200E+001
   2.34571E-001   1.22400E+001   1.42200E+001
   2.34603E-001   1.22400E+001   1.42200E+001
   2.34634E-001   1.22400E+001   1.42200E+001
   2.34666E-001   1.22400E+001   1.42200E+001
   2.34697E-001   1.22400E+001   1.42200E+001
   2.34728E-001   1.22400E+001   1.42200E+001
   2.34760E-001   1.22400E+001   1.42200E+001
   2.34791E-001   1.22400E+001   1.42200E+001
   2.34822E-001   1.22400E+001   1.42200E+001
   2.34854E-001   1.22400E+001   1.42200E+001
   2.34885E-001   1.24200E+001   1.42200E+001
   2.34917E-001   1.24200E+001   1.42200E+001
   2.34948E-001   1.24200E+001   1.42200E+001
   2.34979E-001   1.24200E+001   1.42200E+001
   2.35011E-001   1.24200E+001   1.42200E+001
   2.35042E-001   1.24200E+001   1.42200E+001
   2.35074E-001   1.24200E+001   1.42200E+001
   2.35105E-001   1.24200E+001   1.42200E+001
   2.35136E-001   1.24200E+001   1.42200E+001
   2.35168E-001   1.24200E+001   1.42200E+001
   2.35199E-001   1.24200E+001   1.42200E+001
   2.35231E-001   1.24200E+001   1.42200E+001
   2.35262E-001   1.24200E+001   1.42200E+001
   2.35293E-001   1.24200E+001   1.42200E+001
   2.35325E-001   1.24200E+001   1.42200E+001
   2.35356E-001   1.24200E+001   1.42200E+001
   2.35387E-001   1.24200E+001   1.42200E+001
   2.35419E-001   1.24200E+001   1.42200E+001
   2.35450E-001   1.24200E+001   1.42200E+001
   2.35482E-001   1.24200E+001   1.42200E+001
   2.35513E-001   1.24200E+001   1.42200E+001
   2.35544E-001   1.24200E+001   1.42200E+001
   2.35576E-001   1.24200E+001   1.42200E+001
   2.35607E-001   1.24200E+001   1.42200E+001
   2.35639E-001   1.24200E+001   1.42200E+001
   2.35670E-001   1.24200E+001   1.42200E+001
   2.35701E-001   1.24200E+001   1.42200E+001
   2.35733E-001   1.24200E+001   1.42200E+001
   2.35764E-001   1.24200E+001   1.42200E+001
   2.35796E-001   1.24200E+001   1.42200E+001
   2.35827E-001   1.24200E+001   1.42200E+001
   2.35858E-001   1.24200E+001   1.42200E+001
   2.35890E-001   1.24200E+001   1.42200E+001
   2.35921E-001   1.24200E+001   1.42200E+001
   2.35952E-001   1.24200E+001   1.42200E+001
   2.35984E-001   1.24200E+001   1.42200E+001
   2.36015E-001   1.24200E+001   1.42200E+001
   2.36047E-001   1.24200E+001   1.42200E+001
   2.36078E-001   1.24200E+001   1.42200E+001
   2.36109E-001   1.24200E+001   1.42200E+001
   2.36141E-001   1.24200E+001   1.42200E+001
   2.36172E-001   1.24200E+001   1.42200E+001
   2.36204E-001   1.24200E+001   1.42200E+001
   2.36235E-001   1.24200E+001   1.42200E+001
   2.36266E-001   1.24200E+001   1.42200E+001
   2.36298E-001   1.24200E+001   1.42200E+001
   2.36329E-001   1.24200E+001   1.42200E+001
   2.36361E-001   1.24200E+001   1.42200E+001
   2.36392E-001   1.24200E+001   1.42200E+001
   2.36423E-001   1.24200E+001   1.42200E+001
   2.36455E-001   1.24200E+001   1.42200E+001
   2.36486E-001   1.24200E+001   1.42200E+001
   2.36517E-001   1.24200E+001   1.42200E+001
   2.36549E-001   1.24200E+001   1.42200E+001
   2.36580E-001   1.24200E+001   1.42200E+001
   2.36612E-001   1.24200E+001   1.42200E+001
   2.36643E-001   1.24200E+001   1.42200E+001
   2.36674E-001   1.24200E+001   1.42200E+001
   2.36706E-001   1.24200E+001   1.42200E+001
   2.36737E-001   1.24200E+001   1.42200E+001
   2.36769E-001   1.24200E+001   1.42200E+001
   2.36800E-001   1.24200E+001   1.42200E+001
   2.36831E-001   1.24200E+001   1.42200E+001
   2.36863E-001   1.24200E+001   1.42200E+001
   2.36894E-001   1.24200E+001   1.42200E+001
   2.36926E-001   1.24200E+001   1.42200E+001
   2.36957E-001   1.24200E+001   1.42200E+001
   2.36988E-001   1.24200E+001   1.42200E+001
   2.37020E-001   1.24200E+001   1.42200E+001
   2.37051E-001   1.24200E+001   1.42200E+001
   2.37082E-001   1.24200E+001   1.42200E+001
   2.37114E-001   1.24200E+001   1.42200E+001
   2.37145E-001   1.24200E+001   1.42200E+001
   2.37177E-001   1.24200E+001   1.42200E+001
   2.37208E-001   1.24200E+001   1.42200E+001
   2.37239E-001   1.24200E+001   1.42200E+001
   2.37271E-001   1.24200E+001   1.42200E+001
   2.37302E-001   1.24200E+001   1.42200E+001
   2.37334E-001   1.24200E+001   1.42200E+001
   2.37365E-001   1.24200E+001   1.42200E+001
   2.37396E-001   1.24200E+001   1.42200E+001
   2.37428E-001   1.24200E+001   1.42200E+001
   2.37459E-001   1.24200E+001   1.42200E+001
   2.37491E-001   1.24200E+001   1.42200E+001
   2.37522E-001   1.24200E+001   1.42200E+001
   2.37553E-001   1.24200E+001   1.42200E+001
   2.37585E-001   1.24200E+001   1.42200E+001
   2.37616E-001   1.24200E+001   1.42200E+001
   2.37647E-001   1.24200E+001   1.42200E+001
   2.37679E-001   1.24200E+001   1.42200E+001
   2.37710E-001   1.24200E+001   1.42200E+001
   2.37742E-001   1.24200E+001   1.42200E+001
   2.37773E-001   1.24200E+001   1.42200E+001
   2.37804E-001   1.24200E+001   1.42200E+001
   2.37836E-001   1.24200E+001   1.42200E+001
   2.37867E-001   1.24200E+001   1.42200E+001
   2.37899E-001   1.24200E+001   1.42200E+001
   2.37930E-001   1.24200E+001   1.42200E+001
   2.37961E-001   1.24200E+001   1.42200E+001
   2.37993E-001   1.24200E+001   1.42200E+001
   2.38024E-001   1.24200E+001   1.42200E+001
   2.38056E-001   1.24200E+001   1.42200E+001
   2.38087E-001   1.24200E+001   1.42200E+001
   2.38118E-001   1.24200E+001   1.42200E+001
   2.38150E-001   1.24200E+001   1.42200E+001
   2.38181E-001   1.24200E+001   1.42200E+001
   2.38212E-001   1.24200E+001   1.42200E+001
   2.38244E-001   1.24200E+001   1.42200E+001
   2.38275E-001   1.24200E+001   1.42200E+001
   2.38307E-001   1.24200E+001   1.42200E+001
   2.38338E-001   1.24200E+001   1.42200E+001
   2.38369E-001   1.24200E+001   1.42200E+001
   2.38401E-001   1.24200E+001   1.42200E+001
   2.38432E-001   1.24200E+001   1.42200E+001
   2.38464E-001   1.24200E+001   1.42200E+001
   2.38495E-001   1.24200E+001   1.42200E+001
   2.38526E-001   1.24200E+001   1.42200E+001
   2.38558E-001   1.24200E+001   1.42200E+001
   2.38589E-001   1.24200E+001   1.42200E+001
   2.38621E-001   1.24200E+001   1.42200E+001
   2.38652E-001   1.24200E+001   1.42200E+001
   2.38683E-001   1.24200E+001   1.42200E+001
   2.38715E-001   1.24200E+001   1.42200E+001
   2.38746E-001   1.24200E+001   1.42200E+001
   2.38777E-001   1.24200E+001   1.42200E+001
   2.38809E-001   1.24200E+001   1.42200E+001
   2.38840E-001   1.24200E+001   1.42200E+001
   2.38872E-001   1.24200E+001   1.42200E+001
   2.38903E-001   1.24200E+001   1.42200E+001
   2.38934E-001   1.24200E+001   1.42200E+001
   2.38966E-001   1.24200E+001   1.42200E+001
   2.38997E-001   1.24200E+001   1.42200E+001
   2.39029E-001   1.24200E+001   1.42200E+001
   2.39060E-001   1.24200E+001   1.42200E+001
   2.39091E-001   1.24200E+001   1.42200E+001
   2.39123E-001   1.24200E+001   1.42200E+001
   2.39154E-001   1.24200E+001   1.42200E+001
   2.39186E-001   1.24200E+001   1.42200E+001
   2.39217E-001   1.24200E+001   1.42200E+001
   2.39248E-001   1.24200E+001   1.42200E+001
   2.39280E-001   1.24200E+001   1.42200E+001
   2.39311E-001   1.24200E+001   1.42200E+001
   2.39342E-001   1.24200E+001   1.42200E+001
   2.39374E-001   1.24200E+001   1.42200E+001
   2.39405E-001   1.24200E+001   1.42200E+001
   2.39437E-001   1.24200E+001   1.42200E+001
   2.39468E-001   1.24200E+001   1.42200E+001
   2.39499E-001   1.24200E+001   1.42200E+001
   2.39531E-001   1.24200E+001   1.42200E+001
   2.39562E-001   1.24200E+001   1.42200E+001
   2.39594E-001   1.24200E+001   1.42200E+001
   2.39625E-001   1.24200E+001   1.42200E+001
   2.39656E-001   1.24200E+001   1.42200E+001
   2.39688E-001   1.24200E+001   1.42200E+001
   2.39719E-001   1.24200E+001   1.42200E+001
   2.39751E-001   1.24200E+001   1.42200E+001
   2.39782E-001   1.24200E+001   1.42200E+001
   2.39813E-001   1.24200E+001   1.44000E+001
   2.39845E-001   1.24200E+001   1.44000E+001
   2.39876E-001   1.24200E+001   1.44000E+001
   2.39907E-001   1.24200E+001   1.44000E+001
   2.39939E-001   1.24200E+001   1.44000E+001
   2.39970E-001   1.24200E+001   1.44000E+001
   2.40002E-001   1.24200E+001   1.44000E+001
   2.40033E-001   1.24200E+001   1.44000E+001
   2.40064E-001   1.24200E+001   1.44000E+001
   2.40096E-001   1.24200E+001   1.44000E+001
   2.40127E-001   1.24200E+001   1.44000E+001
   2.40159E-001   1.24200E+001   1.44000E+001
   2.40190E-001   1.24200E+001   1.44000E+001
   2.40221E-001   1.24200E+001   1.44000E+001
   2.40253E-001   1.24200E+001   1.44000E+001
   2.40284E-001   1.24200E+001   1.44000E+001
   2.40316E-001   1.24200E+001   1.44000E+001
   2.40347E-001   1.24200E+001   1.44000E+001
   2.40378E-001   1.24200E+001   1.44000E+001
   2.40410E-001   1.24200E+001   1.44000E+001
   2.40441E-001   1.24200E+001   1.44000E+001
   2.40473E-001   1.24200E+001   1.44000E+001
   2.40504E-001   1.24200E+001   1.44000E+001
   2.40535E-001   1.24200E+001   1.44000E+001
   2.40567E-001   1.24200E+001   1.44000E+001
   2.40598E-001   1.24200E+001   1.44000E+001
   2.40629E-001   1.24200E+001   1.44000E+001
   2.40661E-001   1.24200E+001   1.44000E+001
   2.40692E-001   1.24200E+001   1.44000E+001
   2.40724E-001   1.24200E+001   1.44000E+001
   2.40755E-001   1.24200E+001   1.44000E+001
   2.40786E-001   1.24200E+001   1.44000E+001
   2.40818E-001   1.24200E+001   1.44000E+001
   2.40849E-001   1.24200E+001   1.44000E+001
   2.40881E-001   1.24200E+001   1.44000E+001
   2.40912E-001   1.24200E+001   1.44000E+001
   2.40943E-001   1.24200E+001   1.44000E+001
   2.40975E-001   1.24200E+001   1.44000E+001
   2.41006E-001   1.24200E+001   1.44000E+001
   2.41038E-001   1.24200E+001   1.44000E+001
   2.41069E-001   1.24200E+001   1.44000E+001
   2.41100E-001   1.24200E+001   1.44000E+001
   2.41132E-001   1.24200E+001   1.44000E+001
   2.41163E-001   1.24200E+001   1.44000E+001
   2.41194E-001   1.24200E+001   1.44000E+001
   2.41226E-001   1.24200E+001   1.44000E+001
   2.41257E-001   1.24200E+001   1.44000E+001
   2.41289E-001   1.24200E+001   1.44000E+001
   2.41320E-001   1.24200E+001   1.44000E+001
   2.41351E-001   1.24200E+001   1.44000E+001
   2.41383E-001   1.24200E+001   1.44000E+001
   2.41414E-001   1.24200E+001   1.44000E+001
   2.41446E-001   1.24200E+001   1.44000E+001
   2.41477E-001   1.24200E+001   1.44000E+001
   2.41508E-001   1.24200E+001   1.44000E+001
   2.41540E-001   1.24200E+001   1.44000E+001
   2.41571E-001   1.24200E+001   1.44000E+001
   2.41603E-001   1.24200E+001   1.44000E+001
   2.41634E-001   1.24200E+001   1.44000E+001
   2.41665E-001   1.24200E+001   1.44000E+001
   2.41697E-001   1.24200E+001   1.44000E+001
   2.41728E-001   1.24200E+001   1.44000E+001
   2.41759E-001   1.24200E+001   1.44000E+001
   2.41791E-001   1.24200E+001   1.44000E+001
   2.41822E-001   1.24200E+001   1.44000E+001
   2.41854E-001   1.24200E+001   1.44000E+001
   2.41885E-001   1.24200E+001   1.44000E+001
   2.41916E-001   1.24200E+001   1.44000E+001
   2.41948E-001   1.24200E+001   1.44000E+001
   2.41979E-001   1.24200E+001   1.44000E+001
   2.42011E-001   1.24200E+001   1.44000E+001
   2.42042E-001   1.24200E+001   1.44000E+001
   2.42073E-001   1.24200E+001   1.44000E+001
   2.42105E-001   1.24200E+001   1.44000E+001
   2.42136E-001   1.24200E+001   1.44000E+001
   2.42168E-001   1.24200E+001   1.44000E+001
   2.42199E-001   1.24200E+001   1.44000E+001
   2.42230E-001   1.24200E+001   1.44000E+001
   2.42262E-001   1.24200E+001   1.44000E+001
   2.42293E-001   1.24200E+001   1.44000E+001
   2.42324E-001   1.24200E+001   1.44000E+001
   2.42356E-001   1.24200E+001   1.44000E+001
   2.42387E-001   1.24200E+001   1.44000E+001
   2.42419E-001   1.24200E+001   1.44000E+001
   2.42450E-001   1.24200E+001   1.44000E+001
   2.42481E-001   1.24200E+001   1.44000E+001
   2.42513E-001   1.24200E+001   1.44000E+001
   2.42544E-001   1.24200E+001   1.44000E+001
   2.42576E-001   1.24200E+001   1.44000E+001
   2.42607E-001   1.24200E+001   1.44000E+001
   2.42638E-001   1.26000E+001   1.44000E+001
   2.42670E-001   1.26000E+001   1.44000E+001
   2.42701E-001   1.26000E+001   1.44000E+001
   2.42733E-001   1.26000E+001   1.44000E+001
   2.42764E-001   1.26000E+001   1.44000E+001
   2.42795E-001   1.26000E+001   1.44000E+001
   2.42827E-001   1.26000E+001   1.44000E+001
   2.42858E-001   1.26000E+001   1.44000E+001
   2.42889E-001   1.26000E+001   1.44000E+001
   2.42921E-001   1.26000E+001   1.44000E+001
   2.42952E-001   1.26000E+001   1.44000E+001
   2.42984E-001   1.26000E+001   1.44000E+001
   2.43015E-001   1.26000E+001   1.44000E+001
   2.43046E-001   1.26000E+001   1.44000E+001
   2.43078E-001   1.26000E+001   1.44000E+001
   2.43109E-001   1.26000E+001   1.44000E+001
   2.43141E-001   1.26000E+001   1.44000E+001
   2.43172E-001   1.26000E+001   1.44000E+001
   2.43203E-001   1.26000E+001   1.44000E+001
   2.43235E-001   1.26000E+001   1.44000E+001
   2.43266E-001   1.26000E+001   1.44000E+001
   2.43298E-001   1.26000E+001   1.44000E+001
   2.43329E-001   1.26000E+001   1.44000E+001
   2.43360E-001   1.26000E+001   1.44000E+001
   2.43392E-001   1.26000E+001   1.44000E+001
   2.43423E-001   1.26000E+001   1.44000E+001
   2.43454E-001   1.26000E+001   1.44000E+001
   2.43486E-001   1.26000E+001   1.44000E+001
   2.43517E-001   1.26000E+001   1.44000E+001
   2.43549E-001   1.26000E+001   1.44000E+001
   2.43580E-001   1.26000E+001   1.44000E+001
   2.43611E-001   1.26000E+001   1.44000E+001
   2.43643E-001   1.26000E+001   1.44000E+001
   2.43674E-001   1.26000E+001   1.44000E+001
   2.43706E-001   1.26000E+001   1.44000E+001
   2.43737E-001   1.26000E+001   1.44000E+001
   2.43768E-001   1.26000E+001   1.44000E+001
   2.43800E-001   1.26000E+001   1.44000E+001
   2.43831E-001   1.26000E+001   1.44000E+001
   2.43863E-001   1.26000E+001   1.44000E+001
   2.43894E-001   1.26000E+001   1.44000E+001
   2.43925E-001   1.26000E+001   1.44000E+001
   2.43957E-001   1.26000E+001   1.44000E+001
   2.43988E-001   1.26000E+001   1.44000E+001
   2.44019E-001   1.26000E+001   1.44000E+001
   2.44051E-001   1.26000E+001   1.44000E+001
   2.44082E-001   1.26000E+001   1.44000E+001
   2.44114E-001   1.26000E+001   1.44000E+001
   2.44145E-001   1.26000E+001   1.44000E+001
   2.44176E-001   1.26000E+001   1.44000E+001
   2.44208E-001   1.26000E+001   1.44000E+001
   2.44239E-001   1.26000E+001   1.44000E+001
   2.44271E-001   1.26000E+001   1.44000E+001
   2.44302E-001   1.26000E+001   1.44000E+001
   2.44333E-001   1.26000E+001   1.44000E+001
   2.44365E-001   1.26000E+001   1.44000E+001
   2.44396E-001   1.26000E+001   1.44000E+001
   2.44428E-001   1.26000E+001   1.44000E+001
   2.44459E-001   1.26000E+001   1.44000E+001
   2.44490E-001   1.26000E+001   1.44000E+001
   2.44522E-001   1.26000E+001   1.44000E+001
   2.44553E-001   1.26000E+001   1.44000E+001
   2.44584E-001   1.26000E+001   1.44000E+001
   2.44616E-001   1.26000E+001   1.44000E+001
   2.44647E-001   1.26000E+001   1.44000E+001
   2.44679E-001   1.26000E+001   1.44000E+001
   2.44710E-001   1.26000E+001   1.44000E+001
   2.44741E-001   1.26000E+001   1.44000E+001
   2.44773E-001   1.26000E+001   1.44000E+001
   2.44804E-001   1.26000E+001   1.44000E+001
   2.44836E-001   1.26000E+001   1.44000E+001
   2.44867E-001   1.26000E+001   1.44000E+001
   2.44898E-001   1.26000E+001   1.44000E+001
   2.44930E-001   1.26000E+001   1.44000E+001
   2.44961E-001   1.26000E+001   1.44000E+001
   2.44993E-001   1.26000E+001   1.44000E+001
   2.45024E-001   1.26000E+001   1.44000E+001
   2.45055E-001   1.26000E+001   1.44000E+001
   2.45087E-001   1.26000E+001   1.44000E+001
   2.45118E-001   1.26000E+001   1.44000E+001
   2.45149E-001   1.26000E+001   1.44000E+001
   2.45181E-001   1.26000E+001   1.44000E+001
   2.45212E-001   1.26000E+001   1.44000E+001
   2.45244E-001   1.26000E+001   1.44000E+001
   2.45275E-001   1.26000E+001   1.44000E+001
   2.45306E-001   1.26000E+001   1.44000E+001
   2.45338E-001   1.26000E+001   1.44000E+001
   2.45369E-001   1.26000E+001   1.44000E+001
   2.45401E-001   1.26000E+001   1.44000E+001
   2.45432E-001   1.26000E+001   1.44000E+001
   2.45463E-001   1.26000E+001   1.44000E+001
   2.45495E-001   1.26000E+001   1.44000E+001
   2.45526E-001   1.26000E+001   1.44000E+001
   2.45558E-001   1.26000E+001   1.44000E+001
   2.45589E-001   1.26000E+001   1.44000E+001
   2.45620E-001   1.26000E+001   1.44000E+001
   2.45652E-001   1.26000E+001   1.44000E+001
   2.45683E-001   1.26000E+001   1.44000E+001
   2.45714E-001   1.26000E+001   1.44000E+001
   2.45746E-001   1.26000E+001   1.44000E+001
   2.45777E-001   1.26000E+001   1.44000E+001
   2.45809E-001   1.26000E+001   1.44000E+001
   2.45840E-001   1.26000E+001   1.44000E+001
   2.45871E-001   1.26000E+001   1.44000E+001
   2.45903E-001   1.26000E+001   1.45800E+001
   2.45934E-001   1.26000E+001   1.45800E+001
   2.45966E-001   1.26000E+001   1.45800E+001
   2.45997E-001   1.26000E+001   1.45800E+001
   2.46028E-001   1.26000E+001   1.45800E+001
   2.46060E-001   1.26000E+001   1.45800E+001
   2.46091E-001   1.26000E+001   1.45800E+001
   2.46123E-001   1.26000E+001   1.45800E+001
   2.46154E-001   1.26000E+001   1.45800E+001
   2.46185E-001   1.26000E+001   1.45800E+001
   2.46217E-001   1.26000E+001   1.45800E+001
   2.46248E-001   1.26000E+001   1.45800E+001
   2.46279E-001   1.26000E+001   1.45800E+001
   2.46311E-001   1.26000E+001   1.45800E+001
   2.46342E-001   1.26000E+001   1.45800E+001
   2.46374E-001   1.26000E+001   1.45800E+001
   2.46405E-001   1.26000E+001   1.45800E+001
   2.46436E-001   1.26000E+001   1.45800E+001
   2.46468E-001   1.26000E+001   1.45800E+001
   2.46499E-001   1.26000E+001   1.45800E+001
   2.46531E-001   1.26000E+001   1.45800E+001
   2.46562E-001   1.26000E+001   1.45800E+001
   2.46593E-001   1.26000E+001   1.45800E+001
   2.46625E-001   1.26000E+001   1.45800E+001
   2.46656E-001   1.26000E+001   1.45800E+001
   2.46688E-001   1.26000E+001   1.45800E+001
   2.46719E-001   1.26000E+001   1.45800E+001
   2.46750E-001   1.26000E+001   1.45800E+001
   2.46782E-001   1.26000E+001   1.45800E+001
   2.46813E-001   1.26000E+001   1.45800E+001
   2.46845E-001   1.26000E+001   1.45800E+001
   2.46876E-001   1.26000E+001   1.45800E+001
   2.46907E-001   1.26000E+001   1.45800E+001
   2.46939E-001   1.26000E+001   1.45800E+001
   2.46970E-001   1.26000E+001   1.45800E+001
   2.47001E-001   1.26000E+001   1.45800E+001
   2.47033E-001   1.26000E+001   1.45800E+001
   2.47064E-001   1.26000E+001   1.45800E+001
   2.47096E-001   1.26000E+001   1.45800E+001
   2.47127E-001   1.26000E+001   1.45800E+001
   2.47158E-001   1.26000E+001   1.45800E+001
   2.47190E-001   1.26000E+001   1.45800E+001
   2.47221E-001   1.26000E+001   1.45800E+001
   2.47253E-001   1.26000E+001   1.45800E+001
   2.47284E-001   1.26000E+001   1.45800E+001
   2.47315E-001   1.26000E+001   1.45800E+001
   2.47347E-001   1.26000E+001   1.45800E+001
   2.47378E-001   1.26000E+001   1.45800E+001
   2.47410E-001   1.26000E+001   1.45800E+001
   2.47441E-001   1.26000E+001   1.45800E+001
   2.47472E-001   1.26000E+001   1.45800E+001
   2.47504E-001   1.26000E+001   1.45800E+001
   2.47535E-001   1.26000E+001   1.45800E+001
   2.47566E-001   1.26000E+001   1.45800E+001
   2.47598E-001   1.26000E+001   1.45800E+001
   2.47629E-001   1.26000E+001   1.45800E+001
   2.47661E-001   1.26000E+001   1.45800E+001
   2.47692E-001   1.26000E+001   1.45800E+001
   2.47723E-001   1.26000E+001   1.45800E+001
   2.47755E-001   1.26000E+001   1.45800E+001
   2.47786E-001   1.26000E+001   1.45800E+001
   2.47818E-001   1.26000E+001   1.45800E+001
   2.47849E-001   1.26000E+001   1.45800E+001
   2.47880E-001   1.26000E+001   1.45800E+001
   2.47912E-001   1.26000E+001   1.45800E+001
   2.47943E-001   1.26000E+001   1.45800E+001
   2.47975E-001   1.26000E+001   1.45800E+001
   2.48006E-001   1.26000E+001   1.45800E+001
   2.48037E-001   1.26000E+001   1.45800E+001
   2.48069E-001   1.26000E+001   1.45800E+001
   2.48100E-001   1.26000E+001   1.45800E+001
   2.48131E-001   1.26000E+001   1.45800E+001
   2.48163E-001   1.26000E+001   1.45800E+001
   2.48194E-001   1.26000E+001   1.45800E+001
   2.48226E-001   1.26000E+001   1.45800E+001
   2.48257E-001   1.26000E+001   1.45800E+001
   2.48288E-001   1.26000E+001   1.45800E+001
   2.48320E-001   1.26000E+001   1.45800E+001
   2.48351E-001   1.26000E+001   1.45800E+001
   2.48383E-001   1.26000E+001   1.45800E+001
   2.48414E-001   1.26000E+001   1.45800E+001
   2.48445E-001   1.26000E+001   1.45800E+001
   2.48477E-001   1.26000E+001   1.45800E+001
   2.48508E-001   1.26000E+001   1.45800E+001
   2.48540E-001   1.26000E+001   1.45800E+001
   2.48571E-001   1.26000E+001   1.45800E+001
   2.48602E-001   1.26000E+001   1.45800E+001
   2.48634E-001   1.26000E+001   1.45800E+001
   2.48665E-001   1.26000E+001   1.45800E+001
   2.48696E-001   1.26000E+001   1.45800E+001
   2.48728E-001   1.26000E+001   1.45800E+001
   2.48759E-001   1.26000E+001   1.45800E+001
   2.48791E-001   1.26000E+001   1.45800E+001
   2.48822E-001   1.26000E+001   1.45800E+001
   2.48853E-001   1.26000E+001   1.45800E+001
   2.48885E-001   1.26000E+001   1.45800E+001
   2.48916E-001   1.26000E+001   1.45800E+001
   2.48948E-001   1.26000E+001   1.45800E+001
   2.48979E-001   1.26000E+001   1.45800E+001
   2.49010E-001   1.26000E+001   1.45800E+001
   2.49042E-001   1.26000E+001   1.45800E+001
   2.49073E-001   1.26000E+001   1.45800E+001
   2.49105E-001   1.26000E+001   1.45800E+001
   2.49136E-001   1.26000E+001   1.45800E+001
   2.49167E-001   1.26000E+001   1.45800E+001
   2.49199E-001   1.26000E+001   1.45800E+001
   2.49230E-001   1.26000E+001   1.45800E+001
   2.49261E-001   1.26000E+001   1.45800E+001
   2.49293E-001   1.26000E+001   1.45800E+001
   2.49324E-001   1.26000E+001   1.45800E+001
   2.49356E-001   1.26000E+001   1.45800E+001
   2.49387E-001   1.26000E+001   1.45800E+001
   2.49418E-001   1.26000E+001   1.45800E+001
   2.49450E-001   1.26000E+001   1.45800E+001
   2.49481E-001   1.26000E+001   1.45800E+001
   2.49513E-001   1.26000E+001   1.45800E+001
   2.49544E-001   1.26000E+001   1.45800E+001
   2.49575E-001   1.26000E+001   1.45800E+001
   2.49607E-001   1.26000E+001   1.45800E+001
   2.49638E-001   1.26000E+001   1.45800E+001
   2.49670E-001   1.26000E+001   1.45800E+001
   2.49701E-001   1.26000E+001   1.45800E+001
   2.49732E-001   1.26000E+001   1.45800E+001
   2.49764E-001   1.26000E+001   1.45800E+001
   2.49795E-001   1.26000E+001   1.45800E+001
   2.49826E-001   1.26000E+001   1.45800E+001
   2.49858E-001   1.26000E+001   1.45800E+001
   2.49889E-001   1.26000E+001   1.45800E+001
   2.49921E-001   1.26000E+001   1.45800E+001
   2.49952E-001   1.26000E+001   1.45800E+001
   2.49983E-001   1.26000E+001   1.45800E+001
   2.50015E-001   1.26000E+001   1.45800E+001
   2.50046E-001   1.26000E+001   1.45800E+001
   2.50078E-001   1.26000E+001   1.45800E+001
   2.50109E-001   1.26000E+001   1.45800E+001
   2.50140E-001   1.26000E+001   1.45800E+001
   2.50172E-001   1.26000E+001   1.45800E+001
   2.50203E-001   1.26000E+001   1.45800E+001
   2.50235E-001   1.26000E+001   1.45800E+001
   2.50266E-001   1.26000E+001   1.45800E+001
   2.50297E-001   1.26000E+001   1.45800E+001
   2.50329E-001   1.26000E+001   1.45800E+001
   2.50360E-001   1.26000E+001   1.45800E+001
   2.50391E-001   1.26000E+001   1.45800E+001
   2.50423E-001   1.26000E+001   1.45800E+001
   2.50454E-001   1.26000E+001   1.45800E+001
   2.50486E-001   1.26000E+001   1.45800E+001
   2.50517E-001   1.26000E+001   1.45800E+001
   2.50548E-001   1.26000E+001   1.45800E+001
   2.50580E-001   1.26000E+001   1.45800E+001
   2.50611E-001   1.27800E+001   1.45800E+001
   2.50643E-001   1.27800E+001   1.45800E+001
   2.50674E-001   1.27800E+001   1.45800E+001
   2.50705E-001   1.27800E+001   1.45800E+001
   2.50737E-001   1.27800E+001   1.45800E+001
   2.50768E-001   1.27800E+001   1.45800E+001
   2.50800E-001   1.27800E+001   1.45800E+001
   2.50831E-001   1.27800E+001   1.45800E+001
   2.50862E-001   1.27800E+001   1.45800E+001
   2.50894E-001   1.27800E+001   1.45800E+001
   2.50925E-001   1.27800E+001   1.45800E+001
   2.50956E-001   1.27800E+001   1.45800E+001
   2.50988E-001   1.27800E+001   1.45800E+001
   2.51019E-001   1.27800E+001   1.45800E+001
   2.51051E-001   1.27800E+001   1.45800E+001
   2.51082E-001   1.27800E+001   1.45800E+001
   2.51113E-001   1.27800E+001   1.45800E+001
   2.51145E-001   1.27800E+001   1.45800E+001
   2.51176E-001   1.27800E+001   1.45800E+001
   2.51208E-001   1.27800E+001   1.45800E+001
   2.51239E-001   1.27800E+001   1.45800E+001
   2.51270E-001   1.27800E+001   1.45800E+001
   2.51302E-001   1.27800E+001   1.45800E+001
   2.51333E-001   1.27800E+001   1.45800E+001
   2.51365E-001   1.27800E+001   1.45800E+001
   2.51396E-001   1.27800E+001   1.45800E+001
   2.51427E-001   1.27800E+001   1.45800E+001
   2.51459E-001   1.27800E+001   1.45800E+001
   2.51490E-001   1.27800E+001   1.45800E+001
   2.51521E-001   1.27800E+001   1.45800E+001
   2.51553E-001   1.27800E+001   1.45800E+001
   2.51584E-001   1.27800E+001   1.45800E+001
   2.51616E-001   1.27800E+001   1.45800E+001
   2.51647E-001   1.27800E+001   1.45800E+001
   2.51678E-001   1.27800E+001   1.45800E+001
   2.51710E-001   1.27800E+001   1.45800E+001
   2.51741E-001   1.27800E+001   1.45800E+001
   2.51773E-001   1.27800E+001   1.45800E+001
   2.51804E-001   1.27800E+001   1.45800E+001
   2.51835E-001   1.27800E+001   1.45800E+001
   2.51867E-001   1.27800E+001   1.45800E+001
   2.51898E-001   1.27800E+001   1.45800E+001
   2.51930E-001   1.27800E+001   1.45800E+001
   2.51961E-001   1.27800E+001   1.45800E+001
   2.51992E-001   1.27800E+001   1.45800E+001
   2.52024E-001   1.27800E+001   1.45800E+001
   2.52055E-001   1.27800E+001   1.47600E+001
   2.52086E-001   1.27800E+001   1.47600E+001
   2.52118E-001   1.27800E+001   1.47600E+001
   2.52149E-001   1.27800E+001   1.47600E+001
   2.52181E-001   1.27800E+001   1.47600E+001
   2.52212E-001   1.27800E+001   1.47600E+001
   2.52243E-001   1.27800E+001   1.47600E+001
   2.52275E-001   1.27800E+001   1.47600E+001
   2.52306E-001   1.27800E+001   1.47600E+001
   2.52338E-001   1.27800E+001   1.47600E+001
   2.52369E-001   1.27800E+001   1.47600E+001
   2.52400E-001   1.27800E+001   1.47600E+001
   2.52432E-001   1.27800E+001   1.47600E+001
   2.52463E-001   1.27800E+001   1.47600E+001
   2.52495E-001   1.27800E+001   1.47600E+001
   2.52526E-001   1.27800E+001   1.47600E+001
   2.52557E-001   1.27800E+001   1.47600E+001
   2.52589E-001   1.27800E+001   1.47600E+001
   2.52620E-001   1.27800E+001   1.47600E+001
   2.52652E-001   1.27800E+001   1.47600E+001
   2.52683E-001   1.27800E+001   1.47600E+001
   2.52714E-001   1.27800E+001   1.47600E+001
   2.52746E-001   1.27800E+001   1.47600E+001
   2.52777E-001   1.27800E+001   1.47600E+001
   2.52808E-001   1.27800E+001   1.47600E+001
   2.52840E-001   1.27800E+001   1.47600E+001
   2.52871E-001   1.27800E+001   1.47600E+001
   2.52903E-001   1.27800E+001   1.47600E+001
   2.52934E-001   1.27800E+001   1.47600E+001
   2.52965E-001   1.27800E+001   1.47600E+001
   2.52997E-001   1.27800E+001   1.47600E+001
   2.53028E-001   1.27800E+001   1.47600E+001
   2.53060E-001   1.27800E+001   1.47600E+001
   2.53091E-001   1.27800E+001   1.47600E+001
   2.53122E-001   1.27800E+001   1.47600E+001
   2.53154E-001   1.27800E+001   1.47600E+001
   2.53185E-001   1.27800E+001   1.47600E+001
   2.53217E-001   1.27800E+001   1.47600E+001
   2.53248E-001   1.27800E+001   1.47600E+001
   2.53279E-001   1.27800E+001   1.47600E+001
   2.53311E-001   1.27800E+001   1.47600E+001
   2.53342E-001   1.27800E+001   1.47600E+001
   2.53373E-001   1.27800E+001   1.47600E+001
   2.53405E-001   1.27800E+001   1.47600E+001
   2.53436E-001   1.27800E+001   1.47600E+001
   2.53468E-001   1.27800E+001   1.47600E+001
   2.53499E-001   1.27800E+001   1.47600E+001
   2.53530E-001   1.27800E+001   1.47600E+001
   2.53562E-001   1.27800E+001   1.47600E+001
   2.53593E-001   1.27800E+001   1.47600E+001
   2.53625E-001   1.27800E+001   1.47600E+001
   2.53656E-001   1.27800E+001   1.47600E+001
   2.53687E-001   1.27800E+001   1.47600E+001
   2.53719E-001   1.27800E+001   1.47600E+001
   2.53750E-001   1.27800E+001   1.47600E+001
   2.53782E-001   1.27800E+001   1.47600E+001
   2.53813E-001   1.27800E+001   1.47600E+001
   2.53844E-001   1.27800E+001   1.47600E+001
   2.53876E-001   1.27800E+001   1.47600E+001
   2.53907E-001   1.27800E+001   1.47600E+001
   2.53938E-001   1.27800E+001   1.47600E+001
   2.53970E-001   1.27800E+001   1.47600E+001
   2.54001E-001   1.27800E+001   1.47600E+001
   2.54033E-001   1.27800E+001   1.47600E+001
   2.54064E-001   1.27800E+001   1.47600E+001
   2.54095E-001   1.27800E+001   1.47600E+001
   2.54127E-001   1.27800E+001   1.47600E+001
   2.54158E-001   1.27800E+001   1.47600E+001
   2.54190E-001   1.27800E+001   1.47600E+001
   2.54221E-001   1.27800E+001   1.47600E+001
   2.54252E-001   1.27800E+001   1.47600E+001
   2.54284E-001   1.27800E+001   1.47600E+001
   2.54315E-001   1.27800E+001   1.47600E+001
   2.54347E-001   1.27800E+001   1.47600E+001
   2.54378E-001   1.27800E+001   1.47600E+001
   2.54409E-001   1.27800E+001   1.47600E+001
   2.54441E-001   1.27800E+001   1.47600E+001
   2.54472E-001   1.27800E+001   1.47600E+001
   2.54503E-001   1.27800E+001   1.47600E+001
   2.54535E-001   1.27800E+001   1.47600E+001
   2.54566E-001   1.27800E+001   1.47600E+001
   2.54598E-001   1.27800E+001   1.47600E+001
   2.54629E-001   1.27800E+001   1.47600E+001
   2.54660E-001   1.27800E+001   1.47600E+001
   2.54692E-001   1.27800E+001   1.47600E+001
   2.54723E-001   1.27800E+001   1.47600E+001
   2.54755E-001   1.27800E+001   1.47600E+001
   2.54786E-001   1.27800E+001   1.47600E+001
   2.54817E-001   1.27800E+001   1.47600E+001
   2.54849E-001   1.27800E+001   1.47600E+001
   2.54880E-001   1.27800E+001   1.47600E+001
   2.54912E-001   1.27800E+001   1.47600E+001
   2.54943E-001   1.27800E+001   1.47600E+001
   2.54974E-001   1.27800E+001   1.47600E+001
   2.55006E-001   1.27800E+001   1.47600E+001
   2.55037E-001   1.27800E+001   1.47600E+001
   2.55068E-001   1.27800E+001   1.47600E+001
   2.55100E-001   1.27800E+001   1.47600E+001
   2.55131E-001   1.27800E+001   1.47600E+001
   2.55163E-001   1.27800E+001   1.47600E+001
   2.55194E-001   1.27800E+001   1.47600E+001
   2.55225E-001   1.27800E+001   1.47600E+001
   2.55257E-001   1.27800E+001   1.47600E+001
   2.55288E-001   1.27800E+001   1.47600E+001
   2.55320E-001   1.27800E+001   1.47600E+001
   2.55351E-001   1.27800E+001   1.47600E+001
   2.55382E-001   1.27800E+001   1.47600E+001
   2.55414E-001   1.27800E+001   1.47600E+001
   2.55445E-001   1.27800E+001   1.47600E+001
   2.55477E-001   1.27800E+001   1.47600E+001
   2.55508E-001   1.27800E+001   1.47600E+001
   2.55539E-001   1.27800E+001   1.47600E+001
   2.55571E-001   1.27800E+001   1.47600E+001
   2.55602E-001   1.27800E+001   1.47600E+001
   2.55633E-001   1.27800E+001   1.47600E+001
   2.55665E-001   1.27800E+001   1.47600E+001
   2.55696E-001   1.27800E+001   1.47600E+001
   2.55728E-001   1.27800E+001   1.47600E+001
   2.55759E-001   1.27800E+001   1.47600E+001
   2.55790E-001   1.27800E+001   1.47600E+001
   2.55822E-001   1.27800E+001   1.47600E+001
   2.55853E-001   1.27800E+001   1.47600E+001
   2.55885E-001   1.27800E+001   1.47600E+001
   2.55916E-001   1.27800E+001   1.47600E+001
   2.55947E-001   1.27800E+001   1.47600E+001
   2.55979E-001   1.27800E+001   1.47600E+001
   2.56010E-001   1.27800E+001   1.47600E+001
   2.56042E-001   1.27800E+001   1.47600E+001
   2.56073E-001   1.27800E+001   1.47600E+001
   2.56104E-001   1.27800E+001   1.47600E+001
   2.56136E-001   1.27800E+001   1.47600E+001
   2.56167E-001   1.27800E+001   1.47600E+001
   2.56198E-001   1.27800E+001   1.47600E+001
   2.56230E-001   1.27800E+001   1.47600E+001
   2.56261E-001   1.27800E+001   1.47600E+001
   2.56293E-001   1.27800E+001   1.47600E+001
   2.56324E-001   1.27800E+001   1.47600E+001
   2.56355E-001   1.27800E+001   1.47600E+001
   2.56387E-001   1.27800E+001   1.47600E+001
   2.56418E-001   1.27800E+001   1.47600E+001
   2.56450E-001   1.27800E+001   1.47600E+001
   2.56481E-001   1.27800E+001   1.47600E+001
   2.56512E-001   1.27800E+001   1.47600E+001
   2.56544E-001   1.27800E+001   1.47600E+001
   2.56575E-001   1.27800E+001   1.47600E+001
   2.56607E-001   1.27800E+001   1.47600E+001
   2.56638E-001   1.27800E+001   1.47600E+001
   2.56669E-001   1.27800E+001   1.47600E+001
   2.56701E-001   1.27800E+001   1.47600E+001
   2.56732E-001   1.27800E+001   1.47600E+001
   2.56763E-001   1.27800E+001   1.47600E+001
   2.56795E-001   1.27800E+001   1.47600E+001
   2.56826E-001   1.27800E+001   1.47600E+001
   2.56858E-001   1.27800E+001   1.47600E+001
   2.56889E-001   1.27800E+001   1.47600E+001
   2.56920E-001   1.27800E+001   1.47600E+001
   2.56952E-001   1.27800E+001   1.47600E+001
   2.56983E-001   1.27800E+001   1.47600E+001
   2.57015E-001   1.27800E+001   1.47600E+001
   2.57046E-001   1.27800E+001   1.47600E+001
   2.57077E-001   1.27800E+001   1.47600E+001
   2.57109E-001   1.27800E+001   1.47600E+001
   2.57140E-001   1.27800E+001   1.47600E+001
   2.57172E-001   1.27800E+001   1.47600E+001
   2.57203E-001   1.27800E+001   1.47600E+001
   2.57234E-001   1.27800E+001   1.47600E+001
   2.57266E-001   1.27800E+001   1.47600E+001
   2.57297E-001   1.27800E+001   1.47600E+001
   2.57328E-001   1.27800E+001   1.47600E+001
   2.57360E-001   1.27800E+001   1.47600E+001
   2.57391E-001   1.27800E+001   1.47600E+001
   2.57423E-001   1.27800E+001   1.47600E+001
   2.57454E-001   1.27800E+001   1.47600E+001
   2.57485E-001   1.27800E+001   1.47600E+001
   2.57517E-001   1.27800E+001   1.47600E+001
   2.57548E-001   1.27800E+001   1.47600E+001
   2.57580E-001   1.27800E+001   1.47600E+001
   2.57611E-001   1.27800E+001   1.47600E+001
   2.57642E-001   1.27800E+001   1.47600E+001
   2.57674E-001   1.27800E+001   1.47600E+001
   2.57705E-001   1.27800E+001   1.47600E+001
   2.57737E-001   1.27800E+001   1.47600E+001
   2.57768E-001   1.27800E+001   1.47600E+001
   2.57799E-001   1.27800E+001   1.47600E+001
   2.57831E-001   1.27800E+001   1.47600E+001
   2.57862E-001   1.27800E+001   1.47600E+001
   2.57893E-001   1.27800E+001   1.47600E+001
   2.57925E-001   1.27800E+001   1.47600E+001
   2.57956E-001   1.27800E+001   1.47600E+001
   2.57988E-001   1.27800E+001   1.47600E+001
   2.58019E-001   1.27800E+001   1.47600E+001
   2.58050E-001   1.27800E+001   1.47600E+001
   2.58082E-001   1.27800E+001   1.47600E+001
   2.58113E-001   1.27800E+001   1.47600E+001
   2.58145E-001   1.27800E+001   1.47600E+001
   2.58176E-001   1.27800E+001   1.47600E+001
   2.58207E-001   1.27800E+001   1.47600E+001
   2.58239E-001   1.27800E+001   1.47600E+001
   2.58270E-001   1.27800E+001   1.49400E+001
   2.58302E-001   1.27800E+001   1.49400E+001
   2.58333E-001   1.27800E+001   1.49400E+001
   2.58364E-001   1.27800E+001   1.49400E+001
   2.58396E-001   1.27800E+001   1.49400E+001
   2.58427E-001   1.27800E+001   1.49400E+001
   2.58459E-001   1.27800E+001   1.49400E+001
   2.58490E-001   1.27800E+001   1.49400E+001
   2.58521E-001   1.27800E+001   1.49400E+001
   2.58553E-001   1.27800E+001   1.49400E+001
   2.58584E-001   1.27800E+001   1.49400E+001
   2.58615E-001   1.27800E+001   1.49400E+001
   2.58647E-001   1.27800E+001   1.49400E+001
   2.58678E-001   1.27800E+001   1.49400E+001
   2.58710E-001   1.27800E+001   1.49400E+001
   2.58741E-001   1.27800E+001   1.49400E+001
   2.58772E-001   1.27800E+001   1.49400E+001
   2.58804E-001   1.27800E+001   1.49400E+001
   2.58835E-001   1.27800E+001   1.49400E+001
   2.58867E-001   1.29600E+001   1.49400E+001
   2.58898E-001   1.29600E+001   1.49400E+001
   2.58929E-001   1.29600E+001   1.49400E+001
   2.58961E-001   1.29600E+001   1.49400E+001
   2.58992E-001   1.29600E+001   1.49400E+001
   2.59024E-001   1.29600E+001   1.49400E+001
   2.59055E-001   1.29600E+001   1.49400E+001
   2.59086E-001   1.29600E+001   1.49400E+001
   2.59118E-001   1.29600E+001   1.49400E+001
   2.59149E-001   1.29600E+001   1.49400E+001
   2.59180E-001   1.29600E+001   1.49400E+001
   2.59212E-001   1.29600E+001   1.49400E+001
   2.59243E-001   1.29600E+001   1.49400E+001
   2.59275E-001   1.29600E+001   1.49400E+001
   2.59306E-001   1.29600E+001   1.49400E+001
   2.59337E-001   1.29600E+001   1.49400E+001
   2.59369E-001   1.29600E+001   1.49400E+001
   2.59400E-001   1.29600E+001   1.49400E+001
   2.59432E-001   1.29600E+001   1.49400E+001
   2.59463E-001   1.29600E+001   1.49400E+001
   2.59494E-001   1.29600E+001   1.49400E+001
   2.59526E-001   1.29600E+001   1.49400E+001
   2.59557E-001   1.29600E+001   1.49400E+001
   2.59589E-001   1.29600E+001   1.49400E+001
   2.59620E-001   1.29600E+001   1.49400E+001
   2.59651E-001   1.29600E+001   1.49400E+001
   2.59683E-001   1.29600E+001   1.49400E+001
   2.59714E-001   1.29600E+001   1.49400E+001
   2.59745E-001   1.29600E+001   1.49400E+001
   2.59777E-001   1.29600E+001   1.49400E+001
   2.59808E-001   1.29600E+001   1.49400E+001
   2.59840E-001   1.29600E+001   1.49400E+001
   2.59871E-001   1.29600E+001   1.49400E+001
   2.59902E-001   1.29600E+001   1.49400E+001
   2.59934E-001   1.29600E+001   1.49400E+001
   2.59965E-001   1.29600E+001   1.49400E+001
   2.59997E-001   1.29600E+001   1.49400E+001
   2.60028E-001   1.29600E+001   1.49400E+001
   2.60059E-001   1.29600E+001   1.49400E+001
   2.60091E-001   1.29600E+001   1.49400E+001
   2.60122E-001   1.29600E+001   1.49400E+001
   2.60154E-001   1.29600E+001   1.49400E+001
   2.60185E-001   1.29600E+001   1.49400E+001
   2.60216E-001   1.29600E+001   1.49400E+001
   2.60248E-001   1.29600E+001   1.49400E+001
   2.60279E-001   1.29600E+001   1.49400E+001
   2.60310E-001   1.29600E+001   1.49400E+001
   2.60342E-001   1.29600E+001   1.49400E+001
   2.60373E-001   1.29600E+001   1.49400E+001
   2.60405E-001   1.29600E+001   1.49400E+001
   2.60436E-001   1.29600E+001   1.49400E+001
   2.60467E-001   1.29600E+001   1.49400E+001
   2.60499E-001   1.29600E+001   1.49400E+001
   2.60530E-001   1.29600E+001   1.49400E+001
   2.60562E-001   1.29600E+001   1.49400E+001
   2.60593E-001   1.29600E+001   1.49400E+001
   2.60624E-001   1.29600E+001   1.49400E+001
   2.60656E-001   1.29600E+001   1.49400E+001
   2.60687E-001   1.29600E+001   1.49400E+001
   2.60719E-001   1.29600E+001   1.49400E+001
   2.60750E-001   1.29600E+001   1.49400E+001
   2.60781E-001   1.29600E+001   1.49400E+001
   2.60813E-001   1.29600E+001   1.49400E+001
   2.60844E-001   1.29600E+001   1.49400E+001
   2.60875E-001   1.29600E+001   1.49400E+001
   2.60907E-001   1.29600E+001   1.49400E+001
   2.60938E-001   1.29600E+001   1.49400E+001
   2.60970E-001   1.29600E+001   1.49400E+001
   2.61001E-001   1.29600E+001   1.49400E+001
   2.61032E-001   1.29600E+001   1.49400E+001
   2.61064E-001   1.29600E+001   1.49400E+001
   2.61095E-001   1.29600E+001   1.49400E+001
   2.61127E-001   1.29600E+001   1.49400E+001
   2.61158E-001   1.29600E+001   1.49400E+001
   2.61189E-001   1.29600E+001   1.49400E+001
   2.61221E-001   1.29600E+001   1.49400E+001
   2.61252E-001   1.29600E+001   1.49400E+001
   2.61284E-001   1.29600E+001   1.49400E+001
   2.61315E-001   1.29600E+001   1.49400E+001
   2.61346E-001   1.29600E+001   1.49400E+001
   2.61378E-001   1.29600E+001   1.49400E+001
   2.61409E-001   1.29600E+001   1.49400E+001
   2.61440E-001   1.29600E+001   1.49400E+001
   2.61472E-001   1.29600E+001   1.49400E+001
   2.61503E-001   1.29600E+001   1.49400E+001
   2.61535E-001   1.29600E+001   1.49400E+001
   2.61566E-001   1.29600E+001   1.49400E+001
   2.61597E-001   1.29600E+001   1.49400E+001
   2.61629E-001   1.29600E+001   1.49400E+001
   2.61660E-001   1.29600E+001   1.49400E+001
   2.61692E-001   1.29600E+001   1.49400E+001
   2.61723E-001   1.29600E+001   1.49400E+001
   2.61754E-001   1.29600E+001   1.49400E+001
   2.61786E-001   1.29600E+001   1.49400E+001
   2.61817E-001   1.29600E+001   1.49400E+001
   2.61849E-001   1.29600E+001   1.49400E+001
   2.61880E-001   1.29600E+001   1.49400E+001
   2.61911E-001   1.29600E+001   1.49400E+001
   2.61943E-001   1.29600E+001   1.49400E+001
   2.61974E-001   1.29600E+001   1.49400E+001
   2.62005E-001   1.29600E+001   1.49400E+001
   2.62037E-001   1.29600E+001   1.49400E+001
   2.62068E-001   1.29600E+001   1.49400E+001
   2.62100E-001   1.29600E+001   1.49400E+001
   2.62131E-001   1.29600E+001   1.49400E+001
   2.62162E-001   1.29600E+001   1.49400E+001
   2.62194E-001   1.29600E+001   1.49400E+001
   2.62225E-001   1.29600E+001   1.49400E+001
   2.62257E-001   1.29600E+001   1.49400E+001
   2.62288E-001   1.29600E+001   1.49400E+001
   2.62319E-001   1.29600E+001   1.49400E+001
   2.62351E-001   1.29600E+001   1.49400E+001
   2.62382E-001   1.29600E+001   1.49400E+001
   2.62414E-001   1.29600E+001   1.49400E+001
   2.62445E-001   1.29600E+001   1.49400E+001
   2.62476E-001   1.29600E+001   1.49400E+001
   2.62508E-001   1.29600E+001   1.49400E+001
   2.62539E-001   1.29600E+001   1.49400E+001
   2.62570E-001   1.29600E+001   1.49400E+001
   2.62602E-001   1.29600E+001   1.49400E+001
   2.62633E-001   1.29600E+001   1.49400E+001
   2.62665E-001   1.29600E+001   1.49400E+001
   2.62696E-001   1.29600E+001   1.49400E+001
   2.62727E-001   1.29600E+001   1.49400E+001
   2.62759E-001   1.29600E+001   1.49400E+001
   2.62790E-001   1.29600E+001   1.49400E+001
   2.62822E-001   1.29600E+001   1.49400E+001
   2.62853E-001   1.29600E+001   1.49400E+001
   2.62884E-001   1.29600E+001   1.49400E+001
   2.62916E-001   1.29600E+001   1.49400E+001
   2.62947E-001   1.29600E+001   1.49400E+001
   2.62979E-001   1.29600E+001   1.49400E+001
   2.63010E-001   1.29600E+001   1.49400E+001
   2.63041E-001   1.29600E+001   1.49400E+001
   2.63073E-001   1.29600E+001   1.49400E+001
   2.63104E-001   1.29600E+001   1.49400E+001
   2.63135E-001   1.29600E+001   1.49400E+001
   2.63167E-001   1.29600E+001   1.49400E+001
   2.63198E-001   1.29600E+001   1.49400E+001
   2.63230E-001   1.29600E+001   1.49400E+001
   2.63261E-001   1.29600E+001   1.49400E+001
   2.63292E-001   1.29600E+001   1.49400E+001
   2.63324E-001   1.29600E+001   1.49400E+001
   2.63355E-001   1.29600E+001   1.49400E+001
   2.63387E-001   1.29600E+001   1.49400E+001
   2.63418E-001   1.29600E+001   1.49400E+001
   2.63449E-001   1.29600E+001   1.49400E+001
   2.63481E-001   1.29600E+001   1.49400E+001
   2.63512E-001   1.29600E+001   1.49400E+001
   2.63544E-001   1.29600E+001   1.49400E+001
   2.63575E-001   1.29600E+001   1.49400E+001
   2.63606E-001   1.29600E+001   1.49400E+001
   2.63638E-001   1.29600E+001   1.49400E+001
   2.63669E-001   1.29600E+001   1.49400E+001
   2.63700E-001   1.29600E+001   1.49400E+001
   2.63732E-001   1.29600E+001   1.49400E+001
   2.63763E-001   1.29600E+001   1.49400E+001
   2.63795E-001   1.29600E+001   1.49400E+001
   2.63826E-001   1.29600E+001   1.49400E+001
   2.63857E-001   1.29600E+001   1.49400E+001
   2.63889E-001   1.29600E+001   1.49400E+001
   2.63920E-001   1.29600E+001   1.49400E+001
   2.63952E-001   1.29600E+001   1.49400E+001
   2.63983E-001   1.29600E+001   1.49400E+001
   2.64014E-001   1.29600E+001   1.49400E+001
   2.64046E-001   1.29600E+001   1.49400E+001
   2.64077E-001   1.29600E+001   1.49400E+001
   2.64109E-001   1.29600E+001   1.49400E+001
   2.64140E-001   1.29600E+001   1.49400E+001
   2.64171E-001   1.29600E+001   1.49400E+001
   2.64203E-001   1.29600E+001   1.49400E+001
   2.64234E-001   1.29600E+001   1.49400E+001
   2.64265E-001   1.29600E+001   1.49400E+001
   2.64297E-001   1.29600E+001   1.49400E+001
   2.64328E-001   1.29600E+001   1.49400E+001
   2.64360E-001   1.29600E+001   1.49400E+001
   2.64391E-001   1.29600E+001   1.49400E+001
   2.64422E-001   1.29600E+001   1.49400E+001
   2.64454E-001   1.29600E+001   1.49400E+001
   2.64485E-001   1.29600E+001   1.49400E+001
   2.64517E-001   1.29600E+001   1.49400E+001
   2.64548E-001   1.29600E+001   1.49400E+001
   2.64579E-001   1.29600E+001   1.51200E+001
   2.64611E-001   1.29600E+001   1.51200E+001
   2.64642E-001   1.29600E+001   1.51200E+001
   2.64674E-001   1.29600E+001   1.51200E+001
   2.64705E-001   1.29600E+001   1.51200E+001
   2.64736E-001   1.29600E+001   1.51200E+001
   2.64768E-001   1.29600E+001   1.51200E+001
   2.64799E-001   1.29600E+001   1.51200E+001
   2.64831E-001   1.29600E+001   1.51200E+001
   2.64862E-001   1.29600E+001   1.51200E+001
   2.64893E-001   1.29600E+001   1.51200E+001
   2.64925E-001   1.29600E+001   1.51200E+001
   2.64956E-001   1.29600E+001   1.51200E+001
   2.64987E-001   1.29600E+001   1.51200E+001
   2.65019E-001   1.29600E+001   1.51200E+001
   2.65050E-001   1.29600E+001   1.51200E+001
   2.65082E-001   1.29600E+001   1.51200E+001
   2.65113E-001   1.29600E+001   1.51200E+001
   2.65144E-001   1.29600E+001   1.51200E+001
   2.65176E-001   1.29600E+001   1.51200E+001
   2.65207E-001   1.29600E+001   1.51200E+001
   2.65239E-001   1.29600E+001   1.51200E+001
   2.65270E-001   1.29600E+001   1.51200E+001
   2.65301E-001   1.29600E+001   1.51200E+001
   2.65333E-001   1.29600E+001   1.51200E+001
   2.65364E-001   1.29600E+001   1.51200E+001
   2.65396E-001   1.29600E+001   1.51200E+001
   2.65427E-001   1.29600E+001   1.51200E+001
   2.65458E-001   1.29600E+001   1.51200E+001
   2.65490E-001   1.29600E+001   1.51200E+001
   2.65521E-001   1.29600E+001   1.51200E+001
   2.65552E-001   1.29600E+001   1.51200E+001
   2.65584E-001   1.29600E+001   1.51200E+001
   2.65615E-001   1.29600E+001   1.51200E+001
   2.65647E-001   1.29600E+001   1.51200E+001
   2.65678E-001   1.29600E+001   1.51200E+001
   2.65709E-001   1.29600E+001   1.51200E+001
   2.65741E-001   1.29600E+001   1.51200E+001
   2.65772E-001   1.29600E+001   1.51200E+001
   2.65804E-001   1.29600E+001   1.51200E+001
   2.65835E-001   1.29600E+001   1.51200E+001
   2.65866E-001   1.29600E+001   1.51200E+001
   2.65898E-001   1.29600E+001   1.51200E+001
   2.65929E-001   1.29600E+001   1.51200E+001
   2.65961E-001   1.29600E+001   1.51200E+001
   2.65992E-001   1.29600E+001   1.51200E+001
   2.66023E-001   1.29600E+001   1.51200E+001
   2.66055E-001   1.29600E+001   1.51200E+001
   2.66086E-001   1.29600E+001   1.51200E+001
   2.66117E-001   1.29600E+001   1.51200E+001
   2.66149E-001   1.29600E+001   1.51200E+001
   2.66180E-001   1.29600E+001   1.51200E+001
   2.66212E-001   1.29600E+001   1.51200E+001
   2.66243E-001   1.29600E+001   1.51200E+001
   2.66274E-001   1.29600E+001   1.51200E+001
   2.66306E-001   1.29600E+001   1.51200E+001
   2.66337E-001   1.29600E+001   1.51200E+001
   2.66369E-001   1.29600E+001   1.51200E+001
   2.66400E-001   1.29600E+001   1.51200E+001
   2.66431E-001   1.29600E+001   1.51200E+001
   2.66463E-001   1.29600E+001   1.51200E+001
   2.66494E-001   1.29600E+001   1.51200E+001
   2.66526E-001   1.29600E+001   1.51200E+001
   2.66557E-001   1.29600E+001   1.51200E+001
   2.66588E-001   1.29600E+001   1.51200E+001
   2.66620E-001   1.29600E+001   1.51200E+001
   2.66651E-001   1.29600E+001   1.51200E+001
   2.66682E-001   1.29600E+001   1.51200E+001
   2.66714E-001   1.29600E+001   1.51200E+001
   2.66745E-001   1.29600E+001   1.51200E+001
   2.66777E-001   1.29600E+001   1.51200E+001
   2.66808E-001   1.29600E+001   1.51200E+001
   2.66839E-001   1.29600E+001   1.51200E+001
   2.66871E-001   1.29600E+001   1.51200E+001
   2.66902E-001   1.29600E+001   1.51200E+001
   2.66934E-001   1.29600E+001   1.51200E+001
   2.66965E-001   1.29600E+001   1.51200E+001
   2.66996E-001   1.29600E+001   1.51200E+001
   2.67028E-001   1.29600E+001   1.51200E+001
   2.67059E-001   1.29600E+001   1.51200E+001
   2.67091E-001   1.29600E+001   1.51200E+001
   2.67122E-001   1.29600E+001   1.51200E+001
   2.67153E-001   1.29600E+001   1.51200E+001
   2.67185E-001   1.29600E+001   1.51200E+001
   2.67216E-001   1.29600E+001   1.51200E+001
   2.67247E-001   1.29600E+001   1.51200E+001
   2.67279E-001   1.29600E+001   1.51200E+001
   2.67310E-001   1.29600E+001   1.51200E+001
   2.67342E-001   1.29600E+001   1.51200E+001
   2.67373E-001   1.29600E+001   1.51200E+001
   2.67404E-001   1.29600E+001   1.51200E+001
   2.67436E-001   1.29600E+001   1.51200E+001
   2.67467E-001   1.29600E+001   1.51200E+001
   2.67499E-001   1.29600E+001   1.51200E+001
   2.67530E-001   1.31400E+001   1.51200E+001
   2.67561E-001   1.31400E+001   1.51200E+001
   2.67593E-001   1.31400E+001   1.51200E+001
   2.67624E-001   1.31400E+001   1.51200E+001
   2.67656E-001   1.31400E+001   1.51200E+001
   2.67687E-001   1.31400E+001   1.51200E+001
   2.67718E-001   1.31400E+001   1.51200E+001
   2.67750E-001   1.31400E+001   1.51200E+001
   2.67781E-001   1.31400E+001   1.51200E+001
   2.67812E-001   1.31400E+001   1.51200E+001
   2.67844E-001   1.31400E+001   1.51200E+001
   2.67875E-001   1.31400E+001   1.51200E+001
   2.67907E-001   1.31400E+001   1.51200E+001
   2.67938E-001   1.31400E+001   1.51200E+001
   2.67969E-001   1.31400E+001   1.51200E+001
   2.68001E-001   1.31400E+001   1.51200E+001
   2.68032E-001   1.31400E+001   1.51200E+001
   2.68064E-001   1.31400E+001   1.51200E+001
   2.68095E-001   1.31400E+001   1.51200E+001
   2.68126E-001   1.31400E+001   1.51200E+001
   2.68158E-001   1.31400E+001   1.51200E+001
   2.68189E-001   1.31400E+001   1.51200E+001
   2.68221E-001   1.31400E+001   1.51200E+001
   2.68252E-001   1.31400E+001   1.51200E+001
   2.68283E-001   1.31400E+001   1.51200E+001
   2.68315E-001   1.31400E+001   1.51200E+001
   2.68346E-001   1.31400E+001   1.51200E+001
   2.68377E-001   1.31400E+001   1.51200E+001
   2.68409E-001   1.31400E+001   1.51200E+001
   2.68440E-001   1.31400E+001   1.51200E+001
   2.68472E-001   1.31400E+001   1.51200E+001
   2.68503E-001   1.31400E+001   1.51200E+001
   2.68534E-001   1.31400E+001   1.51200E+001
   2.68566E-001   1.31400E+001   1.51200E+001
   2.68597E-001   1.31400E+001   1.51200E+001
   2.68629E-001   1.31400E+001   1.51200E+001
   2.68660E-001   1.31400E+001   1.51200E+001
   2.68691E-001   1.31400E+001   1.51200E+001
   2.68723E-001   1.31400E+001   1.51200E+001
   2.68754E-001   1.31400E+001   1.51200E+001
   2.68786E-001   1.31400E+001   1.51200E+001
   2.68817E-001   1.31400E+001   1.51200E+001
   2.68848E-001   1.31400E+001   1.51200E+001
   2.68880E-001   1.31400E+001   1.51200E+001
   2.68911E-001   1.31400E+001   1.51200E+001
   2.68942E-001   1.31400E+001   1.51200E+001
   2.68974E-001   1.31400E+001   1.51200E+001
   2.69005E-001   1.31400E+001   1.51200E+001
   2.69037E-001   1.31400E+001   1.51200E+001
   2.69068E-001   1.31400E+001   1.51200E+001
   2.69099E-001   1.31400E+001   1.51200E+001
   2.69131E-001   1.31400E+001   1.51200E+001
   2.69162E-001   1.31400E+001   1.51200E+001
   2.69194E-001   1.31400E+001   1.51200E+001
   2.69225E-001   1.31400E+001   1.51200E+001
   2.69256E-001   1.31400E+001   1.51200E+001
   2.69288E-001   1.31400E+001   1.51200E+001
   2.69319E-001   1.31400E+001   1.51200E+001
   2.69351E-001   1.31400E+001   1.51200E+001
   2.69382E-001   1.31400E+001   1.51200E+001
   2.69413E-001   1.31400E+001   1.51200E+001
   2.69445E-001   1.31400E+001   1.51200E+001
   2.69476E-001   1.31400E+001   1.51200E+001
   2.69507E-001   1.31400E+001   1.51200E+001
   2.69539E-001   1.31400E+001   1.51200E+001
   2.69570E-001   1.31400E+001   1.51200E+001
   2.69602E-001   1.31400E+001   1.51200E+001
   2.69633E-001   1.31400E+001   1.51200E+001
   2.69664E-001   1.31400E+001   1.51200E+001
   2.69696E-001   1.31400E+001   1.51200E+001
   2.69727E-001   1.31400E+001   1.51200E+001
   2.69759E-001   1.31400E+001   1.51200E+001
   2.69790E-001   1.31400E+001   1.51200E+001
   2.69821E-001   1.31400E+001   1.51200E+001
   2.69853E-001   1.31400E+001   1.51200E+001
   2.69884E-001   1.31400E+001   1.51200E+001
   2.69916E-001   1.31400E+001   1.51200E+001
   2.69947E-001   1.31400E+001   1.51200E+001
   2.69978E-001   1.31400E+001   1.51200E+001
   2.70010E-001   1.31400E+001   1.51200E+001
   2.70041E-001   1.31400E+001   1.51200E+001
   2.70072E-001   1.31400E+001   1.51200E+001
   2.70104E-001   1.31400E+001   1.51200E+001
   2.70135E-001   1.31400E+001   1.51200E+001
   2.70167E-001   1.31400E+001   1.51200E+001
   2.70198E-001   1.31400E+001   1.51200E+001
   2.70229E-001   1.31400E+001   1.51200E+001
   2.70261E-001   1.31400E+001   1.51200E+001
   2.70292E-001   1.31400E+001   1.51200E+001
   2.70324E-001   1.31400E+001   1.51200E+001
   2.70355E-001   1.31400E+001   1.51200E+001
   2.70386E-001   1.31400E+001   1.51200E+001
   2.70418E-001   1.31400E+001   1.51200E+001
   2.70449E-001   1.31400E+001   1.51200E+001
   2.70481E-001   1.31400E+001   1.51200E+001
   2.70512E-001   1.31400E+001   1.51200E+001
   2.70543E-001   1.31400E+001   1.51200E+001
   2.70575E-001   1.31400E+001   1.51200E+001
   2.70606E-001   1.31400E+001   1.51200E+001
   2.70638E-001   1.31400E+001   1.51200E+001
   2.70669E-001   1.31400E+001   1.51200E+001
   2.70700E-001   1.31400E+001   1.51200E+001
   2.70732E-001   1.31400E+001   1.51200E+001
   2.70763E-001   1.31400E+001   1.51200E+001
   2.70794E-001   1.31400E+001   1.51200E+001
   2.70826E-001   1.31400E+001   1.51200E+001
   2.70857E-001   1.31400E+001   1.51200E+001
   2.70889E-001   1.31400E+001   1.51200E+001
   2.70920E-001   1.31400E+001   1.51200E+001
   2.70951E-001   1.31400E+001   1.51200E+001
   2.70983E-001   1.31400E+001   1.53000E+001
   2.71014E-001   1.31400E+001   1.53000E+001
   2.71046E-001   1.31400E+001   1.53000E+001
   2.71077E-001   1.31400E+001   1.53000E+001
   2.71108E-001   1.31400E+001   1.53000E+001
   2.71140E-001   1.31400E+001   1.53000E+001
   2.71171E-001   1.31400E+001   1.53000E+001
   2.71203E-001   1.31400E+001   1.53000E+001
   2.71234E-001   1.31400E+001   1.53000E+001
   2.71265E-001   1.31400E+001   1.53000E+001
   2.71297E-001   1.31400E+001   1.53000E+001
   2.71328E-001   1.31400E+001   1.53000E+001
   2.71359E-001   1.31400E+001   1.53000E+001
   2.71391E-001   1.31400E+001   1.53000E+001
   2.71422E-001   1.31400E+001   1.53000E+001
   2.71454E-001   1.31400E+001   1.53000E+001
   2.71485E-001   1.31400E+001   1.53000E+001
   2.71516E-001   1.31400E+001   1.53000E+001
   2.71548E-001   1.31400E+001   1.53000E+001
   2.71579E-001   1.31400E+001   1.53000E+001
   2.71611E-001   1.31400E+001   1.53000E+001
   2.71642E-001   1.31400E+001   1.53000E+001
   2.71673E-001   1.31400E+001   1.53000E+001
   2.71705E-001   1.31400E+001   1.53000E+001
   2.71736E-001   1.31400E+001   1.53000E+001
   2.71768E-001   1.31400E+001   1.53000E+001
   2.71799E-001   1.31400E+001   1.53000E+001
   2.71830E-001   1.31400E+001   1.53000E+001
   2.71862E-001   1.31400E+001   1.53000E+001
   2.71893E-001   1.31400E+001   1.53000E+001
   2.71924E-001   1.31400E+001   1.53000E+001
   2.71956E-001   1.31400E+001   1.53000E+001
   2.71987E-001   1.31400E+001   1.53000E+001
   2.72019E-001   1.31400E+001   1.53000E+001
   2.72050E-001   1.31400E+001   1.53000E+001
   2.72081E-001   1.31400E+001   1.53000E+001
   2.72113E-001   1.31400E+001   1.53000E+001
   2.72144E-001   1.31400E+001   1.53000E+001
   2.72176E-001   1.31400E+001   1.53000E+001
   2.72207E-001   1.31400E+001   1.53000E+001
   2.72238E-001   1.31400E+001   1.53000E+001
   2.72270E-001   1.31400E+001   1.53000E+001
   2.72301E-001   1.31400E+001   1.53000E+001
   2.72333E-001   1.31400E+001   1.53000E+001
   2.72364E-001   1.31400E+001   1.53000E+001
   2.72395E-001   1.31400E+001   1.53000E+001
   2.72427E-001   1.31400E+001   1.53000E+001
   2.72458E-001   1.31400E+001   1.53000E+001
   2.72489E-001   1.31400E+001   1.53000E+001
   2.72521E-001   1.31400E+001   1.53000E+001
   2.72552E-001   1.31400E+001   1.53000E+001
   2.72584E-001   1.31400E+001   1.53000E+001
   2.72615E-001   1.31400E+001   1.53000E+001
   2.72646E-001   1.31400E+001   1.53000E+001
   2.72678E-001   1.31400E+001   1.53000E+001
   2.72709E-001   1.31400E+001   1.53000E+001
   2.72741E-001   1.31400E+001   1.53000E+001
   2.72772E-001   1.31400E+001   1.53000E+001
   2.72803E-001   1.31400E+001   1.53000E+001
   2.72835E-001   1.31400E+001   1.53000E+001
   2.72866E-001   1.31400E+001   1.53000E+001
   2.72898E-001   1.31400E+001   1.53000E+001
   2.72929E-001   1.31400E+001   1.53000E+001
   2.72960E-001   1.31400E+001   1.53000E+001
   2.72992E-001   1.31400E+001   1.53000E+001
   2.73023E-001   1.31400E+001   1.53000E+001
   2.73054E-001   1.31400E+001   1.53000E+001
   2.73086E-001   1.31400E+001   1.53000E+001
   2.73117E-001   1.31400E+001   1.53000E+001
   2.73149E-001   1.31400E+001   1.53000E+001
   2.73180E-001   1.31400E+001   1.53000E+001
   2.73211E-001   1.31400E+001   1.53000E+001
   2.73243E-001   1.31400E+001   1.53000E+001
   2.73274E-001   1.31400E+001   1.53000E+001
   2.73306E-001   1.31400E+001   1.53000E+001
   2.73337E-001   1.31400E+001   1.53000E+001
   2.73368E-001   1.31400E+001   1.53000E+001
   2.73400E-001   1.31400E+001   1.53000E+001
   2.73431E-001   1.31400E+001   1.53000E+001
   2.73463E-001   1.31400E+001   1.53000E+001
   2.73494E-001   1.31400E+001   1.53000E+001
   2.73525E-001   1.31400E+001   1.53000E+001
   2.73557E-001   1.31400E+001   1.53000E+001
   2.73588E-001   1.31400E+001   1.53000E+001
   2.73619E-001   1.31400E+001   1.53000E+001
   2.73651E-001   1.31400E+001   1.53000E+001
   2.73682E-001   1.31400E+001   1.53000E+001
   2.73714E-001   1.31400E+001   1.53000E+001
   2.73745E-001   1.31400E+001   1.53000E+001
   2.73776E-001   1.31400E+001   1.53000E+001
   2.73808E-001   1.31400E+001   1.53000E+001
   2.73839E-001   1.31400E+001   1.53000E+001
   2.73871E-001   1.31400E+001   1.53000E+001
   2.73902E-001   1.31400E+001   1.53000E+001
   2.73933E-001   1.31400E+001   1.53000E+001
   2.73965E-001   1.31400E+001   1.53000E+001
   2.73996E-001   1.31400E+001   1.53000E+001
   2.74028E-001   1.31400E+001   1.53000E+001
   2.74059E-001   1.31400E+001   1.53000E+001
   2.74090E-001   1.31400E+001   1.53000E+001
   2.74122E-001   1.31400E+001   1.53000E+001
   2.74153E-001   1.31400E+001   1.53000E+001
   2.74184E-001   1.31400E+001   1.53000E+001
   2.74216E-001   1.31400E+001   1.53000E+001
   2.74247E-001   1.31400E+001   1.53000E+001
   2.74279E-001   1.31400E+001   1.53000E+001
   2.74310E-001   1.31400E+001   1.53000E+001
   2.74341E-001   1.31400E+001   1.53000E+001
   2.74373E-001   1.31400E+001   1.53000E+001
   2.74404E-001   1.31400E+001   1.53000E+001
   2.74436E-001   1.31400E+001   1.53000E+001
   2.74467E-001   1.31400E+001   1.53000E+001
   2.74498E-001   1.31400E+001   1.53000E+001
   2.74530E-001   1.31400E+001   1.53000E+001
   2.74561E-001   1.31400E+001   1.53000E+001
   2.74593E-001   1.31400E+001   1.53000E+001
   2.74624E-001   1.31400E+001   1.53000E+001
   2.74655E-001   1.31400E+001   1.53000E+001
   2.74687E-001   1.31400E+001   1.53000E+001
   2.74718E-001   1.31400E+001   1.53000E+001
   2.74749E-001   1.31400E+001   1.53000E+001
   2.74781E-001   1.31400E+001   1.53000E+001
   2.74812E-001   1.31400E+001   1.53000E+001
   2.74844E-001   1.31400E+001   1.53000E+001
   2.74875E-001   1.31400E+001   1.53000E+001
   2.74906E-001   1.31400E+001   1.53000E+001
   2.74938E-001   1.31400E+001   1.53000E+001
   2.74969E-001   1.31400E+001   1.53000E+001
   2.75001E-001   1.31400E+001   1.53000E+001
   2.75032E-001   1.31400E+001   1.53000E+001
   2.75063E-001   1.31400E+001   1.53000E+001
   2.75095E-001   1.31400E+001   1.53000E+001
   2.75126E-001   1.31400E+001   1.53000E+001
   2.75158E-001   1.31400E+001   1.53000E+001
   2.75189E-001   1.31400E+001   1.53000E+001
   2.75220E-001   1.31400E+001   1.53000E+001
   2.75252E-001   1.31400E+001   1.53000E+001
   2.75283E-001   1.31400E+001   1.53000E+001
   2.75314E-001   1.31400E+001   1.53000E+001
   2.75346E-001   1.31400E+001   1.53000E+001
   2.75377E-001   1.31400E+001   1.53000E+001
   2.75409E-001   1.31400E+001   1.53000E+001
   2.75440E-001   1.31400E+001   1.53000E+001
   2.75471E-001   1.31400E+001   1.53000E+001
   2.75503E-001   1.31400E+001   1.53000E+001
   2.75534E-001   1.31400E+001   1.53000E+001
   2.75566E-001   1.31400E+001   1.53000E+001
   2.75597E-001   1.31400E+001   1.53000E+001
   2.75628E-001   1.31400E+001   1.53000E+001
   2.75660E-001   1.31400E+001   1.53000E+001
   2.75691E-001   1.31400E+001   1.53000E+001
   2.75723E-001   1.31400E+001   1.53000E+001
   2.75754E-001   1.31400E+001   1.53000E+001
   2.75785E-001   1.31400E+001   1.53000E+001
   2.75817E-001   1.31400E+001   1.53000E+001
   2.75848E-001   1.31400E+001   1.53000E+001
   2.75879E-001   1.31400E+001   1.53000E+001
   2.75911E-001   1.31400E+001   1.53000E+001
   2.75942E-001   1.31400E+001   1.53000E+001
   2.75974E-001   1.31400E+001   1.53000E+001
   2.76005E-001   1.31400E+001   1.53000E+001
   2.76036E-001   1.31400E+001   1.53000E+001
   2.76068E-001   1.31400E+001   1.53000E+001
   2.76099E-001   1.31400E+001   1.53000E+001
   2.76131E-001   1.31400E+001   1.53000E+001
   2.76162E-001   1.31400E+001   1.53000E+001
   2.76193E-001   1.31400E+001   1.53000E+001
   2.76225E-001   1.31400E+001   1.53000E+001
   2.76256E-001   1.31400E+001   1.53000E+001
   2.76288E-001   1.31400E+001   1.53000E+001
   2.76319E-001   1.31400E+001   1.53000E+001
   2.76350E-001   1.31400E+001   1.53000E+001
   2.76382E-001   1.31400E+001   1.53000E+001
   2.76413E-001   1.31400E+001   1.53000E+001
   2.76445E-001   1.31400E+001   1.53000E+001
   2.76476E-001   1.31400E+001   1.53000E+001
   2.76507E-001   1.31400E+001   1.53000E+001
   2.76539E-001   1.31400E+001   1.53000E+001
   2.76570E-001   1.31400E+001   1.53000E+001
   2.76601E-001   1.31400E+001   1.53000E+001
   2.76633E-001   1.31400E+001   1.53000E+001
   2.76664E-001   1.31400E+001   1.53000E+001
   2.76696E-001   1.31400E+001   1.53000E+001
   2.76727E-001   1.31400E+001   1.53000E+001
   2.76758E-001   1.33200E+001   1.53000E+001
   2.76790E-001   1.33200E+001   1.53000E+001
   2.76821E-001   1.33200E+001   1.53000E+001
   2.76853E-001   1.33200E+001   1.53000E+001
   2.76884E-001   1.33200E+001   1.53000E+001
   2.76915E-001   1.33200E+001   1.53000E+001
   2.76947E-001   1.33200E+001   1.53000E+001
   2.76978E-001   1.33200E+001   1.53000E+001
   2.77010E-001   1.33200E+001   1.53000E+001
   2.77041E-001   1.33200E+001   1.53000E+001
   2.77072E-001   1.33200E+001   1.53000E+001
   2.77104E-001   1.33200E+001   1.53000E+001
   2.77135E-001   1.33200E+001   1.53000E+001
   2.77166E-001   1.33200E+001   1.53000E+001
   2.77198E-001   1.33200E+001   1.53000E+001
   2.77229E-001   1.33200E+001   1.53000E+001
   2.77261E-001   1.33200E+001   1.53000E+001
   2.77292E-001   1.33200E+001   1.53000E+001
   2.77323E-001   1.33200E+001   1.53000E+001
   2.77355E-001   1.33200E+001   1.53000E+001
   2.77386E-001   1.33200E+001   1.53000E+001
   2.77418E-001   1.33200E+001   1.53000E+001
   2.77449E-001   1.33200E+001   1.54800E+001
   2.77480E-001   1.33200E+001   1.54800E+001
   2.77512E-001   1.33200E+001   1.54800E+001
   2.77543E-001   1.33200E+001   1.54800E+001
   2.77575E-001   1.33200E+001   1.54800E+001
   2.77606E-001   1.33200E+001   1.54800E+001
   2.77637E-001   1.33200E+001   1.54800E+001
   2.77669E-001   1.33200E+001   1.54800E+001
   2.77700E-001   1.33200E+001   1.54800E+001
   2.77731E-001   1.33200E+001   1.54800E+001
   2.77763E-001   1.33200E+001   1.54800E+001
   2.77794E-001   1.33200E+001   1.54800E+001
   2.77826E-001   1.33200E+001   1.54800E+001
   2.77857E-001   1.33200E+001   1.54800E+001
   2.77888E-001   1.33200E+001   1.54800E+001
   2.77920E-001   1.33200E+001   1.54800E+001
   2.77951E-001   1.33200E+001   1.54800E+001
   2.77983E-001   1.33200E+001   1.54800E+001
   2.78014E-001   1.33200E+001   1.54800E+001
   2.78045E-001   1.33200E+001   1.54800E+001
   2.78077E-001   1.33200E+001   1.54800E+001
   2.78108E-001   1.33200E+001   1.54800E+001
   2.78140E-001   1.33200E+001   1.54800E+001
   2.78171E-001   1.33200E+001   1.54800E+001
   2.78202E-001   1.33200E+001   1.54800E+001
   2.78234E-001   1.33200E+001   1.54800E+001
   2.78265E-001   1.33200E+001   1.54800E+001
   2.78296E-001   1.33200E+001   1.54800E+001
   2.78328E-001   1.33200E+001   1.54800E+001
   2.78359E-001   1.33200E+001   1.54800E+001
   2.78391E-001   1.33200E+001   1.54800E+001
   2.78422E-001   1.33200E+001   1.54800E+001
   2.78453E-001   1.33200E+001   1.54800E+001
   2.78485E-001   1.33200E+001   1.54800E+001
   2.78516E-001   1.33200E+001   1.54800E+001
   2.78548E-001   1.33200E+001   1.54800E+001
   2.78579E-001   1.33200E+001   1.54800E+001
   2.78610E-001   1.33200E+001   1.54800E+001
   2.78642E-001   1.33200E+001   1.54800E+001
   2.78673E-001   1.33200E+001   1.54800E+001
   2.78705E-001   1.33200E+001   1.54800E+001
   2.78736E-001   1.33200E+001   1.54800E+001
   2.78767E-001   1.33200E+001   1.54800E+001
   2.78799E-001   1.33200E+001   1.54800E+001
   2.78830E-001   1.33200E+001   1.54800E+001
   2.78861E-001   1.33200E+001   1.54800E+001
   2.78893E-001   1.33200E+001   1.54800E+001
   2.78924E-001   1.33200E+001   1.54800E+001
   2.78956E-001   1.33200E+001   1.54800E+001
   2.78987E-001   1.33200E+001   1.54800E+001
   2.79018E-001   1.33200E+001   1.54800E+001
   2.79050E-001   1.33200E+001   1.54800E+001
   2.79081E-001   1.33200E+001   1.54800E+001
   2.79113E-001   1.33200E+001   1.54800E+001
   2.79144E-001   1.33200E+001   1.54800E+001
   2.79175E-001   1.33200E+001   1.54800E+001
   2.79207E-001   1.33200E+001   1.54800E+001
   2.79238E-001   1.33200E+001   1.54800E+001
   2.79270E-001   1.33200E+001   1.54800E+001
   2.79301E-001   1.33200E+001   1.54800E+001
   2.79332E-001   1.33200E+001   1.54800E+001
   2.79364E-001   1.33200E+001   1.54800E+001
   2.79395E-001   1.33200E+001   1.54800E+001
   2.79426E-001   1.33200E+001   1.54800E+001
   2.79458E-001   1.33200E+001   1.54800E+001
   2.79489E-001   1.33200E+001   1.54800E+001
   2.79521E-001   1.33200E+001   1.54800E+001
   2.79552E-001   1.33200E+001   1.54800E+001
   2.79583E-001   1.33200E+001   1.54800E+001
   2.79615E-001   1.33200E+001   1.54800E+001
   2.79646E-001   1.33200E+001   1.54800E+001
   2.79678E-001   1.33200E+001   1.54800E+001
   2.79709E-001   1.33200E+001   1.54800E+001
   2.79740E-001   1.33200E+001   1.54800E+001
   2.79772E-001   1.33200E+001   1.54800E+001
   2.79803E-001   1.33200E+001   1.54800E+001
   2.79835E-001   1.33200E+001   1.54800E+001
   2.79866E-001   1.33200E+001   1.54800E+001
   2.79897E-001   1.33200E+001   1.54800E+001
   2.79929E-001   1.33200E+001   1.54800E+001
   2.79960E-001   1.33200E+001   1.54800E+001
   2.79991E-001   1.33200E+001   1.54800E+001
   2.80023E-001   1.33200E+001   1.54800E+001
   2.80054E-001   1.33200E+001   1.54800E+001
   2.80086E-001   1.33200E+001   1.54800E+001
   2.80117E-001   1.33200E+001   1.54800E+001
   2.80148E-001   1.33200E+001   1.54800E+001
   2.80180E-001   1.33200E+001   1.54800E+001
   2.80211E-001   1.33200E+001   1.54800E+001
   2.80243E-001   1.33200E+001   1.54800E+001
   2.80274E-001   1.33200E+001   1.54800E+001
   2.80305E-001   1.33200E+001   1.54800E+001
   2.80337E-001   1.33200E+001   1.54800E+001
   2.80368E-001   1.33200E+001   1.54800E+001
   2.80400E-001   1.33200E+001   1.54800E+001
   2.80431E-001   1.33200E+001   1.54800E+001
   2.80462E-001   1.33200E+001   1.54800E+001
   2.80494E-001   1.33200E+001   1.54800E+001
   2.80525E-001   1.33200E+001   1.54800E+001
   2.80556E-001   1.33200E+001   1.54800E+001
   2.80588E-001   1.33200E+001   1.54800E+001
   2.80619E-001   1.33200E+001   1.54800E+001
   2.80651E-001   1.33200E+001   1.54800E+001
   2.80682E-001   1.33200E+001   1.54800E+001
   2.80713E-001   1.33200E+001   1.54800E+001
   2.80745E-001   1.33200E+001   1.54800E+001
   2.80776E-001   1.33200E+001   1.54800E+001
   2.80808E-001   1.33200E+001   1.54800E+001
   2.80839E-001   1.33200E+001   1.54800E+001
   2.80870E-001   1.33200E+001   1.54800E+001
   2.80902E-001   1.33200E+001   1.54800E+001
   2.80933E-001   1.33200E+001   1.54800E+001
   2.80965E-001   1.33200E+001   1.54800E+001
   2.80996E-001   1.33200E+001   1.54800E+001
   2.81027E-001   1.33200E+001   1.54800E+001
   2.81059E-001   1.33200E+001   1.54800E+001
   2.81090E-001   1.33200E+001   1.54800E+001
   2.81121E-001   1.33200E+001   1.54800E+001
   2.81153E-001   1.33200E+001   1.54800E+001
   2.81184E-001   1.33200E+001   1.54800E+001
   2.81216E-001   1.33200E+001   1.54800E+001
   2.81247E-001   1.33200E+001   1.54800E+001
   2.81278E-001   1.33200E+001   1.54800E+001
   2.81310E-001   1.33200E+001   1.54800E+001
   2.81341E-001   1.33200E+001   1.54800E+001
   2.81373E-001   1.33200E+001   1.54800E+001
   2.81404E-001   1.33200E+001   1.54800E+001
   2.81435E-001   1.33200E+001   1.54800E+001
   2.81467E-001   1.33200E+001   1.54800E+001
   2.81498E-001   1.33200E+001   1.54800E+001
   2.81530E-001   1.33200E+001   1.54800E+001
   2.81561E-001   1.33200E+001   1.54800E+001
   2.81592E-001   1.33200E+001   1.54800E+001
   2.81624E-001   1.33200E+001   1.54800E+001
   2.81655E-001   1.33200E+001   1.54800E+001
   2.81686E-001   1.33200E+001   1.54800E+001
   2.81718E-001   1.33200E+001   1.54800E+001
   2.81749E-001   1.33200E+001   1.54800E+001
   2.81781E-001   1.33200E+001   1.54800E+001
   2.81812E-001   1.33200E+001   1.54800E+001
   2.81843E-001   1.33200E+001   1.54800E+001
   2.81875E-001   1.33200E+001   1.54800E+001
   2.81906E-001   1.33200E+001   1.54800E+001
   2.81938E-001   1.33200E+001   1.54800E+001
   2.81969E-001   1.33200E+001   1.54800E+001
   2.82000E-001   1.33200E+001   1.54800E+001
   2.82032E-001   1.33200E+001   1.54800E+001
   2.82063E-001   1.33200E+001   1.54800E+001
   2.82095E-001   1.33200E+001   1.54800E+001
   2.82126E-001   1.33200E+001   1.54800E+001
   2.82157E-001   1.33200E+001   1.54800E+001
   2.82189E-001   1.33200E+001   1.54800E+001
   2.82220E-001   1.33200E+001   1.54800E+001
   2.82251E-001   1.33200E+001   1.54800E+001
   2.82283E-001   1.33200E+001   1.54800E+001
   2.82314E-001   1.33200E+001   1.54800E+001
   2.82346E-001   1.33200E+001   1.54800E+001
   2.82377E-001   1.33200E+001   1.54800E+001
   2.82408E-001   1.33200E+001   1.54800E+001
   2.82440E-001   1.33200E+001   1.54800E+001
   2.82471E-001   1.33200E+001   1.54800E+001
   2.82503E-001   1.33200E+001   1.54800E+001
   2.82534E-001   1.33200E+001   1.54800E+001
   2.82565E-001   1.33200E+001   1.54800E+001
   2.82597E-001   1.33200E+001   1.54800E+001
   2.82628E-001   1.33200E+001   1.54800E+001
   2.82660E-001   1.33200E+001   1.54800E+001
   2.82691E-001   1.33200E+001   1.54800E+001
   2.82722E-001   1.33200E+001   1.54800E+001
   2.82754E-001   1.33200E+001   1.54800E+001
   2.82785E-001   1.33200E+001   1.54800E+001
   2.82817E-001   1.33200E+001   1.54800E+001
   2.82848E-001   1.33200E+001   1.54800E+001
   2.82879E-001   1.33200E+001   1.54800E+001
   2.82911E-001   1.33200E+001   1.54800E+001
   2.82942E-001   1.33200E+001   1.54800E+001
   2.82973E-001   1.33200E+001   1.54800E+001
   2.83005E-001   1.33200E+001   1.54800E+001
   2.83036E-001   1.33200E+001   1.54800E+001
   2.83068E-001   1.33200E+001   1.54800E+001
   2.83099E-001   1.33200E+001   1.54800E+001
   2.83130E-001   1.33200E+001   1.54800E+001
   2.83162E-001   1.33200E+001   1.54800E+001
   2.83193E-001   1.33200E+001   1.54800E+001
   2.83225E-001   1.33200E+001   1.54800E+001
   2.83256E-001   1.33200E+001   1.54800E+001
   2.83287E-001   1.33200E+001   1.54800E+001
   2.83319E-001   1.33200E+001   1.54800E+001
   2.83350E-001   1.33200E+001   1.54800E+001
   2.83382E-001   1.33200E+001   1.54800E+001
   2.83413E-001   1.33200E+001   1.54800E+001
   2.83444E-001   1.33200E+001   1.54800E+001
   2.83476E-001   1.33200E+001   1.54800E+001
   2.83507E-001   1.33200E+001   1.54800E+001
   2.83538E-001   1.33200E+001   1.54800E+001
   2.83570E-001   1.33200E+001   1.54800E+001
   2.83601E-001   1.33200E+001   1.54800E+001
   2.83633E-001   1.33200E+001   1.54800E+001
   2.83664E-001   1.33200E+001   1.54800E+001
   2.83695E-001   1.33200E+001   1.54800E+001
   2.83727E-001   1.33200E+001   1.54800E+001
   2.83758E-001   1.33200E+001   1.54800E+001
   2.83790E-001   1.33200E+001   1.54800E+001
   2.83821E-001   1.33200E+001   1.54800E+001
   2.83852E-001   1.33200E+001   1.54800E+001
   2.83884E-001   1.33200E+001   1.54800E+001
   2.83915E-001   1.33200E+001   1.54800E+001
   2.83947E-001   1.33200E+001   1.54800E+001
   2.83978E-001   1.33200E+001   1.56600E+001
   2.84009E-001   1.33200E+001   1.56600E+001
   2.84041E-001   1.33200E+001   1.56600E+001
   2.84072E-001   1.33200E+001   1.56600E+001
   2.84103E-001   1.33200E+001   1.56600E+001
   2.84135E-001   1.33200E+001   1.56600E+001
   2.84166E-001   1.33200E+001   1.56600E+001
   2.84198E-001   1.33200E+001   1.56600E+001
   2.84229E-001   1.33200E+001   1.56600E+001
   2.84260E-001   1.33200E+001   1.56600E+001
   2.84292E-001   1.33200E+001   1.56600E+001
   2.84323E-001   1.33200E+001   1.56600E+001
   2.84355E-001   1.33200E+001   1.56600E+001
   2.84386E-001   1.33200E+001   1.56600E+001
   2.84417E-001   1.33200E+001   1.56600E+001
   2.84449E-001   1.33200E+001   1.56600E+001
   2.84480E-001   1.33200E+001   1.56600E+001
   2.84512E-001   1.33200E+001   1.56600E+001
   2.84543E-001   1.33200E+001   1.56600E+001
   2.84574E-001   1.33200E+001   1.56600E+001
   2.84606E-001   1.33200E+001   1.56600E+001
   2.84637E-001   1.33200E+001   1.56600E+001
   2.84668E-001   1.33200E+001   1.56600E+001
   2.84700E-001   1.33200E+001   1.56600E+001
   2.84731E-001   1.33200E+001   1.56600E+001
   2.84763E-001   1.33200E+001   1.56600E+001
   2.84794E-001   1.33200E+001   1.56600E+001
   2.84825E-001   1.33200E+001   1.56600E+001
   2.84857E-001   1.33200E+001   1.56600E+001
   2.84888E-001   1.33200E+001   1.56600E+001
   2.84920E-001   1.33200E+001   1.56600E+001
   2.84951E-001   1.33200E+001   1.56600E+001
   2.84982E-001   1.33200E+001   1.56600E+001
   2.85014E-001   1.33200E+001   1.56600E+001
   2.85045E-001   1.33200E+001   1.56600E+001
   2.85077E-001   1.33200E+001   1.56600E+001
   2.85108E-001   1.33200E+001   1.56600E+001
   2.85139E-001   1.33200E+001   1.56600E+001
   2.85171E-001   1.33200E+001   1.56600E+001
   2.85202E-001   1.33200E+001   1.56600E+001
   2.85233E-001   1.33200E+001   1.56600E+001
   2.85265E-001   1.33200E+001   1.56600E+001
   2.85296E-001   1.33200E+001   1.56600E+001
   2.85328E-001   1.33200E+001   1.56600E+001
   2.85359E-001   1.33200E+001   1.56600E+001
   2.85390E-001   1.33200E+001   1.56600E+001
   2.85422E-001   1.33200E+001   1.56600E+001
   2.85453E-001   1.33200E+001   1.56600E+001
   2.85485E-001   1.33200E+001   1.56600E+001
   2.85516E-001   1.33200E+001   1.56600E+001
   2.85547E-001   1.33200E+001   1.56600E+001
   2.85579E-001   1.33200E+001   1.56600E+001
   2.85610E-001   1.33200E+001   1.56600E+001
   2.85642E-001   1.33200E+001   1.56600E+001
   2.85673E-001   1.33200E+001   1.56600E+001
   2.85704E-001   1.33200E+001   1.56600E+001
   2.85736E-001   1.33200E+001   1.56600E+001
   2.85767E-001   1.33200E+001   1.56600E+001
   2.85798E-001   1.33200E+001   1.56600E+001
   2.85830E-001   1.33200E+001   1.56600E+001
   2.85861E-001   1.33200E+001   1.56600E+001
   2.85893E-001   1.33200E+001   1.56600E+001
   2.85924E-001   1.33200E+001   1.56600E+001
   2.85955E-001   1.33200E+001   1.56600E+001
   2.85987E-001   1.33200E+001   1.56600E+001
   2.86018E-001   1.33200E+001   1.56600E+001
   2.86050E-001   1.33200E+001   1.56600E+001
   2.86081E-001   1.33200E+001   1.56600E+001
   2.86112E-001   1.33200E+001   1.56600E+001
   2.86144E-001   1.33200E+001   1.56600E+001
   2.86175E-001   1.33200E+001   1.56600E+001
   2.86207E-001   1.33200E+001   1.56600E+001
   2.86238E-001   1.33200E+001   1.56600E+001
   2.86269E-001   1.33200E+001   1.56600E+001
   2.86301E-001   1.33200E+001   1.56600E+001
   2.86332E-001   1.33200E+001   1.56600E+001
   2.86363E-001   1.33200E+001   1.56600E+001
   2.86395E-001   1.33200E+001   1.56600E+001
   2.86426E-001   1.33200E+001   1.56600E+001
   2.86458E-001   1.33200E+001   1.56600E+001
   2.86489E-001   1.33200E+001   1.56600E+001
   2.86520E-001   1.33200E+001   1.56600E+001
   2.86552E-001   1.33200E+001   1.56600E+001
   2.86583E-001   1.33200E+001   1.56600E+001
   2.86615E-001   1.33200E+001   1.56600E+001
   2.86646E-001   1.33200E+001   1.56600E+001
   2.86677E-001   1.33200E+001   1.56600E+001
   2.86709E-001   1.33200E+001   1.56600E+001
   2.86740E-001   1.33200E+001   1.56600E+001
   2.86772E-001   1.33200E+001   1.56600E+001
   2.86803E-001   1.33200E+001   1.56600E+001
   2.86834E-001   1.33200E+001   1.56600E+001
   2.86866E-001   1.33200E+001   1.56600E+001
   2.86897E-001   1.33200E+001   1.56600E+001
   2.86928E-001   1.33200E+001   1.56600E+001
   2.86960E-001   1.33200E+001   1.56600E+001
   2.86991E-001   1.33200E+001   1.56600E+001
   2.87023E-001   1.33200E+001   1.56600E+001
   2.87054E-001   1.33200E+001   1.56600E+001
   2.87085E-001   1.33200E+001   1.56600E+001
   2.87117E-001   1.35000E+001   1.56600E+001
   2.87148E-001   1.35000E+001   1.56600E+001
   2.87180E-001   1.35000E+001   1.56600E+001
   2.87211E-001   1.35000E+001   1.56600E+001
   2.87242E-001   1.35000E+001   1.56600E+001
   2.87274E-001   1.35000E+001   1.56600E+001
   2.87305E-001   1.35000E+001   1.56600E+001
   2.87337E-001   1.35000E+001   1.56600E+001
   2.87368E-001   1.35000E+001   1.56600E+001
   2.87399E-001   1.35000E+001   1.56600E+001
   2.87431E-001   1.35000E+001   1.56600E+001
   2.87462E-001   1.35000E+001   1.56600E+001
   2.87493E-001   1.35000E+001   1.56600E+001
   2.87525E-001   1.35000E+001   1.56600E+001
   2.87556E-001   1.35000E+001   1.56600E+001
   2.87588E-001   1.35000E+001   1.56600E+001
   2.87619E-001   1.35000E+001   1.56600E+001
   2.87650E-001   1.35000E+001   1.56600E+001
   2.87682E-001   1.35000E+001   1.56600E+001
   2.87713E-001   1.35000E+001   1.56600E+001
   2.87745E-001   1.35000E+001   1.56600E+001
   2.87776E-001   1.35000E+001   1.56600E+001
   2.87807E-001   1.35000E+001   1.56600E+001
   2.87839E-001   1.35000E+001   1.56600E+001
   2.87870E-001   1.35000E+001   1.56600E+001
   2.87902E-001   1.35000E+001   1.56600E+001
   2.87933E-001   1.35000E+001   1.56600E+001
   2.87964E-001   1.35000E+001   1.56600E+001
   2.87996E-001   1.35000E+001   1.56600E+001
   2.88027E-001   1.35000E+001   1.56600E+001
   2.88058E-001   1.35000E+001   1.56600E+001
   2.88090E-001   1.35000E+001   1.56600E+001
   2.88121E-001   1.35000E+001   1.56600E+001
   2.88153E-001   1.35000E+001   1.56600E+001
   2.88184E-001   1.35000E+001   1.56600E+001
   2.88215E-001   1.35000E+001   1.56600E+001
   2.88247E-001   1.35000E+001   1.56600E+001
   2.88278E-001   1.35000E+001   1.56600E+001
   2.88310E-001   1.35000E+001   1.56600E+001
   2.88341E-001   1.35000E+001   1.56600E+001
   2.88372E-001   1.35000E+001   1.56600E+001
   2.88404E-001   1.35000E+001   1.56600E+001
   2.88435E-001   1.35000E+001   1.56600E+001
   2.88467E-001   1.35000E+001   1.56600E+001
   2.88498E-001   1.35000E+001   1.56600E+001
   2.88529E-001   1.35000E+001   1.56600E+001
   2.88561E-001   1.35000E+001   1.56600E+001
   2.88592E-001   1.35000E+001   1.56600E+001
   2.88624E-001   1.35000E+001   1.56600E+001
   2.88655E-001   1.35000E+001   1.56600E+001
   2.88686E-001   1.35000E+001   1.56600E+001
   2.88718E-001   1.35000E+001   1.56600E+001
   2.88749E-001   1.35000E+001   1.56600E+001
   2.88780E-001   1.35000E+001   1.56600E+001
   2.88812E-001   1.35000E+001   1.56600E+001
   2.88843E-001   1.35000E+001   1.56600E+001
   2.88875E-001   1.35000E+001   1.56600E+001
   2.88906E-001   1.35000E+001   1.56600E+001
   2.88937E-001   1.35000E+001   1.56600E+001
   2.88969E-001   1.35000E+001   1.56600E+001
   2.89000E-001   1.35000E+001   1.56600E+001
   2.89032E-001   1.35000E+001   1.56600E+001
   2.89063E-001   1.35000E+001   1.56600E+001
   2.89094E-001   1.35000E+001   1.56600E+001
   2.89126E-001   1.35000E+001   1.56600E+001
   2.89157E-001   1.35000E+001   1.56600E+001
   2.89189E-001   1.35000E+001   1.56600E+001
   2.89220E-001   1.35000E+001   1.56600E+001
   2.89251E-001   1.35000E+001   1.56600E+001
   2.89283E-001   1.35000E+001   1.56600E+001
   2.89314E-001   1.35000E+001   1.56600E+001
   2.89345E-001   1.35000E+001   1.56600E+001
   2.89377E-001   1.35000E+001   1.56600E+001
   2.89408E-001   1.35000E+001   1.56600E+001
   2.89440E-001   1.35000E+001   1.56600E+001
   2.89471E-001   1.35000E+001   1.56600E+001
   2.89502E-001   1.35000E+001   1.56600E+001
   2.89534E-001   1.35000E+001   1.56600E+001
   2.89565E-001   1.35000E+001   1.56600E+001
   2.89597E-001   1.35000E+001   1.56600E+001
   2.89628E-001   1.35000E+001   1.56600E+001
   2.89659E-001   1.35000E+001   1.56600E+001
   2.89691E-001   1.35000E+001   1.56600E+001
   2.89722E-001   1.35000E+001   1.56600E+001
   2.89754E-001   1.35000E+001   1.56600E+001
   2.89785E-001   1.35000E+001   1.56600E+001
   2.89816E-001   1.35000E+001   1.56600E+001
   2.89848E-001   1.35000E+001   1.56600E+001
   2.89879E-001   1.35000E+001   1.56600E+001
   2.89910E-001   1.35000E+001   1.56600E+001
   2.89942E-001   1.35000E+001   1.56600E+001
   2.89973E-001   1.35000E+001   1.56600E+001
   2.90005E-001   1.35000E+001   1.56600E+001
   2.90036E-001   1.35000E+001   1.56600E+001
   2.90067E-001   1.35000E+001   1.56600E+001
   2.90099E-001   1.35000E+001   1.56600E+001
   2.90130E-001   1.35000E+001   1.56600E+001
   2.90162E-001   1.35000E+001   1.56600E+001
   2.90193E-001   1.35000E+001   1.56600E+001
   2.90224E-001   1.35000E+001   1.56600E+001
   2.90256E-001   1.35000E+001   1.56600E+001
   2.90287E-001   1.35000E+001   1.56600E+001
   2.90319E-001   1.35000E+001   1.56600E+001
   2.90350E-001   1.35000E+001   1.56600E+001
   2.90381E-001   1.35000E+001   1.56600E+001
   2.90413E-001   1.35000E+001   1.56600E+001
   2.90444E-001   1.35000E+001   1.56600E+001
   2.90475E-001   1.35000E+001   1.56600E+001
   2.90507E-001   1.35000E+001   1.56600E+001
   2.90538E-001   1.35000E+001   1.56600E+001
   2.90570E-001   1.35000E+001   1.56600E+001
   2.90601E-001   1.35000E+001   1.58400E+001
   2.90632E-001   1.35000E+001   1.58400E+001
   2.90664E-001   1.35000E+001   1.58400E+001
   2.90695E-001   1.35000E+001   1.58400E+001
   2.90727E-001   1.35000E+001   1.58400E+001
   2.90758E-001   1.35000E+001   1.58400E+001
   2.90789E-001   1.35000E+001   1.58400E+001
   2.90821E-001   1.35000E+001   1.58400E+001
   2.90852E-001   1.35000E+001   1.58400E+001
   2.90884E-001   1.35000E+001   1.58400E+001
   2.90915E-001   1.35000E+001   1.58400E+001
   2.90946E-001   1.35000E+001   1.58400E+001
   2.90978E-001   1.35000E+001   1.58400E+001
   2.91009E-001   1.35000E+001   1.58400E+001
   2.91040E-001   1.35000E+001   1.58400E+001
   2.91072E-001   1.35000E+001   1.58400E+001
   2.91103E-001   1.35000E+001   1.58400E+001
   2.91135E-001   1.35000E+001   1.58400E+001
   2.91166E-001   1.35000E+001   1.58400E+001
   2.91197E-001   1.35000E+001   1.58400E+001
   2.91229E-001   1.35000E+001   1.58400E+001
   2.91260E-001   1.35000E+001   1.58400E+001
   2.91292E-001   1.35000E+001   1.58400E+001
   2.91323E-001   1.35000E+001   1.58400E+001
   2.91354E-001   1.35000E+001   1.58400E+001
   2.91386E-001   1.35000E+001   1.58400E+001
   2.91417E-001   1.35000E+001   1.58400E+001
   2.91449E-001   1.35000E+001   1.58400E+001
   2.91480E-001   1.35000E+001   1.58400E+001
   2.91511E-001   1.35000E+001   1.58400E+001
   2.91543E-001   1.35000E+001   1.58400E+001
   2.91574E-001   1.35000E+001   1.58400E+001
   2.91605E-001   1.35000E+001   1.58400E+001
   2.91637E-001   1.35000E+001   1.58400E+001
   2.91668E-001   1.35000E+001   1.58400E+001
   2.91700E-001   1.35000E+001   1.58400E+001
   2.91731E-001   1.35000E+001   1.58400E+001
   2.91762E-001   1.35000E+001   1.58400E+001
   2.91794E-001   1.35000E+001   1.58400E+001
   2.91825E-001   1.35000E+001   1.58400E+001
   2.91857E-001   1.35000E+001   1.58400E+001
   2.91888E-001   1.35000E+001   1.58400E+001
   2.91919E-001   1.35000E+001   1.58400E+001
   2.91951E-001   1.35000E+001   1.58400E+001
   2.91982E-001   1.35000E+001   1.58400E+001
   2.92014E-001   1.35000E+001   1.58400E+001
   2.92045E-001   1.35000E+001   1.58400E+001
   2.92076E-001   1.35000E+001   1.58400E+001
   2.92108E-001   1.35000E+001   1.58400E+001
   2.92139E-001   1.35000E+001   1.58400E+001
   2.92170E-001   1.35000E+001   1.58400E+001
   2.92202E-001   1.35000E+001   1.58400E+001
   2.92233E-001   1.35000E+001   1.58400E+001
   2.92265E-001   1.35000E+001   1.58400E+001
   2.92296E-001   1.35000E+001   1.58400E+001
   2.92327E-001   1.35000E+001   1.58400E+001
   2.92359E-001   1.35000E+001   1.58400E+001
   2.92390E-001   1.35000E+001   1.58400E+001
   2.92422E-001   1.35000E+001   1.58400E+001
   2.92453E-001   1.35000E+001   1.58400E+001
   2.92484E-001   1.35000E+001   1.58400E+001
   2.92516E-001   1.35000E+001   1.58400E+001
   2.92547E-001   1.35000E+001   1.58400E+001
   2.92579E-001   1.35000E+001   1.58400E+001
   2.92610E-001   1.35000E+001   1.58400E+001
   2.92641E-001   1.35000E+001   1.58400E+001
   2.92673E-001   1.35000E+001   1.58400E+001
   2.92704E-001   1.35000E+001   1.58400E+001
   2.92735E-001   1.35000E+001   1.58400E+001
   2.92767E-001   1.35000E+001   1.58400E+001
   2.92798E-001   1.35000E+001   1.58400E+001
   2.92830E-001   1.35000E+001   1.58400E+001
   2.92861E-001   1.35000E+001   1.58400E+001
   2.92892E-001   1.35000E+001   1.58400E+001
   2.92924E-001   1.35000E+001   1.58400E+001
   2.92955E-001   1.35000E+001   1.58400E+001
   2.92987E-001   1.35000E+001   1.58400E+001
   2.93018E-001   1.35000E+001   1.58400E+001
   2.93049E-001   1.35000E+001   1.58400E+001
   2.93081E-001   1.35000E+001   1.58400E+001
   2.93112E-001   1.35000E+001   1.58400E+001
   2.93144E-001   1.35000E+001   1.58400E+001
   2.93175E-001   1.35000E+001   1.58400E+001
   2.93206E-001   1.35000E+001   1.58400E+001
   2.93238E-001   1.35000E+001   1.58400E+001
   2.93269E-001   1.35000E+001   1.58400E+001
   2.93300E-001   1.35000E+001   1.58400E+001
   2.93332E-001   1.35000E+001   1.58400E+001
   2.93363E-001   1.35000E+001   1.58400E+001
   2.93395E-001   1.35000E+001   1.58400E+001
   2.93426E-001   1.35000E+001   1.58400E+001
   2.93457E-001   1.35000E+001   1.58400E+001
   2.93489E-001   1.35000E+001   1.58400E+001
   2.93520E-001   1.35000E+001   1.58400E+001
   2.93552E-001   1.35000E+001   1.58400E+001
   2.93583E-001   1.35000E+001   1.58400E+001
   2.93614E-001   1.35000E+001   1.58400E+001
   2.93646E-001   1.35000E+001   1.58400E+001
   2.93677E-001   1.35000E+001   1.58400E+001
   2.93709E-001   1.35000E+001   1.58400E+001
   2.93740E-001   1.35000E+001   1.58400E+001
   2.93771E-001   1.35000E+001   1.58400E+001
   2.93803E-001   1.35000E+001   1.58400E+001
   2.93834E-001   1.35000E+001   1.58400E+001
   2.93865E-001   1.35000E+001   1.58400E+001
   2.93897E-001   1.35000E+001   1.58400E+001
   2.93928E-001   1.35000E+001   1.58400E+001
   2.93960E-001   1.35000E+001   1.58400E+001
   2.93991E-001   1.35000E+001   1.58400E+001
   2.94022E-001   1.35000E+001   1.58400E+001
   2.94054E-001   1.35000E+001   1.58400E+001
   2.94085E-001   1.35000E+001   1.58400E+001
   2.94117E-001   1.35000E+001   1.58400E+001
   2.94148E-001   1.35000E+001   1.58400E+001
   2.94179E-001   1.35000E+001   1.58400E+001
   2.94211E-001   1.35000E+001   1.58400E+001
   2.94242E-001   1.35000E+001   1.58400E+001
   2.94274E-001   1.35000E+001   1.58400E+001
   2.94305E-001   1.35000E+001   1.58400E+001
   2.94336E-001   1.35000E+001   1.58400E+001
   2.94368E-001   1.35000E+001   1.58400E+001
   2.94399E-001   1.35000E+001   1.58400E+001
   2.94431E-001   1.35000E+001   1.58400E+001
   2.94462E-001   1.35000E+001   1.58400E+001
   2.94493E-001   1.35000E+001   1.58400E+001
   2.94525E-001   1.35000E+001   1.58400E+001
   2.94556E-001   1.35000E+001   1.58400E+001
   2.94587E-001   1.35000E+001   1.58400E+001
   2.94619E-001   1.35000E+001   1.58400E+001
   2.94650E-001   1.35000E+001   1.58400E+001
   2.94682E-001   1.35000E+001   1.58400E+001
   2.94713E-001   1.35000E+001   1.58400E+001
   2.94744E-001   1.35000E+001   1.58400E+001
   2.94776E-001   1.35000E+001   1.58400E+001
   2.94807E-001   1.35000E+001   1.58400E+001
   2.94839E-001   1.35000E+001   1.58400E+001
   2.94870E-001   1.35000E+001   1.58400E+001
   2.94901E-001   1.35000E+001   1.58400E+001
   2.94933E-001   1.35000E+001   1.58400E+001
   2.94964E-001   1.35000E+001   1.58400E+001
   2.94996E-001   1.35000E+001   1.58400E+001
   2.95027E-001   1.35000E+001   1.58400E+001
   2.95058E-001   1.35000E+001   1.58400E+001
   2.95090E-001   1.35000E+001   1.58400E+001
   2.95121E-001   1.35000E+001   1.58400E+001
   2.95152E-001   1.35000E+001   1.58400E+001
   2.95184E-001   1.35000E+001   1.58400E+001
   2.95215E-001   1.35000E+001   1.58400E+001
   2.95247E-001   1.35000E+001   1.58400E+001
   2.95278E-001   1.35000E+001   1.58400E+001
   2.95309E-001   1.35000E+001   1.58400E+001
   2.95341E-001   1.35000E+001   1.58400E+001
   2.95372E-001   1.35000E+001   1.58400E+001
   2.95404E-001   1.35000E+001   1.58400E+001
   2.95435E-001   1.35000E+001   1.58400E+001
   2.95466E-001   1.35000E+001   1.58400E+001
   2.95498E-001   1.35000E+001   1.58400E+001
   2.95529E-001   1.35000E+001   1.58400E+001
   2.95561E-001   1.35000E+001   1.58400E+001
   2.95592E-001   1.35000E+001   1.58400E+001
   2.95623E-001   1.35000E+001   1.58400E+001
   2.95655E-001   1.35000E+001   1.58400E+001
   2.95686E-001   1.35000E+001   1.58400E+001
   2.95717E-001   1.35000E+001   1.58400E+001
   2.95749E-001   1.35000E+001   1.58400E+001
   2.95780E-001   1.35000E+001   1.58400E+001
   2.95812E-001   1.35000E+001   1.58400E+001
   2.95843E-001   1.35000E+001   1.58400E+001
   2.95874E-001   1.35000E+001   1.58400E+001
   2.95906E-001   1.35000E+001   1.58400E+001
   2.95937E-001   1.35000E+001   1.58400E+001
   2.95969E-001   1.35000E+001   1.58400E+001
   2.96000E-001   1.35000E+001   1.58400E+001
   2.96031E-001   1.35000E+001   1.58400E+001
   2.96063E-001   1.35000E+001   1.58400E+001
   2.96094E-001   1.35000E+001   1.58400E+001
   2.96126E-001   1.35000E+001   1.58400E+001
   2.96157E-001   1.35000E+001   1.58400E+001
   2.96188E-001   1.35000E+001   1.58400E+001
   2.96220E-001   1.35000E+001   1.58400E+001
   2.96251E-001   1.35000E+001   1.58400E+001
   2.96282E-001   1.35000E+001   1.58400E+001
   2.96314E-001   1.35000E+001   1.58400E+001
   2.96345E-001   1.35000E+001   1.58400E+001
   2.96377E-001   1.35000E+001   1.58400E+001
   2.96408E-001   1.35000E+001   1.58400E+001
   2.96439E-001   1.35000E+001   1.58400E+001
   2.96471E-001   1.35000E+001   1.58400E+001
   2.96502E-001   1.35000E+001   1.58400E+001
   2.96534E-001   1.35000E+001   1.58400E+001
   2.96565E-001   1.35000E+001   1.58400E+001
   2.96596E-001   1.35000E+001   1.58400E+001
   2.96628E-001   1.35000E+001   1.58400E+001
   2.96659E-001   1.35000E+001   1.58400E+001
   2.96691E-001   1.35000E+001   1.58400E+001
   2.96722E-001   1.35000E+001   1.58400E+001
   2.96753E-001   1.35000E+001   1.58400E+001
   2.96785E-001   1.35000E+001   1.58400E+001
   2.96816E-001   1.35000E+001   1.58400E+001
   2.96847E-001   1.35000E+001   1.58400E+001
   2.96879E-001   1.35000E+001   1.58400E+001
   2.96910E-001   1.35000E+001   1.58400E+001
   2.96942E-001   1.35000E+001   1.58400E+001
   2.96973E-001   1.35000E+001   1.58400E+001
   2.97004E-001   1.35000E+001   1.58400E+001
   2.97036E-001   1.35000E+001   1.58400E+001
   2.97067E-001   1.35000E+001   1.58400E+001
   2.97099E-001   1.35000E+001   1.58400E+001
   2.97130E-001   1.35000E+001   1.58400E+001
   2.97161E-001   1.35000E+001   1.58400E+001
   2.97193E-001   1.35000E+001   1.58400E+001
   2.97224E-001   1.35000E+001   1.58400E+001
   2.97256E-001   1.35000E+001   1.58400E+001
   2.97287E-001   1.35000E+001   1.58400E+001
   2.97318E-001   1.35000E+001   1.60200E+001
   2.97350E-001   1.35000E+001   1.60200E+001
   2.97381E-001   1.35000E+001   1.60200E+001
   2.97412E-001   1.35000E+001   1.60200E+001
   2.97444E-001   1.35000E+001   1.60200E+001
   2.97475E-001   1.35000E+001   1.60200E+001
   2.97507E-001   1.35000E+001   1.60200E+001
   2.97538E-001   1.35000E+001   1.60200E+001
   2.97569E-001   1.35000E+001   1.60200E+001
   2.97601E-001   1.35000E+001   1.60200E+001
   2.97632E-001   1.35000E+001   1.60200E+001
   2.97664E-001   1.35000E+001   1.60200E+001
   2.97695E-001   1.35000E+001   1.60200E+001
   2.97726E-001   1.35000E+001   1.60200E+001
   2.97758E-001   1.35000E+001   1.60200E+001
   2.97789E-001   1.35000E+001   1.60200E+001
   2.97821E-001   1.35000E+001   1.60200E+001
   2.97852E-001   1.35000E+001   1.60200E+001
   2.97883E-001   1.35000E+001   1.60200E+001
   2.97915E-001   1.35000E+001   1.60200E+001
   2.97946E-001   1.35000E+001   1.60200E+001
   2.97977E-001   1.35000E+001   1.60200E+001
   2.98009E-001   1.35000E+001   1.60200E+001
   2.98040E-001   1.35000E+001   1.60200E+001
   2.98072E-001   1.35000E+001   1.60200E+001
   2.98103E-001   1.35000E+001   1.60200E+001
   2.98134E-001   1.35000E+001   1.60200E+001
   2.98166E-001   1.35000E+001   1.60200E+001
   2.98197E-001   1.35000E+001   1.60200E+001
   2.98229E-001   1.35000E+001   1.60200E+001
   2.98260E-001   1.35000E+001   1.60200E+001
   2.98291E-001   1.35000E+001   1.60200E+001
   2.98323E-001   1.35000E+001   1.60200E+001
   2.98354E-001   1.35000E+001   1.60200E+001
   2.98386E-001   1.35000E+001   1.60200E+001
   2.98417E-001   1.35000E+001   1.60200E+001
   2.98448E-001   1.35000E+001   1.60200E+001
   2.98480E-001   1.35000E+001   1.60200E+001
   2.98511E-001   1.35000E+001   1.60200E+001
   2.98542E-001   1.35000E+001   1.60200E+001
   2.98574E-001   1.35000E+001   1.60200E+001
   2.98605E-001   1.35000E+001   1.60200E+001
   2.98637E-001   1.35000E+001   1.60200E+001
   2.98668E-001   1.35000E+001   1.60200E+001
   2.98699E-001   1.35000E+001   1.60200E+001
   2.98731E-001   1.35000E+001   1.60200E+001
   2.98762E-001   1.35000E+001   1.60200E+001
   2.98794E-001   1.35000E+001   1.60200E+001
   2.98825E-001   1.35000E+001   1.60200E+001
   2.98856E-001   1.35000E+001   1.60200E+001
   2.98888E-001   1.35000E+001   1.60200E+001
   2.98919E-001   1.35000E+001   1.60200E+001
   2.98951E-001   1.35000E+001   1.60200E+001
   2.98982E-001   1.35000E+001   1.60200E+001
   2.99013E-001   1.35000E+001   1.60200E+001
   2.99045E-001   1.35000E+001   1.60200E+001
   2.99076E-001   1.35000E+001   1.60200E+001
   2.99107E-001   1.35000E+001   1.60200E+001
   2.99139E-001   1.35000E+001   1.60200E+001
   2.99170E-001   1.35000E+001   1.60200E+001
   2.99202E-001   1.35000E+001   1.60200E+001
   2.99233E-001   1.35000E+001   1.60200E+001
   2.99264E-001   1.35000E+001   1.60200E+001
   2.99296E-001   1.35000E+001   1.60200E+001
   2.99327E-001   1.35000E+001   1.60200E+001
   2.99359E-001   1.35000E+001   1.60200E+001
   2.99390E-001   1.35000E+001   1.60200E+001
   2.99421E-001   1.35000E+001   1.60200E+001
   2.99453E-001   1.35000E+001   1.60200E+001
   2.99484E-001   1.35000E+001   1.60200E+001
   2.99516E-001   1.35000E+001   1.60200E+001
   2.99547E-001   1.35000E+001   1.60200E+001
   2.99578E-001   1.35000E+001   1.60200E+001
   2.99610E-001   1.35000E+001   1.60200E+001
   2.99641E-001   1.35000E+001   1.60200E+001
   2.99672E-001   1.35000E+001   1.60200E+001
   2.99704E-001   1.35000E+001   1.60200E+001
   2.99735E-001   1.35000E+001   1.60200E+001
   2.99767E-001   1.35000E+001   1.60200E+001
   2.99798E-001   1.35000E+001   1.60200E+001
   2.99829E-001   1.35000E+001   1.60200E+001
   2.99861E-001   1.35000E+001   1.60200E+001
   2.99892E-001   1.35000E+001   1.60200E+001
   2.99924E-001   1.35000E+001   1.60200E+001
   2.99955E-001   1.35000E+001   1.60200E+001
   2.99986E-001   1.35000E+001   1.60200E+001
   3.00018E-001   1.35000E+001   1.60200E+001
   3.00049E-001   1.35000E+001   1.60200E+001
   3.00081E-001   1.35000E+001   1.60200E+001
   3.00112E-001   1.35000E+001   1.60200E+001
   3.00143E-001   1.35000E+001   1.60200E+001
   3.00175E-001   1.35000E+001   1.60200E+001
   3.00206E-001   1.35000E+001   1.60200E+001
   3.00237E-001   1.35000E+001   1.60200E+001
   3.00269E-001   1.35000E+001   1.60200E+001
   3.00300E-001   1.35000E+001   1.60200E+001
   3.00332E-001   1.35000E+001   1.60200E+001
   3.00363E-001   1.35000E+001   1.60200E+001
   3.00394E-001   1.35000E+001   1.60200E+001
   3.00426E-001   1.35000E+001   1.60200E+001
   3.00457E-001   1.35000E+001   1.60200E+001
   3.00489E-001   1.35000E+001   1.60200E+001
   3.00520E-001   1.35000E+001   1.60200E+001
   3.00551E-001   1.35000E+001   1.60200E+001
   3.00583E-001   1.35000E+001   1.60200E+001
   3.00614E-001   1.35000E+001   1.60200E+001
   3.00646E-001   1.35000E+001   1.60200E+001
   3.00677E-001   1.35000E+001   1.60200E+001
   3.00708E-001   1.35000E+001   1.60200E+001
   3.00740E-001   1.35000E+001   1.60200E+001
   3.00771E-001   1.35000E+001   1.60200E+001
   3.00803E-001   1.36800E+001   1.60200E+001
   3.00834E-001   1.36800E+001   1.60200E+001
   3.00865E-001   1.36800E+001   1.60200E+001
   3.00897E-001   1.36800E+001   1.60200E+001
   3.00928E-001   1.36800E+001   1.60200E+001
   3.00959E-001   1.36800E+001   1.60200E+001
   3.00991E-001   1.36800E+001   1.60200E+001
   3.01022E-001   1.36800E+001   1.60200E+001
   3.01054E-001   1.36800E+001   1.60200E+001
   3.01085E-001   1.36800E+001   1.60200E+001
   3.01116E-001   1.36800E+001   1.60200E+001
   3.01148E-001   1.36800E+001   1.60200E+001
   3.01179E-001   1.36800E+001   1.60200E+001
   3.01211E-001   1.36800E+001   1.60200E+001
   3.01242E-001   1.36800E+001   1.60200E+001
   3.01273E-001   1.36800E+001   1.60200E+001
   3.01305E-001   1.36800E+001   1.60200E+001
   3.01336E-001   1.36800E+001   1.60200E+001
   3.01368E-001   1.36800E+001   1.60200E+001
   3.01399E-001   1.36800E+001   1.60200E+001
   3.01430E-001   1.36800E+001   1.60200E+001
   3.01462E-001   1.36800E+001   1.60200E+001
   3.01493E-001   1.36800E+001   1.60200E+001
   3.01524E-001   1.36800E+001   1.60200E+001
   3.01556E-001   1.36800E+001   1.60200E+001
   3.01587E-001   1.36800E+001   1.60200E+001
   3.01619E-001   1.36800E+001   1.60200E+001
   3.01650E-001   1.36800E+001   1.60200E+001
   3.01681E-001   1.36800E+001   1.60200E+001
   3.01713E-001   1.36800E+001   1.60200E+001
   3.01744E-001   1.36800E+001   1.60200E+001
   3.01776E-001   1.36800E+001   1.60200E+001
   3.01807E-001   1.36800E+001   1.60200E+001
   3.01838E-001   1.36800E+001   1.60200E+001
   3.01870E-001   1.36800E+001   1.60200E+001
   3.01901E-001   1.36800E+001   1.60200E+001
   3.01933E-001   1.36800E+001   1.60200E+001
   3.01964E-001   1.36800E+001   1.60200E+001
   3.01995E-001   1.36800E+001   1.60200E+001
   3.02027E-001   1.36800E+001   1.60200E+001
   3.02058E-001   1.36800E+001   1.60200E+001
   3.02089E-001   1.36800E+001   1.60200E+001
   3.02121E-001   1.36800E+001   1.60200E+001
   3.02152E-001   1.36800E+001   1.60200E+001
   3.02184E-001   1.36800E+001   1.60200E+001
   3.02215E-001   1.36800E+001   1.60200E+001
   3.02246E-001   1.36800E+001   1.60200E+001
   3.02278E-001   1.36800E+001   1.60200E+001
   3.02309E-001   1.36800E+001   1.60200E+001
   3.02341E-001   1.36800E+001   1.60200E+001
   3.02372E-001   1.36800E+001   1.60200E+001
   3.02403E-001   1.36800E+001   1.60200E+001
   3.02435E-001   1.36800E+001   1.60200E+001
   3.02466E-001   1.36800E+001   1.60200E+001
   3.02498E-001   1.36800E+001   1.60200E+001
   3.02529E-001   1.36800E+001   1.60200E+001
   3.02560E-001   1.36800E+001   1.60200E+001
   3.02592E-001   1.36800E+001   1.60200E+001
   3.02623E-001   1.36800E+001   1.60200E+001
   3.02654E-001   1.36800E+001   1.60200E+001
   3.02686E-001   1.36800E+001   1.60200E+001
   3.02717E-001   1.36800E+001   1.60200E+001
   3.02749E-001   1.36800E+001   1.60200E+001
   3.02780E-001   1.36800E+001   1.60200E+001
   3.02811E-001   1.36800E+001   1.60200E+001
   3.02843E-001   1.36800E+001   1.60200E+001
   3.02874E-001   1.36800E+001   1.60200E+001
   3.02906E-001   1.36800E+001   1.60200E+001
   3.02937E-001   1.36800E+001   1.60200E+001
   3.02968E-001   1.36800E+001   1.60200E+001
   3.03000E-001   1.36800E+001   1.60200E+001
   3.03031E-001   1.36800E+001   1.60200E+001
   3.03063E-001   1.36800E+001   1.60200E+001
   3.03094E-001   1.36800E+001   1.60200E+001
   3.03125E-001   1.36800E+001   1.60200E+001
   3.03157E-001   1.36800E+001   1.60200E+001
   3.03188E-001   1.36800E+001   1.60200E+001
   3.03219E-001   1.36800E+001   1.60200E+001
   3.03251E-001   1.36800E+001   1.60200E+001
   3.03282E-001   1.36800E+001   1.60200E+001
   3.03314E-001   1.36800E+001   1.60200E+001
   3.03345E-001   1.36800E+001   1.60200E+001
   3.03376E-001   1.36800E+001   1.60200E+001
   3.03408E-001   1.36800E+001   1.60200E+001
   3.03439E-001   1.36800E+001   1.60200E+001
   3.03471E-001   1.36800E+001   1.60200E+001
   3.03502E-001   1.36800E+001   1.60200E+001
   3.03533E-001   1.36800E+001   1.60200E+001
   3.03565E-001   1.36800E+001   1.60200E+001
   3.03596E-001   1.36800E+001   1.60200E+001
   3.03628E-001   1.36800E+001   1.60200E+001
   3.03659E-001   1.36800E+001   1.60200E+001
   3.03690E-001   1.36800E+001   1.60200E+001
   3.03722E-001   1.36800E+001   1.60200E+001
   3.03753E-001   1.36800E+001   1.60200E+001
   3.03784E-001   1.36800E+001   1.60200E+001
   3.03816E-001   1.36800E+001   1.60200E+001
   3.03847E-001   1.36800E+001   1.60200E+001
   3.03879E-001   1.36800E+001   1.60200E+001
   3.03910E-001   1.36800E+001   1.60200E+001
   3.03941E-001   1.36800E+001   1.60200E+001
   3.03973E-001   1.36800E+001   1.60200E+001
   3.04004E-001   1.36800E+001   1.60200E+001
   3.04036E-001   1.36800E+001   1.60200E+001
   3.04067E-001   1.36800E+001   1.60200E+001
   3.04098E-001   1.36800E+001   1.62000E+001
   3.04130E-001   1.36800E+001   1.62000E+001
   3.04161E-001   1.36800E+001   1.62000E+001
   3.04193E-001   1.36800E+001   1.62000E+001
   3.04224E-001   1.36800E+001   1.62000E+001
   3.04255E-001   1.36800E+001   1.62000E+001
   3.04287E-001   1.36800E+001   1.62000E+001
   3.04318E-001   1.36800E+001   1.62000E+001
   3.04349E-001   1.36800E+001   1.62000E+001
   3.04381E-001   1.36800E+001   1.62000E+001
   3.04412E-001   1.36800E+001   1.62000E+001
   3.04444E-001   1.36800E+001   1.62000E+001
   3.04475E-001   1.36800E+001   1.62000E+001
   3.04506E-001   1.36800E+001   1.62000E+001
   3.04538E-001   1.36800E+001   1.62000E+001
   3.04569E-001   1.36800E+001   1.62000E+001
   3.04601E-001   1.36800E+001   1.62000E+001
   3.04632E-001   1.36800E+001   1.62000E+001
   3.04663E-001   1.36800E+001   1.62000E+001
   3.04695E-001   1.36800E+001   1.62000E+001
   3.04726E-001   1.36800E+001   1.62000E+001
   3.04758E-001   1.36800E+001   1.62000E+001
   3.04789E-001   1.36800E+001   1.62000E+001
   3.04820E-001   1.36800E+001   1.62000E+001
   3.04852E-001   1.36800E+001   1.62000E+001
   3.04883E-001   1.36800E+001   1.62000E+001
   3.04914E-001   1.36800E+001   1.62000E+001
   3.04946E-001   1.36800E+001   1.62000E+001
   3.04977E-001   1.36800E+001   1.62000E+001
   3.05009E-001   1.36800E+001   1.62000E+001
   3.05040E-001   1.36800E+001   1.62000E+001
   3.05071E-001   1.36800E+001   1.62000E+001
   3.05103E-001   1.36800E+001   1.62000E+001
   3.05134E-001   1.36800E+001   1.62000E+001
   3.05166E-001   1.36800E+001   1.62000E+001
   3.05197E-001   1.36800E+001   1.62000E+001
   3.05228E-001   1.36800E+001   1.62000E+001
   3.05260E-001   1.36800E+001   1.62000E+001
   3.05291E-001   1.36800E+001   1.62000E+001
   3.05323E-001   1.36800E+001   1.62000E+001
   3.05354E-001   1.36800E+001   1.62000E+001
   3.05385E-001   1.36800E+001   1.62000E+001
   3.05417E-001   1.36800E+001   1.62000E+001
   3.05448E-001   1.36800E+001   1.62000E+001
   3.05479E-001   1.36800E+001   1.62000E+001
   3.05511E-001   1.36800E+001   1.62000E+001
   3.05542E-001   1.36800E+001   1.62000E+001
   3.05574E-001   1.36800E+001   1.62000E+001
   3.05605E-001   1.36800E+001   1.62000E+001
   3.05636E-001   1.36800E+001   1.62000E+001
   3.05668E-001   1.36800E+001   1.62000E+001
   3.05699E-001   1.36800E+001   1.62000E+001
   3.05731E-001   1.36800E+001   1.62000E+001
   3.05762E-001   1.36800E+001   1.62000E+001
   3.05793E-001   1.36800E+001   1.62000E+001
   3.05825E-001   1.36800E+001   1.62000E+001
   3.05856E-001   1.36800E+001   1.62000E+001
   3.05888E-001   1.36800E+001   1.62000E+001
   3.05919E-001   1.36800E+001   1.62000E+001
   3.05950E-001   1.36800E+001   1.62000E+001
   3.05982E-001   1.36800E+001   1.62000E+001
   3.06013E-001   1.36800E+001   1.62000E+001
   3.06044E-001   1.36800E+001   1.62000E+001
   3.06076E-001   1.36800E+001   1.62000E+001
   3.06107E-001   1.36800E+001   1.62000E+001
   3.06139E-001   1.36800E+001   1.62000E+001
   3.06170E-001   1.36800E+001   1.62000E+001
   3.06201E-001   1.36800E+001   1.62000E+001
   3.06233E-001   1.36800E+001   1.62000E+001
   3.06264E-001   1.36800E+001   1.62000E+001
   3.06296E-001   1.36800E+001   1.62000E+001
   3.06327E-001   1.36800E+001   1.62000E+001
   3.06358E-001   1.36800E+001   1.62000E+001
   3.06390E-001   1.36800E+001   1.62000E+001
   3.06421E-001   1.36800E+001   1.62000E+001
   3.06453E-001   1.36800E+001   1.62000E+001
   3.06484E-001   1.36800E+001   1.62000E+001
   3.06515E-001   1.36800E+001   1.62000E+001
   3.06547E-001   1.36800E+001   1.62000E+001
   3.06578E-001   1.36800E+001   1.62000E+001
   3.06610E-001   1.36800E+001   1.62000E+001
   3.06641E-001   1.36800E+001   1.62000E+001
   3.06672E-001   1.36800E+001   1.62000E+001
   3.06704E-001   1.36800E+001   1.62000E+001
   3.06735E-001   1.36800E+001   1.62000E+001
   3.06766E-001   1.36800E+001   1.62000E+001
   3.06798E-001   1.36800E+001   1.62000E+001
   3.06829E-001   1.36800E+001   1.62000E+001
   3.06861E-001   1.36800E+001   1.62000E+001
   3.06892E-001   1.36800E+001   1.62000E+001
   3.06923E-001   1.36800E+001   1.62000E+001
   3.06955E-001   1.36800E+001   1.62000E+001
   3.06986E-001   1.36800E+001   1.62000E+001
   3.07018E-001   1.36800E+001   1.62000E+001
   3.07049E-001   1.36800E+001   1.62000E+001
   3.07080E-001   1.36800E+001   1.62000E+001
   3.07112E-001   1.36800E+001   1.62000E+001
   3.07143E-001   1.36800E+001   1.62000E+001
   3.07175E-001   1.36800E+001   1.62000E+001
   3.07206E-001   1.36800E+001   1.62000E+001
   3.07237E-001   1.36800E+001   1.62000E+001
   3.07269E-001   1.36800E+001   1.62000E+001
   3.07300E-001   1.36800E+001   1.62000E+001
   3.07331E-001   1.36800E+001   1.62000E+001
   3.07363E-001   1.36800E+001   1.62000E+001
   3.07394E-001   1.36800E+001   1.62000E+001
   3.07426E-001   1.36800E+001   1.62000E+001
   3.07457E-001   1.36800E+001   1.62000E+001
   3.07488E-001   1.36800E+001   1.62000E+001
   3.07520E-001   1.36800E+001   1.62000E+001
   3.07551E-001   1.36800E+001   1.62000E+001
   3.07583E-001   1.36800E+001   1.62000E+001
   3.07614E-001   1.36800E+001   1.62000E+001
   3.07645E-001   1.36800E+001   1.62000E+001
   3.07677E-001   1.36800E+001   1.62000E+001
   3.07708E-001   1.36800E+001   1.62000E+001
   3.07740E-001   1.36800E+001   1.62000E+001
   3.07771E-001   1.36800E+001   1.62000E+001
   3.07802E-001   1.36800E+001   1.62000E+001
   3.07834E-001   1.36800E+001   1.62000E+001
   3.07865E-001   1.36800E+001   1.62000E+001
   3.07896E-001   1.36800E+001   1.62000E+001
   3.07928E-001   1.36800E+001   1.62000E+001
   3.07959E-001   1.36800E+001   1.62000E+001
   3.07991E-001   1.36800E+001   1.62000E+001
   3.08022E-001   1.36800E+001   1.62000E+001
   3.08053E-001   1.36800E+001   1.62000E+001
   3.08085E-001   1.36800E+001   1.62000E+001
   3.08116E-001   1.36800E+001   1.62000E+001
   3.08148E-001   1.36800E+001   1.62000E+001
   3.08179E-001   1.36800E+001   1.62000E+001
   3.08210E-001   1.36800E+001   1.62000E+001
   3.08242E-001   1.36800E+001   1.62000E+001
   3.08273E-001   1.36800E+001   1.62000E+001
   3.08305E-001   1.36800E+001   1.62000E+001
   3.08336E-001   1.36800E+001   1.62000E+001
   3.08367E-001   1.36800E+001   1.62000E+001
   3.08399E-001   1.36800E+001   1.62000E+001
   3.08430E-001   1.36800E+001   1.62000E+001
   3.08461E-001   1.36800E+001   1.62000E+001
   3.08493E-001   1.36800E+001   1.62000E+001
   3.08524E-001   1.36800E+001   1.62000E+001
   3.08556E-001   1.36800E+001   1.62000E+001
   3.08587E-001   1.36800E+001   1.62000E+001
   3.08618E-001   1.36800E+001   1.62000E+001
   3.08650E-001   1.36800E+001   1.62000E+001
   3.08681E-001   1.36800E+001   1.62000E+001
   3.08713E-001   1.36800E+001   1.62000E+001
   3.08744E-001   1.36800E+001   1.62000E+001
   3.08775E-001   1.36800E+001   1.62000E+001
   3.08807E-001   1.36800E+001   1.62000E+001
   3.08838E-001   1.36800E+001   1.62000E+001
   3.08870E-001   1.36800E+001   1.62000E+001
   3.08901E-001   1.36800E+001   1.62000E+001
   3.08932E-001   1.36800E+001   1.62000E+001
   3.08964E-001   1.36800E+001   1.62000E+001
   3.08995E-001   1.36800E+001   1.62000E+001
   3.09026E-001   1.36800E+001   1.62000E+001
   3.09058E-001   1.36800E+001   1.62000E+001
   3.09089E-001   1.36800E+001   1.62000E+001
   3.09121E-001   1.36800E+001   1.62000E+001
   3.09152E-001   1.36800E+001   1.62000E+001
   3.09183E-001   1.36800E+001   1.62000E+001
   3.09215E-001   1.36800E+001   1.62000E+001
   3.09246E-001   1.36800E+001   1.62000E+001
   3.09278E-001   1.36800E+001   1.62000E+001
   3.09309E-001   1.36800E+001   1.62000E+001
   3.09340E-001   1.36800E+001   1.62000E+001
   3.09372E-001   1.36800E+001   1.62000E+001
   3.09403E-001   1.36800E+001   1.62000E+001
   3.09435E-001   1.36800E+001   1.62000E+001
   3.09466E-001   1.36800E+001   1.62000E+001
   3.09497E-001   1.36800E+001   1.62000E+001
   3.09529E-001   1.36800E+001   1.62000E+001
   3.09560E-001   1.36800E+001   1.62000E+001
   3.09591E-001   1.36800E+001   1.62000E+001
   3.09623E-001   1.36800E+001   1.62000E+001
   3.09654E-001   1.36800E+001   1.62000E+001
   3.09686E-001   1.36800E+001   1.62000E+001
   3.09717E-001   1.36800E+001   1.62000E+001
   3.09748E-001   1.36800E+001   1.62000E+001
   3.09780E-001   1.36800E+001   1.62000E+001
   3.09811E-001   1.36800E+001   1.62000E+001
   3.09843E-001   1.36800E+001   1.62000E+001
   3.09874E-001   1.36800E+001   1.62000E+001
   3.09905E-001   1.36800E+001   1.62000E+001
   3.09937E-001   1.36800E+001   1.62000E+001
   3.09968E-001   1.36800E+001   1.62000E+001
   3.10000E-001   1.36800E+001   1.62000E+001
   3.10031E-001   1.36800E+001   1.62000E+001
   3.10062E-001   1.36800E+001   1.62000E+001
   3.10094E-001   1.36800E+001   1.62000E+001
   3.10125E-001   1.36800E+001   1.62000E+001
   3.10156E-001   1.36800E+001   1.62000E+001
   3.10188E-001   1.36800E+001   1.62000E+001
   3.10219E-001   1.36800E+001   1.62000E+001
   3.10251E-001   1.36800E+001   1.62000E+001
   3.10282E-001   1.36800E+001   1.62000E+001
   3.10313E-001   1.36800E+001   1.62000E+001
   3.10345E-001   1.36800E+001   1.62000E+001
   3.10376E-001   1.36800E+001   1.62000E+001
   3.10408E-001   1.36800E+001   1.62000E+001
   3.10439E-001   1.36800E+001   1.62000E+001
   3.10470E-001   1.36800E+001   1.62000E+001
   3.10502E-001   1.36800E+001   1.62000E+001
   3.10533E-001   1.36800E+001   1.62000E+001
   3.10565E-001   1.36800E+001   1.62000E+001
   3.10596E-001   1.36800E+001   1.62000E+001
   3.10627E-001   1.36800E+001   1.62000E+001
   3.10659E-001   1.36800E+001   1.62000E+001
   3.10690E-001   1.36800E+001   1.62000E+001
   3.10721E-001   1.36800E+001   1.62000E+001
   3.10753E-001   1.36800E+001   1.62000E+001
   3.10784E-001   1.36800E+001   1.62000E+001
   3.10816E-001   1.36800E+001   1.62000E+001
   3.10847E-001   1.36800E+001   1.62000E+001
   3.10878E-001   1.36800E+001   1.62000E+001
   3.10910E-001   1.36800E+001   1.62000E+001
   3.10941E-001   1.36800E+001   1.63800E+001
   3.10973E-001   1.36800E+001   1.63800E+001
   3.11004E-001   1.36800E+001   1.63800E+001
   3.11035E-001   1.36800E+001   1.63800E+001
   3.11067E-001   1.36800E+001   1.63800E+001
   3.11098E-001   1.36800E+001   1.63800E+001
   3.11130E-001   1.36800E+001   1.63800E+001
   3.11161E-001   1.36800E+001   1.63800E+001
   3.11192E-001   1.36800E+001   1.63800E+001
   3.11224E-001   1.36800E+001   1.63800E+001
   3.11255E-001   1.36800E+001   1.63800E+001
   3.11286E-001   1.36800E+001   1.63800E+001
   3.11318E-001   1.36800E+001   1.63800E+001
   3.11349E-001   1.36800E+001   1.63800E+001
   3.11381E-001   1.36800E+001   1.63800E+001
   3.11412E-001   1.36800E+001   1.63800E+001
   3.11443E-001   1.36800E+001   1.63800E+001
   3.11475E-001   1.36800E+001   1.63800E+001
   3.11506E-001   1.36800E+001   1.63800E+001
   3.11538E-001   1.36800E+001   1.63800E+001
   3.11569E-001   1.36800E+001   1.63800E+001
   3.11600E-001   1.36800E+001   1.63800E+001
   3.11632E-001   1.36800E+001   1.63800E+001
   3.11663E-001   1.36800E+001   1.63800E+001
   3.11695E-001   1.36800E+001   1.63800E+001
   3.11726E-001   1.36800E+001   1.63800E+001
   3.11757E-001   1.36800E+001   1.63800E+001
   3.11789E-001   1.36800E+001   1.63800E+001
   3.11820E-001   1.36800E+001   1.63800E+001
   3.11851E-001   1.36800E+001   1.63800E+001
   3.11883E-001   1.36800E+001   1.63800E+001
   3.11914E-001   1.36800E+001   1.63800E+001
   3.11946E-001   1.36800E+001   1.63800E+001
   3.11977E-001   1.36800E+001   1.63800E+001
   3.12008E-001   1.36800E+001   1.63800E+001
   3.12040E-001   1.36800E+001   1.63800E+001
   3.12071E-001   1.36800E+001   1.63800E+001
   3.12103E-001   1.36800E+001   1.63800E+001
   3.12134E-001   1.36800E+001   1.63800E+001
   3.12165E-001   1.36800E+001   1.63800E+001
   3.12197E-001   1.36800E+001   1.63800E+001
   3.12228E-001   1.36800E+001   1.63800E+001
   3.12260E-001   1.36800E+001   1.63800E+001
   3.12291E-001   1.36800E+001   1.63800E+001
   3.12322E-001   1.36800E+001   1.63800E+001
   3.12354E-001   1.36800E+001   1.63800E+001
   3.12385E-001   1.36800E+001   1.63800E+001
   3.12416E-001   1.36800E+001   1.63800E+001
   3.12448E-001   1.36800E+001   1.63800E+001
   3.12479E-001   1.36800E+001   1.63800E+001
   3.12511E-001   1.36800E+001   1.63800E+001
   3.12542E-001   1.36800E+001   1.63800E+001
   3.12573E-001   1.36800E+001   1.63800E+001
   3.12605E-001   1.36800E+001   1.63800E+001
   3.12636E-001   1.36800E+001   1.63800E+001
   3.12668E-001   1.36800E+001   1.63800E+001
   3.12699E-001   1.36800E+001   1.63800E+001
   3.12730E-001   1.36800E+001   1.63800E+001
   3.12762E-001   1.36800E+001   1.63800E+001
   3.12793E-001   1.36800E+001   1.63800E+001
   3.12825E-001   1.36800E+001   1.63800E+001
   3.12856E-001   1.36800E+001   1.63800E+001
   3.12887E-001   1.36800E+001   1.63800E+001
   3.12919E-001   1.36800E+001   1.63800E+001
   3.12950E-001   1.36800E+001   1.63800E+001
   3.12982E-001   1.36800E+001   1.63800E+001
   3.13013E-001   1.36800E+001   1.63800E+001
   3.13044E-001   1.36800E+001   1.63800E+001
   3.13076E-001   1.36800E+001   1.63800E+001
   3.13107E-001   1.36800E+001   1.63800E+001
   3.13138E-001   1.36800E+001   1.63800E+001
   3.13170E-001   1.36800E+001   1.63800E+001
   3.13201E-001   1.36800E+001   1.63800E+001
   3.13233E-001   1.36800E+001   1.63800E+001
   3.13264E-001   1.36800E+001   1.63800E+001
   3.13295E-001   1.36800E+001   1.63800E+001
   3.13327E-001   1.36800E+001   1.63800E+001
   3.13358E-001   1.36800E+001   1.63800E+001
   3.13390E-001   1.36800E+001   1.63800E+001
   3.13421E-001   1.36800E+001   1.63800E+001
   3.13452E-001   1.36800E+001   1.63800E+001
   3.13484E-001   1.36800E+001   1.63800E+001
   3.13515E-001   1.36800E+001   1.63800E+001
   3.13547E-001   1.36800E+001   1.63800E+001
   3.13578E-001   1.36800E+001   1.63800E+001
   3.13609E-001   1.36800E+001   1.63800E+001
   3.13641E-001   1.36800E+001   1.63800E+001
   3.13672E-001   1.36800E+001   1.63800E+001
   3.13703E-001   1.36800E+001   1.63800E+001
   3.13735E-001   1.36800E+001   1.63800E+001
   3.13766E-001   1.36800E+001   1.63800E+001
   3.13798E-001   1.36800E+001   1.63800E+001
   3.13829E-001   1.36800E+001   1.63800E+001
   3.13860E-001   1.36800E+001   1.63800E+001
   3.13892E-001   1.36800E+001   1.63800E+001
   3.13923E-001   1.36800E+001   1.63800E+001
   3.13955E-001   1.36800E+001   1.63800E+001
   3.13986E-001   1.36800E+001   1.63800E+001
   3.14017E-001   1.36800E+001   1.63800E+001
   3.14049E-001   1.36800E+001   1.63800E+001
   3.14080E-001   1.36800E+001   1.63800E+001
   3.14112E-001   1.36800E+001   1.63800E+001
   3.14143E-001   1.36800E+001   1.63800E+001
   3.14174E-001   1.36800E+001   1.63800E+001
   3.14206E-001   1.36800E+001   1.63800E+001
   3.14237E-001   1.36800E+001   1.63800E+001
   3.14268E-001   1.36800E+001   1.63800E+001
   3.14300E-001   1.36800E+001   1.63800E+001
   3.14331E-001   1.36800E+001   1.63800E+001
   3.14363E-001   1.36800E+001   1.63800E+001
   3.14394E-001   1.36800E+001   1.63800E+001
   3.14425E-001   1.36800E+001   1.63800E+001
   3.14457E-001   1.36800E+001   1.63800E+001
   3.14488E-001   1.36800E+001   1.63800E+001
   3.14520E-001   1.36800E+001   1.63800E+001
   3.14551E-001   1.36800E+001   1.63800E+001
   3.14582E-001   1.36800E+001   1.63800E+001
   3.14614E-001   1.36800E+001   1.63800E+001
   3.14645E-001   1.36800E+001   1.63800E+001
   3.14677E-001   1.36800E+001   1.63800E+001
   3.14708E-001   1.36800E+001   1.63800E+001
   3.14739E-001   1.36800E+001   1.63800E+001
   3.14771E-001   1.36800E+001   1.63800E+001
   3.14802E-001   1.36800E+001   1.63800E+001
   3.14833E-001   1.36800E+001   1.63800E+001
   3.14865E-001   1.36800E+001   1.63800E+001
   3.14896E-001   1.36800E+001   1.63800E+001
   3.14928E-001   1.36800E+001   1.63800E+001
   3.14959E-001   1.36800E+001   1.63800E+001
   3.14990E-001   1.36800E+001   1.63800E+001
   3.15022E-001   1.36800E+001   1.63800E+001
   3.15053E-001   1.36800E+001   1.63800E+001
   3.15085E-001   1.36800E+001   1.63800E+001
   3.15116E-001   1.36800E+001   1.63800E+001
   3.15147E-001   1.36800E+001   1.63800E+001
   3.15179E-001   1.36800E+001   1.63800E+001
   3.15210E-001   1.36800E+001   1.63800E+001
   3.15242E-001   1.36800E+001   1.63800E+001
   3.15273E-001   1.36800E+001   1.63800E+001
   3.15304E-001   1.36800E+001   1.63800E+001
   3.15336E-001   1.36800E+001   1.63800E+001
   3.15367E-001   1.36800E+001   1.63800E+001
   3.15398E-001   1.36800E+001   1.63800E+001
   3.15430E-001   1.36800E+001   1.63800E+001
   3.15461E-001   1.36800E+001   1.63800E+001
   3.15493E-001   1.36800E+001   1.63800E+001
   3.15524E-001   1.36800E+001   1.63800E+001
   3.15555E-001   1.36800E+001   1.63800E+001
   3.15587E-001   1.36800E+001   1.63800E+001
   3.15618E-001   1.36800E+001   1.63800E+001
   3.15650E-001   1.36800E+001   1.63800E+001
   3.15681E-001   1.36800E+001   1.63800E+001
   3.15712E-001   1.36800E+001   1.63800E+001
   3.15744E-001   1.36800E+001   1.63800E+001
   3.15775E-001   1.36800E+001   1.63800E+001
   3.15807E-001   1.36800E+001   1.63800E+001
   3.15838E-001   1.36800E+001   1.63800E+001
   3.15869E-001   1.36800E+001   1.63800E+001
   3.15901E-001   1.36800E+001   1.63800E+001
   3.15932E-001   1.36800E+001   1.63800E+001
   3.15963E-001   1.36800E+001   1.63800E+001
   3.15995E-001   1.36800E+001   1.63800E+001
   3.16026E-001   1.36800E+001   1.63800E+001
   3.16058E-001   1.36800E+001   1.63800E+001
   3.16089E-001   1.36800E+001   1.63800E+001
   3.16120E-001   1.36800E+001   1.63800E+001
   3.16152E-001   1.36800E+001   1.63800E+001
   3.16183E-001   1.36800E+001   1.63800E+001
   3.16215E-001   1.36800E+001   1.63800E+001
   3.16246E-001   1.36800E+001   1.63800E+001
   3.16277E-001   1.36800E+001   1.63800E+001
   3.16309E-001   1.36800E+001   1.63800E+001
   3.16340E-001   1.36800E+001   1.63800E+001
   3.16372E-001   1.36800E+001   1.63800E+001
   3.16403E-001   1.36800E+001   1.63800E+001
   3.16434E-001   1.36800E+001   1.63800E+001
   3.16466E-001   1.36800E+001   1.63800E+001
   3.16497E-001   1.36800E+001   1.63800E+001
   3.16528E-001   1.36800E+001   1.63800E+001
   3.16560E-001   1.36800E+001   1.63800E+001
   3.16591E-001   1.36800E+001   1.63800E+001
   3.16623E-001   1.36800E+001   1.63800E+001
   3.16654E-001   1.36800E+001   1.63800E+001
   3.16685E-001   1.36800E+001   1.63800E+001
   3.16717E-001   1.36800E+001   1.63800E+001
   3.16748E-001   1.36800E+001   1.63800E+001
   3.16780E-001   1.36800E+001   1.63800E+001
   3.16811E-001   1.36800E+001   1.63800E+001
   3.16842E-001   1.36800E+001   1.63800E+001
   3.16874E-001   1.36800E+001   1.63800E+001
   3.16905E-001   1.36800E+001   1.63800E+001
   3.16937E-001   1.36800E+001   1.63800E+001
   3.16968E-001   1.36800E+001   1.63800E+001
   3.16999E-001   1.36800E+001   1.63800E+001
   3.17031E-001   1.36800E+001   1.63800E+001
   3.17062E-001   1.36800E+001   1.63800E+001
   3.17093E-001   1.36800E+001   1.63800E+001
   3.17125E-001   1.36800E+001   1.63800E+001
   3.17156E-001   1.36800E+001   1.63800E+001
   3.17188E-001   1.36800E+001   1.63800E+001
   3.17219E-001   1.36800E+001   1.63800E+001
   3.17250E-001   1.36800E+001   1.63800E+001
   3.17282E-001   1.36800E+001   1.63800E+001
   3.17313E-001   1.36800E+001   1.63800E+001
   3.17345E-001   1.36800E+001   1.63800E+001
   3.17376E-001   1.36800E+001   1.63800E+001
   3.17407E-001   1.36800E+001   1.63800E+001
   3.17439E-001   1.36800E+001   1.63800E+001
   3.17470E-001   1.36800E+001   1.63800E+001
   3.17502E-001   1.36800E+001   1.63800E+001
   3.17533E-001   1.36800E+001   1.63800E+001
   3.17564E-001   1.36800E+001   1.63800E+001
   3.17596E-001   1.36800E+001   1.63800E+001
   3.17627E-001   1.36800E+001   1.63800E+001
   3.17658E-001   1.36800E+001   1.63800E+001
   3.17690E-001   1.36800E+001   1.63800E+001
   3.17721E-001   1.36800E+001   1.63800E+001
   3.17753E-001   1.36800E+001   1.63800E+001
   3.17784E-001   1.36800E+001   1.63800E+001
   3.17815E-001   1.36800E+001   1.63800E+001
   3.17847E-001   1.36800E+001   1.63800E+001
   3.17878E-001   1.36800E+001   1.65600E+001
   3.17910E-001   1.36800E+001   1.65600E+001
   3.17941E-001   1.36800E+001   1.65600E+001
   3.17972E-001   1.36800E+001   1.65600E+001
   3.18004E-001   1.36800E+001   1.65600E+001
   3.18035E-001   1.36800E+001   1.65600E+001
   3.18067E-001   1.36800E+001   1.65600E+001
   3.18098E-001   1.36800E+001   1.65600E+001
   3.18129E-001   1.36800E+001   1.65600E+001
   3.18161E-001   1.36800E+001   1.65600E+001
   3.18192E-001   1.36800E+001   1.65600E+001
   3.18223E-001   1.36800E+001   1.65600E+001
   3.18255E-001   1.36800E+001   1.65600E+001
   3.18286E-001   1.36800E+001   1.65600E+001
   3.18318E-001   1.36800E+001   1.65600E+001
   3.18349E-001   1.36800E+001   1.65600E+001
   3.18380E-001   1.36800E+001   1.65600E+001
   3.18412E-001   1.36800E+001   1.65600E+001
   3.18443E-001   1.36800E+001   1.65600E+001
   3.18475E-001   1.36800E+001   1.65600E+001
   3.18506E-001   1.36800E+001   1.65600E+001
   3.18537E-001   1.36800E+001   1.65600E+001
   3.18569E-001   1.36800E+001   1.65600E+001
   3.18600E-001   1.36800E+001   1.65600E+001
   3.18632E-001   1.36800E+001   1.65600E+001
   3.18663E-001   1.36800E+001   1.65600E+001
   3.18694E-001   1.36800E+001   1.65600E+001
   3.18726E-001   1.36800E+001   1.65600E+001
   3.18757E-001   1.36800E+001   1.65600E+001
   3.18789E-001   1.36800E+001   1.65600E+001
   3.18820E-001   1.36800E+001   1.65600E+001
   3.18851E-001   1.36800E+001   1.65600E+001
   3.18883E-001   1.36800E+001   1.65600E+001
   3.18914E-001   1.36800E+001   1.65600E+001
   3.18945E-001   1.36800E+001   1.65600E+001
   3.18977E-001   1.36800E+001   1.65600E+001
   3.19008E-001   1.36800E+001   1.65600E+001
   3.19040E-001   1.36800E+001   1.65600E+001
   3.19071E-001   1.36800E+001   1.65600E+001
   3.19102E-001   1.36800E+001   1.65600E+001
   3.19134E-001   1.36800E+001   1.65600E+001
   3.19165E-001   1.36800E+001   1.65600E+001
   3.19197E-001   1.36800E+001   1.65600E+001
   3.19228E-001   1.36800E+001   1.65600E+001
   3.19259E-001   1.36800E+001   1.65600E+001
   3.19291E-001   1.36800E+001   1.65600E+001
   3.19322E-001   1.36800E+001   1.65600E+001
   3.19354E-001   1.36800E+001   1.65600E+001
   3.19385E-001   1.36800E+001   1.65600E+001
   3.19416E-001   1.36800E+001   1.65600E+001
   3.19448E-001   1.36800E+001   1.65600E+001
   3.19479E-001   1.36800E+001   1.65600E+001
   3.19510E-001   1.36800E+001   1.65600E+001
   3.19542E-001   1.36800E+001   1.65600E+001
   3.19573E-001   1.36800E+001   1.65600E+001
   3.19605E-001   1.36800E+001   1.65600E+001
   3.19636E-001   1.36800E+001   1.65600E+001
   3.19667E-001   1.36800E+001   1.65600E+001
   3.19699E-001   1.36800E+001   1.65600E+001
   3.19730E-001   1.36800E+001   1.65600E+001
   3.19762E-001   1.36800E+001   1.65600E+001
   3.19793E-001   1.36800E+001   1.65600E+001
   3.19824E-001   1.36800E+001   1.65600E+001
   3.19856E-001   1.36800E+001   1.65600E+001
   3.19887E-001   1.36800E+001   1.65600E+001
   3.19919E-001   1.36800E+001   1.65600E+001
   3.19950E-001   1.36800E+001   1.65600E+001
   3.19981E-001   1.36800E+001   1.65600E+001
   3.20013E-001   1.36800E+001   1.65600E+001
   3.20044E-001   1.36800E+001   1.65600E+001
   3.20075E-001   1.36800E+001   1.65600E+001
   3.20107E-001   1.36800E+001   1.65600E+001
   3.20138E-001   1.36800E+001   1.65600E+001
   3.20170E-001   1.36800E+001   1.65600E+001
   3.20201E-001   1.36800E+001   1.65600E+001
   3.20232E-001   1.36800E+001   1.65600E+001
   3.20264E-001   1.36800E+001   1.65600E+001
   3.20295E-001   1.36800E+001   1.65600E+001
   3.20327E-001   1.36800E+001   1.65600E+001
   3.20358E-001   1.36800E+001   1.65600E+001
   3.20389E-001   1.36800E+001   1.65600E+001
   3.20421E-001   1.36800E+001   1.65600E+001
   3.20452E-001   1.36800E+001   1.65600E+001
   3.20484E-001   1.36800E+001   1.65600E+001
   3.20515E-001   1.36800E+001   1.65600E+001
   3.20546E-001   1.36800E+001   1.65600E+001
   3.20578E-001   1.36800E+001   1.65600E+001
   3.20609E-001   1.36800E+001   1.65600E+001
   3.20640E-001   1.36800E+001   1.65600E+001
   3.20672E-001   1.36800E+001   1.65600E+001
   3.20703E-001   1.36800E+001   1.65600E+001
   3.20735E-001   1.36800E+001   1.65600E+001
   3.20766E-001   1.36800E+001   1.65600E+001
   3.20797E-001   1.36800E+001   1.65600E+001
   3.20829E-001   1.36800E+001   1.65600E+001
   3.20860E-001   1.36800E+001   1.65600E+001
   3.20892E-001   1.36800E+001   1.65600E+001
   3.20923E-001   1.36800E+001   1.65600E+001
   3.20954E-001   1.36800E+001   1.65600E+001
   3.20986E-001   1.36800E+001   1.65600E+001
   3.21017E-001   1.36800E+001   1.65600E+001
   3.21049E-001   1.36800E+001   1.65600E+001
   3.21080E-001   1.36800E+001   1.65600E+001
   3.21111E-001   1.36800E+001   1.65600E+001
   3.21143E-001   1.36800E+001   1.65600E+001
   3.21174E-001   1.36800E+001   1.65600E+001
   3.21205E-001   1.36800E+001   1.65600E+001
   3.21237E-001   1.36800E+001   1.65600E+001
   3.21268E-001   1.36800E+001   1.65600E+001
   3.21300E-001   1.36800E+001   1.65600E+001
   3.21331E-001   1.36800E+001   1.65600E+001
   3.21362E-001   1.36800E+001   1.65600E+001
   3.21394E-001   1.36800E+001   1.65600E+001
   3.21425E-001   1.36800E+001   1.65600E+001
   3.21457E-001   1.36800E+001   1.65600E+001
   3.21488E-001   1.36800E+001   1.65600E+001
   3.21519E-001   1.36800E+001   1.65600E+001
   3.21551E-001   1.36800E+001   1.65600E+001
   3.21582E-001   1.36800E+001   1.65600E+001
   3.21614E-001   1.36800E+001   1.65600E+001
   3.21645E-001   1.36800E+001   1.65600E+001
   3.21676E-001   1.36800E+001   1.65600E+001
   3.21708E-001   1.36800E+001   1.65600E+001
   3.21739E-001   1.36800E+001   1.65600E+001
   3.21770E-001   1.36800E+001   1.65600E+001
   3.21802E-001   1.36800E+001   1.65600E+001
   3.21833E-001   1.36800E+001   1.65600E+001
   3.21865E-001   1.36800E+001   1.65600E+001
   3.21896E-001   1.36800E+001   1.65600E+001
   3.21927E-001   1.36800E+001   1.65600E+001
   3.21959E-001   1.36800E+001   1.65600E+001
   3.21990E-001   1.36800E+001   1.65600E+001
   3.22022E-001   1.36800E+001   1.65600E+001
   3.22053E-001   1.36800E+001   1.65600E+001
   3.22084E-001   1.36800E+001   1.65600E+001
   3.22116E-001   1.36800E+001   1.65600E+001
   3.22147E-001   1.36800E+001   1.65600E+001
   3.22179E-001   1.36800E+001   1.65600E+001
   3.22210E-001   1.36800E+001   1.65600E+001
   3.22241E-001   1.36800E+001   1.65600E+001
   3.22273E-001   1.36800E+001   1.65600E+001
   3.22304E-001   1.36800E+001   1.65600E+001
   3.22335E-001   1.36800E+001   1.65600E+001
   3.22367E-001   1.36800E+001   1.65600E+001
   3.22398E-001   1.36800E+001   1.65600E+001
   3.22430E-001   1.36800E+001   1.65600E+001
   3.22461E-001   1.36800E+001   1.65600E+001
   3.22492E-001   1.36800E+001   1.65600E+001
   3.22524E-001   1.36800E+001   1.65600E+001
   3.22555E-001   1.36800E+001   1.65600E+001
   3.22587E-001   1.36800E+001   1.65600E+001
   3.22618E-001   1.36800E+001   1.65600E+001
   3.22649E-001   1.36800E+001   1.65600E+001
   3.22681E-001   1.36800E+001   1.65600E+001
   3.22712E-001   1.36800E+001   1.65600E+001
   3.22744E-001   1.36800E+001   1.65600E+001
   3.22775E-001   1.36800E+001   1.65600E+001
   3.22806E-001   1.36800E+001   1.65600E+001
   3.22838E-001   1.36800E+001   1.65600E+001
   3.22869E-001   1.36800E+001   1.65600E+001
   3.22900E-001   1.36800E+001   1.65600E+001
   3.22932E-001   1.36800E+001   1.65600E+001
   3.22963E-001   1.36800E+001   1.65600E+001
   3.22995E-001   1.36800E+001   1.65600E+001
   3.23026E-001   1.36800E+001   1.65600E+001
   3.23057E-001   1.36800E+001   1.65600E+001
   3.23089E-001   1.36800E+001   1.65600E+001
   3.23120E-001   1.36800E+001   1.65600E+001
   3.23152E-001   1.36800E+001   1.65600E+001
   3.23183E-001   1.36800E+001   1.65600E+001
   3.23214E-001   1.36800E+001   1.65600E+001
   3.23246E-001   1.36800E+001   1.65600E+001
   3.23277E-001   1.36800E+001   1.65600E+001
   3.23309E-001   1.36800E+001   1.65600E+001
   3.23340E-001   1.36800E+001   1.65600E+001
   3.23371E-001   1.36800E+001   1.65600E+001
   3.23403E-001   1.36800E+001   1.65600E+001
   3.23434E-001   1.36800E+001   1.65600E+001
   3.23465E-001   1.36800E+001   1.65600E+001
   3.23497E-001   1.36800E+001   1.65600E+001
   3.23528E-001   1.36800E+001   1.65600E+001
   3.23560E-001   1.36800E+001   1.65600E+001
   3.23591E-001   1.36800E+001   1.65600E+001
   3.23622E-001   1.36800E+001   1.65600E+001
   3.23654E-001   1.36800E+001   1.65600E+001
   3.23685E-001   1.36800E+001   1.65600E+001
   3.23717E-001   1.36800E+001   1.65600E+001
   3.23748E-001   1.36800E+001   1.65600E+001
   3.23779E-001   1.36800E+001   1.65600E+001
   3.23811E-001   1.36800E+001   1.65600E+001
   3.23842E-001   1.36800E+001   1.65600E+001
   3.23874E-001   1.36800E+001   1.65600E+001
   3.23905E-001   1.36800E+001   1.65600E+001
   3.23936E-001   1.36800E+001   1.65600E+001
   3.23968E-001   1.36800E+001   1.65600E+001
   3.23999E-001   1.36800E+001   1.65600E+001
   3.24030E-001   1.36800E+001   1.65600E+001
   3.24062E-001   1.36800E+001   1.65600E+001
   3.24093E-001   1.36800E+001   1.65600E+001
   3.24125E-001   1.36800E+001   1.65600E+001
   3.24156E-001   1.36800E+001   1.65600E+001
   3.24187E-001   1.36800E+001   1.65600E+001
   3.24219E-001   1.36800E+001   1.65600E+001
   3.24250E-001   1.36800E+001   1.65600E+001
   3.24282E-001   1.36800E+001   1.65600E+001
   3.24313E-001   1.36800E+001   1.65600E+001
   3.24344E-001   1.36800E+001   1.65600E+001
   3.24376E-001   1.36800E+001   1.65600E+001
   3.24407E-001   1.36800E+001   1.65600E+001
   3.24439E-001   1.36800E+001   1.65600E+001
   3.24470E-001   1.36800E+001   1.65600E+001
   3.24501E-001   1.36800E+001   1.65600E+001
   3.24533E-001   1.36800E+001   1.65600E+001
   3.24564E-001   1.36800E+001   1.65600E+001
   3.24596E-001   1.36800E+001   1.65600E+001
   3.24627E-001   1.36800E+001   1.65600E+001
   3.24658E-001   1.36800E+001   1.65600E+001
   3.24690E-001   1.36800E+001   1.65600E+001
   3.24721E-001   1.36800E+001   1.65600E+001
   3.24752E-001   1.36800E+001   1.65600E+001
   3.24784E-001   1.36800E+001   1.65600E+001
   3.24815E-001   1.36800E+001   1.65600E+001
   3.24847E-001   1.36800E+001   1.65600E+001
   3.24878E-001   1.36800E+001   1.67400E+001
   3.24909E-001   1.36800E+001   1.67400E+001
   3.24941E-001   1.36800E+001   1.67400E+001
   3.24972E-001   1.36800E+001   1.67400E+001
   3.25004E-001   1.36800E+001   1.67400E+001
   3.25035E-001   1.36800E+001   1.67400E+001
   3.25066E-001   1.36800E+001   1.67400E+001
   3.25098E-001   1.36800E+001   1.67400E+001
   3.25129E-001   1.36800E+001   1.67400E+001
   3.25161E-001   1.36800E+001   1.67400E+001
   3.25192E-001   1.36800E+001   1.67400E+001
   3.25223E-001   1.36800E+001   1.67400E+001
   3.25255E-001   1.36800E+001   1.67400E+001
   3.25286E-001   1.36800E+001   1.67400E+001
   3.25317E-001   1.36800E+001   1.67400E+001
   3.25349E-001   1.36800E+001   1.67400E+001
   3.25380E-001   1.36800E+001   1.67400E+001
   3.25412E-001   1.36800E+001   1.67400E+001
   3.25443E-001   1.36800E+001   1.67400E+001
   3.25474E-001   1.36800E+001   1.67400E+001
   3.25506E-001   1.36800E+001   1.67400E+001
   3.25537E-001   1.36800E+001   1.67400E+001
   3.25569E-001   1.36800E+001   1.67400E+001
   3.25600E-001   1.36800E+001   1.67400E+001
   3.25631E-001   1.36800E+001   1.67400E+001
   3.25663E-001   1.36800E+001   1.67400E+001
   3.25694E-001   1.36800E+001   1.67400E+001
   3.25726E-001   1.36800E+001   1.67400E+001
   3.25757E-001   1.36800E+001   1.67400E+001
   3.25788E-001   1.36800E+001   1.67400E+001
   3.25820E-001   1.36800E+001   1.67400E+001
   3.25851E-001   1.36800E+001   1.67400E+001
   3.25882E-001   1.36800E+001   1.67400E+001
   3.25914E-001   1.36800E+001   1.67400E+001
   3.25945E-001   1.36800E+001   1.67400E+001
   3.25977E-001   1.36800E+001   1.67400E+001
   3.26008E-001   1.36800E+001   1.67400E+001
   3.26039E-001   1.36800E+001   1.67400E+001
   3.26071E-001   1.36800E+001   1.67400E+001
   3.26102E-001   1.36800E+001   1.67400E+001
   3.26134E-001   1.36800E+001   1.67400E+001
   3.26165E-001   1.36800E+001   1.67400E+001
   3.26196E-001   1.36800E+001   1.67400E+001
   3.26228E-001   1.36800E+001   1.67400E+001
   3.26259E-001   1.36800E+001   1.67400E+001
   3.26291E-001   1.36800E+001   1.67400E+001
   3.26322E-001   1.36800E+001   1.67400E+001
   3.26353E-001   1.36800E+001   1.67400E+001
   3.26385E-001   1.36800E+001   1.67400E+001
   3.26416E-001   1.36800E+001   1.67400E+001
   3.26447E-001   1.36800E+001   1.67400E+001
   3.26479E-001   1.36800E+001   1.67400E+001
   3.26510E-001   1.36800E+001   1.67400E+001
   3.26542E-001   1.36800E+001   1.67400E+001
   3.26573E-001   1.36800E+001   1.67400E+001
   3.26604E-001   1.36800E+001   1.67400E+001
   3.26636E-001   1.36800E+001   1.67400E+001
   3.26667E-001   1.36800E+001   1.67400E+001
   3.26699E-001   1.36800E+001   1.67400E+001
   3.26730E-001   1.36800E+001   1.67400E+001
   3.26761E-001   1.36800E+001   1.67400E+001
   3.26793E-001   1.36800E+001   1.67400E+001
   3.26824E-001   1.36800E+001   1.67400E+001
   3.26856E-001   1.36800E+001   1.67400E+001
   3.26887E-001   1.36800E+001   1.67400E+001
   3.26918E-001   1.36800E+001   1.67400E+001
   3.26950E-001   1.36800E+001   1.67400E+001
   3.26981E-001   1.36800E+001   1.67400E+001
   3.27012E-001   1.36800E+001   1.67400E+001
   3.27044E-001   1.36800E+001   1.67400E+001
   3.27075E-001   1.36800E+001   1.67400E+001
   3.27107E-001   1.36800E+001   1.67400E+001
   3.27138E-001   1.36800E+001   1.67400E+001
   3.27169E-001   1.36800E+001   1.67400E+001
   3.27201E-001   1.36800E+001   1.67400E+001
   3.27232E-001   1.36800E+001   1.67400E+001
   3.27264E-001   1.36800E+001   1.67400E+001
   3.27295E-001   1.36800E+001   1.67400E+001
   3.27326E-001   1.36800E+001   1.67400E+001
   3.27358E-001   1.36800E+001   1.67400E+001
   3.27389E-001   1.36800E+001   1.67400E+001
   3.27421E-001   1.36800E+001   1.67400E+001
   3.27452E-001   1.36800E+001   1.67400E+001
   3.27483E-001   1.36800E+001   1.67400E+001
   3.27515E-001   1.36800E+001   1.67400E+001
   3.27546E-001   1.36800E+001   1.67400E+001
   3.27577E-001   1.36800E+001   1.67400E+001
   3.27609E-001   1.36800E+001   1.67400E+001
   3.27640E-001   1.36800E+001   1.67400E+001
   3.27672E-001   1.36800E+001   1.67400E+001
   3.27703E-001   1.36800E+001   1.67400E+001
   3.27734E-001   1.36800E+001   1.67400E+001
   3.27766E-001   1.36800E+001   1.67400E+001
   3.27797E-001   1.36800E+001   1.67400E+001
   3.27829E-001   1.36800E+001   1.67400E+001
   3.27860E-001   1.36800E+001   1.67400E+001
   3.27891E-001   1.36800E+001   1.67400E+001
   3.27923E-001   1.36800E+001   1.67400E+001
   3.27954E-001   1.36800E+001   1.67400E+001
   3.27986E-001   1.36800E+001   1.67400E+001
   3.28017E-001   1.36800E+001   1.67400E+001
   3.28048E-001   1.36800E+001   1.67400E+001
   3.28080E-001   1.36800E+001   1.67400E+001
   3.28111E-001   1.36800E+001   1.67400E+001
   3.28142E-001   1.36800E+001   1.67400E+001
   3.28174E-001   1.36800E+001   1.67400E+001
   3.28205E-001   1.36800E+001   1.67400E+001
   3.28237E-001   1.36800E+001   1.67400E+001
   3.28268E-001   1.36800E+001   1.67400E+001
   3.28299E-001   1.36800E+001   1.67400E+001
   3.28331E-001   1.36800E+001   1.67400E+001
   3.28362E-001   1.36800E+001   1.67400E+001
   3.28394E-001   1.36800E+001   1.67400E+001
   3.28425E-001   1.36800E+001   1.67400E+001
   3.28456E-001   1.36800E+001   1.67400E+001
   3.28488E-001   1.36800E+001   1.67400E+001
   3.28519E-001   1.36800E+001   1.67400E+001
   3.28551E-001   1.36800E+001   1.67400E+001
   3.28582E-001   1.36800E+001   1.67400E+001
   3.28613E-001   1.36800E+001   1.67400E+001
   3.28645E-001   1.36800E+001   1.67400E+001
   3.28676E-001   1.36800E+001   1.67400E+001
   3.28707E-001   1.36800E+001   1.67400E+001
   3.28739E-001   1.36800E+001   1.67400E+001
   3.28770E-001   1.36800E+001   1.67400E+001
   3.28802E-001   1.36800E+001   1.67400E+001
   3.28833E-001   1.36800E+001   1.67400E+001
   3.28864E-001   1.36800E+001   1.67400E+001
   3.28896E-001   1.36800E+001   1.67400E+001
   3.28927E-001   1.36800E+001   1.67400E+001
   3.28959E-001   1.36800E+001   1.67400E+001
   3.28990E-001   1.36800E+001   1.67400E+001
   3.29021E-001   1.36800E+001   1.67400E+001
   3.29053E-001   1.36800E+001   1.67400E+001
   3.29084E-001   1.36800E+001   1.67400E+001
   3.29116E-001   1.36800E+001   1.67400E+001
   3.29147E-001   1.36800E+001   1.67400E+001
   3.29178E-001   1.36800E+001   1.67400E+001
   3.29210E-001   1.36800E+001   1.67400E+001
   3.29241E-001   1.36800E+001   1.67400E+001
   3.29272E-001   1.36800E+001   1.67400E+001
   3.29304E-001   1.36800E+001   1.67400E+001
   3.29335E-001   1.36800E+001   1.67400E+001
   3.29367E-001   1.36800E+001   1.67400E+001
   3.29398E-001   1.36800E+001   1.67400E+001
   3.29429E-001   1.36800E+001   1.67400E+001
   3.29461E-001   1.36800E+001   1.67400E+001
   3.29492E-001   1.36800E+001   1.67400E+001
   3.29524E-001   1.36800E+001   1.67400E+001
   3.29555E-001   1.36800E+001   1.67400E+001
   3.29586E-001   1.36800E+001   1.67400E+001
   3.29618E-001   1.36800E+001   1.67400E+001
   3.29649E-001   1.36800E+001   1.67400E+001
   3.29681E-001   1.36800E+001   1.67400E+001
   3.29712E-001   1.36800E+001   1.67400E+001
   3.29743E-001   1.36800E+001   1.67400E+001
   3.29775E-001   1.36800E+001   1.67400E+001
   3.29806E-001   1.36800E+001   1.67400E+001
   3.29837E-001   1.36800E+001   1.67400E+001
   3.29869E-001   1.36800E+001   1.67400E+001
   3.29900E-001   1.36800E+001   1.67400E+001
   3.29932E-001   1.36800E+001   1.67400E+001
   3.29963E-001   1.36800E+001   1.67400E+001
   3.29994E-001   1.36800E+001   1.67400E+001
   3.30026E-001   1.36800E+001   1.67400E+001
   3.30057E-001   1.36800E+001   1.67400E+001
   3.30089E-001   1.36800E+001   1.67400E+001
   3.30120E-001   1.36800E+001   1.67400E+001
   3.30151E-001   1.36800E+001   1.67400E+001
   3.30183E-001   1.36800E+001   1.67400E+001
   3.30214E-001   1.36800E+001   1.67400E+001
   3.30246E-001   1.36800E+001   1.67400E+001
   3.30277E-001   1.36800E+001   1.67400E+001
   3.30308E-001   1.36800E+001   1.67400E+001
   3.30340E-001   1.36800E+001   1.67400E+001
   3.30371E-001   1.36800E+001   1.67400E+001
   3.30402E-001   1.36800E+001   1.67400E+001
   3.30434E-001   1.36800E+001   1.67400E+001
   3.30465E-001   1.36800E+001   1.67400E+001
   3.30497E-001   1.36800E+001   1.67400E+001
   3.30528E-001   1.36800E+001   1.67400E+001
   3.30559E-001   1.36800E+001   1.67400E+001
   3.30591E-001   1.36800E+001   1.67400E+001
   3.30622E-001   1.36800E+001   1.67400E+001
   3.30654E-001   1.36800E+001   1.67400E+001
   3.30685E-001   1.36800E+001   1.67400E+001
   3.30716E-001   1.36800E+001   1.67400E+001
   3.30748E-001   1.36800E+001   1.67400E+001
   3.30779E-001   1.36800E+001   1.67400E+001
   3.30811E-001   1.36800E+001   1.67400E+001
   3.30842E-001   1.36800E+001   1.67400E+001
   3.30873E-001   1.36800E+001   1.67400E+001
   3.30905E-001   1.36800E+001   1.67400E+001
   3.30936E-001   1.36800E+001   1.67400E+001
   3.30968E-001   1.36800E+001   1.67400E+001
   3.30999E-001   1.36800E+001   1.67400E+001
   3.31030E-001   1.36800E+001   1.67400E+001
   3.31062E-001   1.36800E+001   1.67400E+001
   3.31093E-001   1.36800E+001   1.67400E+001
   3.31124E-001   1.36800E+001   1.67400E+001
   3.31156E-001   1.36800E+001   1.67400E+001
   3.31187E-001   1.36800E+001   1.67400E+001
   3.31219E-001   1.36800E+001   1.67400E+001
   3.31250E-001   1.36800E+001   1.67400E+001
   3.31281E-001   1.36800E+001   1.67400E+001
   3.31313E-001   1.36800E+001   1.67400E+001
   3.31344E-001   1.36800E+001   1.67400E+001
   3.31376E-001   1.36800E+001   1.67400E+001
   3.31407E-001   1.36800E+001   1.67400E+001
   3.31438E-001   1.36800E+001   1.67400E+001
   3.31470E-001   1.36800E+001   1.67400E+001
   3.31501E-001   1.36800E+001   1.67400E+001
   3.31533E-001   1.36800E+001   1.67400E+001
   3.31564E-001   1.36800E+001   1.67400E+001
   3.31595E-001   1.36800E+001   1.67400E+001
   3.31627E-001   1.36800E+001   1.67400E+001
   3.31658E-001   1.36800E+001   1.67400E+001
   3.31689E-001   1.36800E+001   1.67400E+001
   3.31721E-001   1.36800E+001   1.67400E+001
   3.31752E-001   1.36800E+001   1.67400E+001
   3.31784E-001   1.36800E+001   1.67400E+001
   3.31815E-001   1.36800E+001   1.67400E+001
   3.31846E-001   1.36800E+001   1.67400E+001
   3.31878E-001   1.36800E+001   1.67400E+001
   3.31909E-001   1.36800E+001   1.67400E+001
   3.31941E-001   1.36800E+001   1.67400E+001
   3.31972E-001   1.36800E+001   1.69200E+001
   3.32003E-001   1.36800E+001   1.69200E+001
   3.32035E-001   1.36800E+001   1.69200E+001
   3.32066E-001   1.36800E+001   1.69200E+001
   3.32098E-001   1.36800E+001   1.69200E+001
   3.32129E-001   1.36800E+001   1.69200E+001
   3.32160E-001   1.36800E+001   1.69200E+001
   3.32192E-001   1.36800E+001   1.69200E+001
   3.32223E-001   1.36800E+001   1.69200E+001
   3.32254E-001   1.36800E+001   1.69200E+001
   3.32286E-001   1.36800E+001   1.69200E+001
   3.32317E-001   1.36800E+001   1.69200E+001
   3.32349E-001   1.36800E+001   1.69200E+001
   3.32380E-001   1.36800E+001   1.69200E+001
   3.32411E-001   1.36800E+001   1.69200E+001
   3.32443E-001   1.36800E+001   1.69200E+001
   3.32474E-001   1.36800E+001   1.69200E+001
   3.32506E-001   1.36800E+001   1.69200E+001
   3.32537E-001   1.36800E+001   1.69200E+001
   3.32568E-001   1.36800E+001   1.69200E+001
   3.32600E-001   1.36800E+001   1.69200E+001
   3.32631E-001   1.36800E+001   1.69200E+001
   3.32663E-001   1.36800E+001   1.69200E+001
   3.32694E-001   1.36800E+001   1.69200E+001
   3.32725E-001   1.36800E+001   1.69200E+001
   3.32757E-001   1.36800E+001   1.69200E+001
   3.32788E-001   1.36800E+001   1.69200E+001
   3.32819E-001   1.36800E+001   1.69200E+001
   3.32851E-001   1.36800E+001   1.69200E+001
   3.32882E-001   1.36800E+001   1.69200E+001
   3.32914E-001   1.36800E+001   1.69200E+001
   3.32945E-001   1.36800E+001   1.69200E+001
   3.32976E-001   1.36800E+001   1.69200E+001
   3.33008E-001   1.36800E+001   1.69200E+001
   3.33039E-001   1.36800E+001   1.69200E+001
   3.33071E-001   1.36800E+001   1.69200E+001
   3.33102E-001   1.36800E+001   1.69200E+001
   3.33133E-001   1.36800E+001   1.69200E+001
   3.33165E-001   1.36800E+001   1.69200E+001
   3.33196E-001   1.36800E+001   1.69200E+001
   3.33228E-001   1.36800E+001   1.69200E+001
   3.33259E-001   1.36800E+001   1.69200E+001
   3.33290E-001   1.36800E+001   1.69200E+001
   3.33322E-001   1.36800E+001   1.69200E+001
   3.33353E-001   1.36800E+001   1.69200E+001
   3.33384E-001   1.36800E+001   1.69200E+001
   3.33416E-001   1.36800E+001   1.69200E+001
   3.33447E-001   1.36800E+001   1.69200E+001
   3.33479E-001   1.36800E+001   1.69200E+001
   3.33510E-001   1.36800E+001   1.69200E+001
   3.33541E-001   1.36800E+001   1.69200E+001
   3.33573E-001   1.36800E+001   1.69200E+001
   3.33604E-001   1.36800E+001   1.69200E+001
   3.33636E-001   1.36800E+001   1.69200E+001
   3.33667E-001   1.36800E+001   1.69200E+001
   3.33698E-001   1.36800E+001   1.69200E+001
   3.33730E-001   1.36800E+001   1.69200E+001
   3.33761E-001   1.36800E+001   1.69200E+001
   3.33793E-001   1.36800E+001   1.69200E+001
   3.33824E-001   1.36800E+001   1.69200E+001
   3.33855E-001   1.36800E+001   1.69200E+001
   3.33887E-001   1.36800E+001   1.69200E+001
   3.33918E-001   1.36800E+001   1.69200E+001
   3.33949E-001   1.36800E+001   1.69200E+001
   3.33981E-001   1.36800E+001   1.69200E+001
   3.34012E-001   1.36800E+001   1.69200E+001
   3.34044E-001   1.36800E+001   1.69200E+001
   3.34075E-001   1.36800E+001   1.69200E+001
   3.34106E-001   1.36800E+001   1.69200E+001
   3.34138E-001   1.36800E+001   1.69200E+001
   3.34169E-001   1.36800E+001   1.69200E+001
   3.34201E-001   1.36800E+001   1.69200E+001
   3.34232E-001   1.36800E+001   1.69200E+001
   3.34263E-001   1.36800E+001   1.69200E+001
   3.34295E-001   1.36800E+001   1.69200E+001
   3.34326E-001   1.36800E+001   1.69200E+001
   3.34358E-001   1.36800E+001   1.69200E+001
   3.34389E-001   1.36800E+001   1.69200E+001
   3.34420E-001   1.36800E+001   1.69200E+001
   3.34452E-001   1.36800E+001   1.69200E+001
   3.34483E-001   1.36800E+001   1.69200E+001
   3.34514E-001   1.36800E+001   1.69200E+001
   3.34546E-001   1.36800E+001   1.69200E+001
   3.34577E-001   1.36800E+001   1.69200E+001
   3.34609E-001   1.36800E+001   1.69200E+001
   3.34640E-001   1.36800E+001   1.69200E+001
   3.34671E-001   1.36800E+001   1.69200E+001
   3.34703E-001   1.36800E+001   1.69200E+001
   3.34734E-001   1.36800E+001   1.69200E+001
   3.34766E-001   1.36800E+001   1.69200E+001
   3.34797E-001   1.36800E+001   1.69200E+001
   3.34828E-001   1.36800E+001   1.69200E+001
   3.34860E-001   1.36800E+001   1.69200E+001
   3.34891E-001   1.36800E+001   1.69200E+001
   3.34923E-001   1.36800E+001   1.69200E+001
   3.34954E-001   1.36800E+001   1.69200E+001
   3.34985E-001   1.36800E+001   1.69200E+001
   3.35017E-001   1.36800E+001   1.69200E+001
   3.35048E-001   1.36800E+001   1.69200E+001
   3.35079E-001   1.36800E+001   1.69200E+001
   3.35111E-001   1.36800E+001   1.69200E+001
   3.35142E-001   1.36800E+001   1.69200E+001
   3.35174E-001   1.36800E+001   1.69200E+001
   3.35205E-001   1.36800E+001   1.69200E+001
   3.35236E-001   1.36800E+001   1.69200E+001
   3.35268E-001   1.36800E+001   1.69200E+001
   3.35299E-001   1.36800E+001   1.69200E+001
   3.35331E-001   1.36800E+001   1.69200E+001
   3.35362E-001   1.36800E+001   1.69200E+001
   3.35393E-001   1.36800E+001   1.69200E+001
   3.35425E-001   1.36800E+001   1.69200E+001
   3.35456E-001   1.36800E+001   1.69200E+001
   3.35488E-001   1.36800E+001   1.69200E+001
   3.35519E-001   1.36800E+001   1.69200E+001
   3.35550E-001   1.36800E+001   1.69200E+001
   3.35582E-001   1.36800E+001   1.69200E+001
   3.35613E-001   1.36800E+001   1.69200E+001
   3.35644E-001   1.36800E+001   1.69200E+001
   3.35676E-001   1.36800E+001   1.69200E+001
   3.35707E-001   1.36800E+001   1.69200E+001
   3.35739E-001   1.36800E+001   1.69200E+001
   3.35770E-001   1.36800E+001   1.69200E+001
   3.35801E-001   1.36800E+001   1.69200E+001
   3.35833E-001   1.36800E+001   1.69200E+001
   3.35864E-001   1.36800E+001   1.69200E+001
   3.35896E-001   1.36800E+001   1.69200E+001
   3.35927E-001   1.36800E+001   1.69200E+001
   3.35958E-001   1.36800E+001   1.69200E+001
   3.35990E-001   1.36800E+001   1.69200E+001
   3.36021E-001   1.36800E+001   1.69200E+001
   3.36053E-001   1.36800E+001   1.69200E+001
   3.36084E-001   1.36800E+001   1.69200E+001
   3.36115E-001   1.36800E+001   1.69200E+001
   3.36147E-001   1.36800E+001   1.69200E+001
   3.36178E-001   1.36800E+001   1.69200E+001
   3.36209E-001   1.36800E+001   1.69200E+001
   3.36241E-001   1.36800E+001   1.69200E+001
   3.36272E-001   1.36800E+001   1.69200E+001
   3.36304E-001   1.36800E+001   1.69200E+001
   3.36335E-001   1.36800E+001   1.69200E+001
   3.36366E-001   1.36800E+001   1.69200E+001
   3.36398E-001   1.36800E+001   1.69200E+001
   3.36429E-001   1.36800E+001   1.69200E+001
   3.36461E-001   1.36800E+001   1.69200E+001
   3.36492E-001   1.36800E+001   1.69200E+001
   3.36523E-001   1.36800E+001   1.69200E+001
   3.36555E-001   1.36800E+001   1.69200E+001
   3.36586E-001   1.36800E+001   1.69200E+001
   3.36618E-001   1.36800E+001   1.69200E+001
   3.36649E-001   1.36800E+001   1.69200E+001
   3.36680E-001   1.36800E+001   1.69200E+001
   3.36712E-001   1.36800E+001   1.69200E+001
   3.36743E-001   1.36800E+001   1.69200E+001
   3.36775E-001   1.36800E+001   1.69200E+001
   3.36806E-001   1.36800E+001   1.69200E+001
   3.36837E-001   1.36800E+001   1.69200E+001
   3.36869E-001   1.36800E+001   1.69200E+001
   3.36900E-001   1.36800E+001   1.69200E+001
   3.36931E-001   1.36800E+001   1.69200E+001
   3.36963E-001   1.36800E+001   1.69200E+001
   3.36994E-001   1.36800E+001   1.69200E+001
   3.37026E-001   1.36800E+001   1.69200E+001
   3.37057E-001   1.36800E+001   1.69200E+001
   3.37088E-001   1.36800E+001   1.69200E+001
   3.37120E-001   1.36800E+001   1.69200E+001
   3.37151E-001   1.36800E+001   1.69200E+001
   3.37183E-001   1.36800E+001   1.69200E+001
   3.37214E-001   1.36800E+001   1.69200E+001
   3.37245E-001   1.36800E+001   1.69200E+001
   3.37277E-001   1.36800E+001   1.69200E+001
   3.37308E-001   1.36800E+001   1.69200E+001
   3.37340E-001   1.36800E+001   1.69200E+001
   3.37371E-001   1.36800E+001   1.69200E+001
   3.37402E-001   1.36800E+001   1.69200E+001
   3.37434E-001   1.36800E+001   1.69200E+001
   3.37465E-001   1.36800E+001   1.69200E+001
   3.37496E-001   1.36800E+001   1.69200E+001
   3.37528E-001   1.36800E+001   1.69200E+001
   3.37559E-001   1.36800E+001   1.69200E+001
   3.37591E-001   1.36800E+001   1.69200E+001
   3.37622E-001   1.36800E+001   1.69200E+001
   3.37653E-001   1.36800E+001   1.69200E+001
   3.37685E-001   1.36800E+001   1.69200E+001
   3.37716E-001   1.36800E+001   1.69200E+001
   3.37748E-001   1.36800E+001   1.69200E+001
   3.37779E-001   1.36800E+001   1.69200E+001
   3.37810E-001   1.36800E+001   1.69200E+001
   3.37842E-001   1.36800E+001   1.69200E+001
   3.37873E-001   1.36800E+001   1.69200E+001
   3.37905E-001   1.36800E+001   1.69200E+001
   3.37936E-001   1.36800E+001   1.69200E+001
   3.37967E-001   1.36800E+001   1.69200E+001
   3.37999E-001   1.36800E+001   1.69200E+001
   3.38030E-001   1.36800E+001   1.69200E+001
   3.38061E-001   1.36800E+001   1.69200E+001
   3.38093E-001   1.36800E+001   1.69200E+001
   3.38124E-001   1.36800E+001   1.69200E+001
   3.38156E-001   1.36800E+001   1.69200E+001
   3.38187E-001   1.36800E+001   1.69200E+001
   3.38218E-001   1.36800E+001   1.69200E+001
   3.38250E-001   1.36800E+001   1.69200E+001
   3.38281E-001   1.36800E+001   1.69200E+001
   3.38313E-001   1.36800E+001   1.69200E+001
   3.38344E-001   1.36800E+001   1.69200E+001
   3.38375E-001   1.36800E+001   1.69200E+001
   3.38407E-001   1.36800E+001   1.69200E+001
   3.38438E-001   1.36800E+001   1.69200E+001
   3.38470E-001   1.36800E+001   1.69200E+001
   3.38501E-001   1.36800E+001   1.69200E+001
   3.38532E-001   1.36800E+001   1.69200E+001
   3.38564E-001   1.36800E+001   1.69200E+001
   3.38595E-001   1.36800E+001   1.69200E+001
   3.38626E-001   1.36800E+001   1.69200E+001
   3.38658E-001   1.36800E+001   1.69200E+001
   3.38689E-001   1.36800E+001   1.69200E+001
   3.38721E-001   1.36800E+001   1.69200E+001
   3.38752E-001   1.36800E+001   1.69200E+001
   3.38783E-001   1.36800E+001   1.69200E+001
   3.38815E-001   1.36800E+001   1.69200E+001
   3.38846E-001   1.36800E+001   1.69200E+001
   3.38878E-001   1.36800E+001   1.69200E+001
   3.38909E-001   1.36800E+001   1.69200E+001
   3.38940E-001   1.36800E+001   1.69200E+001
   3.38972E-001   1.36800E+001   1.69200E+001
   3.39003E-001   1.36800E+001   1.69200E+001
   3.39035E-001   1.36800E+001   1.69200E+001
   3.39066E-001   1.36800E+001   1.69200E+001
   3.39097E-001   1.36800E+001   1.69200E+001
   3.39129E-001   1.36800E+001   1.69200E+001
   3.39160E-001   1.36800E+001   1.71000E+001
   3.39191E-001   1.36800E+001   1.71000E+001
   3.39223E-001   1.36800E+001   1.71000E+001
   3.39254E-001   1.36800E+001   1.71000E+001
   3.39286E-001   1.36800E+001   1.71000E+001
   3.39317E-001   1.36800E+001   1.71000E+001
   3.39348E-001   1.36800E+001   1.71000E+001
   3.39380E-001   1.36800E+001   1.71000E+001
   3.39411E-001   1.36800E+001   1.71000E+001
   3.39443E-001   1.36800E+001   1.71000E+001
   3.39474E-001   1.36800E+001   1.71000E+001
   3.39505E-001   1.36800E+001   1.71000E+001
   3.39537E-001   1.36800E+001   1.71000E+001
   3.39568E-001   1.36800E+001   1.71000E+001
   3.39600E-001   1.36800E+001   1.71000E+001
   3.39631E-001   1.36800E+001   1.71000E+001
   3.39662E-001   1.36800E+001   1.71000E+001
   3.39694E-001   1.36800E+001   1.71000E+001
   3.39725E-001   1.36800E+001   1.71000E+001
   3.39756E-001   1.36800E+001   1.71000E+001
   3.39788E-001   1.36800E+001   1.71000E+001
   3.39819E-001   1.36800E+001   1.71000E+001
   3.39851E-001   1.36800E+001   1.71000E+001
   3.39882E-001   1.36800E+001   1.71000E+001
   3.39913E-001   1.36800E+001   1.71000E+001
   3.39945E-001   1.36800E+001   1.71000E+001
   3.39976E-001   1.36800E+001   1.71000E+001
   3.40008E-001   1.36800E+001   1.71000E+001
   3.40039E-001   1.36800E+001   1.71000E+001
   3.40070E-001   1.36800E+001   1.71000E+001
   3.40102E-001   1.36800E+001   1.71000E+001
   3.40133E-001   1.36800E+001   1.71000E+001
   3.40165E-001   1.36800E+001   1.71000E+001
   3.40196E-001   1.36800E+001   1.71000E+001
   3.40227E-001   1.36800E+001   1.71000E+001
   3.40259E-001   1.36800E+001   1.71000E+001
   3.40290E-001   1.36800E+001   1.71000E+001
   3.40321E-001   1.36800E+001   1.71000E+001
   3.40353E-001   1.36800E+001   1.71000E+001
   3.40384E-001   1.36800E+001   1.71000E+001
   3.40416E-001   1.36800E+001   1.71000E+001
   3.40447E-001   1.36800E+001   1.71000E+001
   3.40478E-001   1.36800E+001   1.71000E+001
   3.40510E-001   1.36800E+001   1.71000E+001
   3.40541E-001   1.36800E+001   1.71000E+001
   3.40573E-001   1.36800E+001   1.71000E+001
   3.40604E-001   1.36800E+001   1.71000E+001
   3.40635E-001   1.36800E+001   1.71000E+001
   3.40667E-001   1.36800E+001   1.71000E+001
   3.40698E-001   1.36800E+001   1.71000E+001
   3.40730E-001   1.36800E+001   1.71000E+001
   3.40761E-001   1.36800E+001   1.71000E+001
   3.40792E-001   1.36800E+001   1.71000E+001
   3.40824E-001   1.36800E+001   1.71000E+001
   3.40855E-001   1.36800E+001   1.71000E+001
   3.40886E-001   1.36800E+001   1.71000E+001
   3.40918E-001   1.36800E+001   1.71000E+001
   3.40949E-001   1.36800E+001   1.71000E+001
   3.40981E-001   1.36800E+001   1.71000E+001
   3.41012E-001   1.36800E+001   1.71000E+001
   3.41043E-001   1.36800E+001   1.71000E+001
   3.41075E-001   1.36800E+001   1.71000E+001
   3.41106E-001   1.36800E+001   1.71000E+001
   3.41138E-001   1.36800E+001   1.71000E+001
   3.41169E-001   1.36800E+001   1.71000E+001
   3.41200E-001   1.36800E+001   1.71000E+001
   3.41232E-001   1.36800E+001   1.71000E+001
   3.41263E-001   1.36800E+001   1.71000E+001
   3.41295E-001   1.36800E+001   1.71000E+001
   3.41326E-001   1.36800E+001   1.71000E+001
   3.41357E-001   1.36800E+001   1.71000E+001
   3.41389E-001   1.36800E+001   1.71000E+001
   3.41420E-001   1.36800E+001   1.71000E+001
   3.41451E-001   1.36800E+001   1.71000E+001
   3.41483E-001   1.36800E+001   1.71000E+001
   3.41514E-001   1.36800E+001   1.71000E+001
   3.41546E-001   1.36800E+001   1.71000E+001
   3.41577E-001   1.36800E+001   1.71000E+001
   3.41608E-001   1.36800E+001   1.71000E+001
   3.41640E-001   1.36800E+001   1.71000E+001
   3.41671E-001   1.36800E+001   1.71000E+001
   3.41703E-001   1.36800E+001   1.71000E+001
   3.41734E-001   1.36800E+001   1.71000E+001
   3.41765E-001   1.36800E+001   1.71000E+001
   3.41797E-001   1.36800E+001   1.71000E+001
   3.41828E-001   1.36800E+001   1.71000E+001
   3.41860E-001   1.36800E+001   1.71000E+001
   3.41891E-001   1.36800E+001   1.71000E+001
   3.41922E-001   1.36800E+001   1.71000E+001
   3.41954E-001   1.36800E+001   1.71000E+001
   3.41985E-001   1.36800E+001   1.71000E+001
   3.42016E-001   1.36800E+001   1.71000E+001
   3.42048E-001   1.36800E+001   1.71000E+001
   3.42079E-001   1.36800E+001   1.71000E+001
   3.42111E-001   1.36800E+001   1.71000E+001
   3.42142E-001   1.36800E+001   1.71000E+001
   3.42173E-001   1.36800E+001   1.71000E+001
   3.42205E-001   1.36800E+001   1.71000E+001
   3.42236E-001   1.36800E+001   1.71000E+001
   3.42268E-001   1.36800E+001   1.71000E+001
   3.42299E-001   1.36800E+001   1.71000E+001
   3.42330E-001   1.36800E+001   1.71000E+001
   3.42362E-001   1.36800E+001   1.71000E+001
   3.42393E-001   1.36800E+001   1.71000E+001
   3.42425E-001   1.36800E+001   1.71000E+001
   3.42456E-001   1.36800E+001   1.71000E+001
   3.42487E-001   1.36800E+001   1.71000E+001
   3.42519E-001   1.36800E+001   1.71000E+001
   3.42550E-001   1.36800E+001   1.71000E+001
   3.42582E-001   1.36800E+001   1.71000E+001
   3.42613E-001   1.36800E+001   1.71000E+001
   3.42644E-001   1.36800E+001   1.71000E+001
   3.42676E-001   1.36800E+001   1.71000E+001
   3.42707E-001   1.36800E+001   1.71000E+001
   3.42738E-001   1.36800E+001   1.71000E+001
   3.42770E-001   1.36800E+001   1.71000E+001
   3.42801E-001   1.36800E+001   1.71000E+001
   3.42833E-001   1.36800E+001   1.71000E+001
   3.42864E-001   1.36800E+001   1.71000E+001
   3.42895E-001   1.36800E+001   1.71000E+001
   3.42927E-001   1.36800E+001   1.71000E+001
   3.42958E-001   1.36800E+001   1.71000E+001
   3.42990E-001   1.36800E+001   1.71000E+001
   3.43021E-001   1.36800E+001   1.71000E+001
   3.43052E-001   1.36800E+001   1.71000E+001
   3.43084E-001   1.36800E+001   1.71000E+001
   3.43115E-001   1.36800E+001   1.71000E+001
   3.43147E-001   1.36800E+001   1.71000E+001
   3.43178E-001   1.36800E+001   1.71000E+001
   3.43209E-001   1.36800E+001   1.71000E+001
   3.43241E-001   1.36800E+001   1.71000E+001
   3.43272E-001   1.36800E+001   1.71000E+001
   3.43303E-001   1.36800E+001   1.71000E+001
   3.43335E-001   1.36800E+001   1.71000E+001
   3.43366E-001   1.36800E+001   1.71000E+001
   3.43398E-001   1.36800E+001   1.71000E+001
   3.43429E-001   1.36800E+001   1.71000E+001
   3.43460E-001   1.36800E+001   1.71000E+001
   3.43492E-001   1.36800E+001   1.71000E+001
   3.43523E-001   1.36800E+001   1.71000E+001
   3.43555E-001   1.36800E+001   1.71000E+001
   3.43586E-001   1.36800E+001   1.71000E+001
   3.43617E-001   1.36800E+001   1.71000E+001
   3.43649E-001   1.36800E+001   1.71000E+001
   3.43680E-001   1.36800E+001   1.71000E+001
   3.43712E-001   1.36800E+001   1.71000E+001
   3.43743E-001   1.36800E+001   1.71000E+001
   3.43774E-001   1.36800E+001   1.71000E+001
   3.43806E-001   1.36800E+001   1.71000E+001
   3.43837E-001   1.36800E+001   1.71000E+001
   3.43868E-001   1.36800E+001   1.71000E+001
   3.43900E-001   1.36800E+001   1.71000E+001
   3.43931E-001   1.36800E+001   1.71000E+001
   3.43963E-001   1.36800E+001   1.71000E+001
   3.43994E-001   1.36800E+001   1.71000E+001
   3.44025E-001   1.36800E+001   1.71000E+001
   3.44057E-001   1.36800E+001   1.71000E+001
   3.44088E-001   1.36800E+001   1.71000E+001
   3.44120E-001   1.36800E+001   1.71000E+001
   3.44151E-001   1.36800E+001   1.71000E+001
   3.44182E-001   1.36800E+001   1.71000E+001
   3.44214E-001   1.36800E+001   1.71000E+001
   3.44245E-001   1.36800E+001   1.71000E+001
   3.44277E-001   1.36800E+001   1.71000E+001
   3.44308E-001   1.36800E+001   1.71000E+001
   3.44339E-001   1.36800E+001   1.71000E+001
   3.44371E-001   1.36800E+001   1.71000E+001
   3.44402E-001   1.36800E+001   1.71000E+001
   3.44433E-001   1.36800E+001   1.71000E+001
   3.44465E-001   1.36800E+001   1.71000E+001
   3.44496E-001   1.36800E+001   1.71000E+001
   3.44528E-001   1.36800E+001   1.71000E+001
   3.44559E-001   1.36800E+001   1.71000E+001
   3.44590E-001   1.36800E+001   1.71000E+001
   3.44622E-001   1.36800E+001   1.71000E+001
   3.44653E-001   1.36800E+001   1.71000E+001
   3.44685E-001   1.36800E+001   1.71000E+001
   3.44716E-001   1.36800E+001   1.71000E+001
   3.44747E-001   1.36800E+001   1.71000E+001
   3.44779E-001   1.36800E+001   1.71000E+001
   3.44810E-001   1.36800E+001   1.71000E+001
   3.44842E-001   1.36800E+001   1.71000E+001
   3.44873E-001   1.36800E+001   1.71000E+001
   3.44904E-001   1.36800E+001   1.71000E+001
   3.44936E-001   1.36800E+001   1.71000E+001
   3.44967E-001   1.36800E+001   1.71000E+001
   3.44998E-001   1.36800E+001   1.71000E+001
   3.45030E-001   1.36800E+001   1.71000E+001
   3.45061E-001   1.36800E+001   1.71000E+001
   3.45093E-001   1.36800E+001   1.71000E+001
   3.45124E-001   1.36800E+001   1.71000E+001
   3.45155E-001   1.36800E+001   1.71000E+001
   3.45187E-001   1.36800E+001   1.71000E+001
   3.45218E-001   1.36800E+001   1.71000E+001
   3.45250E-001   1.36800E+001   1.71000E+001
   3.45281E-001   1.36800E+001   1.71000E+001
   3.45312E-001   1.36800E+001   1.71000E+001
   3.45344E-001   1.36800E+001   1.71000E+001
   3.45375E-001   1.36800E+001   1.71000E+001
   3.45407E-001   1.36800E+001   1.71000E+001
   3.45438E-001   1.36800E+001   1.71000E+001
   3.45469E-001   1.36800E+001   1.71000E+001
   3.45501E-001   1.36800E+001   1.71000E+001
   3.45532E-001   1.36800E+001   1.71000E+001
   3.45563E-001   1.36800E+001   1.71000E+001
   3.45595E-001   1.36800E+001   1.71000E+001
   3.45626E-001   1.36800E+001   1.71000E+001
   3.45658E-001   1.36800E+001   1.71000E+001
   3.45689E-001   1.36800E+001   1.71000E+001
   3.45720E-001   1.36800E+001   1.71000E+001
   3.45752E-001   1.36800E+001   1.71000E+001
   3.45783E-001   1.36800E+001   1.71000E+001
   3.45815E-001   1.36800E+001   1.71000E+001
   3.45846E-001   1.36800E+001   1.71000E+001
   3.45877E-001   1.36800E+001   1.71000E+001
   3.45909E-001   1.36800E+001   1.71000E+001
   3.45940E-001   1.36800E+001   1.71000E+001
   3.45972E-001   1.36800E+001   1.71000E+001
   3.46003E-001   1.36800E+001   1.71000E+001
   3.46034E-001   1.36800E+001   1.71000E+001
   3.46066E-001   1.36800E+001   1.71000E+001
   3.46097E-001   1.36800E+001   1.71000E+001
   3.46128E-001   1.36800E+001   1.71000E+001
   3.46160E-001   1.36800E+001   1.71000E+001
   3.46191E-001   1.36800E+001   1.71000E+001
   3.46223E-001   1.36800E+001   1.71000E+001
   3.46254E-001   1.36800E+001   1.71000E+001
   3.46285E-001   1.36800E+001   1.71000E+001
   3.46317E-001   1.36800E+001   1.71000E+001
   3.46348E-001   1.36800E+001   1.71000E+001
   3.46380E-001   1.36800E+001   1.71000E+001
   3.46411E-001   1.36800E+001   1.72800E+001
   3.46442E-001   1.36800E+001   1.72800E+001
   3.46474E-001   1.36800E+001   1.72800E+001
   3.46505E-001   1.36800E+001   1.72800E+001
   3.46537E-001   1.36800E+001   1.72800E+001
   3.46568E-001   1.36800E+001   1.72800E+001
   3.46599E-001   1.36800E+001   1.72800E+001
   3.46631E-001   1.36800E+001   1.72800E+001
   3.46662E-001   1.36800E+001   1.72800E+001
   3.46693E-001   1.36800E+001   1.72800E+001
   3.46725E-001   1.36800E+001   1.72800E+001
   3.46756E-001   1.36800E+001   1.72800E+001
   3.46788E-001   1.36800E+001   1.72800E+001
   3.46819E-001   1.36800E+001   1.72800E+001
   3.46850E-001   1.36800E+001   1.72800E+001
   3.46882E-001   1.36800E+001   1.72800E+001
   3.46913E-001   1.36800E+001   1.72800E+001
   3.46945E-001   1.36800E+001   1.72800E+001
   3.46976E-001   1.36800E+001   1.72800E+001
   3.47007E-001   1.36800E+001   1.72800E+001
   3.47039E-001   1.36800E+001   1.72800E+001
   3.47070E-001   1.36800E+001   1.72800E+001
   3.47102E-001   1.36800E+001   1.72800E+001
   3.47133E-001   1.36800E+001   1.72800E+001
   3.47164E-001   1.36800E+001   1.72800E+001
   3.47196E-001   1.36800E+001   1.72800E+001
   3.47227E-001   1.36800E+001   1.72800E+001
   3.47258E-001   1.36800E+001   1.72800E+001
   3.47290E-001   1.36800E+001   1.72800E+001
   3.47321E-001   1.36800E+001   1.72800E+001
   3.47353E-001   1.36800E+001   1.72800E+001
   3.47384E-001   1.36800E+001   1.72800E+001
   3.47415E-001   1.36800E+001   1.72800E+001
   3.47447E-001   1.36800E+001   1.72800E+001
   3.47478E-001   1.36800E+001   1.72800E+001
   3.47510E-001   1.36800E+001   1.72800E+001
   3.47541E-001   1.36800E+001   1.72800E+001
   3.47572E-001   1.36800E+001   1.72800E+001
   3.47604E-001   1.36800E+001   1.72800E+001
   3.47635E-001   1.36800E+001   1.72800E+001
   3.47667E-001   1.36800E+001   1.72800E+001
   3.47698E-001   1.36800E+001   1.72800E+001
   3.47729E-001   1.36800E+001   1.72800E+001
   3.47761E-001   1.36800E+001   1.72800E+001
   3.47792E-001   1.36800E+001   1.72800E+001
   3.47823E-001   1.36800E+001   1.72800E+001
   3.47855E-001   1.36800E+001   1.72800E+001
   3.47886E-001   1.36800E+001   1.72800E+001
   3.47918E-001   1.36800E+001   1.72800E+001
   3.47949E-001   1.36800E+001   1.72800E+001
   3.47980E-001   1.36800E+001   1.72800E+001
   3.48012E-001   1.36800E+001   1.72800E+001
   3.48043E-001   1.36800E+001   1.72800E+001
   3.48075E-001   1.36800E+001   1.72800E+001
   3.48106E-001   1.36800E+001   1.72800E+001
   3.48137E-001   1.36800E+001   1.72800E+001
   3.48169E-001   1.36800E+001   1.72800E+001
   3.48200E-001   1.36800E+001   1.72800E+001
   3.48232E-001   1.36800E+001   1.72800E+001
   3.48263E-001   1.36800E+001   1.72800E+001
   3.48294E-001   1.36800E+001   1.72800E+001
   3.48326E-001   1.36800E+001   1.72800E+001
   3.48357E-001   1.36800E+001   1.72800E+001
   3.48388E-001   1.36800E+001   1.72800E+001
   3.48420E-001   1.36800E+001   1.72800E+001
   3.48451E-001   1.36800E+001   1.72800E+001
   3.48483E-001   1.36800E+001   1.72800E+001
   3.48514E-001   1.36800E+001   1.72800E+001
   3.48545E-001   1.36800E+001   1.72800E+001
   3.48577E-001   1.36800E+001   1.72800E+001
   3.48608E-001   1.36800E+001   1.72800E+001
   3.48640E-001   1.36800E+001   1.72800E+001
   3.48671E-001   1.36800E+001   1.72800E+001
   3.48702E-001   1.36800E+001   1.72800E+001
   3.48734E-001   1.36800E+001   1.72800E+001
   3.48765E-001   1.36800E+001   1.72800E+001
   3.48797E-001   1.36800E+001   1.72800E+001
   3.48828E-001   1.36800E+001   1.72800E+001
   3.48859E-001   1.36800E+001   1.72800E+001
   3.48891E-001   1.36800E+001   1.72800E+001
   3.48922E-001   1.36800E+001   1.72800E+001
   3.48954E-001   1.36800E+001   1.72800E+001
   3.48985E-001   1.36800E+001   1.72800E+001
   3.49016E-001   1.36800E+001   1.72800E+001
   3.49048E-001   1.36800E+001   1.72800E+001
   3.49079E-001   1.36800E+001   1.72800E+001
   3.49110E-001   1.36800E+001   1.72800E+001
   3.49142E-001   1.36800E+001   1.72800E+001
   3.49173E-001   1.36800E+001   1.72800E+001
   3.49205E-001   1.36800E+001   1.72800E+001
   3.49236E-001   1.36800E+001   1.72800E+001
   3.49267E-001   1.36800E+001   1.72800E+001
   3.49299E-001   1.36800E+001   1.72800E+001
   3.49330E-001   1.36800E+001   1.72800E+001
   3.49362E-001   1.36800E+001   1.72800E+001
   3.49393E-001   1.36800E+001   1.72800E+001
   3.49424E-001   1.36800E+001   1.72800E+001
   3.49456E-001   1.36800E+001   1.72800E+001
   3.49487E-001   1.36800E+001   1.72800E+001
   3.49519E-001   1.36800E+001   1.72800E+001
   3.49550E-001   1.36800E+001   1.72800E+001
   3.49581E-001   1.36800E+001   1.72800E+001
   3.49613E-001   1.36800E+001   1.72800E+001
   3.49644E-001   1.36800E+001   1.72800E+001
   3.49675E-001   1.36800E+001   1.72800E+001
   3.49707E-001   1.36800E+001   1.72800E+001
   3.49738E-001   1.36800E+001   1.72800E+001
   3.49770E-001   1.36800E+001   1.72800E+001
   3.49801E-001   1.36800E+001   1.72800E+001
   3.49832E-001   1.36800E+001   1.72800E+001
   3.49864E-001   1.36800E+001   1.72800E+001
   3.49895E-001   1.36800E+001   1.72800E+001
   3.49927E-001   1.36800E+001   1.72800E+001
   3.49958E-001   1.36800E+001   1.72800E+001
   3.49989E-001   1.36800E+001   1.72800E+001
   3.50021E-001   1.36800E+001   1.72800E+001
   3.50052E-001   1.36800E+001   1.72800E+001
   3.50084E-001   1.36800E+001   1.72800E+001
   3.50115E-001   1.36800E+001   1.72800E+001
   3.50146E-001   1.36800E+001   1.72800E+001
   3.50178E-001   1.36800E+001   1.72800E+001
   3.50209E-001   1.36800E+001   1.72800E+001
   3.50240E-001   1.36800E+001   1.72800E+001
   3.50272E-001   1.36800E+001   1.72800E+001
   3.50303E-001   1.36800E+001   1.72800E+001
   3.50335E-001   1.36800E+001   1.72800E+001
   3.50366E-001   1.36800E+001   1.72800E+001
   3.50397E-001   1.36800E+001   1.72800E+001
   3.50429E-001   1.36800E+001   1.72800E+001
   3.50460E-001   1.36800E+001   1.72800E+001
   3.50492E-001   1.36800E+001   1.72800E+001
   3.50523E-001   1.36800E+001   1.72800E+001
   3.50554E-001   1.36800E+001   1.72800E+001
   3.50586E-001   1.36800E+001   1.72800E+001
   3.50617E-001   1.36800E+001   1.72800E+001
   3.50649E-001   1.36800E+001   1.72800E+001
   3.50680E-001   1.36800E+001   1.72800E+001
   3.50711E-001   1.36800E+001   1.72800E+001
   3.50743E-001   1.36800E+001   1.72800E+001
   3.50774E-001   1.36800E+001   1.72800E+001
   3.50805E-001   1.36800E+001   1.72800E+001
   3.50837E-001   1.36800E+001   1.72800E+001
   3.50868E-001   1.36800E+001   1.72800E+001
   3.50900E-001   1.36800E+001   1.72800E+001
   3.50931E-001   1.36800E+001   1.72800E+001
   3.50962E-001   1.36800E+001   1.72800E+001
   3.50994E-001   1.36800E+001   1.72800E+001
   3.51025E-001   1.36800E+001   1.72800E+001
   3.51057E-001   1.36800E+001   1.72800E+001
   3.51088E-001   1.36800E+001   1.72800E+001
   3.51119E-001   1.36800E+001   1.72800E+001
   3.51151E-001   1.36800E+001   1.72800E+001
   3.51182E-001   1.36800E+001   1.72800E+001
   3.51214E-001   1.36800E+001   1.72800E+001
   3.51245E-001   1.36800E+001   1.72800E+001
   3.51276E-001   1.36800E+001   1.72800E+001
   3.51308E-001   1.36800E+001   1.72800E+001
   3.51339E-001   1.36800E+001   1.72800E+001
   3.51370E-001   1.36800E+001   1.72800E+001
   3.51402E-001   1.36800E+001   1.72800E+001
   3.51433E-001   1.36800E+001   1.72800E+001
   3.51465E-001   1.36800E+001   1.72800E+001
   3.51496E-001   1.36800E+001   1.72800E+001
   3.51527E-001   1.36800E+001   1.72800E+001
   3.51559E-001   1.36800E+001   1.72800E+001
   3.51590E-001   1.36800E+001   1.72800E+001
   3.51622E-001   1.36800E+001   1.72800E+001
   3.51653E-001   1.36800E+001   1.72800E+001
   3.51684E-001   1.36800E+001   1.72800E+001
   3.51716E-001   1.36800E+001   1.72800E+001
   3.51747E-001   1.36800E+001   1.72800E+001
   3.51779E-001   1.36800E+001   1.72800E+001
   3.51810E-001   1.36800E+001   1.72800E+001
   3.51841E-001   1.36800E+001   1.72800E+001
   3.51873E-001   1.36800E+001   1.72800E+001
   3.51904E-001   1.36800E+001   1.72800E+001
   3.51935E-001   1.36800E+001   1.72800E+001
   3.51967E-001   1.36800E+001   1.72800E+001
   3.51998E-001   1.36800E+001   1.72800E+001
   3.52030E-001   1.36800E+001   1.72800E+001
   3.52061E-001   1.36800E+001   1.72800E+001
   3.52092E-001   1.36800E+001   1.72800E+001
   3.52124E-001   1.36800E+001   1.72800E+001
   3.52155E-001   1.36800E+001   1.72800E+001
   3.52187E-001   1.36800E+001   1.72800E+001
   3.52218E-001   1.36800E+001   1.72800E+001
   3.52249E-001   1.36800E+001   1.72800E+001
   3.52281E-001   1.36800E+001   1.72800E+001
   3.52312E-001   1.36800E+001   1.72800E+001
   3.52344E-001   1.36800E+001   1.72800E+001
   3.52375E-001   1.36800E+001   1.72800E+001
   3.52406E-001   1.36800E+001   1.72800E+001
   3.52438E-001   1.36800E+001   1.72800E+001
   3.52469E-001   1.36800E+001   1.72800E+001
   3.52500E-001   1.36800E+001   1.72800E+001
   3.52532E-001   1.36800E+001   1.72800E+001
   3.52563E-001   1.36800E+001   1.72800E+001
   3.52595E-001   1.36800E+001   1.72800E+001
   3.52626E-001   1.36800E+001   1.72800E+001
   3.52657E-001   1.36800E+001   1.72800E+001
   3.52689E-001   1.36800E+001   1.72800E+001
   3.52720E-001   1.36800E+001   1.72800E+001
   3.52752E-001   1.36800E+001   1.72800E+001
   3.52783E-001   1.36800E+001   1.72800E+001
   3.52814E-001   1.36800E+001   1.72800E+001
   3.52846E-001   1.36800E+001   1.72800E+001
   3.52877E-001   1.36800E+001   1.72800E+001
   3.52909E-001   1.36800E+001   1.72800E+001
   3.52940E-001   1.36800E+001   1.72800E+001
   3.52971E-001   1.36800E+001   1.72800E+001
   3.53003E-001   1.36800E+001   1.72800E+001
   3.53034E-001   1.36800E+001   1.72800E+001
   3.53065E-001   1.36800E+001   1.72800E+001
   3.53097E-001   1.36800E+001   1.72800E+001
   3.53128E-001   1.36800E+001   1.72800E+001
   3.53160E-001   1.36800E+001   1.72800E+001
   3.53191E-001   1.36800E+001   1.72800E+001
   3.53222E-001   1.36800E+001   1.72800E+001
   3.53254E-001   1.36800E+001   1.72800E+001
   3.53285E-001   1.36800E+001   1.72800E+001
   3.53317E-001   1.36800E+001   1.72800E+001
   3.53348E-001   1.36800E+001   1.72800E+001
   3.53379E-001   1.36800E+001   1.72800E+001
   3.53411E-001   1.36800E+001   1.72800E+001
   3.53442E-001   1.36800E+001   1.72800E+001
   3.53474E-001   1.36800E+001   1.72800E+001
   3.53505E-001   1.36800E+001   1.72800E+001
   3.53536E-001   1.36800E+001   1.72800E+001
   3.53568E-001   1.36800E+001   1.72800E+001
   3.53599E-001   1.36800E+001   1.72800E+001
   3.53630E-001   1.36800E+001   1.72800E+001
   3.53662E-001   1.36800E+001   1.72800E+001
   3.53693E-001   1.36800E+001   1.72800E+001
   3.53725E-001   1.36800E+001   1.74600E+001
   3.53756E-001   1.36800E+001   1.74600E+001
   3.53787E-001   1.36800E+001   1.74600E+001
   3.53819E-001   1.36800E+001   1.74600E+001
   3.53850E-001   1.36800E+001   1.74600E+001
   3.53882E-001   1.36800E+001   1.74600E+001
   3.53913E-001   1.36800E+001   1.74600E+001
   3.53944E-001   1.36800E+001   1.74600E+001
   3.53976E-001   1.36800E+001   1.74600E+001
   3.54007E-001   1.36800E+001   1.74600E+001
   3.54039E-001   1.36800E+001   1.74600E+001
   3.54070E-001   1.36800E+001   1.74600E+001
   3.54101E-001   1.36800E+001   1.74600E+001
   3.54133E-001   1.36800E+001   1.74600E+001
   3.54164E-001   1.36800E+001   1.74600E+001
   3.54195E-001   1.36800E+001   1.74600E+001
   3.54227E-001   1.36800E+001   1.74600E+001
   3.54258E-001   1.36800E+001   1.74600E+001
   3.54290E-001   1.36800E+001   1.74600E+001
   3.54321E-001   1.36800E+001   1.74600E+001
   3.54352E-001   1.36800E+001   1.74600E+001
   3.54384E-001   1.36800E+001   1.74600E+001
   3.54415E-001   1.36800E+001   1.74600E+001
   3.54447E-001   1.36800E+001   1.74600E+001
   3.54478E-001   1.36800E+001   1.74600E+001
   3.54509E-001   1.36800E+001   1.74600E+001
   3.54541E-001   1.36800E+001   1.74600E+001
   3.54572E-001   1.36800E+001   1.74600E+001
   3.54604E-001   1.36800E+001   1.74600E+001
   3.54635E-001   1.36800E+001   1.74600E+001
   3.54666E-001   1.36800E+001   1.74600E+001
   3.54698E-001   1.36800E+001   1.74600E+001
   3.54729E-001   1.36800E+001   1.74600E+001
   3.54761E-001   1.36800E+001   1.74600E+001
   3.54792E-001   1.36800E+001   1.74600E+001
   3.54823E-001   1.36800E+001   1.74600E+001
   3.54855E-001   1.36800E+001   1.74600E+001
   3.54886E-001   1.36800E+001   1.74600E+001
   3.54917E-001   1.36800E+001   1.74600E+001
   3.54949E-001   1.36800E+001   1.74600E+001
   3.54980E-001   1.36800E+001   1.74600E+001
   3.55012E-001   1.36800E+001   1.74600E+001
   3.55043E-001   1.36800E+001   1.74600E+001
   3.55074E-001   1.36800E+001   1.74600E+001
   3.55106E-001   1.36800E+001   1.74600E+001
   3.55137E-001   1.36800E+001   1.74600E+001
   3.55169E-001   1.36800E+001   1.74600E+001
   3.55200E-001   1.36800E+001   1.74600E+001
   3.55231E-001   1.36800E+001   1.74600E+001
   3.55263E-001   1.36800E+001   1.74600E+001
   3.55294E-001   1.36800E+001   1.74600E+001
   3.55326E-001   1.36800E+001   1.74600E+001
   3.55357E-001   1.36800E+001   1.74600E+001
   3.55388E-001   1.36800E+001   1.74600E+001
   3.55420E-001   1.36800E+001   1.74600E+001
   3.55451E-001   1.36800E+001   1.74600E+001
   3.55482E-001   1.36800E+001   1.74600E+001
   3.55514E-001   1.36800E+001   1.74600E+001
   3.55545E-001   1.36800E+001   1.74600E+001
   3.55577E-001   1.36800E+001   1.74600E+001
   3.55608E-001   1.36800E+001   1.74600E+001
   3.55639E-001   1.36800E+001   1.74600E+001
   3.55671E-001   1.36800E+001   1.74600E+001
   3.55702E-001   1.36800E+001   1.74600E+001
   3.55734E-001   1.36800E+001   1.74600E+001
   3.55765E-001   1.36800E+001   1.74600E+001
   3.55796E-001   1.36800E+001   1.74600E+001
   3.55828E-001   1.36800E+001   1.74600E+001
   3.55859E-001   1.36800E+001   1.74600E+001
   3.55891E-001   1.36800E+001   1.74600E+001
   3.55922E-001   1.36800E+001   1.74600E+001
   3.55953E-001   1.36800E+001   1.74600E+001
   3.55985E-001   1.36800E+001   1.74600E+001
   3.56016E-001   1.36800E+001   1.74600E+001
   3.56047E-001   1.36800E+001   1.74600E+001
   3.56079E-001   1.36800E+001   1.74600E+001
   3.56110E-001   1.36800E+001   1.74600E+001
   3.56142E-001   1.36800E+001   1.74600E+001
   3.56173E-001   1.36800E+001   1.74600E+001
   3.56204E-001   1.36800E+001   1.74600E+001
   3.56236E-001   1.36800E+001   1.74600E+001
   3.56267E-001   1.36800E+001   1.74600E+001
   3.56299E-001   1.36800E+001   1.74600E+001
   3.56330E-001   1.36800E+001   1.74600E+001
   3.56361E-001   1.36800E+001   1.74600E+001
   3.56393E-001   1.36800E+001   1.74600E+001
   3.56424E-001   1.36800E+001   1.74600E+001
   3.56456E-001   1.36800E+001   1.74600E+001
   3.56487E-001   1.36800E+001   1.74600E+001
   3.56518E-001   1.36800E+001   1.74600E+001
   3.56550E-001   1.36800E+001   1.74600E+001
   3.56581E-001   1.36800E+001   1.74600E+001
   3.56612E-001   1.36800E+001   1.74600E+001
   3.56644E-001   1.36800E+001   1.74600E+001
   3.56675E-001   1.36800E+001   1.74600E+001
   3.56707E-001   1.36800E+001   1.74600E+001
   3.56738E-001   1.36800E+001   1.74600E+001
   3.56769E-001   1.36800E+001   1.74600E+001
   3.56801E-001   1.36800E+001   1.74600E+001
   3.56832E-001   1.36800E+001   1.74600E+001
   3.56864E-001   1.36800E+001   1.74600E+001
   3.56895E-001   1.36800E+001   1.74600E+001
   3.56926E-001   1.36800E+001   1.74600E+001
   3.56958E-001   1.36800E+001   1.74600E+001
   3.56989E-001   1.36800E+001   1.74600E+001
   3.57021E-001   1.36800E+001   1.74600E+001
   3.57052E-001   1.36800E+001   1.74600E+001
   3.57083E-001   1.36800E+001   1.74600E+001
   3.57115E-001   1.36800E+001   1.74600E+001
   3.57146E-001   1.36800E+001   1.74600E+001
   3.57177E-001   1.36800E+001   1.74600E+001
   3.57209E-001   1.36800E+001   1.74600E+001
   3.57240E-001   1.36800E+001   1.74600E+001
   3.57272E-001   1.36800E+001   1.74600E+001
   3.57303E-001   1.36800E+001   1.74600E+001
   3.57334E-001   1.36800E+001   1.74600E+001
   3.57366E-001   1.36800E+001   1.74600E+001
   3.57397E-001   1.36800E+001   1.74600E+001
   3.57429E-001   1.36800E+001   1.74600E+001
   3.57460E-001   1.36800E+001   1.74600E+001
   3.57491E-001   1.36800E+001   1.74600E+001
   3.57523E-001   1.36800E+001   1.74600E+001
   3.57554E-001   1.36800E+001   1.74600E+001
   3.57586E-001   1.36800E+001   1.74600E+001
   3.57617E-001   1.36800E+001   1.74600E+001
   3.57648E-001   1.36800E+001   1.74600E+001
   3.57680E-001   1.36800E+001   1.74600E+001
   3.57711E-001   1.36800E+001   1.74600E+001
   3.57742E-001   1.36800E+001   1.74600E+001
   3.57774E-001   1.36800E+001   1.74600E+001
   3.57805E-001   1.36800E+001   1.74600E+001
   3.57837E-001   1.36800E+001   1.74600E+001
   3.57868E-001   1.36800E+001   1.74600E+001
   3.57899E-001   1.36800E+001   1.74600E+001
   3.57931E-001   1.36800E+001   1.74600E+001
   3.57962E-001   1.36800E+001   1.74600E+001
   3.57994E-001   1.36800E+001   1.74600E+001
   3.58025E-001   1.36800E+001   1.74600E+001
   3.58056E-001   1.36800E+001   1.74600E+001
   3.58088E-001   1.36800E+001   1.74600E+001
   3.58119E-001   1.36800E+001   1.74600E+001
   3.58151E-001   1.36800E+001   1.74600E+001
   3.58182E-001   1.36800E+001   1.74600E+001
   3.58213E-001   1.36800E+001   1.74600E+001
   3.58245E-001   1.36800E+001   1.74600E+001
   3.58276E-001   1.36800E+001   1.74600E+001
   3.58307E-001   1.36800E+001   1.74600E+001
   3.58339E-001   1.36800E+001   1.74600E+001
   3.58370E-001   1.36800E+001   1.74600E+001
   3.58402E-001   1.36800E+001   1.74600E+001
   3.58433E-001   1.36800E+001   1.74600E+001
   3.58464E-001   1.36800E+001   1.74600E+001
   3.58496E-001   1.36800E+001   1.74600E+001
   3.58527E-001   1.36800E+001   1.74600E+001
   3.58559E-001   1.36800E+001   1.74600E+001
   3.58590E-001   1.36800E+001   1.74600E+001
   3.58621E-001   1.36800E+001   1.74600E+001
   3.58653E-001   1.36800E+001   1.74600E+001
   3.58684E-001   1.36800E+001   1.74600E+001
   3.58716E-001   1.36800E+001   1.74600E+001
   3.58747E-001   1.36800E+001   1.74600E+001
   3.58778E-001   1.36800E+001   1.74600E+001
   3.58810E-001   1.36800E+001   1.74600E+001
   3.58841E-001   1.36800E+001   1.74600E+001
   3.58872E-001   1.36800E+001   1.74600E+001
   3.58904E-001   1.36800E+001   1.74600E+001
   3.58935E-001   1.36800E+001   1.74600E+001
   3.58967E-001   1.36800E+001   1.74600E+001
   3.58998E-001   1.36800E+001   1.74600E+001
   3.59029E-001   1.36800E+001   1.74600E+001
   3.59061E-001   1.36800E+001   1.74600E+001
   3.59092E-001   1.36800E+001   1.74600E+001
   3.59124E-001   1.36800E+001   1.74600E+001
   3.59155E-001   1.36800E+001   1.74600E+001
   3.59186E-001   1.36800E+001   1.74600E+001
   3.59218E-001   1.36800E+001   1.74600E+001
   3.59249E-001   1.36800E+001   1.74600E+001
   3.59281E-001   1.36800E+001   1.74600E+001
   3.59312E-001   1.36800E+001   1.74600E+001
   3.59343E-001   1.36800E+001   1.74600E+001
   3.59375E-001   1.36800E+001   1.74600E+001
   3.59406E-001   1.36800E+001   1.74600E+001
   3.59437E-001   1.36800E+001   1.74600E+001
   3.59469E-001   1.36800E+001   1.74600E+001
   3.59500E-001   1.36800E+001   1.74600E+001
   3.59532E-001   1.36800E+001   1.74600E+001
   3.59563E-001   1.36800E+001   1.74600E+001
   3.59594E-001   1.36800E+001   1.74600E+001
   3.59626E-001   1.36800E+001   1.74600E+001
   3.59657E-001   1.36800E+001   1.74600E+001
   3.59689E-001   1.36800E+001   1.74600E+001
   3.59720E-001   1.36800E+001   1.74600E+001
   3.59751E-001   1.36800E+001   1.74600E+001
   3.59783E-001   1.36800E+001   1.74600E+001
   3.59814E-001   1.36800E+001   1.74600E+001
   3.59846E-001   1.36800E+001   1.74600E+001
   3.59877E-001   1.36800E+001   1.74600E+001
   3.59908E-001   1.36800E+001   1.74600E+001
   3.59940E-001   1.36800E+001   1.74600E+001
   3.59971E-001   1.36800E+001   1.74600E+001
   3.60002E-001   1.36800E+001   1.74600E+001
   3.60034E-001   1.36800E+001   1.74600E+001
   3.60065E-001   1.36800E+001   1.74600E+001
   3.60097E-001   1.36800E+001   1.74600E+001
   3.60128E-001   1.36800E+001   1.74600E+001
   3.60159E-001   1.36800E+001   1.74600E+001
   3.60191E-001   1.36800E+001   1.74600E+001
   3.60222E-001   1.36800E+001   1.74600E+001
   3.60254E-001   1.36800E+001   1.74600E+001
   3.60285E-001   1.36800E+001   1.74600E+001
   3.60316E-001   1.36800E+001   1.74600E+001
   3.60348E-001   1.36800E+001   1.74600E+001
   3.60379E-001   1.36800E+001   1.74600E+001
   3.60411E-001   1.36800E+001   1.74600E+001
   3.60442E-001   1.36800E+001   1.74600E+001
   3.60473E-001   1.36800E+001   1.74600E+001
   3.60505E-001   1.36800E+001   1.74600E+001
   3.60536E-001   1.36800E+001   1.74600E+001
   3.60568E-001   1.36800E+001   1.74600E+001
   3.60599E-001   1.36800E+001   1.74600E+001
   3.60630E-001   1.36800E+001   1.74600E+001
   3.60662E-001   1.36800E+001   1.74600E+001
   3.60693E-001   1.36800E+001   1.74600E+001
   3.60724E-001   1.36800E+001   1.74600E+001
   3.60756E-001   1.36800E+001   1.74600E+001
   3.60787E-001   1.36800E+001   1.74600E+001
   3.60819E-001   1.36800E+001   1.74600E+001
   3.60850E-001   1.36800E+001   1.74600E+001
   3.60881E-001   1.36800E+001   1.74600E+001
   3.60913E-001   1.36800E+001   1.74600E+001
   3.60944E-001   1.36800E+001   1.74600E+001
   3.60976E-001   1.36800E+001   1.74600E+001
   3.61007E-001   1.36800E+001   1.74600E+001
   3.61038E-001   1.36800E+001   1.74600E+001
   3.61070E-001   1.36800E+001   1.74600E+001
   3.61101E-001   1.36800E+001   1.74600E+001
   3.61133E-001   1.36800E+001   1.76400E+001
   3.61164E-001   1.36800E+001   1.76400E+001
   3.61195E-001   1.36800E+001   1.76400E+001
   3.61227E-001   1.36800E+001   1.76400E+001
   3.61258E-001   1.36800E+001   1.76400E+001
   3.61289E-001   1.36800E+001   1.76400E+001
   3.61321E-001   1.36800E+001   1.76400E+001
   3.61352E-001   1.36800E+001   1.76400E+001
   3.61384E-001   1.36800E+001   1.76400E+001
   3.61415E-001   1.36800E+001   1.76400E+001
   3.61446E-001   1.36800E+001   1.76400E+001
   3.61478E-001   1.36800E+001   1.76400E+001
   3.61509E-001   1.36800E+001   1.76400E+001
   3.61541E-001   1.36800E+001   1.76400E+001
   3.61572E-001   1.36800E+001   1.76400E+001
   3.61603E-001   1.36800E+001   1.76400E+001
   3.61635E-001   1.36800E+001   1.76400E+001
   3.61666E-001   1.36800E+001   1.76400E+001
   3.61698E-001   1.36800E+001   1.76400E+001
   3.61729E-001   1.36800E+001   1.76400E+001
   3.61760E-001   1.36800E+001   1.76400E+001
   3.61792E-001   1.36800E+001   1.76400E+001
   3.61823E-001   1.36800E+001   1.76400E+001
   3.61854E-001   1.36800E+001   1.76400E+001
   3.61886E-001   1.36800E+001   1.76400E+001
   3.61917E-001   1.36800E+001   1.76400E+001
   3.61949E-001   1.36800E+001   1.76400E+001
   3.61980E-001   1.36800E+001   1.76400E+001
   3.62011E-001   1.36800E+001   1.76400E+001
   3.62043E-001   1.36800E+001   1.76400E+001
   3.62074E-001   1.36800E+001   1.76400E+001
   3.62106E-001   1.36800E+001   1.76400E+001
   3.62137E-001   1.36800E+001   1.76400E+001
   3.62168E-001   1.36800E+001   1.76400E+001
   3.62200E-001   1.36800E+001   1.76400E+001
   3.62231E-001   1.36800E+001   1.76400E+001
   3.62263E-001   1.36800E+001   1.76400E+001
   3.62294E-001   1.36800E+001   1.76400E+001
   3.62325E-001   1.36800E+001   1.76400E+001
   3.62357E-001   1.36800E+001   1.76400E+001
   3.62388E-001   1.36800E+001   1.76400E+001
   3.62419E-001   1.36800E+001   1.76400E+001
   3.62451E-001   1.36800E+001   1.76400E+001
   3.62482E-001   1.36800E+001   1.76400E+001
   3.62514E-001   1.36800E+001   1.76400E+001
   3.62545E-001   1.36800E+001   1.76400E+001
   3.62576E-001   1.36800E+001   1.76400E+001
   3.62608E-001   1.36800E+001   1.76400E+001
   3.62639E-001   1.36800E+001   1.76400E+001
   3.62671E-001   1.36800E+001   1.76400E+001
   3.62702E-001   1.36800E+001   1.76400E+001
   3.62733E-001   1.36800E+001   1.76400E+001
   3.62765E-001   1.36800E+001   1.76400E+001
   3.62796E-001   1.36800E+001   1.76400E+001
   3.62828E-001   1.36800E+001   1.76400E+001
   3.62859E-001   1.36800E+001   1.76400E+001
   3.62890E-001   1.36800E+001   1.76400E+001
   3.62922E-001   1.36800E+001   1.76400E+001
   3.62953E-001   1.36800E+001   1.76400E+001
   3.62984E-001   1.36800E+001   1.76400E+001
   3.63016E-001   1.36800E+001   1.76400E+001
   3.63047E-001   1.36800E+001   1.76400E+001
   3.63079E-001   1.36800E+001   1.76400E+001
   3.63110E-001   1.36800E+001   1.76400E+001
   3.63141E-001   1.36800E+001   1.76400E+001
   3.63173E-001   1.36800E+001   1.76400E+001
   3.63204E-001   1.36800E+001   1.76400E+001
   3.63236E-001   1.36800E+001   1.76400E+001
   3.63267E-001   1.36800E+001   1.76400E+001
   3.63298E-001   1.36800E+001   1.76400E+001
   3.63330E-001   1.36800E+001   1.76400E+001
   3.63361E-001   1.36800E+001   1.76400E+001
   3.63393E-001   1.36800E+001   1.76400E+001
   3.63424E-001   1.36800E+001   1.76400E+001
   3.63455E-001   1.36800E+001   1.76400E+001
   3.63487E-001   1.36800E+001   1.76400E+001
   3.63518E-001   1.36800E+001   1.76400E+001
   3.63549E-001   1.36800E+001   1.76400E+001
   3.63581E-001   1.36800E+001   1.76400E+001
   3.63612E-001   1.36800E+001   1.76400E+001
   3.63644E-001   1.36800E+001   1.76400E+001
   3.63675E-001   1.36800E+001   1.76400E+001
   3.63706E-001   1.36800E+001   1.76400E+001
   3.63738E-001   1.36800E+001   1.76400E+001
   3.63769E-001   1.36800E+001   1.76400E+001
   3.63801E-001   1.36800E+001   1.76400E+001
   3.63832E-001   1.36800E+001   1.76400E+001
   3.63863E-001   1.36800E+001   1.76400E+001
   3.63895E-001   1.36800E+001   1.76400E+001
   3.63926E-001   1.36800E+001   1.76400E+001
   3.63958E-001   1.36800E+001   1.76400E+001
   3.63989E-001   1.36800E+001   1.76400E+001
   3.64020E-001   1.36800E+001   1.76400E+001
   3.64052E-001   1.36800E+001   1.76400E+001
   3.64083E-001   1.36800E+001   1.76400E+001
   3.64114E-001   1.36800E+001   1.76400E+001
   3.64146E-001   1.36800E+001   1.76400E+001
   3.64177E-001   1.36800E+001   1.76400E+001
   3.64209E-001   1.36800E+001   1.76400E+001
   3.64240E-001   1.36800E+001   1.76400E+001
   3.64271E-001   1.36800E+001   1.76400E+001
   3.64303E-001   1.36800E+001   1.76400E+001
   3.64334E-001   1.36800E+001   1.76400E+001
   3.64366E-001   1.36800E+001   1.76400E+001
   3.64397E-001   1.36800E+001   1.76400E+001
   3.64428E-001   1.36800E+001   1.76400E+001
   3.64460E-001   1.36800E+001   1.76400E+001
   3.64491E-001   1.36800E+001   1.76400E+001
   3.64523E-001   1.36800E+001   1.76400E+001
   3.64554E-001   1.36800E+001   1.76400E+001
   3.64585E-001   1.36800E+001   1.76400E+001
   3.64617E-001   1.36800E+001   1.76400E+001
   3.64648E-001   1.36800E+001   1.76400E+001
   3.64679E-001   1.36800E+001   1.76400E+001
   3.64711E-001   1.36800E+001   1.76400E+001
   3.64742E-001   1.36800E+001   1.76400E+001
   3.64774E-001   1.36800E+001   1.76400E+001
   3.64805E-001   1.36800E+001   1.76400E+001
   3.64836E-001   1.36800E+001   1.76400E+001
   3.64868E-001   1.36800E+001   1.76400E+001
   3.64899E-001   1.36800E+001   1.76400E+001
   3.64931E-001   1.36800E+001   1.76400E+001
   3.64962E-001   1.36800E+001   1.76400E+001
   3.64993E-001   1.36800E+001   1.76400E+001
   3.65025E-001   1.36800E+001   1.76400E+001
   3.65056E-001   1.36800E+001   1.76400E+001
   3.65088E-001   1.36800E+001   1.76400E+001
   3.65119E-001   1.36800E+001   1.76400E+001
   3.65150E-001   1.36800E+001   1.76400E+001
   3.65182E-001   1.36800E+001   1.76400E+001
   3.65213E-001   1.36800E+001   1.76400E+001
   3.65244E-001   1.36800E+001   1.76400E+001
   3.65276E-001   1.36800E+001   1.76400E+001
   3.65307E-001   1.36800E+001   1.76400E+001
   3.65339E-001   1.36800E+001   1.76400E+001
   3.65370E-001   1.36800E+001   1.76400E+001
   3.65401E-001   1.36800E+001   1.76400E+001
   3.65433E-001   1.36800E+001   1.76400E+001
   3.65464E-001   1.36800E+001   1.76400E+001
   3.65496E-001   1.36800E+001   1.76400E+001
   3.65527E-001   1.36800E+001   1.76400E+001
   3.65558E-001   1.36800E+001   1.76400E+001
   3.65590E-001   1.36800E+001   1.76400E+001
   3.65621E-001   1.36800E+001   1.76400E+001
   3.65653E-001   1.36800E+001   1.76400E+001
   3.65684E-001   1.36800E+001   1.76400E+001
   3.65715E-001   1.36800E+001   1.76400E+001
   3.65747E-001   1.36800E+001   1.76400E+001
   3.65778E-001   1.36800E+001   1.76400E+001
   3.65809E-001   1.36800E+001   1.76400E+001
   3.65841E-001   1.36800E+001   1.76400E+001
   3.65872E-001   1.36800E+001   1.76400E+001
   3.65904E-001   1.36800E+001   1.76400E+001
   3.65935E-001   1.36800E+001   1.76400E+001
   3.65966E-001   1.36800E+001   1.76400E+001
   3.65998E-001   1.36800E+001   1.76400E+001
   3.66029E-001   1.36800E+001   1.76400E+001
   3.66061E-001   1.36800E+001   1.76400E+001
   3.66092E-001   1.36800E+001   1.76400E+001
   3.66123E-001   1.36800E+001   1.76400E+001
   3.66155E-001   1.36800E+001   1.76400E+001
   3.66186E-001   1.36800E+001   1.76400E+001
   3.66218E-001   1.36800E+001   1.76400E+001
   3.66249E-001   1.36800E+001   1.76400E+001
   3.66280E-001   1.36800E+001   1.76400E+001
   3.66312E-001   1.36800E+001   1.76400E+001
   3.66343E-001   1.36800E+001   1.76400E+001
   3.66374E-001   1.36800E+001   1.76400E+001
   3.66406E-001   1.36800E+001   1.76400E+001
   3.66437E-001   1.36800E+001   1.76400E+001
   3.66469E-001   1.36800E+001   1.76400E+001
   3.66500E-001   1.36800E+001   1.76400E+001
   3.66531E-001   1.36800E+001   1.76400E+001
   3.66563E-001   1.36800E+001   1.76400E+001
   3.66594E-001   1.36800E+001   1.76400E+001
   3.66626E-001   1.36800E+001   1.76400E+001
   3.66657E-001   1.36800E+001   1.76400E+001
   3.66688E-001   1.36800E+001   1.76400E+001
   3.66720E-001   1.36800E+001   1.76400E+001
   3.66751E-001   1.36800E+001   1.76400E+001
   3.66783E-001   1.36800E+001   1.76400E+001
   3.66814E-001   1.36800E+001   1.76400E+001
   3.66845E-001   1.36800E+001   1.76400E+001
   3.66877E-001   1.36800E+001   1.76400E+001
   3.66908E-001   1.36800E+001   1.76400E+001
   3.66940E-001   1.36800E+001   1.76400E+001
   3.66971E-001   1.36800E+001   1.76400E+001
   3.67002E-001   1.36800E+001   1.76400E+001
   3.67034E-001   1.36800E+001   1.76400E+001
   3.67065E-001   1.36800E+001   1.76400E+001
   3.67096E-001   1.36800E+001   1.76400E+001
   3.67128E-001   1.36800E+001   1.76400E+001
   3.67159E-001   1.36800E+001   1.76400E+001
   3.67191E-001   1.36800E+001   1.76400E+001
   3.67222E-001   1.36800E+001   1.76400E+001
   3.67253E-001   1.36800E+001   1.76400E+001
   3.67285E-001   1.36800E+001   1.76400E+001
   3.67316E-001   1.36800E+001   1.76400E+001
   3.67348E-001   1.36800E+001   1.76400E+001
   3.67379E-001   1.36800E+001   1.76400E+001
   3.67410E-001   1.36800E+001   1.76400E+001
   3.67442E-001   1.36800E+001   1.76400E+001
   3.67473E-001   1.36800E+001   1.76400E+001
   3.67505E-001   1.36800E+001   1.76400E+001
   3.67536E-001   1.36800E+001   1.76400E+001
   3.67567E-001   1.36800E+001   1.76400E+001
   3.67599E-001   1.36800E+001   1.76400E+001
   3.67630E-001   1.36800E+001   1.76400E+001
   3.67661E-001   1.36800E+001   1.76400E+001
   3.67693E-001   1.36800E+001   1.76400E+001
   3.67724E-001   1.36800E+001   1.76400E+001
   3.67756E-001   1.36800E+001   1.76400E+001
   3.67787E-001   1.36800E+001   1.76400E+001
   3.67818E-001   1.36800E+001   1.76400E+001
   3.67850E-001   1.36800E+001   1.76400E+001
   3.67881E-001   1.36800E+001   1.76400E+001
   3.67913E-001   1.36800E+001   1.76400E+001
   3.67944E-001   1.36800E+001   1.76400E+001
   3.67975E-001   1.36800E+001   1.76400E+001
   3.68007E-001   1.36800E+001   1.76400E+001
   3.68038E-001   1.36800E+001   1.76400E+001
   3.68070E-001   1.36800E+001   1.76400E+001
   3.68101E-001   1.36800E+001   1.76400E+001
   3.68132E-001   1.36800E+001   1.76400E+001
   3.68164E-001   1.36800E+001   1.76400E+001
   3.68195E-001   1.36800E+001   1.76400E+001
   3.68226E-001   1.36800E+001   1.76400E+001
   3.68258E-001   1.36800E+001   1.76400E+001
   3.68289E-001   1.36800E+001   1.76400E+001
   3.68321E-001   1.36800E+001   1.76400E+001
   3.68352E-001   1.36800E+001   1.76400E+001
   3.68383E-001   1.36800E+001   1.76400E+001
   3.68415E-001   1.36800E+001   1.76400E+001
   3.68446E-001   1.36800E+001   1.76400E+001
   3.68478E-001   1.36800E+001   1.76400E+001
   3.68509E-001   1.36800E+001   1.76400E+001
   3.68540E-001   1.36800E+001   1.76400E+001
   3.68572E-001   1.36800E+001   1.76400E+001
   3.68603E-001   1.36800E+001   1.78200E+001
   3.68635E-001   1.36800E+001   1.78200E+001
   3.68666E-001   1.36800E+001   1.78200E+001
   3.68697E-001   1.36800E+001   1.78200E+001
   3.68729E-001   1.36800E+001   1.78200E+001
   3.68760E-001   1.36800E+001   1.78200E+001
   3.68791E-001   1.36800E+001   1.78200E+001
   3.68823E-001   1.36800E+001   1.78200E+001
   3.68854E-001   1.36800E+001   1.78200E+001
   3.68886E-001   1.36800E+001   1.78200E+001
   3.68917E-001   1.36800E+001   1.78200E+001
   3.68948E-001   1.36800E+001   1.78200E+001
   3.68980E-001   1.36800E+001   1.78200E+001
   3.69011E-001   1.36800E+001   1.78200E+001
   3.69043E-001   1.36800E+001   1.78200E+001
   3.69074E-001   1.36800E+001   1.78200E+001
   3.69105E-001   1.36800E+001   1.78200E+001
   3.69137E-001   1.36800E+001   1.78200E+001
   3.69168E-001   1.36800E+001   1.78200E+001
   3.69200E-001   1.36800E+001   1.78200E+001
   3.69231E-001   1.36800E+001   1.78200E+001
   3.69262E-001   1.36800E+001   1.78200E+001
   3.69294E-001   1.36800E+001   1.78200E+001
   3.69325E-001   1.36800E+001   1.78200E+001
   3.69356E-001   1.36800E+001   1.78200E+001
   3.69388E-001   1.36800E+001   1.78200E+001
   3.69419E-001   1.36800E+001   1.78200E+001
   3.69451E-001   1.36800E+001   1.78200E+001
   3.69482E-001   1.36800E+001   1.78200E+001
   3.69513E-001   1.36800E+001   1.78200E+001
   3.69545E-001   1.36800E+001   1.78200E+001
   3.69576E-001   1.36800E+001   1.78200E+001
   3.69608E-001   1.36800E+001   1.78200E+001
   3.69639E-001   1.36800E+001   1.78200E+001
   3.69670E-001   1.36800E+001   1.78200E+001
   3.69702E-001   1.36800E+001   1.78200E+001
   3.69733E-001   1.36800E+001   1.78200E+001
   3.69765E-001   1.36800E+001   1.78200E+001
   3.69796E-001   1.36800E+001   1.78200E+001
   3.69827E-001   1.36800E+001   1.78200E+001
   3.69859E-001   1.36800E+001   1.78200E+001
   3.69890E-001   1.36800E+001   1.78200E+001
   3.69921E-001   1.36800E+001   1.78200E+001
   3.69953E-001   1.36800E+001   1.78200E+001
   3.69984E-001   1.36800E+001   1.78200E+001
   3.70016E-001   1.36800E+001   1.78200E+001
   3.70047E-001   1.36800E+001   1.78200E+001
   3.70078E-001   1.36800E+001   1.78200E+001
   3.70110E-001   1.36800E+001   1.78200E+001
   3.70141E-001   1.36800E+001   1.78200E+001
   3.70173E-001   1.36800E+001   1.78200E+001
   3.70204E-001   1.36800E+001   1.78200E+001
   3.70235E-001   1.36800E+001   1.78200E+001
   3.70267E-001   1.36800E+001   1.78200E+001
   3.70298E-001   1.36800E+001   1.78200E+001
   3.70330E-001   1.36800E+001   1.78200E+001
   3.70361E-001   1.36800E+001   1.78200E+001
   3.70392E-001   1.36800E+001   1.78200E+001
   3.70424E-001   1.36800E+001   1.78200E+001
   3.70455E-001   1.36800E+001   1.78200E+001
   3.70486E-001   1.36800E+001   1.78200E+001
   3.70518E-001   1.36800E+001   1.78200E+001
   3.70549E-001   1.36800E+001   1.78200E+001
   3.70581E-001   1.36800E+001   1.78200E+001
   3.70612E-001   1.36800E+001   1.78200E+001
   3.70643E-001   1.36800E+001   1.78200E+001
   3.70675E-001   1.36800E+001   1.78200E+001
   3.70706E-001   1.36800E+001   1.78200E+001
   3.70738E-001   1.36800E+001   1.78200E+001
   3.70769E-001   1.36800E+001   1.78200E+001
   3.70800E-001   1.36800E+001   1.78200E+001
   3.70832E-001   1.36800E+001   1.78200E+001
   3.70863E-001   1.36800E+001   1.78200E+001
   3.70895E-001   1.36800E+001   1.78200E+001
   3.70926E-001   1.36800E+001   1.78200E+001
   3.70957E-001   1.36800E+001   1.78200E+001
   3.70989E-001   1.36800E+001   1.78200E+001
   3.71020E-001   1.36800E+001   1.78200E+001
   3.71051E-001   1.36800E+001   1.78200E+001
   3.71083E-001   1.36800E+001   1.78200E+001
   3.71114E-001   1.36800E+001   1.78200E+001
   3.71146E-001   1.36800E+001   1.78200E+001
   3.71177E-001   1.36800E+001   1.78200E+001
   3.71208E-001   1.36800E+001   1.78200E+001
   3.71240E-001   1.36800E+001   1.78200E+001
   3.71271E-001   1.36800E+001   1.78200E+001
   3.71303E-001   1.36800E+001   1.78200E+001
   3.71334E-001   1.36800E+001   1.78200E+001
   3.71365E-001   1.36800E+001   1.78200E+001
   3.71397E-001   1.36800E+001   1.78200E+001
   3.71428E-001   1.36800E+001   1.78200E+001
   3.71460E-001   1.36800E+001   1.78200E+001
   3.71491E-001   1.36800E+001   1.78200E+001
   3.71522E-001   1.36800E+001   1.78200E+001
   3.71554E-001   1.36800E+001   1.78200E+001
   3.71585E-001   1.36800E+001   1.78200E+001
   3.71616E-001   1.36800E+001   1.78200E+001
   3.71648E-001   1.36800E+001   1.78200E+001
   3.71679E-001   1.36800E+001   1.78200E+001
   3.71711E-001   1.36800E+001   1.78200E+001
   3.71742E-001   1.36800E+001   1.78200E+001
   3.71773E-001   1.36800E+001   1.78200E+001
   3.71805E-001   1.36800E+001   1.78200E+001
   3.71836E-001   1.36800E+001   1.78200E+001
   3.71868E-001   1.36800E+001   1.78200E+001
   3.71899E-001   1.36800E+001   1.78200E+001
   3.71930E-001   1.36800E+001   1.78200E+001
   3.71962E-001   1.36800E+001   1.78200E+001
   3.71993E-001   1.36800E+001   1.78200E+001
   3.72025E-001   1.36800E+001   1.78200E+001
   3.72056E-001   1.36800E+001   1.78200E+001
   3.72087E-001   1.36800E+001   1.78200E+001
   3.72119E-001   1.36800E+001   1.78200E+001
   3.72150E-001   1.36800E+001   1.78200E+001
   3.72181E-001   1.36800E+001   1.78200E+001
   3.72213E-001   1.36800E+001   1.78200E+001
   3.72244E-001   1.36800E+001   1.78200E+001
   3.72276E-001   1.36800E+001   1.78200E+001
   3.72307E-001   1.36800E+001   1.78200E+001
   3.72338E-001   1.36800E+001   1.78200E+001
   3.72370E-001   1.36800E+001   1.78200E+001
   3.72401E-001   1.36800E+001   1.78200E+001
   3.72433E-001   1.36800E+001   1.78200E+001
   3.72464E-001   1.36800E+001   1.78200E+001
   3.72495E-001   1.36800E+001   1.78200E+001
   3.72527E-001   1.36800E+001   1.78200E+001
   3.72558E-001   1.36800E+001   1.78200E+001
   3.72590E-001   1.36800E+001   1.78200E+001
   3.72621E-001   1.36800E+001   1.78200E+001
   3.72652E-001   1.36800E+001   1.78200E+001
   3.72684E-001   1.36800E+001   1.78200E+001
   3.72715E-001   1.36800E+001   1.78200E+001
   3.72747E-001   1.36800E+001   1.78200E+001
   3.72778E-001   1.36800E+001   1.78200E+001
   3.72809E-001   1.36800E+001   1.78200E+001
   3.72841E-001   1.36800E+001   1.78200E+001
   3.72872E-001   1.36800E+001   1.78200E+001
   3.72903E-001   1.36800E+001   1.78200E+001
   3.72935E-001   1.36800E+001   1.78200E+001
   3.72966E-001   1.36800E+001   1.78200E+001
   3.72998E-001   1.36800E+001   1.78200E+001
   3.73029E-001   1.36800E+001   1.78200E+001
   3.73060E-001   1.36800E+001   1.78200E+001
   3.73092E-001   1.36800E+001   1.78200E+001
   3.73123E-001   1.36800E+001   1.78200E+001
   3.73155E-001   1.36800E+001   1.78200E+001
   3.73186E-001   1.36800E+001   1.78200E+001
   3.73217E-001   1.36800E+001   1.78200E+001
   3.73249E-001   1.36800E+001   1.78200E+001
   3.73280E-001   1.36800E+001   1.78200E+001
   3.73312E-001   1.36800E+001   1.78200E+001
   3.73343E-001   1.36800E+001   1.78200E+001
   3.73374E-001   1.36800E+001   1.78200E+001
   3.73406E-001   1.36800E+001   1.78200E+001
   3.73437E-001   1.36800E+001   1.78200E+001
   3.73468E-001   1.36800E+001   1.78200E+001
   3.73500E-001   1.36800E+001   1.78200E+001
   3.73531E-001   1.36800E+001   1.78200E+001
   3.73563E-001   1.36800E+001   1.78200E+001
   3.73594E-001   1.36800E+001   1.78200E+001
   3.73625E-001   1.36800E+001   1.78200E+001
   3.73657E-001   1.36800E+001   1.78200E+001
   3.73688E-001   1.36800E+001   1.78200E+001
   3.73720E-001   1.36800E+001   1.78200E+001
   3.73751E-001   1.36800E+001   1.78200E+001
   3.73782E-001   1.36800E+001   1.78200E+001
   3.73814E-001   1.36800E+001   1.78200E+001
   3.73845E-001   1.36800E+001   1.78200E+001
   3.73877E-001   1.36800E+001   1.78200E+001
   3.73908E-001   1.36800E+001   1.78200E+001
   3.73939E-001   1.36800E+001   1.78200E+001
   3.73971E-001   1.36800E+001   1.78200E+001
   3.74002E-001   1.36800E+001   1.78200E+001
   3.74033E-001   1.36800E+001   1.78200E+001
   3.74065E-001   1.36800E+001   1.78200E+001
   3.74096E-001   1.36800E+001   1.78200E+001
   3.74128E-001   1.36800E+001   1.78200E+001
   3.74159E-001   1.36800E+001   1.78200E+001
   3.74190E-001   1.36800E+001   1.78200E+001
   3.74222E-001   1.36800E+001   1.78200E+001
   3.74253E-001   1.36800E+001   1.78200E+001
   3.74285E-001   1.36800E+001   1.78200E+001
   3.74316E-001   1.36800E+001   1.78200E+001
   3.74347E-001   1.36800E+001   1.78200E+001
   3.74379E-001   1.36800E+001   1.78200E+001
   3.74410E-001   1.36800E+001   1.78200E+001
   3.74442E-001   1.36800E+001   1.78200E+001
   3.74473E-001   1.36800E+001   1.78200E+001
   3.74504E-001   1.36800E+001   1.78200E+001
   3.74536E-001   1.36800E+001   1.78200E+001
   3.74567E-001   1.36800E+001   1.78200E+001
   3.74598E-001   1.36800E+001   1.78200E+001
   3.74630E-001   1.36800E+001   1.78200E+001
   3.74661E-001   1.36800E+001   1.78200E+001
   3.74693E-001   1.36800E+001   1.78200E+001
   3.74724E-001   1.36800E+001   1.78200E+001
   3.74755E-001   1.36800E+001   1.78200E+001
   3.74787E-001   1.36800E+001   1.78200E+001
   3.74818E-001   1.36800E+001   1.78200E+001
   3.74850E-001   1.36800E+001   1.78200E+001
   3.74881E-001   1.36800E+001   1.78200E+001
   3.74912E-001   1.36800E+001   1.78200E+001
   3.74944E-001   1.36800E+001   1.78200E+001
   3.74975E-001   1.36800E+001   1.78200E+001
   3.75007E-001   1.36800E+001   1.78200E+001
   3.75038E-001   1.36800E+001   1.78200E+001
   3.75069E-001   1.36800E+001   1.78200E+001
   3.75101E-001   1.36800E+001   1.78200E+001
   3.75132E-001   1.36800E+001   1.78200E+001
   3.75163E-001   1.36800E+001   1.78200E+001
   3.75195E-001   1.36800E+001   1.78200E+001
   3.75226E-001   1.36800E+001   1.78200E+001
   3.75258E-001   1.36800E+001   1.78200E+001
   3.75289E-001   1.36800E+001   1.78200E+001
   3.75320E-001   1.36800E+001   1.78200E+001
   3.75352E-001   1.36800E+001   1.78200E+001
   3.75383E-001   1.36800E+001   1.78200E+001
   3.75415E-001   1.36800E+001   1.78200E+001
   3.75446E-001   1.36800E+001   1.78200E+001
   3.75477E-001   1.36800E+001   1.78200E+001
   3.75509E-001   1.36800E+001   1.78200E+001
   3.75540E-001   1.36800E+001   1.78200E+001
   3.75572E-001   1.36800E+001   1.78200E+001
   3.75603E-001   1.36800E+001   1.78200E+001
   3.75634E-001   1.36800E+001   1.78200E+001
   3.75666E-001   1.36800E+001   1.78200E+001
   3.75697E-001   1.36800E+001   1.78200E+001
   3.75728E-001   1.36800E+001   1.78200E+001
   3.75760E-001   1.36800E+001   1.78200E+001
   3.75791E-001   1.36800E+001   1.78200E+001
   3.75823E-001   1.36800E+001   1.78200E+001
   3.75854E-001   1.36800E+001   1.78200E+001
   3.75885E-001   1.36800E+001   1.78200E+001
   3.75917E-001   1.36800E+001   1.78200E+001
   3.75948E-001   1.36800E+001   1.78200E+001
   3.75980E-001   1.36800E+001   1.78200E+001
   3.76011E-001   1.36800E+001   1.78200E+001
   3.76042E-001   1.36800E+001   1.78200E+001
   3.76074E-001   1.36800E+001   1.78200E+001
   3.76105E-001   1.36800E+001   1.78200E+001
   3.76137E-001   1.36800E+001   1.78200E+001
   3.76168E-001   1.36800E+001   1.80000E+001
   3.76199E-001   1.36800E+001   1.80000E+001
   3.76231E-001   1.36800E+001   1.80000E+001
   3.76262E-001   1.36800E+001   1.80000E+001
   3.76293E-001   1.36800E+001   1.80000E+001
   3.76325E-001   1.36800E+001   1.80000E+001
   3.76356E-001   1.36800E+001   1.80000E+001
   3.76388E-001   1.36800E+001   1.80000E+001
   3.76419E-001   1.36800E+001   1.80000E+001
   3.76450E-001   1.36800E+001   1.80000E+001
   3.76482E-001   1.36800E+001   1.80000E+001
   3.76513E-001   1.36800E+001   1.80000E+001
   3.76545E-001   1.36800E+001   1.80000E+001
   3.76576E-001   1.36800E+001   1.80000E+001
   3.76607E-001   1.36800E+001   1.80000E+001
   3.76639E-001   1.36800E+001   1.80000E+001
   3.76670E-001   1.36800E+001   1.80000E+001
   3.76702E-001   1.36800E+001   1.80000E+001
   3.76733E-001   1.36800E+001   1.80000E+001
   3.76764E-001   1.36800E+001   1.80000E+001
   3.76796E-001   1.36800E+001   1.80000E+001
   3.76827E-001   1.36800E+001   1.80000E+001
   3.76858E-001   1.36800E+001   1.80000E+001
   3.76890E-001   1.36800E+001   1.80000E+001
   3.76921E-001   1.36800E+001   1.80000E+001
   3.76953E-001   1.36800E+001   1.80000E+001
   3.76984E-001   1.36800E+001   1.80000E+001
   3.77015E-001   1.36800E+001   1.80000E+001
   3.77047E-001   1.36800E+001   1.80000E+001
   3.77078E-001   1.36800E+001   1.80000E+001
   3.77110E-001   1.36800E+001   1.80000E+001
   3.77141E-001   1.36800E+001   1.80000E+001
   3.77172E-001   1.36800E+001   1.80000E+001
   3.77204E-001   1.36800E+001   1.80000E+001
   3.77235E-001   1.36800E+001   1.80000E+001
   3.77267E-001   1.36800E+001   1.80000E+001
   3.77298E-001   1.36800E+001   1.80000E+001
   3.77329E-001   1.36800E+001   1.80000E+001
   3.77361E-001   1.36800E+001   1.80000E+001
   3.77392E-001   1.36800E+001   1.80000E+001
   3.77423E-001   1.36800E+001   1.80000E+001
   3.77455E-001   1.36800E+001   1.80000E+001
   3.77486E-001   1.36800E+001   1.80000E+001
   3.77518E-001   1.36800E+001   1.80000E+001
   3.77549E-001   1.36800E+001   1.80000E+001
   3.77580E-001   1.36800E+001   1.80000E+001
   3.77612E-001   1.36800E+001   1.80000E+001
   3.77643E-001   1.36800E+001   1.80000E+001
   3.77675E-001   1.36800E+001   1.80000E+001
   3.77706E-001   1.36800E+001   1.80000E+001
   3.77737E-001   1.36800E+001   1.80000E+001
   3.77769E-001   1.36800E+001   1.80000E+001
   3.77800E-001   1.36800E+001   1.80000E+001
   3.77832E-001   1.36800E+001   1.80000E+001
   3.77863E-001   1.36800E+001   1.80000E+001
   3.77894E-001   1.36800E+001   1.80000E+001
   3.77926E-001   1.36800E+001   1.80000E+001
   3.77957E-001   1.36800E+001   1.80000E+001
   3.77988E-001   1.36800E+001   1.80000E+001
   3.78020E-001   1.36800E+001   1.80000E+001
   3.78051E-001   1.36800E+001   1.80000E+001
   3.78083E-001   1.36800E+001   1.80000E+001
   3.78114E-001   1.36800E+001   1.80000E+001
   3.78145E-001   1.36800E+001   1.80000E+001
   3.78177E-001   1.36800E+001   1.80000E+001
   3.78208E-001   1.36800E+001   1.80000E+001
   3.78240E-001   1.36800E+001   1.80000E+001
   3.78271E-001   1.36800E+001   1.80000E+001
   3.78302E-001   1.36800E+001   1.80000E+001
   3.78334E-001   1.36800E+001   1.80000E+001
   3.78365E-001   1.36800E+001   1.80000E+001
   3.78397E-001   1.36800E+001   1.80000E+001
   3.78428E-001   1.36800E+001   1.80000E+001
   3.78459E-001   1.36800E+001   1.80000E+001
   3.78491E-001   1.36800E+001   1.80000E+001
   3.78522E-001   1.36800E+001   1.80000E+001
   3.78554E-001   1.36800E+001   1.80000E+001
   3.78585E-001   1.36800E+001   1.80000E+001
   3.78616E-001   1.36800E+001   1.80000E+001
   3.78648E-001   1.36800E+001   1.80000E+001
   3.78679E-001   1.36800E+001   1.80000E+001
   3.78710E-001   1.36800E+001   1.80000E+001
   3.78742E-001   1.36800E+001   1.80000E+001
   3.78773E-001   1.36800E+001   1.80000E+001
   3.78805E-001   1.36800E+001   1.80000E+001
   3.78836E-001   1.36800E+001   1.80000E+001
   3.78867E-001   1.36800E+001   1.80000E+001
   3.78899E-001   1.36800E+001   1.80000E+001
   3.78930E-001   1.36800E+001   1.80000E+001
   3.78962E-001   1.36800E+001   1.80000E+001
   3.78993E-001   1.36800E+001   1.80000E+001
   3.79024E-001   1.36800E+001   1.80000E+001
   3.79056E-001   1.36800E+001   1.80000E+001
   3.79087E-001   1.36800E+001   1.80000E+001
   3.79119E-001   1.36800E+001   1.80000E+001
   3.79150E-001   1.36800E+001   1.80000E+001
   3.79181E-001   1.36800E+001   1.80000E+001
   3.79213E-001   1.36800E+001   1.80000E+001
   3.79244E-001   1.36800E+001   1.80000E+001
   3.79275E-001   1.36800E+001   1.80000E+001
   3.79307E-001   1.36800E+001   1.80000E+001
   3.79338E-001   1.36800E+001   1.80000E+001
   3.79370E-001   1.36800E+001   1.80000E+001
   3.79401E-001   1.36800E+001   1.80000E+001
   3.79432E-001   1.36800E+001   1.80000E+001
   3.79464E-001   1.36800E+001   1.80000E+001
   3.79495E-001   1.36800E+001   1.80000E+001
   3.79527E-001   1.36800E+001   1.80000E+001
   3.79558E-001   1.36800E+001   1.80000E+001
   3.79589E-001   1.36800E+001   1.80000E+001
   3.79621E-001   1.36800E+001   1.80000E+001
   3.79652E-001   1.36800E+001   1.80000E+001
   3.79684E-001   1.36800E+001   1.80000E+001
   3.79715E-001   1.36800E+001   1.80000E+001
   3.79746E-001   1.36800E+001   1.80000E+001
   3.79778E-001   1.36800E+001   1.80000E+001
   3.79809E-001   1.36800E+001   1.80000E+001
   3.79840E-001   1.36800E+001   1.80000E+001
   3.79872E-001   1.36800E+001   1.80000E+001
   3.79903E-001   1.36800E+001   1.80000E+001
   3.79935E-001   1.36800E+001   1.80000E+001
   3.79966E-001   1.36800E+001   1.80000E+001
   3.79997E-001   1.36800E+001   1.80000E+001
   3.80029E-001   1.36800E+001   1.80000E+001
   3.80060E-001   1.36800E+001   1.80000E+001
   3.80092E-001   1.36800E+001   1.80000E+001
   3.80123E-001   1.36800E+001   1.80000E+001
   3.80154E-001   1.36800E+001   1.80000E+001
   3.80186E-001   1.36800E+001   1.80000E+001
   3.80217E-001   1.36800E+001   1.80000E+001
   3.80249E-001   1.36800E+001   1.80000E+001
   3.80280E-001   1.36800E+001   1.80000E+001
   3.80311E-001   1.36800E+001   1.80000E+001
   3.80343E-001   1.36800E+001   1.80000E+001
   3.80374E-001   1.36800E+001   1.80000E+001
   3.80405E-001   1.36800E+001   1.80000E+001
   3.80437E-001   1.36800E+001   1.80000E+001
   3.80468E-001   1.36800E+001   1.80000E+001
   3.80500E-001   1.36800E+001   1.80000E+001
   3.80531E-001   1.36800E+001   1.80000E+001
   3.80562E-001   1.36800E+001   1.80000E+001
   3.80594E-001   1.36800E+001   1.80000E+001
   3.80625E-001   1.36800E+001   1.80000E+001
   3.80657E-001   1.36800E+001   1.80000E+001
   3.80688E-001   1.36800E+001   1.80000E+001
   3.80719E-001   1.36800E+001   1.80000E+001
   3.80751E-001   1.36800E+001   1.80000E+001
   3.80782E-001   1.36800E+001   1.80000E+001
   3.80814E-001   1.36800E+001   1.80000E+001
   3.80845E-001   1.36800E+001   1.80000E+001
   3.80876E-001   1.36800E+001   1.80000E+001
   3.80908E-001   1.36800E+001   1.80000E+001
   3.80939E-001   1.36800E+001   1.80000E+001
   3.80970E-001   1.36800E+001   1.80000E+001
   3.81002E-001   1.36800E+001   1.80000E+001
   3.81033E-001   1.36800E+001   1.80000E+001
   3.81065E-001   1.36800E+001   1.80000E+001
   3.81096E-001   1.36800E+001   1.80000E+001
   3.81127E-001   1.36800E+001   1.80000E+001
   3.81159E-001   1.36800E+001   1.80000E+001
   3.81190E-001   1.36800E+001   1.80000E+001
   3.81222E-001   1.36800E+001   1.80000E+001
   3.81253E-001   1.36800E+001   1.80000E+001
   3.81284E-001   1.36800E+001   1.80000E+001
   3.81316E-001   1.36800E+001   1.80000E+001
   3.81347E-001   1.36800E+001   1.80000E+001
   3.81379E-001   1.36800E+001   1.80000E+001
   3.81410E-001   1.36800E+001   1.80000E+001
   3.81441E-001   1.36800E+001   1.80000E+001
   3.81473E-001   1.36800E+001   1.80000E+001
   3.81504E-001   1.36800E+001   1.80000E+001
   3.81535E-001   1.36800E+001   1.80000E+001
   3.81567E-001   1.36800E+001   1.80000E+001
   3.81598E-001   1.36800E+001   1.80000E+001
   3.81630E-001   1.36800E+001   1.80000E+001
   3.81661E-001   1.36800E+001   1.80000E+001
   3.81692E-001   1.36800E+001   1.80000E+001
   3.81724E-001   1.36800E+001   1.80000E+001
   3.81755E-001   1.36800E+001   1.80000E+001
   3.81787E-001   1.36800E+001   1.80000E+001
   3.81818E-001   1.36800E+001   1.80000E+001
   3.81849E-001   1.36800E+001   1.80000E+001
   3.81881E-001   1.36800E+001   1.80000E+001
   3.81912E-001   1.36800E+001   1.80000E+001
   3.81944E-001   1.36800E+001   1.80000E+001
   3.81975E-001   1.36800E+001   1.80000E+001
   3.82006E-001   1.36800E+001   1.80000E+001
   3.82038E-001   1.36800E+001   1.80000E+001
   3.82069E-001   1.36800E+001   1.80000E+001
   3.82100E-001   1.36800E+001   1.80000E+001
   3.82132E-001   1.36800E+001   1.80000E+001
   3.82163E-001   1.36800E+001   1.80000E+001
   3.82195E-001   1.36800E+001   1.80000E+001
   3.82226E-001   1.36800E+001   1.80000E+001
   3.82257E-001   1.36800E+001   1.80000E+001
   3.82289E-001   1.36800E+001   1.80000E+001
   3.82320E-001   1.36800E+001   1.80000E+001
   3.82352E-001   1.36800E+001   1.80000E+001
   3.82383E-001   1.36800E+001   1.80000E+001
   3.82414E-001   1.36800E+001   1.80000E+001
   3.82446E-001   1.36800E+001   1.80000E+001
   3.82477E-001   1.36800E+001   1.80000E+001
   3.82509E-001   1.36800E+001   1.80000E+001
   3.82540E-001   1.36800E+001   1.80000E+001
   3.82571E-001   1.36800E+001   1.80000E+001
   3.82603E-001   1.36800E+001   1.80000E+001
   3.82634E-001   1.36800E+001   1.80000E+001
   3.82665E-001   1.36800E+001   1.80000E+001
   3.82697E-001   1.36800E+001   1.80000E+001
   3.82728E-001   1.36800E+001   1.80000E+001
   3.82760E-001   1.36800E+001   1.80000E+001
   3.82791E-001   1.36800E+001   1.80000E+001
   3.82822E-001   1.36800E+001   1.80000E+001
   3.82854E-001   1.36800E+001   1.80000E+001
   3.82885E-001   1.36800E+001   1.80000E+001
   3.82917E-001   1.36800E+001   1.80000E+001
   3.82948E-001   1.36800E+001   1.80000E+001
   3.82979E-001   1.36800E+001   1.80000E+001
   3.83011E-001   1.36800E+001   1.80000E+001
   3.83042E-001   1.36800E+001   1.80000E+001
   3.83074E-001   1.36800E+001   1.80000E+001
   3.83105E-001   1.36800E+001   1.80000E+001
   3.83136E-001   1.36800E+001   1.80000E+001
   3.83168E-001   1.36800E+001   1.80000E+001
   3.83199E-001   1.36800E+001   1.80000E+001
   3.83230E-001   1.36800E+001   1.80000E+001
   3.83262E-001   1.36800E+001   1.80000E+001
   3.83293E-001   1.36800E+001   1.80000E+001
   3.83325E-001   1.36800E+001   1.80000E+001
   3.83356E-001   1.36800E+001   1.80000E+001
   3.83387E-001   1.36800E+001   1.80000E+001
   3.83419E-001   1.36800E+001   1.80000E+001
   3.83450E-001   1.36800E+001   1.80000E+001
   3.83482E-001   1.36800E+001   1.80000E+001
   3.83513E-001   1.36800E+001   1.80000E+001
   3.83544E-001   1.36800E+001   1.80000E+001
   3.83576E-001   1.36800E+001   1.80000E+001
   3.83607E-001   1.36800E+001   1.80000E+001
   3.83639E-001   1.36800E+001   1.80000E+001
   3.83670E-001   1.36800E+001   1.80000E+001
   3.83701E-001   1.36800E+001   1.80000E+001
   3.83733E-001   1.36800E+001   1.80000E+001
   3.83764E-001   1.36800E+001   1.80000E+001
   3.83795E-001   1.36800E+001   1.80000E+001
   3.83827E-001   1.36800E+001   1.81800E+001
   3.83858E-001   1.36800E+001   1.81800E+001
   3.83890E-001   1.36800E+001   1.81800E+001
   3.83921E-001   1.36800E+001   1.81800E+001
   3.83952E-001   1.36800E+001   1.81800E+001
   3.83984E-001   1.36800E+001   1.81800E+001
   3.84015E-001   1.36800E+001   1.81800E+001
   3.84047E-001   1.36800E+001   1.81800E+001
   3.84078E-001   1.36800E+001   1.81800E+001
   3.84109E-001   1.36800E+001   1.81800E+001
   3.84141E-001   1.36800E+001   1.81800E+001
   3.84172E-001   1.36800E+001   1.81800E+001
   3.84204E-001   1.36800E+001   1.81800E+001
   3.84235E-001   1.36800E+001   1.81800E+001
   3.84266E-001   1.36800E+001   1.81800E+001
   3.84298E-001   1.36800E+001   1.81800E+001
   3.84329E-001   1.36800E+001   1.81800E+001
   3.84360E-001   1.36800E+001   1.81800E+001
   3.84392E-001   1.36800E+001   1.81800E+001
   3.84423E-001   1.36800E+001   1.81800E+001
   3.84455E-001   1.36800E+001   1.81800E+001
   3.84486E-001   1.36800E+001   1.81800E+001
   3.84517E-001   1.36800E+001   1.81800E+001
   3.84549E-001   1.36800E+001   1.81800E+001
   3.84580E-001   1.36800E+001   1.81800E+001
   3.84612E-001   1.36800E+001   1.81800E+001
   3.84643E-001   1.36800E+001   1.81800E+001
   3.84674E-001   1.36800E+001   1.81800E+001
   3.84706E-001   1.36800E+001   1.81800E+001
   3.84737E-001   1.36800E+001   1.81800E+001
   3.84769E-001   1.36800E+001   1.81800E+001
   3.84800E-001   1.36800E+001   1.81800E+001
   3.84831E-001   1.36800E+001   1.81800E+001
   3.84863E-001   1.36800E+001   1.81800E+001
   3.84894E-001   1.36800E+001   1.81800E+001
   3.84926E-001   1.36800E+001   1.81800E+001
   3.84957E-001   1.36800E+001   1.81800E+001
   3.84988E-001   1.36800E+001   1.81800E+001
   3.85020E-001   1.36800E+001   1.81800E+001
   3.85051E-001   1.36800E+001   1.81800E+001
   3.85082E-001   1.36800E+001   1.81800E+001
   3.85114E-001   1.36800E+001   1.81800E+001
   3.85145E-001   1.36800E+001   1.81800E+001
   3.85177E-001   1.36800E+001   1.81800E+001
   3.85208E-001   1.36800E+001   1.81800E+001
   3.85239E-001   1.36800E+001   1.81800E+001
   3.85271E-001   1.36800E+001   1.81800E+001
   3.85302E-001   1.36800E+001   1.81800E+001
   3.85334E-001   1.36800E+001   1.81800E+001
   3.85365E-001   1.36800E+001   1.81800E+001
   3.85396E-001   1.36800E+001   1.81800E+001
   3.85428E-001   1.36800E+001   1.81800E+001
   3.85459E-001   1.36800E+001   1.81800E+001
   3.85491E-001   1.36800E+001   1.81800E+001
   3.85522E-001   1.36800E+001   1.81800E+001
   3.85553E-001   1.36800E+001   1.81800E+001
   3.85585E-001   1.36800E+001   1.81800E+001
   3.85616E-001   1.36800E+001   1.81800E+001
   3.85647E-001   1.36800E+001   1.81800E+001
   3.85679E-001   1.36800E+001   1.81800E+001
   3.85710E-001   1.36800E+001   1.81800E+001
   3.85742E-001   1.36800E+001   1.81800E+001
   3.85773E-001   1.36800E+001   1.81800E+001
   3.85804E-001   1.36800E+001   1.81800E+001
   3.85836E-001   1.36800E+001   1.81800E+001
   3.85867E-001   1.36800E+001   1.81800E+001
   3.85899E-001   1.36800E+001   1.81800E+001
   3.85930E-001   1.36800E+001   1.81800E+001
   3.85961E-001   1.36800E+001   1.81800E+001
   3.85993E-001   1.36800E+001   1.81800E+001
   3.86024E-001   1.36800E+001   1.81800E+001
   3.86056E-001   1.36800E+001   1.81800E+001
   3.86087E-001   1.36800E+001   1.81800E+001
   3.86118E-001   1.36800E+001   1.81800E+001
   3.86150E-001   1.36800E+001   1.81800E+001
   3.86181E-001   1.36800E+001   1.81800E+001
   3.86212E-001   1.36800E+001   1.81800E+001
   3.86244E-001   1.36800E+001   1.81800E+001
   3.86275E-001   1.36800E+001   1.81800E+001
   3.86307E-001   1.36800E+001   1.81800E+001
   3.86338E-001   1.36800E+001   1.81800E+001
   3.86369E-001   1.36800E+001   1.81800E+001
   3.86401E-001   1.36800E+001   1.81800E+001
   3.86432E-001   1.36800E+001   1.81800E+001
   3.86464E-001   1.36800E+001   1.81800E+001
   3.86495E-001   1.36800E+001   1.81800E+001
   3.86526E-001   1.36800E+001   1.81800E+001
   3.86558E-001   1.36800E+001   1.81800E+001
   3.86589E-001   1.36800E+001   1.81800E+001
   3.86621E-001   1.36800E+001   1.81800E+001
   3.86652E-001   1.36800E+001   1.81800E+001
   3.86683E-001   1.36800E+001   1.81800E+001
   3.86715E-001   1.36800E+001   1.81800E+001
   3.86746E-001   1.36800E+001   1.81800E+001
   3.86777E-001   1.36800E+001   1.81800E+001
   3.86809E-001   1.36800E+001   1.81800E+001
   3.86840E-001   1.36800E+001   1.81800E+001
   3.86872E-001   1.36800E+001   1.81800E+001
   3.86903E-001   1.36800E+001   1.81800E+001
   3.86934E-001   1.36800E+001   1.81800E+001
   3.86966E-001   1.36800E+001   1.81800E+001
   3.86997E-001   1.36800E+001   1.81800E+001
   3.87029E-001   1.36800E+001   1.81800E+001
   3.87060E-001   1.36800E+001   1.81800E+001
   3.87091E-001   1.36800E+001   1.81800E+001
   3.87123E-001   1.36800E+001   1.81800E+001
   3.87154E-001   1.36800E+001   1.81800E+001
   3.87186E-001   1.36800E+001   1.81800E+001
   3.87217E-001   1.36800E+001   1.81800E+001
   3.87248E-001   1.36800E+001   1.81800E+001
   3.87280E-001   1.36800E+001   1.81800E+001
   3.87311E-001   1.36800E+001   1.81800E+001
   3.87342E-001   1.36800E+001   1.81800E+001
   3.87374E-001   1.36800E+001   1.81800E+001
   3.87405E-001   1.36800E+001   1.81800E+001
   3.87437E-001   1.36800E+001   1.81800E+001
   3.87468E-001   1.36800E+001   1.81800E+001
   3.87499E-001   1.36800E+001   1.81800E+001
   3.87531E-001   1.36800E+001   1.81800E+001
   3.87562E-001   1.36800E+001   1.81800E+001
   3.87594E-001   1.36800E+001   1.81800E+001
   3.87625E-001   1.36800E+001   1.81800E+001
   3.87656E-001   1.36800E+001   1.81800E+001
   3.87688E-001   1.36800E+001   1.81800E+001
   3.87719E-001   1.36800E+001   1.81800E+001
   3.87751E-001   1.36800E+001   1.81800E+001
   3.87782E-001   1.36800E+001   1.81800E+001
   3.87813E-001   1.36800E+001   1.81800E+001
   3.87845E-001   1.36800E+001   1.81800E+001
   3.87876E-001   1.36800E+001   1.81800E+001
   3.87907E-001   1.36800E+001   1.81800E+001
   3.87939E-001   1.36800E+001   1.81800E+001
   3.87970E-001   1.36800E+001   1.81800E+001
   3.88002E-001   1.36800E+001   1.81800E+001
   3.88033E-001   1.36800E+001   1.81800E+001
   3.88064E-001   1.36800E+001   1.81800E+001
   3.88096E-001   1.36800E+001   1.81800E+001
   3.88127E-001   1.36800E+001   1.81800E+001
   3.88159E-001   1.36800E+001   1.81800E+001
   3.88190E-001   1.36800E+001   1.81800E+001
   3.88221E-001   1.36800E+001   1.81800E+001
   3.88253E-001   1.36800E+001   1.81800E+001
   3.88284E-001   1.36800E+001   1.81800E+001
   3.88316E-001   1.36800E+001   1.81800E+001
   3.88347E-001   1.36800E+001   1.81800E+001
   3.88378E-001   1.36800E+001   1.81800E+001
   3.88410E-001   1.36800E+001   1.81800E+001
   3.88441E-001   1.36800E+001   1.81800E+001
   3.88472E-001   1.36800E+001   1.81800E+001
   3.88504E-001   1.36800E+001   1.81800E+001
   3.88535E-001   1.36800E+001   1.81800E+001
   3.88567E-001   1.36800E+001   1.81800E+001
   3.88598E-001   1.36800E+001   1.81800E+001
   3.88629E-001   1.36800E+001   1.81800E+001
   3.88661E-001   1.36800E+001   1.81800E+001
   3.88692E-001   1.36800E+001   1.81800E+001
   3.88724E-001   1.36800E+001   1.81800E+001
   3.88755E-001   1.36800E+001   1.81800E+001
   3.88786E-001   1.36800E+001   1.81800E+001
   3.88818E-001   1.36800E+001   1.81800E+001
   3.88849E-001   1.36800E+001   1.81800E+001
   3.88881E-001   1.36800E+001   1.81800E+001
   3.88912E-001   1.36800E+001   1.81800E+001
   3.88943E-001   1.36800E+001   1.81800E+001
   3.88975E-001   1.36800E+001   1.81800E+001
   3.89006E-001   1.36800E+001   1.81800E+001
   3.89037E-001   1.36800E+001   1.81800E+001
   3.89069E-001   1.36800E+001   1.81800E+001
   3.89100E-001   1.36800E+001   1.81800E+001
   3.89132E-001   1.36800E+001   1.81800E+001
   3.89163E-001   1.36800E+001   1.81800E+001
   3.89194E-001   1.36800E+001   1.81800E+001
   3.89226E-001   1.36800E+001   1.81800E+001
   3.89257E-001   1.36800E+001   1.81800E+001
   3.89289E-001   1.36800E+001   1.81800E+001
   3.89320E-001   1.36800E+001   1.81800E+001
   3.89351E-001   1.36800E+001   1.81800E+001
   3.89383E-001   1.36800E+001   1.81800E+001
   3.89414E-001   1.36800E+001   1.81800E+001
   3.89446E-001   1.36800E+001   1.81800E+001
   3.89477E-001   1.36800E+001   1.81800E+001
   3.89508E-001   1.36800E+001   1.81800E+001
   3.89540E-001   1.36800E+001   1.81800E+001
   3.89571E-001   1.36800E+001   1.81800E+001
   3.89602E-001   1.36800E+001   1.81800E+001
   3.89634E-001   1.36800E+001   1.81800E+001
   3.89665E-001   1.36800E+001   1.81800E+001
   3.89697E-001   1.36800E+001   1.81800E+001
   3.89728E-001   1.36800E+001   1.81800E+001
   3.89759E-001   1.36800E+001   1.81800E+001
   3.89791E-001   1.36800E+001   1.81800E+001
   3.89822E-001   1.36800E+001   1.81800E+001
   3.89854E-001   1.36800E+001   1.81800E+001
   3.89885E-001   1.36800E+001   1.81800E+001
   3.89916E-001   1.36800E+001   1.81800E+001
   3.89948E-001   1.36800E+001   1.81800E+001
   3.89979E-001   1.36800E+001   1.81800E+001
   3.90011E-001   1.36800E+001   1.81800E+001
   3.90042E-001   1.36800E+001   1.81800E+001
   3.90073E-001   1.36800E+001   1.81800E+001
   3.90105E-001   1.36800E+001   1.81800E+001
   3.90136E-001   1.36800E+001   1.81800E+001
   3.90167E-001   1.36800E+001   1.81800E+001
   3.90199E-001   1.36800E+001   1.81800E+001
   3.90230E-001   1.36800E+001   1.81800E+001
   3.90262E-001   1.36800E+001   1.81800E+001
   3.90293E-001   1.36800E+001   1.81800E+001
   3.90324E-001   1.36800E+001   1.81800E+001
   3.90356E-001   1.36800E+001   1.81800E+001
   3.90387E-001   1.36800E+001   1.81800E+001
   3.90419E-001   1.36800E+001   1.81800E+001
   3.90450E-001   1.36800E+001   1.81800E+001
   3.90481E-001   1.36800E+001   1.81800E+001
   3.90513E-001   1.36800E+001   1.81800E+001
   3.90544E-001   1.36800E+001   1.81800E+001
   3.90576E-001   1.36800E+001   1.81800E+001
   3.90607E-001   1.36800E+001   1.81800E+001
   3.90638E-001   1.36800E+001   1.81800E+001
   3.90670E-001   1.36800E+001   1.81800E+001
   3.90701E-001   1.36800E+001   1.81800E+001
   3.90733E-001   1.36800E+001   1.81800E+001
   3.90764E-001   1.36800E+001   1.81800E+001
   3.90795E-001   1.36800E+001   1.81800E+001
   3.90827E-001   1.36800E+001   1.81800E+001
   3.90858E-001   1.36800E+001   1.81800E+001
   3.90889E-001   1.36800E+001   1.81800E+001
   3.90921E-001   1.36800E+001   1.81800E+001
   3.90952E-001   1.36800E+001   1.81800E+001
   3.90984E-001   1.36800E+001   1.81800E+001
   3.91015E-001   1.36800E+001   1.81800E+001
   3.91046E-001   1.36800E+001   1.81800E+001
   3.91078E-001   1.36800E+001   1.81800E+001
   3.91109E-001   1.36800E+001   1.81800E+001
   3.91141E-001   1.36800E+001   1.81800E+001
   3.91172E-001   1.36800E+001   1.81800E+001
   3.91203E-001   1.36800E+001   1.81800E+001
   3.91235E-001   1.36800E+001   1.81800E+001
   3.91266E-001   1.36800E+001   1.81800E+001
   3.91298E-001   1.36800E+001   1.81800E+001
   3.91329E-001   1.36800E+001   1.81800E+001
   3.91360E-001   1.36800E+001   1.81800E+001
   3.91392E-001   1.36800E+001   1.81800E+001
   3.91423E-001   1.36800E+001   1.81800E+001
   3.91454E-001   1.36800E+001   1.81800E+001
   3.91486E-001   1.36800E+001   1.81800E+001
   3.91517E-001   1.36800E+001   1.81800E+001
   3.91549E-001   1.36800E+001   1.83600E+001
   3.91580E-001   1.36800E+001   1.83600E+001
   3.91611E-001   1.36800E+001   1.83600E+001
   3.91643E-001   1.36800E+001   1.83600E+001
   3.91674E-001   1.36800E+001   1.83600E+001
   3.91706E-001   1.36800E+001   1.83600E+001
   3.91737E-001   1.36800E+001   1.83600E+001
   3.91768E-001   1.36800E+001   1.83600E+001
   3.91800E-001   1.36800E+001   1.83600E+001
   3.91831E-001   1.36800E+001   1.83600E+001
   3.91863E-001   1.36800E+001   1.83600E+001
   3.91894E-001   1.36800E+001   1.83600E+001
   3.91925E-001   1.36800E+001   1.83600E+001
   3.91957E-001   1.36800E+001   1.83600E+001
   3.91988E-001   1.36800E+001   1.83600E+001
   3.92019E-001   1.36800E+001   1.83600E+001
   3.92051E-001   1.36800E+001   1.83600E+001
   3.92082E-001   1.36800E+001   1.83600E+001
   3.92114E-001   1.36800E+001   1.83600E+001
   3.92145E-001   1.36800E+001   1.83600E+001
   3.92176E-001   1.36800E+001   1.83600E+001
   3.92208E-001   1.36800E+001   1.83600E+001
   3.92239E-001   1.36800E+001   1.83600E+001
   3.92271E-001   1.36800E+001   1.83600E+001
   3.92302E-001   1.36800E+001   1.83600E+001
   3.92333E-001   1.36800E+001   1.83600E+001
   3.92365E-001   1.36800E+001   1.83600E+001
   3.92396E-001   1.36800E+001   1.83600E+001
   3.92428E-001   1.36800E+001   1.83600E+001
   3.92459E-001   1.36800E+001   1.83600E+001
   3.92490E-001   1.36800E+001   1.83600E+001
   3.92522E-001   1.36800E+001   1.83600E+001
   3.92553E-001   1.36800E+001   1.83600E+001
   3.92584E-001   1.36800E+001   1.83600E+001
   3.92616E-001   1.36800E+001   1.83600E+001
   3.92647E-001   1.36800E+001   1.83600E+001
   3.92679E-001   1.36800E+001   1.83600E+001
   3.92710E-001   1.36800E+001   1.83600E+001
   3.92741E-001   1.36800E+001   1.83600E+001
   3.92773E-001   1.36800E+001   1.83600E+001
   3.92804E-001   1.36800E+001   1.83600E+001
   3.92836E-001   1.36800E+001   1.83600E+001
   3.92867E-001   1.36800E+001   1.83600E+001
   3.92898E-001   1.36800E+001   1.83600E+001
   3.92930E-001   1.36800E+001   1.83600E+001
   3.92961E-001   1.36800E+001   1.83600E+001
   3.92993E-001   1.36800E+001   1.83600E+001
   3.93024E-001   1.36800E+001   1.83600E+001
   3.93055E-001   1.36800E+001   1.83600E+001
   3.93087E-001   1.36800E+001   1.83600E+001
   3.93118E-001   1.36800E+001   1.83600E+001
   3.93149E-001   1.36800E+001   1.83600E+001
   3.93181E-001   1.36800E+001   1.83600E+001
   3.93212E-001   1.36800E+001   1.83600E+001
   3.93244E-001   1.36800E+001   1.83600E+001
   3.93275E-001   1.36800E+001   1.83600E+001
   3.93306E-001   1.36800E+001   1.83600E+001
   3.93338E-001   1.36800E+001   1.83600E+001
   3.93369E-001   1.36800E+001   1.83600E+001
   3.93401E-001   1.36800E+001   1.83600E+001
   3.93432E-001   1.36800E+001   1.83600E+001
   3.93463E-001   1.36800E+001   1.83600E+001
   3.93495E-001   1.36800E+001   1.83600E+001
   3.93526E-001   1.36800E+001   1.83600E+001
   3.93558E-001   1.36800E+001   1.83600E+001
   3.93589E-001   1.36800E+001   1.83600E+001
   3.93620E-001   1.36800E+001   1.83600E+001
   3.93652E-001   1.36800E+001   1.83600E+001
   3.93683E-001   1.36800E+001   1.83600E+001
   3.93714E-001   1.36800E+001   1.83600E+001
   3.93746E-001   1.36800E+001   1.83600E+001
   3.93777E-001   1.36800E+001   1.83600E+001
   3.93809E-001   1.36800E+001   1.83600E+001
   3.93840E-001   1.36800E+001   1.83600E+001
   3.93871E-001   1.36800E+001   1.83600E+001
   3.93903E-001   1.36800E+001   1.83600E+001
   3.93934E-001   1.36800E+001   1.83600E+001
   3.93966E-001   1.36800E+001   1.83600E+001
   3.93997E-001   1.36800E+001   1.83600E+001
   3.94028E-001   1.36800E+001   1.83600E+001
   3.94060E-001   1.36800E+001   1.83600E+001
   3.94091E-001   1.36800E+001   1.83600E+001
   3.94123E-001   1.36800E+001   1.83600E+001
   3.94154E-001   1.36800E+001   1.83600E+001
   3.94185E-001   1.36800E+001   1.83600E+001
   3.94217E-001   1.36800E+001   1.83600E+001
   3.94248E-001   1.36800E+001   1.83600E+001
   3.94279E-001   1.36800E+001   1.83600E+001
   3.94311E-001   1.36800E+001   1.83600E+001
   3.94342E-001   1.36800E+001   1.83600E+001
   3.94374E-001   1.36800E+001   1.83600E+001
   3.94405E-001   1.36800E+001   1.83600E+001
   3.94436E-001   1.36800E+001   1.83600E+001
   3.94468E-001   1.36800E+001   1.83600E+001
   3.94499E-001   1.36800E+001   1.83600E+001
   3.94531E-001   1.36800E+001   1.83600E+001
   3.94562E-001   1.36800E+001   1.83600E+001
   3.94593E-001   1.36800E+001   1.83600E+001
   3.94625E-001   1.36800E+001   1.83600E+001
   3.94656E-001   1.36800E+001   1.83600E+001
   3.94688E-001   1.36800E+001   1.83600E+001
   3.94719E-001   1.36800E+001   1.83600E+001
   3.94750E-001   1.36800E+001   1.83600E+001
   3.94782E-001   1.36800E+001   1.83600E+001
   3.94813E-001   1.36800E+001   1.83600E+001
   3.94844E-001   1.36800E+001   1.83600E+001
   3.94876E-001   1.36800E+001   1.83600E+001
   3.94907E-001   1.36800E+001   1.83600E+001
   3.94939E-001   1.36800E+001   1.83600E+001
   3.94970E-001   1.36800E+001   1.83600E+001
   3.95001E-001   1.36800E+001   1.83600E+001
   3.95033E-001   1.36800E+001   1.83600E+001
   3.95064E-001   1.36800E+001   1.83600E+001
   3.95096E-001   1.36800E+001   1.83600E+001
   3.95127E-001   1.36800E+001   1.83600E+001
   3.95158E-001   1.36800E+001   1.83600E+001
   3.95190E-001   1.36800E+001   1.83600E+001
   3.95221E-001   1.36800E+001   1.83600E+001
   3.95253E-001   1.36800E+001   1.83600E+001
   3.95284E-001   1.36800E+001   1.83600E+001
   3.95315E-001   1.36800E+001   1.83600E+001
   3.95347E-001   1.36800E+001   1.83600E+001
   3.95378E-001   1.36800E+001   1.83600E+001
   3.95409E-001   1.36800E+001   1.83600E+001
   3.95441E-001   1.36800E+001   1.83600E+001
   3.95472E-001   1.36800E+001   1.83600E+001
   3.95504E-001   1.36800E+001   1.83600E+001
   3.95535E-001   1.36800E+001   1.83600E+001
   3.95566E-001   1.36800E+001   1.83600E+001
   3.95598E-001   1.36800E+001   1.83600E+001
   3.95629E-001   1.36800E+001   1.83600E+001
   3.95661E-001   1.36800E+001   1.83600E+001
   3.95692E-001   1.36800E+001   1.83600E+001
   3.95723E-001   1.36800E+001   1.83600E+001
   3.95755E-001   1.36800E+001   1.83600E+001
   3.95786E-001   1.36800E+001   1.83600E+001
   3.95818E-001   1.36800E+001   1.83600E+001
   3.95849E-001   1.36800E+001   1.83600E+001
   3.95880E-001   1.36800E+001   1.83600E+001
   3.95912E-001   1.36800E+001   1.83600E+001
   3.95943E-001   1.36800E+001   1.83600E+001
   3.95974E-001   1.36800E+001   1.83600E+001
   3.96006E-001   1.36800E+001   1.83600E+001
   3.96037E-001   1.36800E+001   1.83600E+001
   3.96069E-001   1.36800E+001   1.83600E+001
   3.96100E-001   1.36800E+001   1.83600E+001
   3.96131E-001   1.36800E+001   1.83600E+001
   3.96163E-001   1.36800E+001   1.83600E+001
   3.96194E-001   1.36800E+001   1.83600E+001
   3.96226E-001   1.36800E+001   1.83600E+001
   3.96257E-001   1.36800E+001   1.83600E+001
   3.96288E-001   1.36800E+001   1.83600E+001
   3.96320E-001   1.36800E+001   1.83600E+001
   3.96351E-001   1.36800E+001   1.83600E+001
   3.96383E-001   1.36800E+001   1.83600E+001
   3.96414E-001   1.36800E+001   1.83600E+001
   3.96445E-001   1.36800E+001   1.83600E+001
   3.96477E-001   1.36800E+001   1.83600E+001
   3.96508E-001   1.36800E+001   1.83600E+001
   3.96539E-001   1.36800E+001   1.83600E+001
   3.96571E-001   1.36800E+001   1.83600E+001
   3.96602E-001   1.36800E+001   1.83600E+001
   3.96634E-001   1.36800E+001   1.83600E+001
   3.96665E-001   1.36800E+001   1.83600E+001
   3.96696E-001   1.36800E+001   1.83600E+001
   3.96728E-001   1.36800E+001   1.83600E+001
   3.96759E-001   1.36800E+001   1.83600E+001
   3.96791E-001   1.36800E+001   1.83600E+001
   3.96822E-001   1.36800E+001   1.83600E+001
   3.96853E-001   1.36800E+001   1.83600E+001
   3.96885E-001   1.36800E+001   1.83600E+001
   3.96916E-001   1.36800E+001   1.83600E+001
   3.96948E-001   1.36800E+001   1.83600E+001
   3.96979E-001   1.36800E+001   1.83600E+001
   3.97010E-001   1.36800E+001   1.83600E+001
   3.97042E-001   1.36800E+001   1.83600E+001
   3.97073E-001   1.36800E+001   1.83600E+001
   3.97105E-001   1.36800E+001   1.83600E+001
   3.97136E-001   1.36800E+001   1.83600E+001
   3.97167E-001   1.36800E+001   1.83600E+001
   3.97199E-001   1.36800E+001   1.83600E+001
   3.97230E-001   1.36800E+001   1.83600E+001
   3.97261E-001   1.36800E+001   1.83600E+001
   3.97293E-001   1.36800E+001   1.83600E+001
   3.97324E-001   1.36800E+001   1.83600E+001
   3.97356E-001   1.36800E+001   1.83600E+001
   3.97387E-001   1.36800E+001   1.83600E+001
   3.97418E-001   1.36800E+001   1.83600E+001
   3.97450E-001   1.36800E+001   1.83600E+001
   3.97481E-001   1.36800E+001   1.83600E+001
   3.97513E-001   1.36800E+001   1.83600E+001
   3.97544E-001   1.36800E+001   1.83600E+001
   3.97575E-001   1.36800E+001   1.83600E+001
   3.97607E-001   1.36800E+001   1.83600E+001
   3.97638E-001   1.36800E+001   1.83600E+001
   3.97670E-001   1.36800E+001   1.83600E+001
   3.97701E-001   1.36800E+001   1.83600E+001
   3.97732E-001   1.36800E+001   1.83600E+001
   3.97764E-001   1.36800E+001   1.83600E+001
   3.97795E-001   1.36800E+001   1.83600E+001
   3.97826E-001   1.36800E+001   1.83600E+001
   3.97858E-001   1.36800E+001   1.83600E+001
   3.97889E-001   1.36800E+001   1.83600E+001
   3.97921E-001   1.36800E+001   1.83600E+001
   3.97952E-001   1.36800E+001   1.83600E+001
   3.97983E-001   1.36800E+001   1.83600E+001
   3.98015E-001   1.36800E+001   1.83600E+001
   3.98046E-001   1.36800E+001   1.83600E+001
   3.98078E-001   1.36800E+001   1.83600E+001
   3.98109E-001   1.36800E+001   1.83600E+001
   3.98140E-001   1.36800E+001   1.83600E+001
   3.98172E-001   1.36800E+001   1.83600E+001
   3.98203E-001   1.36800E+001   1.83600E+001
   3.98235E-001   1.36800E+001   1.83600E+001
   3.98266E-001   1.36800E+001   1.83600E+001
   3.98297E-001   1.36800E+001   1.83600E+001
   3.98329E-001   1.36800E+001   1.83600E+001
   3.98360E-001   1.36800E+001   1.83600E+001
   3.98391E-001   1.36800E+001   1.83600E+001
   3.98423E-001   1.36800E+001   1.83600E+001
   3.98454E-001   1.36800E+001   1.83600E+001
   3.98486E-001   1.36800E+001   1.83600E+001
   3.98517E-001   1.36800E+001   1.83600E+001
   3.98548E-001   1.36800E+001   1.83600E+001
   3.98580E-001   1.36800E+001   1.83600E+001
   3.98611E-001   1.36800E+001   1.83600E+001
   3.98643E-001   1.36800E+001   1.83600E+001
   3.98674E-001   1.36800E+001   1.83600E+001
   3.98705E-001   1.36800E+001   1.83600E+001
   3.98737E-001   1.36800E+001   1.83600E+001
   3.98768E-001   1.36800E+001   1.83600E+001
   3.98800E-001   1.36800E+001   1.83600E+001
   3.98831E-001   1.36800E+001   1.83600E+001
   3.98862E-001   1.36800E+001   1.83600E+001
   3.98894E-001   1.36800E+001   1.83600E+001
   3.98925E-001   1.36800E+001   1.83600E+001
   3.98956E-001   1.36800E+001   1.83600E+001
   3.98988E-001   1.36800E+001   1.83600E+001
   3.99019E-001   1.36800E+001   1.83600E+001
   3.99051E-001   1.36800E+001   1.83600E+001
   3.99082E-001   1.36800E+001   1.83600E+001
   3.99113E-001   1.36800E+001   1.83600E+001
   3.99145E-001   1.36800E+001   1.83600E+001
   3.99176E-001   1.36800E+001   1.83600E+001
   3.99208E-001   1.36800E+001   1.83600E+001
   3.99239E-001   1.36800E+001   1.83600E+001
   3.99270E-001   1.36800E+001   1.83600E+001
   3.99302E-001   1.36800E+001   1.83600E+001
   3.99333E-001   1.36800E+001   1.85400E+001
   3.99365E-001   1.36800E+001   1.85400E+001
   3.99396E-001   1.36800E+001   1.85400E+001
   3.99427E-001   1.36800E+001   1.85400E+001
   3.99459E-001   1.36800E+001   1.85400E+001
   3.99490E-001   1.36800E+001   1.85400E+001
   3.99521E-001   1.36800E+001   1.85400E+001
   3.99553E-001   1.36800E+001   1.85400E+001
   3.99584E-001   1.36800E+001   1.85400E+001
   3.99616E-001   1.36800E+001   1.85400E+001
   3.99647E-001   1.36800E+001   1.85400E+001
   3.99678E-001   1.36800E+001   1.85400E+001
   3.99710E-001   1.36800E+001   1.85400E+001
   3.99741E-001   1.36800E+001   1.85400E+001
   3.99773E-001   1.36800E+001   1.85400E+001
   3.99804E-001   1.36800E+001   1.85400E+001
   3.99835E-001   1.36800E+001   1.85400E+001
   3.99867E-001   1.36800E+001   1.85400E+001
   3.99898E-001   1.36800E+001   1.85400E+001
   3.99930E-001   1.36800E+001   1.85400E+001
   3.99961E-001   1.36800E+001   1.85400E+001
   3.99992E-001   1.36800E+001   1.85400E+001
   4.00024E-001   1.36800E+001   1.85400E+001
   4.00055E-001   1.36800E+001   1.85400E+001
   4.00086E-001   1.36800E+001   1.85400E+001
   4.00118E-001   1.36800E+001   1.85400E+001
   4.00149E-001   1.36800E+001   1.85400E+001
   4.00181E-001   1.36800E+001   1.85400E+001
   4.00212E-001   1.36800E+001   1.85400E+001
   4.00243E-001   1.36800E+001   1.85400E+001
   4.00275E-001   1.36800E+001   1.85400E+001
   4.00306E-001   1.36800E+001   1.85400E+001
   4.00338E-001   1.36800E+001   1.85400E+001
   4.00369E-001   1.36800E+001   1.85400E+001
   4.00400E-001   1.36800E+001   1.85400E+001
   4.00432E-001   1.36800E+001   1.85400E+001
   4.00463E-001   1.36800E+001   1.85400E+001
   4.00495E-001   1.36800E+001   1.85400E+001
   4.00526E-001   1.36800E+001   1.85400E+001
   4.00557E-001   1.36800E+001   1.85400E+001
   4.00589E-001   1.36800E+001   1.85400E+001
   4.00620E-001   1.36800E+001   1.85400E+001
   4.00651E-001   1.36800E+001   1.85400E+001
   4.00683E-001   1.36800E+001   1.85400E+001
   4.00714E-001   1.36800E+001   1.85400E+001
   4.00746E-001   1.36800E+001   1.85400E+001
   4.00777E-001   1.36800E+001   1.85400E+001
   4.00808E-001   1.36800E+001   1.85400E+001
   4.00840E-001   1.36800E+001   1.85400E+001
   4.00871E-001   1.36800E+001   1.85400E+001
   4.00903E-001   1.36800E+001   1.85400E+001
   4.00934E-001   1.36800E+001   1.85400E+001
   4.00965E-001   1.36800E+001   1.85400E+001
   4.00997E-001   1.36800E+001   1.85400E+001
   4.01028E-001   1.36800E+001   1.85400E+001
   4.01060E-001   1.36800E+001   1.85400E+001
   4.01091E-001   1.36800E+001   1.85400E+001
   4.01122E-001   1.36800E+001   1.85400E+001
   4.01154E-001   1.36800E+001   1.85400E+001
   4.01185E-001   1.36800E+001   1.85400E+001
   4.01216E-001   1.36800E+001   1.85400E+001
   4.01248E-001   1.36800E+001   1.85400E+001
   4.01279E-001   1.36800E+001   1.85400E+001
   4.01311E-001   1.36800E+001   1.85400E+001
   4.01342E-001   1.36800E+001   1.85400E+001
   4.01373E-001   1.36800E+001   1.85400E+001
   4.01405E-001   1.36800E+001   1.85400E+001
   4.01436E-001   1.36800E+001   1.85400E+001
   4.01468E-001   1.36800E+001   1.85400E+001
   4.01499E-001   1.36800E+001   1.85400E+001
   4.01530E-001   1.36800E+001   1.85400E+001
   4.01562E-001   1.36800E+001   1.85400E+001
   4.01593E-001   1.36800E+001   1.85400E+001
   4.01625E-001   1.36800E+001   1.85400E+001
   4.01656E-001   1.36800E+001   1.85400E+001
   4.01687E-001   1.36800E+001   1.85400E+001
   4.01719E-001   1.36800E+001   1.85400E+001
   4.01750E-001   1.36800E+001   1.85400E+001
   4.01781E-001   1.36800E+001   1.85400E+001
   4.01813E-001   1.36800E+001   1.85400E+001
   4.01844E-001   1.36800E+001   1.85400E+001
   4.01876E-001   1.36800E+001   1.85400E+001
   4.01907E-001   1.36800E+001   1.85400E+001
   4.01938E-001   1.36800E+001   1.85400E+001
   4.01970E-001   1.36800E+001   1.85400E+001
   4.02001E-001   1.36800E+001   1.85400E+001
   4.02033E-001   1.36800E+001   1.85400E+001
   4.02064E-001   1.36800E+001   1.85400E+001
   4.02095E-001   1.36800E+001   1.85400E+001
   4.02127E-001   1.36800E+001   1.85400E+001
   4.02158E-001   1.36800E+001   1.85400E+001
   4.02190E-001   1.36800E+001   1.85400E+001
   4.02221E-001   1.36800E+001   1.85400E+001
   4.02252E-001   1.36800E+001   1.85400E+001
   4.02284E-001   1.36800E+001   1.85400E+001
   4.02315E-001   1.36800E+001   1.85400E+001
   4.02346E-001   1.36800E+001   1.85400E+001
   4.02378E-001   1.36800E+001   1.85400E+001
   4.02409E-001   1.36800E+001   1.85400E+001
   4.02441E-001   1.36800E+001   1.85400E+001
   4.02472E-001   1.36800E+001   1.85400E+001
   4.02503E-001   1.36800E+001   1.85400E+001
   4.02535E-001   1.36800E+001   1.85400E+001
   4.02566E-001   1.36800E+001   1.85400E+001
   4.02598E-001   1.36800E+001   1.85400E+001
   4.02629E-001   1.36800E+001   1.85400E+001
   4.02660E-001   1.36800E+001   1.85400E+001
   4.02692E-001   1.36800E+001   1.85400E+001
   4.02723E-001   1.36800E+001   1.85400E+001
   4.02755E-001   1.36800E+001   1.85400E+001
   4.02786E-001   1.36800E+001   1.85400E+001
   4.02817E-001   1.36800E+001   1.85400E+001
   4.02849E-001   1.36800E+001   1.85400E+001
   4.02880E-001   1.36800E+001   1.85400E+001
   4.02912E-001   1.36800E+001   1.85400E+001
   4.02943E-001   1.36800E+001   1.85400E+001
   4.02974E-001   1.36800E+001   1.85400E+001
   4.03006E-001   1.36800E+001   1.85400E+001
   4.03037E-001   1.36800E+001   1.85400E+001
   4.03068E-001   1.36800E+001   1.85400E+001
   4.03100E-001   1.36800E+001   1.85400E+001
   4.03131E-001   1.36800E+001   1.85400E+001
   4.03163E-001   1.36800E+001   1.85400E+001
   4.03194E-001   1.36800E+001   1.85400E+001
   4.03225E-001   1.36800E+001   1.85400E+001
   4.03257E-001   1.36800E+001   1.85400E+001
   4.03288E-001   1.36800E+001   1.85400E+001
   4.03320E-001   1.36800E+001   1.85400E+001
   4.03351E-001   1.36800E+001   1.85400E+001
   4.03382E-001   1.36800E+001   1.85400E+001
   4.03414E-001   1.36800E+001   1.85400E+001
   4.03445E-001   1.36800E+001   1.85400E+001
   4.03477E-001   1.36800E+001   1.85400E+001
   4.03508E-001   1.36800E+001   1.85400E+001
   4.03539E-001   1.36800E+001   1.85400E+001
   4.03571E-001   1.36800E+001   1.85400E+001
   4.03602E-001   1.36800E+001   1.85400E+001
   4.03633E-001   1.36800E+001   1.85400E+001
   4.03665E-001   1.36800E+001   1.85400E+001
   4.03696E-001   1.36800E+001   1.85400E+001
   4.03728E-001   1.36800E+001   1.85400E+001
   4.03759E-001   1.36800E+001   1.85400E+001
   4.03790E-001   1.36800E+001   1.85400E+001
   4.03822E-001   1.36800E+001   1.85400E+001
   4.03853E-001   1.36800E+001   1.85400E+001
   4.03885E-001   1.36800E+001   1.85400E+001
   4.03916E-001   1.36800E+001   1.85400E+001
   4.03947E-001   1.36800E+001   1.85400E+001
   4.03979E-001   1.36800E+001   1.85400E+001
   4.04010E-001   1.36800E+001   1.85400E+001
   4.04042E-001   1.36800E+001   1.85400E+001
   4.04073E-001   1.36800E+001   1.85400E+001
   4.04104E-001   1.36800E+001   1.85400E+001
   4.04136E-001   1.36800E+001   1.85400E+001
   4.04167E-001   1.36800E+001   1.85400E+001
   4.04198E-001   1.36800E+001   1.85400E+001
   4.04230E-001   1.36800E+001   1.85400E+001
   4.04261E-001   1.36800E+001   1.85400E+001
   4.04293E-001   1.36800E+001   1.85400E+001
   4.04324E-001   1.36800E+001   1.85400E+001
   4.04355E-001   1.36800E+001   1.85400E+001
   4.04387E-001   1.36800E+001   1.85400E+001
   4.04418E-001   1.36800E+001   1.85400E+001
   4.04450E-001   1.36800E+001   1.85400E+001
   4.04481E-001   1.36800E+001   1.85400E+001
   4.04512E-001   1.36800E+001   1.85400E+001
   4.04544E-001   1.36800E+001   1.85400E+001
   4.04575E-001   1.36800E+001   1.85400E+001
   4.04607E-001   1.36800E+001   1.85400E+001
   4.04638E-001   1.36800E+001   1.85400E+001
   4.04669E-001   1.36800E+001   1.85400E+001
   4.04701E-001   1.36800E+001   1.85400E+001
   4.04732E-001   1.36800E+001   1.85400E+001
   4.04763E-001   1.36800E+001   1.85400E+001
   4.04795E-001   1.36800E+001   1.85400E+001
   4.04826E-001   1.36800E+001   1.85400E+001
   4.04858E-001   1.36800E+001   1.85400E+001
   4.04889E-001   1.36800E+001   1.85400E+001
   4.04920E-001   1.36800E+001   1.85400E+001
   4.04952E-001   1.36800E+001   1.85400E+001
   4.04983E-001   1.36800E+001   1.85400E+001
   4.05015E-001   1.36800E+001   1.85400E+001
   4.05046E-001   1.36800E+001   1.85400E+001
   4.05077E-001   1.36800E+001   1.85400E+001
   4.05109E-001   1.36800E+001   1.85400E+001
   4.05140E-001   1.36800E+001   1.85400E+001
   4.05172E-001   1.36800E+001   1.85400E+001
   4.05203E-001   1.36800E+001   1.85400E+001
   4.05234E-001   1.36800E+001   1.85400E+001
   4.05266E-001   1.36800E+001   1.85400E+001
   4.05297E-001   1.36800E+001   1.85400E+001
   4.05328E-001   1.36800E+001   1.85400E+001
   4.05360E-001   1.36800E+001   1.85400E+001
   4.05391E-001   1.36800E+001   1.85400E+001
   4.05423E-001   1.36800E+001   1.85400E+001
   4.05454E-001   1.36800E+001   1.85400E+001
   4.05485E-001   1.36800E+001   1.85400E+001
   4.05517E-001   1.36800E+001   1.85400E+001
   4.05548E-001   1.36800E+001   1.85400E+001
   4.05580E-001   1.36800E+001   1.85400E+001
   4.05611E-001   1.36800E+001   1.85400E+001
   4.05642E-001   1.36800E+001   1.85400E+001
   4.05674E-001   1.36800E+001   1.85400E+001
   4.05705E-001   1.36800E+001   1.85400E+001
   4.05737E-001   1.36800E+001   1.85400E+001
   4.05768E-001   1.36800E+001   1.85400E+001
   4.05799E-001   1.36800E+001   1.85400E+001
   4.05831E-001   1.36800E+001   1.85400E+001
   4.05862E-001   1.36800E+001   1.85400E+001
   4.05893E-001   1.36800E+001   1.85400E+001
   4.05925E-001   1.36800E+001   1.85400E+001
   4.05956E-001   1.36800E+001   1.85400E+001
   4.05988E-001   1.36800E+001   1.85400E+001
   4.06019E-001   1.36800E+001   1.85400E+001
   4.06050E-001   1.36800E+001   1.85400E+001
   4.06082E-001   1.36800E+001   1.85400E+001
   4.06113E-001   1.36800E+001   1.85400E+001
   4.06145E-001   1.36800E+001   1.85400E+001
   4.06176E-001   1.36800E+001   1.85400E+001
   4.06207E-001   1.36800E+001   1.85400E+001
   4.06239E-001   1.36800E+001   1.85400E+001
   4.06270E-001   1.36800E+001   1.85400E+001
   4.06302E-001   1.36800E+001   1.85400E+001
   4.06333E-001   1.36800E+001   1.85400E+001
   4.06364E-001   1.36800E+001   1.85400E+001
   4.06396E-001   1.36800E+001   1.85400E+001
   4.06427E-001   1.36800E+001   1.85400E+001
   4.06458E-001   1.36800E+001   1.85400E+001
   4.06490E-001   1.36800E+001   1.85400E+001
   4.06521E-001   1.36800E+001   1.85400E+001
   4.06553E-001   1.36800E+001   1.85400E+001
   4.06584E-001   1.36800E+001   1.85400E+001
   4.06615E-001   1.36800E+001   1.85400E+001
   4.06647E-001   1.36800E+001   1.85400E+001
   4.06678E-001   1.36800E+001   1.85400E+001
   4.06710E-001   1.36800E+001   1.85400E+001
   4.06741E-001   1.36800E+001   1.85400E+001
   4.06772E-001   1.36800E+001   1.85400E+001
   4.06804E-001   1.36800E+001   1.85400E+001
   4.06835E-001   1.36800E+001   1.85400E+001
   4.06867E-001   1.36800E+001   1.85400E+001
   4.06898E-001   1.36800E+001   1.85400E+001
   4.06929E-001   1.36800E+001   1.85400E+001
   4.06961E-001   1.36800E+001   1.85400E+001
   4.06992E-001   1.36800E+001   1.85400E+001
   4.07023E-001   1.36800E+001   1.85400E+001
   4.07055E-001   1.36800E+001   1.85400E+001
   4.07086E-001   1.36800E+001   1.85400E+001
   4.07118E-001   1.36800E+001   1.85400E+001
   4.07149E-001   1.36800E+001   1.85400E+001
   4.07180E-001   1.36800E+001   1.85400E+001
   4.07212E-001   1.36800E+001   1.87200E+001
   4.07243E-001   1.36800E+001   1.87200E+001
   4.07275E-001   1.36800E+001   1.87200E+001
   4.07306E-001   1.36800E+001   1.87200E+001
   4.07337E-001   1.36800E+001   1.87200E+001
   4.07369E-001   1.36800E+001   1.87200E+001
   4.07400E-001   1.36800E+001   1.87200E+001
   4.07432E-001   1.36800E+001   1.87200E+001
   4.07463E-001   1.36800E+001   1.87200E+001
   4.07494E-001   1.36800E+001   1.87200E+001
   4.07526E-001   1.36800E+001   1.87200E+001
   4.07557E-001   1.36800E+001   1.87200E+001
   4.07588E-001   1.36800E+001   1.87200E+001
   4.07620E-001   1.36800E+001   1.87200E+001
   4.07651E-001   1.36800E+001   1.87200E+001
   4.07683E-001   1.36800E+001   1.87200E+001
   4.07714E-001   1.36800E+001   1.87200E+001
   4.07745E-001   1.36800E+001   1.87200E+001
   4.07777E-001   1.36800E+001   1.87200E+001
   4.07808E-001   1.36800E+001   1.87200E+001
   4.07840E-001   1.36800E+001   1.87200E+001
   4.07871E-001   1.36800E+001   1.87200E+001
   4.07902E-001   1.36800E+001   1.87200E+001
   4.07934E-001   1.36800E+001   1.87200E+001
   4.07965E-001   1.36800E+001   1.87200E+001
   4.07997E-001   1.36800E+001   1.87200E+001
   4.08028E-001   1.36800E+001   1.87200E+001
   4.08059E-001   1.36800E+001   1.87200E+001
   4.08091E-001   1.36800E+001   1.87200E+001
   4.08122E-001   1.36800E+001   1.87200E+001
   4.08153E-001   1.36800E+001   1.87200E+001
   4.08185E-001   1.36800E+001   1.87200E+001
   4.08216E-001   1.36800E+001   1.87200E+001
   4.08248E-001   1.36800E+001   1.87200E+001
   4.08279E-001   1.36800E+001   1.87200E+001
   4.08310E-001   1.36800E+001   1.87200E+001
   4.08342E-001   1.36800E+001   1.87200E+001
   4.08373E-001   1.36800E+001   1.87200E+001
   4.08405E-001   1.36800E+001   1.87200E+001
   4.08436E-001   1.36800E+001   1.87200E+001
   4.08467E-001   1.36800E+001   1.87200E+001
   4.08499E-001   1.36800E+001   1.87200E+001
   4.08530E-001   1.36800E+001   1.87200E+001
   4.08562E-001   1.36800E+001   1.87200E+001
   4.08593E-001   1.36800E+001   1.87200E+001
   4.08624E-001   1.36800E+001   1.87200E+001
   4.08656E-001   1.36800E+001   1.87200E+001
   4.08687E-001   1.36800E+001   1.87200E+001
   4.08719E-001   1.36800E+001   1.87200E+001
   4.08750E-001   1.36800E+001   1.87200E+001
   4.08781E-001   1.36800E+001   1.87200E+001
   4.08813E-001   1.36800E+001   1.87200E+001
   4.08844E-001   1.36800E+001   1.87200E+001
   4.08875E-001   1.36800E+001   1.87200E+001
   4.08907E-001   1.36800E+001   1.87200E+001
   4.08938E-001   1.36800E+001   1.87200E+001
   4.08970E-001   1.36800E+001   1.87200E+001
   4.09001E-001   1.36800E+001   1.87200E+001
   4.09032E-001   1.36800E+001   1.87200E+001
   4.09064E-001   1.36800E+001   1.87200E+001
   4.09095E-001   1.36800E+001   1.87200E+001
   4.09127E-001   1.36800E+001   1.87200E+001
   4.09158E-001   1.36800E+001   1.87200E+001
   4.09189E-001   1.36800E+001   1.87200E+001
   4.09221E-001   1.36800E+001   1.87200E+001
   4.09252E-001   1.36800E+001   1.87200E+001
   4.09284E-001   1.36800E+001   1.87200E+001
   4.09315E-001   1.36800E+001   1.87200E+001
   4.09346E-001   1.36800E+001   1.87200E+001
   4.09378E-001   1.36800E+001   1.87200E+001
   4.09409E-001   1.36800E+001   1.87200E+001
   4.09440E-001   1.36800E+001   1.87200E+001
   4.09472E-001   1.36800E+001   1.87200E+001
   4.09503E-001   1.36800E+001   1.87200E+001
   4.09535E-001   1.36800E+001   1.87200E+001
   4.09566E-001   1.36800E+001   1.87200E+001
   4.09597E-001   1.36800E+001   1.87200E+001
   4.09629E-001   1.36800E+001   1.87200E+001
   4.09660E-001   1.36800E+001   1.87200E+001
   4.09692E-001   1.36800E+001   1.87200E+001
   4.09723E-001   1.36800E+001   1.87200E+001
   4.09754E-001   1.36800E+001   1.87200E+001
   4.09786E-001   1.36800E+001   1.87200E+001
   4.09817E-001   1.36800E+001   1.87200E+001
   4.09849E-001   1.36800E+001   1.87200E+001
   4.09880E-001   1.36800E+001   1.87200E+001
   4.09911E-001   1.36800E+001   1.87200E+001
   4.09943E-001   1.36800E+001   1.87200E+001
   4.09974E-001   1.36800E+001   1.87200E+001
   4.10005E-001   1.36800E+001   1.87200E+001
   4.10037E-001   1.36800E+001   1.87200E+001
   4.10068E-001   1.36800E+001   1.87200E+001
   4.10100E-001   1.36800E+001   1.87200E+001
   4.10131E-001   1.36800E+001   1.87200E+001
   4.10162E-001   1.36800E+001   1.87200E+001
   4.10194E-001   1.36800E+001   1.87200E+001
   4.10225E-001   1.36800E+001   1.87200E+001
   4.10257E-001   1.36800E+001   1.87200E+001
   4.10288E-001   1.36800E+001   1.87200E+001
   4.10319E-001   1.36800E+001   1.87200E+001
   4.10351E-001   1.36800E+001   1.87200E+001
   4.10382E-001   1.36800E+001   1.87200E+001
   4.10414E-001   1.36800E+001   1.87200E+001
   4.10445E-001   1.36800E+001   1.87200E+001
   4.10476E-001   1.36800E+001   1.87200E+001
   4.10508E-001   1.36800E+001   1.87200E+001
   4.10539E-001   1.36800E+001   1.87200E+001
   4.10570E-001   1.36800E+001   1.87200E+001
   4.10602E-001   1.36800E+001   1.87200E+001
   4.10633E-001   1.36800E+001   1.87200E+001
   4.10665E-001   1.36800E+001   1.87200E+001
   4.10696E-001   1.36800E+001   1.87200E+001
   4.10727E-001   1.36800E+001   1.87200E+001
   4.10759E-001   1.36800E+001   1.87200E+001
   4.10790E-001   1.36800E+001   1.87200E+001
   4.10822E-001   1.36800E+001   1.87200E+001
   4.10853E-001   1.36800E+001   1.87200E+001
   4.10884E-001   1.36800E+001   1.87200E+001
   4.10916E-001   1.36800E+001   1.87200E+001
   4.10947E-001   1.36800E+001   1.87200E+001
   4.10979E-001   1.36800E+001   1.87200E+001
   4.11010E-001   1.36800E+001   1.87200E+001
   4.11041E-001   1.36800E+001   1.87200E+001
   4.11073E-001   1.36800E+001   1.87200E+001
   4.11104E-001   1.36800E+001   1.87200E+001
   4.11135E-001   1.36800E+001   1.87200E+001
   4.11167E-001   1.36800E+001   1.87200E+001
   4.11198E-001   1.36800E+001   1.87200E+001
   4.11230E-001   1.36800E+001   1.87200E+001
   4.11261E-001   1.36800E+001   1.87200E+001
   4.11292E-001   1.36800E+001   1.87200E+001
   4.11324E-001   1.36800E+001   1.87200E+001
   4.11355E-001   1.36800E+001   1.87200E+001
   4.11387E-001   1.36800E+001   1.87200E+001
   4.11418E-001   1.36800E+001   1.87200E+001
   4.11449E-001   1.36800E+001   1.87200E+001
   4.11481E-001   1.36800E+001   1.87200E+001
   4.11512E-001   1.36800E+001   1.87200E+001
   4.11544E-001   1.36800E+001   1.87200E+001
   4.11575E-001   1.36800E+001   1.87200E+001
   4.11606E-001   1.36800E+001   1.87200E+001
   4.11638E-001   1.36800E+001   1.87200E+001
   4.11669E-001   1.36800E+001   1.87200E+001
   4.11700E-001   1.36800E+001   1.87200E+001
   4.11732E-001   1.36800E+001   1.87200E+001
   4.11763E-001   1.36800E+001   1.87200E+001
   4.11795E-001   1.36800E+001   1.87200E+001
   4.11826E-001   1.36800E+001   1.87200E+001
   4.11857E-001   1.36800E+001   1.87200E+001
   4.11889E-001   1.36800E+001   1.87200E+001
   4.11920E-001   1.36800E+001   1.87200E+001
   4.11952E-001   1.36800E+001   1.87200E+001
   4.11983E-001   1.36800E+001   1.87200E+001
   4.12014E-001   1.36800E+001   1.87200E+001
   4.12046E-001   1.36800E+001   1.87200E+001
   4.12077E-001   1.36800E+001   1.87200E+001
   4.12109E-001   1.36800E+001   1.87200E+001
   4.12140E-001   1.36800E+001   1.87200E+001
   4.12171E-001   1.36800E+001   1.87200E+001
   4.12203E-001   1.36800E+001   1.87200E+001
   4.12234E-001   1.36800E+001   1.87200E+001
   4.12265E-001   1.36800E+001   1.87200E+001
   4.12297E-001   1.36800E+001   1.87200E+001
   4.12328E-001   1.36800E+001   1.87200E+001
   4.12360E-001   1.36800E+001   1.87200E+001
   4.12391E-001   1.36800E+001   1.87200E+001
   4.12422E-001   1.36800E+001   1.87200E+001
   4.12454E-001   1.36800E+001   1.87200E+001
   4.12485E-001   1.36800E+001   1.87200E+001
   4.12517E-001   1.36800E+001   1.87200E+001
   4.12548E-001   1.36800E+001   1.87200E+001
   4.12579E-001   1.36800E+001   1.87200E+001
   4.12611E-001   1.36800E+001   1.87200E+001
   4.12642E-001   1.36800E+001   1.87200E+001
   4.12674E-001   1.36800E+001   1.87200E+001
   4.12705E-001   1.36800E+001   1.87200E+001
   4.12736E-001   1.36800E+001   1.87200E+001
   4.12768E-001   1.36800E+001   1.87200E+001
   4.12799E-001   1.36800E+001   1.87200E+001
   4.12830E-001   1.36800E+001   1.87200E+001
   4.12862E-001   1.36800E+001   1.87200E+001
   4.12893E-001   1.36800E+001   1.87200E+001
   4.12925E-001   1.36800E+001   1.87200E+001
   4.12956E-001   1.36800E+001   1.87200E+001
   4.12987E-001   1.36800E+001   1.87200E+001
   4.13019E-001   1.36800E+001   1.87200E+001
   4.13050E-001   1.36800E+001   1.87200E+001
   4.13082E-001   1.36800E+001   1.87200E+001
   4.13113E-001   1.36800E+001   1.87200E+001
   4.13144E-001   1.36800E+001   1.87200E+001
   4.13176E-001   1.36800E+001   1.87200E+001
   4.13207E-001   1.36800E+001   1.87200E+001
   4.13239E-001   1.36800E+001   1.87200E+001
   4.13270E-001   1.36800E+001   1.87200E+001
   4.13301E-001   1.36800E+001   1.87200E+001
   4.13333E-001   1.36800E+001   1.87200E+001
   4.13364E-001   1.36800E+001   1.87200E+001
   4.13395E-001   1.36800E+001   1.87200E+001
   4.13427E-001   1.36800E+001   1.87200E+001
   4.13458E-001   1.36800E+001   1.87200E+001
   4.13490E-001   1.36800E+001   1.87200E+001
   4.13521E-001   1.36800E+001   1.87200E+001
   4.13552E-001   1.36800E+001   1.87200E+001
   4.13584E-001   1.36800E+001   1.87200E+001
   4.13615E-001   1.36800E+001   1.87200E+001
   4.13647E-001   1.36800E+001   1.87200E+001
   4.13678E-001   1.36800E+001   1.87200E+001
   4.13709E-001   1.36800E+001   1.87200E+001
   4.13741E-001   1.36800E+001   1.87200E+001
   4.13772E-001   1.36800E+001   1.87200E+001
   4.13804E-001   1.36800E+001   1.87200E+001
   4.13835E-001   1.36800E+001   1.87200E+001
   4.13866E-001   1.36800E+001   1.87200E+001
   4.13898E-001   1.36800E+001   1.87200E+001
   4.13929E-001   1.36800E+001   1.87200E+001
   4.13960E-001   1.36800E+001   1.87200E+001
   4.13992E-001   1.36800E+001   1.87200E+001
   4.14023E-001   1.36800E+001   1.87200E+001
   4.14055E-001   1.36800E+001   1.87200E+001
   4.14086E-001   1.36800E+001   1.87200E+001
   4.14117E-001   1.36800E+001   1.87200E+001
   4.14149E-001   1.36800E+001   1.87200E+001
   4.14180E-001   1.36800E+001   1.87200E+001
   4.14212E-001   1.36800E+001   1.87200E+001
   4.14243E-001   1.36800E+001   1.87200E+001
   4.14274E-001   1.36800E+001   1.87200E+001
   4.14306E-001   1.36800E+001   1.87200E+001
   4.14337E-001   1.36800E+001   1.87200E+001
   4.14369E-001   1.36800E+001   1.87200E+001
   4.14400E-001   1.36800E+001   1.87200E+001
   4.14431E-001   1.36800E+001   1.87200E+001
   4.14463E-001   1.36800E+001   1.87200E+001
   4.14494E-001   1.36800E+001   1.87200E+001
   4.14525E-001   1.36800E+001   1.87200E+001
   4.14557E-001   1.36800E+001   1.87200E+001
   4.14588E-001   1.36800E+001   1.87200E+001
   4.14620E-001   1.36800E+001   1.87200E+001
   4.14651E-001   1.36800E+001   1.87200E+001
   4.14682E-001   1.36800E+001   1.87200E+001
   4.14714E-001   1.36800E+001   1.87200E+001
   4.14745E-001   1.36800E+001   1.87200E+001
   4.14777E-001   1.36800E+001   1.87200E+001
   4.14808E-001   1.36800E+001   1.87200E+001
   4.14839E-001   1.36800E+001   1.87200E+001
   4.14871E-001   1.36800E+001   1.87200E+001
   4.14902E-001   1.36800E+001   1.87200E+001
   4.14934E-001   1.36800E+001   1.87200E+001
   4.14965E-001   1.36800E+001   1.87200E+001
   4.14996E-001   1.36800E+001   1.87200E+001
   4.15028E-001   1.36800E+001   1.87200E+001
   4.15059E-001   1.36800E+001   1.87200E+001
   4.15091E-001   1.36800E+001   1.87200E+001
   4.15122E-001   1.36800E+001   1.87200E+001
   4.15153E-001   1.36800E+001   1.89000E+001
   4.15185E-001   1.36800E+001   1.89000E+001
   4.15216E-001   1.36800E+001   1.89000E+001
   4.15247E-001   1.36800E+001   1.89000E+001
   4.15279E-001   1.36800E+001   1.89000E+001
   4.15310E-001   1.36800E+001   1.89000E+001
   4.15342E-001   1.36800E+001   1.89000E+001
   4.15373E-001   1.36800E+001   1.89000E+001
   4.15404E-001   1.36800E+001   1.89000E+001
   4.15436E-001   1.36800E+001   1.89000E+001
   4.15467E-001   1.36800E+001   1.89000E+001
   4.15499E-001   1.36800E+001   1.89000E+001
   4.15530E-001   1.36800E+001   1.89000E+001
   4.15561E-001   1.36800E+001   1.89000E+001
   4.15593E-001   1.36800E+001   1.89000E+001
   4.15624E-001   1.36800E+001   1.89000E+001
   4.15656E-001   1.36800E+001   1.89000E+001
   4.15687E-001   1.36800E+001   1.89000E+001
   4.15718E-001   1.36800E+001   1.89000E+001
   4.15750E-001   1.36800E+001   1.89000E+001
   4.15781E-001   1.36800E+001   1.89000E+001
   4.15812E-001   1.36800E+001   1.89000E+001
   4.15844E-001   1.36800E+001   1.89000E+001
   4.15875E-001   1.36800E+001   1.89000E+001
   4.15907E-001   1.36800E+001   1.89000E+001
   4.15938E-001   1.36800E+001   1.89000E+001
   4.15969E-001   1.36800E+001   1.89000E+001
   4.16001E-001   1.36800E+001   1.89000E+001
   4.16032E-001   1.36800E+001   1.89000E+001
   4.16064E-001   1.36800E+001   1.89000E+001
   4.16095E-001   1.36800E+001   1.89000E+001
   4.16126E-001   1.36800E+001   1.89000E+001
   4.16158E-001   1.36800E+001   1.89000E+001
   4.16189E-001   1.36800E+001   1.89000E+001
   4.16221E-001   1.36800E+001   1.89000E+001
   4.16252E-001   1.36800E+001   1.89000E+001
   4.16283E-001   1.36800E+001   1.89000E+001
   4.16315E-001   1.36800E+001   1.89000E+001
   4.16346E-001   1.36800E+001   1.89000E+001
   4.16377E-001   1.36800E+001   1.89000E+001
   4.16409E-001   1.36800E+001   1.89000E+001
   4.16440E-001   1.36800E+001   1.89000E+001
   4.16472E-001   1.36800E+001   1.89000E+001
   4.16503E-001   1.36800E+001   1.89000E+001
   4.16534E-001   1.36800E+001   1.89000E+001
   4.16566E-001   1.36800E+001   1.89000E+001
   4.16597E-001   1.36800E+001   1.89000E+001
   4.16629E-001   1.36800E+001   1.89000E+001
   4.16660E-001   1.36800E+001   1.89000E+001
   4.16691E-001   1.36800E+001   1.89000E+001
   4.16723E-001   1.36800E+001   1.89000E+001
   4.16754E-001   1.36800E+001   1.89000E+001
   4.16786E-001   1.36800E+001   1.89000E+001
   4.16817E-001   1.36800E+001   1.89000E+001
   4.16848E-001   1.36800E+001   1.89000E+001
   4.16880E-001   1.36800E+001   1.89000E+001
   4.16911E-001   1.36800E+001   1.89000E+001
   4.16942E-001   1.36800E+001   1.89000E+001
   4.16974E-001   1.36800E+001   1.89000E+001
   4.17005E-001   1.36800E+001   1.89000E+001
   4.17037E-001   1.36800E+001   1.89000E+001
   4.17068E-001   1.36800E+001   1.89000E+001
   4.17099E-001   1.36800E+001   1.89000E+001
   4.17131E-001   1.36800E+001   1.89000E+001
   4.17162E-001   1.36800E+001   1.89000E+001
   4.17194E-001   1.36800E+001   1.89000E+001
   4.17225E-001   1.36800E+001   1.89000E+001
   4.17256E-001   1.36800E+001   1.89000E+001
   4.17288E-001   1.36800E+001   1.89000E+001
   4.17319E-001   1.36800E+001   1.89000E+001
   4.17351E-001   1.36800E+001   1.89000E+001
   4.17382E-001   1.36800E+001   1.89000E+001
   4.17413E-001   1.36800E+001   1.89000E+001
   4.17445E-001   1.36800E+001   1.89000E+001
   4.17476E-001   1.36800E+001   1.89000E+001
   4.17507E-001   1.36800E+001   1.89000E+001
   4.17539E-001   1.36800E+001   1.89000E+001
   4.17570E-001   1.36800E+001   1.89000E+001
   4.17602E-001   1.36800E+001   1.89000E+001
   4.17633E-001   1.36800E+001   1.89000E+001
   4.17664E-001   1.36800E+001   1.89000E+001
   4.17696E-001   1.36800E+001   1.89000E+001
   4.17727E-001   1.36800E+001   1.89000E+001
   4.17759E-001   1.36800E+001   1.89000E+001
   4.17790E-001   1.36800E+001   1.89000E+001
   4.17821E-001   1.36800E+001   1.89000E+001
   4.17853E-001   1.36800E+001   1.89000E+001
   4.17884E-001   1.36800E+001   1.89000E+001
   4.17916E-001   1.36800E+001   1.89000E+001
   4.17947E-001   1.36800E+001   1.89000E+001
   4.17978E-001   1.36800E+001   1.89000E+001
   4.18010E-001   1.36800E+001   1.89000E+001
   4.18041E-001   1.36800E+001   1.89000E+001
   4.18072E-001   1.36800E+001   1.89000E+001
   4.18104E-001   1.36800E+001   1.89000E+001
   4.18135E-001   1.36800E+001   1.89000E+001
   4.18167E-001   1.36800E+001   1.89000E+001
   4.18198E-001   1.36800E+001   1.89000E+001
   4.18229E-001   1.36800E+001   1.89000E+001
   4.18261E-001   1.36800E+001   1.89000E+001
   4.18292E-001   1.36800E+001   1.89000E+001
   4.18324E-001   1.36800E+001   1.89000E+001
   4.18355E-001   1.36800E+001   1.89000E+001
   4.18386E-001   1.36800E+001   1.89000E+001
   4.18418E-001   1.36800E+001   1.89000E+001
   4.18449E-001   1.36800E+001   1.89000E+001
   4.18481E-001   1.36800E+001   1.89000E+001
   4.18512E-001   1.36800E+001   1.89000E+001
   4.18543E-001   1.36800E+001   1.89000E+001
   4.18575E-001   1.36800E+001   1.89000E+001
   4.18606E-001   1.36800E+001   1.89000E+001
   4.18637E-001   1.36800E+001   1.89000E+001
   4.18669E-001   1.36800E+001   1.89000E+001
   4.18700E-001   1.36800E+001   1.89000E+001
   4.18732E-001   1.36800E+001   1.89000E+001
   4.18763E-001   1.36800E+001   1.89000E+001
   4.18794E-001   1.36800E+001   1.89000E+001
   4.18826E-001   1.36800E+001   1.89000E+001
   4.18857E-001   1.36800E+001   1.89000E+001
   4.18889E-001   1.36800E+001   1.89000E+001
   4.18920E-001   1.36800E+001   1.89000E+001
   4.18951E-001   1.36800E+001   1.89000E+001
   4.18983E-001   1.36800E+001   1.89000E+001
   4.19014E-001   1.36800E+001   1.89000E+001
   4.19046E-001   1.36800E+001   1.89000E+001
   4.19077E-001   1.36800E+001   1.89000E+001
   4.19108E-001   1.36800E+001   1.89000E+001
   4.19140E-001   1.36800E+001   1.89000E+001
   4.19171E-001   1.36800E+001   1.89000E+001
   4.19202E-001   1.36800E+001   1.89000E+001
   4.19234E-001   1.36800E+001   1.89000E+001
   4.19265E-001   1.36800E+001   1.89000E+001
   4.19297E-001   1.36800E+001   1.89000E+001
   4.19328E-001   1.36800E+001   1.89000E+001
   4.19359E-001   1.36800E+001   1.89000E+001
   4.19391E-001   1.36800E+001   1.89000E+001
   4.19422E-001   1.36800E+001   1.89000E+001
   4.19454E-001   1.36800E+001   1.89000E+001
   4.19485E-001   1.36800E+001   1.89000E+001
   4.19516E-001   1.36800E+001   1.89000E+001
   4.19548E-001   1.36800E+001   1.89000E+001
   4.19579E-001   1.36800E+001   1.89000E+001
   4.19611E-001   1.36800E+001   1.89000E+001
   4.19642E-001   1.36800E+001   1.89000E+001
   4.19673E-001   1.36800E+001   1.89000E+001
   4.19705E-001   1.36800E+001   1.89000E+001
   4.19736E-001   1.36800E+001   1.89000E+001
   4.19767E-001   1.36800E+001   1.89000E+001
   4.19799E-001   1.36800E+001   1.89000E+001
   4.19830E-001   1.36800E+001   1.89000E+001
   4.19862E-001   1.36800E+001   1.89000E+001
   4.19893E-001   1.36800E+001   1.89000E+001
   4.19924E-001   1.36800E+001   1.89000E+001
   4.19956E-001   1.36800E+001   1.89000E+001
   4.19987E-001   1.36800E+001   1.89000E+001
   4.20019E-001   1.36800E+001   1.89000E+001
   4.20050E-001   1.36800E+001   1.89000E+001
   4.20081E-001   1.36800E+001   1.89000E+001
   4.20113E-001   1.36800E+001   1.89000E+001
   4.20144E-001   1.36800E+001   1.89000E+001
   4.20176E-001   1.36800E+001   1.89000E+001
   4.20207E-001   1.36800E+001   1.89000E+001
   4.20238E-001   1.36800E+001   1.89000E+001
   4.20270E-001   1.36800E+001   1.89000E+001
   4.20301E-001   1.36800E+001   1.89000E+001
   4.20332E-001   1.36800E+001   1.89000E+001
   4.20364E-001   1.36800E+001   1.89000E+001
   4.20395E-001   1.36800E+001   1.89000E+001
   4.20427E-001   1.36800E+001   1.89000E+001
   4.20458E-001   1.36800E+001   1.89000E+001
   4.20489E-001   1.36800E+001   1.89000E+001
   4.20521E-001   1.36800E+001   1.89000E+001
   4.20552E-001   1.36800E+001   1.89000E+001
   4.20584E-001   1.36800E+001   1.89000E+001
   4.20615E-001   1.36800E+001   1.89000E+001
   4.20646E-001   1.36800E+001   1.89000E+001
   4.20678E-001   1.36800E+001   1.89000E+001
   4.20709E-001   1.36800E+001   1.89000E+001
   4.20741E-001   1.36800E+001   1.89000E+001
   4.20772E-001   1.36800E+001   1.89000E+001
   4.20803E-001   1.36800E+001   1.89000E+001
   4.20835E-001   1.36800E+001   1.89000E+001
   4.20866E-001   1.36800E+001   1.89000E+001
   4.20898E-001   1.36800E+001   1.89000E+001
   4.20929E-001   1.36800E+001   1.89000E+001
   4.20960E-001   1.36800E+001   1.89000E+001
   4.20992E-001   1.36800E+001   1.89000E+001
   4.21023E-001   1.36800E+001   1.89000E+001
   4.21054E-001   1.36800E+001   1.89000E+001
   4.21086E-001   1.36800E+001   1.89000E+001
   4.21117E-001   1.36800E+001   1.89000E+001
   4.21149E-001   1.36800E+001   1.89000E+001
   4.21180E-001   1.36800E+001   1.89000E+001
   4.21211E-001   1.36800E+001   1.89000E+001
   4.21243E-001   1.36800E+001   1.89000E+001
   4.21274E-001   1.36800E+001   1.89000E+001
   4.21306E-001   1.36800E+001   1.89000E+001
   4.21337E-001   1.36800E+001   1.89000E+001
   4.21368E-001   1.36800E+001   1.89000E+001
   4.21400E-001   1.36800E+001   1.89000E+001
   4.21431E-001   1.36800E+001   1.89000E+001
   4.21463E-001   1.36800E+001   1.89000E+001
   4.21494E-001   1.36800E+001   1.89000E+001
   4.21525E-001   1.36800E+001   1.89000E+001
   4.21557E-001   1.36800E+001   1.89000E+001
   4.21588E-001   1.36800E+001   1.89000E+001
   4.21619E-001   1.36800E+001   1.89000E+001
   4.21651E-001   1.36800E+001   1.89000E+001
   4.21682E-001   1.36800E+001   1.89000E+001
   4.21714E-001   1.36800E+001   1.89000E+001
   4.21745E-001   1.36800E+001   1.89000E+001
   4.21776E-001   1.36800E+001   1.89000E+001
   4.21808E-001   1.36800E+001   1.89000E+001
   4.21839E-001   1.36800E+001   1.89000E+001
   4.21871E-001   1.36800E+001   1.89000E+001
   4.21902E-001   1.36800E+001   1.89000E+001
   4.21933E-001   1.36800E+001   1.89000E+001
   4.21965E-001   1.36800E+001   1.89000E+001
   4.21996E-001   1.36800E+001   1.89000E+001
   4.22028E-001   1.36800E+001   1.89000E+001
   4.22059E-001   1.36800E+001   1.89000E+001
   4.22090E-001   1.36800E+001   1.89000E+001
   4.22122E-001   1.36800E+001   1.89000E+001
   4.22153E-001   1.36800E+001   1.89000E+001
   4.22184E-001   1.36800E+001   1.89000E+001
   4.22216E-001   1.36800E+001   1.89000E+001
   4.22247E-001   1.36800E+001   1.89000E+001
   4.22279E-001   1.36800E+001   1.89000E+001
   4.22310E-001   1.36800E+001   1.89000E+001
   4.22341E-001   1.36800E+001   1.89000E+001
   4.22373E-001   1.36800E+001   1.89000E+001
   4.22404E-001   1.36800E+001   1.89000E+001
   4.22436E-001   1.36800E+001   1.89000E+001
   4.22467E-001   1.36800E+001   1.89000E+001
   4.22498E-001   1.36800E+001   1.89000E+001
   4.22530E-001   1.36800E+001   1.89000E+001
   4.22561E-001   1.36800E+001   1.89000E+001
   4.22593E-001   1.36800E+001   1.89000E+001
   4.22624E-001   1.36800E+001   1.89000E+001
   4.22655E-001   1.36800E+001   1.89000E+001
   4.22687E-001   1.36800E+001   1.89000E+001
   4.22718E-001   1.36800E+001   1.89000E+001
   4.22749E-001   1.36800E+001   1.89000E+001
   4.22781E-001   1.36800E+001   1.89000E+001
   4.22812E-001   1.36800E+001   1.89000E+001
   4.22844E-001   1.36800E+001   1.89000E+001
   4.22875E-001   1.36800E+001   1.89000E+001
   4.22906E-001   1.36800E+001   1.89000E+001
   4.22938E-001   1.36800E+001   1.89000E+001
   4.22969E-001   1.36800E+001   1.89000E+001
   4.23001E-001   1.36800E+001   1.89000E+001
   4.23032E-001   1.36800E+001   1.89000E+001
   4.23063E-001   1.36800E+001   1.89000E+001
   4.23095E-001   1.36800E+001   1.89000E+001
   4.23126E-001   1.36800E+001   1.89000E+001
   4.23158E-001   1.36800E+001   1.89000E+001
   4.23189E-001   1.36800E+001   1.90800E+001
   4.23220E-001   1.36800E+001   1.90800E+001
   4.23252E-001   1.36800E+001   1.90800E+001
   4.23283E-001   1.36800E+001   1.90800E+001
   4.23314E-001   1.36800E+001   1.90800E+001
   4.23346E-001   1.36800E+001   1.90800E+001
   4.23377E-001   1.36800E+001   1.90800E+001
   4.23409E-001   1.36800E+001   1.90800E+001
   4.23440E-001   1.36800E+001   1.90800E+001
   4.23471E-001   1.36800E+001   1.90800E+001
   4.23503E-001   1.36800E+001   1.90800E+001
   4.23534E-001   1.36800E+001   1.90800E+001
   4.23566E-001   1.36800E+001   1.90800E+001
   4.23597E-001   1.36800E+001   1.90800E+001
   4.23628E-001   1.36800E+001   1.90800E+001
   4.23660E-001   1.36800E+001   1.90800E+001
   4.23691E-001   1.36800E+001   1.90800E+001
   4.23723E-001   1.36800E+001   1.90800E+001
   4.23754E-001   1.36800E+001   1.90800E+001
   4.23785E-001   1.36800E+001   1.90800E+001
   4.23817E-001   1.36800E+001   1.90800E+001
   4.23848E-001   1.36800E+001   1.90800E+001
   4.23879E-001   1.36800E+001   1.90800E+001
   4.23911E-001   1.36800E+001   1.90800E+001
   4.23942E-001   1.36800E+001   1.90800E+001
   4.23974E-001   1.36800E+001   1.90800E+001
   4.24005E-001   1.36800E+001   1.90800E+001
   4.24036E-001   1.36800E+001   1.90800E+001
   4.24068E-001   1.36800E+001   1.90800E+001
   4.24099E-001   1.36800E+001   1.90800E+001
   4.24131E-001   1.36800E+001   1.90800E+001
   4.24162E-001   1.36800E+001   1.90800E+001
   4.24193E-001   1.36800E+001   1.90800E+001
   4.24225E-001   1.36800E+001   1.90800E+001
   4.24256E-001   1.36800E+001   1.90800E+001
   4.24288E-001   1.36800E+001   1.90800E+001
   4.24319E-001   1.36800E+001   1.90800E+001
   4.24350E-001   1.36800E+001   1.90800E+001
   4.24382E-001   1.36800E+001   1.90800E+001
   4.24413E-001   1.36800E+001   1.90800E+001
   4.24444E-001   1.36800E+001   1.90800E+001
   4.24476E-001   1.36800E+001   1.90800E+001
   4.24507E-001   1.36800E+001   1.90800E+001
   4.24539E-001   1.36800E+001   1.90800E+001
   4.24570E-001   1.36800E+001   1.90800E+001
   4.24601E-001   1.36800E+001   1.90800E+001
   4.24633E-001   1.36800E+001   1.90800E+001
   4.24664E-001   1.36800E+001   1.90800E+001
   4.24696E-001   1.36800E+001   1.90800E+001
   4.24727E-001   1.36800E+001   1.90800E+001
   4.24758E-001   1.36800E+001   1.90800E+001
   4.24790E-001   1.36800E+001   1.90800E+001
   4.24821E-001   1.36800E+001   1.90800E+001
   4.24853E-001   1.36800E+001   1.90800E+001
   4.24884E-001   1.36800E+001   1.90800E+001
   4.24915E-001   1.36800E+001   1.90800E+001
   4.24947E-001   1.36800E+001   1.90800E+001
   4.24978E-001   1.36800E+001   1.90800E+001
   4.25009E-001   1.36800E+001   1.90800E+001
   4.25041E-001   1.36800E+001   1.90800E+001
   4.25072E-001   1.36800E+001   1.90800E+001
   4.25104E-001   1.36800E+001   1.90800E+001
   4.25135E-001   1.36800E+001   1.90800E+001
   4.25166E-001   1.36800E+001   1.90800E+001
   4.25198E-001   1.36800E+001   1.90800E+001
   4.25229E-001   1.36800E+001   1.90800E+001
   4.25261E-001   1.36800E+001   1.90800E+001
   4.25292E-001   1.36800E+001   1.90800E+001
   4.25323E-001   1.36800E+001   1.90800E+001
   4.25355E-001   1.36800E+001   1.90800E+001
   4.25386E-001   1.36800E+001   1.90800E+001
   4.25418E-001   1.36800E+001   1.90800E+001
   4.25449E-001   1.36800E+001   1.90800E+001
   4.25480E-001   1.36800E+001   1.90800E+001
   4.25512E-001   1.36800E+001   1.90800E+001
   4.25543E-001   1.36800E+001   1.90800E+001
   4.25574E-001   1.36800E+001   1.90800E+001
   4.25606E-001   1.36800E+001   1.90800E+001
   4.25637E-001   1.36800E+001   1.90800E+001
   4.25669E-001   1.36800E+001   1.90800E+001
   4.25700E-001   1.36800E+001   1.90800E+001
   4.25731E-001   1.36800E+001   1.90800E+001
   4.25763E-001   1.36800E+001   1.90800E+001
   4.25794E-001   1.36800E+001   1.90800E+001
   4.25826E-001   1.36800E+001   1.90800E+001
   4.25857E-001   1.36800E+001   1.90800E+001
   4.25888E-001   1.36800E+001   1.90800E+001
   4.25920E-001   1.36800E+001   1.90800E+001
   4.25951E-001   1.36800E+001   1.90800E+001
   4.25983E-001   1.36800E+001   1.90800E+001
   4.26014E-001   1.36800E+001   1.90800E+001
   4.26045E-001   1.36800E+001   1.90800E+001
   4.26077E-001   1.36800E+001   1.90800E+001
   4.26108E-001   1.36800E+001   1.90800E+001
   4.26139E-001   1.36800E+001   1.90800E+001
   4.26171E-001   1.36800E+001   1.90800E+001
   4.26202E-001   1.36800E+001   1.90800E+001
   4.26234E-001   1.36800E+001   1.90800E+001
   4.26265E-001   1.36800E+001   1.90800E+001
   4.26296E-001   1.36800E+001   1.90800E+001
   4.26328E-001   1.36800E+001   1.90800E+001
   4.26359E-001   1.36800E+001   1.90800E+001
   4.26391E-001   1.36800E+001   1.90800E+001
   4.26422E-001   1.36800E+001   1.90800E+001
   4.26453E-001   1.36800E+001   1.90800E+001
   4.26485E-001   1.36800E+001   1.90800E+001
   4.26516E-001   1.36800E+001   1.90800E+001
   4.26548E-001   1.36800E+001   1.90800E+001
   4.26579E-001   1.36800E+001   1.90800E+001
   4.26610E-001   1.36800E+001   1.90800E+001
   4.26642E-001   1.36800E+001   1.90800E+001
   4.26673E-001   1.36800E+001   1.90800E+001
   4.26705E-001   1.36800E+001   1.90800E+001
   4.26736E-001   1.36800E+001   1.90800E+001
   4.26767E-001   1.36800E+001   1.90800E+001
   4.26799E-001   1.36800E+001   1.90800E+001
   4.26830E-001   1.36800E+001   1.90800E+001
   4.26861E-001   1.36800E+001   1.90800E+001
   4.26893E-001   1.36800E+001   1.90800E+001
   4.26924E-001   1.36800E+001   1.90800E+001
   4.26956E-001   1.36800E+001   1.90800E+001
   4.26987E-001   1.36800E+001   1.90800E+001
   4.27018E-001   1.36800E+001   1.90800E+001
   4.27050E-001   1.36800E+001   1.90800E+001
   4.27081E-001   1.36800E+001   1.90800E+001
   4.27113E-001   1.36800E+001   1.90800E+001
   4.27144E-001   1.36800E+001   1.90800E+001
   4.27175E-001   1.36800E+001   1.90800E+001
   4.27207E-001   1.36800E+001   1.90800E+001
   4.27238E-001   1.36800E+001   1.90800E+001
   4.27270E-001   1.36800E+001   1.90800E+001
   4.27301E-001   1.36800E+001   1.90800E+001
   4.27332E-001   1.36800E+001   1.90800E+001
   4.27364E-001   1.36800E+001   1.90800E+001
   4.27395E-001   1.36800E+001   1.90800E+001
   4.27426E-001   1.36800E+001   1.90800E+001
   4.27458E-001   1.36800E+001   1.90800E+001
   4.27489E-001   1.36800E+001   1.90800E+001
   4.27521E-001   1.36800E+001   1.90800E+001
   4.27552E-001   1.36800E+001   1.90800E+001
   4.27583E-001   1.36800E+001   1.90800E+001
   4.27615E-001   1.36800E+001   1.90800E+001
   4.27646E-001   1.36800E+001   1.90800E+001
   4.27678E-001   1.36800E+001   1.90800E+001
   4.27709E-001   1.36800E+001   1.90800E+001
   4.27740E-001   1.36800E+001   1.90800E+001
   4.27772E-001   1.36800E+001   1.90800E+001
   4.27803E-001   1.36800E+001   1.90800E+001
   4.27835E-001   1.36800E+001   1.90800E+001
   4.27866E-001   1.36800E+001   1.90800E+001
   4.27897E-001   1.36800E+001   1.90800E+001
   4.27929E-001   1.36800E+001   1.90800E+001
   4.27960E-001   1.36800E+001   1.90800E+001
   4.27991E-001   1.36800E+001   1.90800E+001
   4.28023E-001   1.36800E+001   1.90800E+001
   4.28054E-001   1.36800E+001   1.90800E+001
   4.28086E-001   1.36800E+001   1.90800E+001
   4.28117E-001   1.36800E+001   1.90800E+001
   4.28148E-001   1.36800E+001   1.90800E+001
   4.28180E-001   1.36800E+001   1.90800E+001
   4.28211E-001   1.36800E+001   1.90800E+001
   4.28243E-001   1.36800E+001   1.90800E+001
   4.28274E-001   1.36800E+001   1.90800E+001
   4.28305E-001   1.36800E+001   1.90800E+001
   4.28337E-001   1.36800E+001   1.90800E+001
   4.28368E-001   1.36800E+001   1.90800E+001
   4.28400E-001   1.36800E+001   1.90800E+001
   4.28431E-001   1.36800E+001   1.90800E+001
   4.28462E-001   1.36800E+001   1.90800E+001
   4.28494E-001   1.36800E+001   1.90800E+001
   4.28525E-001   1.36800E+001   1.90800E+001
   4.28556E-001   1.36800E+001   1.90800E+001
   4.28588E-001   1.36800E+001   1.90800E+001
   4.28619E-001   1.36800E+001   1.90800E+001
   4.28651E-001   1.36800E+001   1.90800E+001
   4.28682E-001   1.36800E+001   1.90800E+001
   4.28713E-001   1.36800E+001   1.90800E+001
   4.28745E-001   1.36800E+001   1.90800E+001
   4.28776E-001   1.36800E+001   1.90800E+001
   4.28808E-001   1.36800E+001   1.90800E+001
   4.28839E-001   1.36800E+001   1.90800E+001
   4.28870E-001   1.36800E+001   1.90800E+001
   4.28902E-001   1.36800E+001   1.90800E+001
   4.28933E-001   1.36800E+001   1.90800E+001
   4.28965E-001   1.36800E+001   1.90800E+001
   4.28996E-001   1.36800E+001   1.90800E+001
   4.29027E-001   1.36800E+001   1.90800E+001
   4.29059E-001   1.36800E+001   1.90800E+001
   4.29090E-001   1.36800E+001   1.90800E+001
   4.29121E-001   1.36800E+001   1.90800E+001
   4.29153E-001   1.36800E+001   1.90800E+001
   4.29184E-001   1.36800E+001   1.90800E+001
   4.29216E-001   1.36800E+001   1.90800E+001
   4.29247E-001   1.36800E+001   1.90800E+001
   4.29278E-001   1.36800E+001   1.90800E+001
   4.29310E-001   1.36800E+001   1.90800E+001
   4.29341E-001   1.36800E+001   1.90800E+001
   4.29373E-001   1.36800E+001   1.90800E+001
   4.29404E-001   1.36800E+001   1.90800E+001
   4.29435E-001   1.36800E+001   1.90800E+001
   4.29467E-001   1.36800E+001   1.90800E+001
   4.29498E-001   1.36800E+001   1.90800E+001
   4.29530E-001   1.36800E+001   1.90800E+001
   4.29561E-001   1.36800E+001   1.90800E+001
   4.29592E-001   1.36800E+001   1.90800E+001
   4.29624E-001   1.36800E+001   1.90800E+001
   4.29655E-001   1.36800E+001   1.90800E+001
   4.29686E-001   1.36800E+001   1.90800E+001
   4.29718E-001   1.36800E+001   1.90800E+001
   4.29749E-001   1.36800E+001   1.90800E+001
   4.29781E-001   1.36800E+001   1.90800E+001
   4.29812E-001   1.36800E+001   1.90800E+001
   4.29843E-001   1.36800E+001   1.90800E+001
   4.29875E-001   1.36800E+001   1.90800E+001
   4.29906E-001   1.36800E+001   1.90800E+001
   4.29938E-001   1.36800E+001   1.90800E+001
   4.29969E-001   1.36800E+001   1.90800E+001
   4.30000E-001   1.36800E+001   1.90800E+001
   4.30032E-001   1.36800E+001   1.90800E+001
   4.30063E-001   1.36800E+001   1.90800E+001
   4.30095E-001   1.36800E+001   1.90800E+001
   4.30126E-001   1.36800E+001   1.90800E+001
   4.30157E-001   1.36800E+001   1.90800E+001
   4.30189E-001   1.36800E+001   1.90800E+001
   4.30220E-001   1.36800E+001   1.90800E+001
   4.30251E-001   1.36800E+001   1.90800E+001
   4.30283E-001   1.36800E+001   1.90800E+001
   4.30314E-001   1.36800E+001   1.90800E+001
   4.30346E-001   1.36800E+001   1.90800E+001
   4.30377E-001   1.36800E+001   1.90800E+001
   4.30408E-001   1.36800E+001   1.90800E+001
   4.30440E-001   1.36800E+001   1.90800E+001
   4.30471E-001   1.36800E+001   1.90800E+001
   4.30503E-001   1.36800E+001   1.90800E+001
   4.30534E-001   1.36800E+001   1.90800E+001
   4.30565E-001   1.36800E+001   1.90800E+001
   4.30597E-001   1.36800E+001   1.90800E+001
   4.30628E-001   1.36800E+001   1.90800E+001
   4.30660E-001   1.36800E+001   1.90800E+001
   4.30691E-001   1.36800E+001   1.90800E+001
   4.30722E-001   1.36800E+001   1.90800E+001
   4.30754E-001   1.36800E+001   1.90800E+001
   4.30785E-001   1.36800E+001   1.90800E+001
   4.30816E-001   1.36800E+001   1.90800E+001
   4.30848E-001   1.36800E+001   1.90800E+001
   4.30879E-001   1.36800E+001   1.90800E+001
   4.30911E-001   1.36800E+001   1.90800E+001
   4.30942E-001   1.36800E+001   1.90800E+001
   4.30973E-001   1.36800E+001   1.90800E+001
   4.31005E-001   1.36800E+001   1.90800E+001
   4.31036E-001   1.36800E+001   1.90800E+001
   4.31068E-001   1.36800E+001   1.90800E+001
   4.31099E-001   1.36800E+001   1.90800E+001
   4.31130E-001   1.36800E+001   1.90800E+001
   4.31162E-001   1.36800E+001   1.90800E+001
   4.31193E-001   1.36800E+001   1.90800E+001
   4.31225E-001   1.36800E+001   1.90800E+001
   4.31256E-001   1.36800E+001   1.90800E+001
   4.31287E-001   1.36800E+001   1.92600E+001
   4.31319E-001   1.36800E+001   1.92600E+001
   4.31350E-001   1.36800E+001   1.92600E+001
   4.31381E-001   1.36800E+001   1.92600E+001
   4.31413E-001   1.36800E+001   1.92600E+001
   4.31444E-001   1.36800E+001   1.92600E+001
   4.31476E-001   1.36800E+001   1.92600E+001
   4.31507E-001   1.36800E+001   1.92600E+001
   4.31538E-001   1.36800E+001   1.92600E+001
   4.31570E-001   1.36800E+001   1.92600E+001
   4.31601E-001   1.36800E+001   1.92600E+001
   4.31633E-001   1.36800E+001   1.92600E+001
   4.31664E-001   1.36800E+001   1.92600E+001
   4.31695E-001   1.36800E+001   1.92600E+001
   4.31727E-001   1.36800E+001   1.92600E+001
   4.31758E-001   1.36800E+001   1.92600E+001
   4.31790E-001   1.36800E+001   1.92600E+001
   4.31821E-001   1.36800E+001   1.92600E+001
   4.31852E-001   1.36800E+001   1.92600E+001
   4.31884E-001   1.36800E+001   1.92600E+001
   4.31915E-001   1.36800E+001   1.92600E+001
   4.31946E-001   1.36800E+001   1.92600E+001
   4.31978E-001   1.36800E+001   1.92600E+001
   4.32009E-001   1.36800E+001   1.92600E+001
   4.32041E-001   1.36800E+001   1.92600E+001
   4.32072E-001   1.36800E+001   1.92600E+001
   4.32103E-001   1.36800E+001   1.92600E+001
   4.32135E-001   1.36800E+001   1.92600E+001
   4.32166E-001   1.36800E+001   1.92600E+001
   4.32198E-001   1.36800E+001   1.92600E+001
   4.32229E-001   1.36800E+001   1.92600E+001
   4.32260E-001   1.36800E+001   1.92600E+001
   4.32292E-001   1.36800E+001   1.92600E+001
   4.32323E-001   1.36800E+001   1.92600E+001
   4.32355E-001   1.36800E+001   1.92600E+001
   4.32386E-001   1.36800E+001   1.92600E+001
   4.32417E-001   1.36800E+001   1.92600E+001
   4.32449E-001   1.36800E+001   1.92600E+001
   4.32480E-001   1.36800E+001   1.92600E+001
   4.32511E-001   1.36800E+001   1.92600E+001
   4.32543E-001   1.36800E+001   1.92600E+001
   4.32574E-001   1.36800E+001   1.92600E+001
   4.32606E-001   1.36800E+001   1.92600E+001
   4.32637E-001   1.36800E+001   1.92600E+001
   4.32668E-001   1.36800E+001   1.92600E+001
   4.32700E-001   1.36800E+001   1.92600E+001
   4.32731E-001   1.36800E+001   1.92600E+001
   4.32763E-001   1.36800E+001   1.92600E+001
   4.32794E-001   1.36800E+001   1.92600E+001
   4.32825E-001   1.36800E+001   1.92600E+001
   4.32857E-001   1.36800E+001   1.92600E+001
   4.32888E-001   1.36800E+001   1.92600E+001
   4.32920E-001   1.36800E+001   1.92600E+001
   4.32951E-001   1.36800E+001   1.92600E+001
   4.32982E-001   1.36800E+001   1.92600E+001
   4.33014E-001   1.36800E+001   1.92600E+001
   4.33045E-001   1.36800E+001   1.92600E+001
   4.33077E-001   1.36800E+001   1.92600E+001
   4.33108E-001   1.36800E+001   1.92600E+001
   4.33139E-001   1.36800E+001   1.92600E+001
   4.33171E-001   1.36800E+001   1.92600E+001
   4.33202E-001   1.36800E+001   1.92600E+001
   4.33233E-001   1.36800E+001   1.92600E+001
   4.33265E-001   1.36800E+001   1.92600E+001
   4.33296E-001   1.36800E+001   1.92600E+001
   4.33328E-001   1.36800E+001   1.92600E+001
   4.33359E-001   1.36800E+001   1.92600E+001
   4.33390E-001   1.36800E+001   1.92600E+001
   4.33422E-001   1.36800E+001   1.92600E+001
   4.33453E-001   1.36800E+001   1.92600E+001
   4.33485E-001   1.36800E+001   1.92600E+001
   4.33516E-001   1.36800E+001   1.92600E+001
   4.33547E-001   1.36800E+001   1.92600E+001
   4.33579E-001   1.36800E+001   1.92600E+001
   4.33610E-001   1.36800E+001   1.92600E+001
   4.33642E-001   1.36800E+001   1.92600E+001
   4.33673E-001   1.36800E+001   1.92600E+001
   4.33704E-001   1.36800E+001   1.92600E+001
   4.33736E-001   1.36800E+001   1.92600E+001
   4.33767E-001   1.36800E+001   1.92600E+001
   4.33798E-001   1.36800E+001   1.92600E+001
   4.33830E-001   1.36800E+001   1.92600E+001
   4.33861E-001   1.36800E+001   1.92600E+001
   4.33893E-001   1.36800E+001   1.92600E+001
   4.33924E-001   1.36800E+001   1.92600E+001
   4.33955E-001   1.36800E+001   1.92600E+001
   4.33987E-001   1.36800E+001   1.92600E+001
   4.34018E-001   1.36800E+001   1.92600E+001
   4.34050E-001   1.36800E+001   1.92600E+001
   4.34081E-001   1.36800E+001   1.92600E+001
   4.34112E-001   1.36800E+001   1.92600E+001
   4.34144E-001   1.36800E+001   1.92600E+001
   4.34175E-001   1.36800E+001   1.92600E+001
   4.34207E-001   1.36800E+001   1.92600E+001
   4.34238E-001   1.36800E+001   1.92600E+001
   4.34269E-001   1.36800E+001   1.92600E+001
   4.34301E-001   1.36800E+001   1.92600E+001
   4.34332E-001   1.36800E+001   1.92600E+001
   4.34363E-001   1.36800E+001   1.92600E+001
   4.34395E-001   1.36800E+001   1.92600E+001
   4.34426E-001   1.36800E+001   1.92600E+001
   4.34458E-001   1.36800E+001   1.92600E+001
   4.34489E-001   1.36800E+001   1.92600E+001
   4.34520E-001   1.36800E+001   1.92600E+001
   4.34552E-001   1.36800E+001   1.92600E+001
   4.34583E-001   1.36800E+001   1.92600E+001
   4.34615E-001   1.36800E+001   1.92600E+001
   4.34646E-001   1.36800E+001   1.92600E+001
   4.34677E-001   1.36800E+001   1.92600E+001
   4.34709E-001   1.36800E+001   1.92600E+001
   4.34740E-001   1.36800E+001   1.92600E+001
   4.34772E-001   1.36800E+001   1.92600E+001
   4.34803E-001   1.36800E+001   1.92600E+001
   4.34834E-001   1.36800E+001   1.92600E+001
   4.34866E-001   1.36800E+001   1.92600E+001
   4.34897E-001   1.36800E+001   1.92600E+001
   4.34928E-001   1.36800E+001   1.92600E+001
   4.34960E-001   1.36800E+001   1.92600E+001
   4.34991E-001   1.36800E+001   1.92600E+001
   4.35023E-001   1.36800E+001   1.92600E+001
   4.35054E-001   1.36800E+001   1.92600E+001
   4.35085E-001   1.36800E+001   1.92600E+001
   4.35117E-001   1.36800E+001   1.92600E+001
   4.35148E-001   1.36800E+001   1.92600E+001
   4.35180E-001   1.36800E+001   1.92600E+001
   4.35211E-001   1.36800E+001   1.92600E+001
   4.35242E-001   1.36800E+001   1.92600E+001
   4.35274E-001   1.36800E+001   1.92600E+001
   4.35305E-001   1.36800E+001   1.92600E+001
   4.35337E-001   1.36800E+001   1.92600E+001
   4.35368E-001   1.36800E+001   1.92600E+001
   4.35399E-001   1.36800E+001   1.92600E+001
   4.35431E-001   1.36800E+001   1.92600E+001
   4.35462E-001   1.36800E+001   1.92600E+001
   4.35493E-001   1.36800E+001   1.92600E+001
   4.35525E-001   1.36800E+001   1.92600E+001
   4.35556E-001   1.36800E+001   1.92600E+001
   4.35588E-001   1.36800E+001   1.92600E+001
   4.35619E-001   1.36800E+001   1.92600E+001
   4.35650E-001   1.36800E+001   1.92600E+001
   4.35682E-001   1.36800E+001   1.92600E+001
   4.35713E-001   1.36800E+001   1.92600E+001
   4.35745E-001   1.36800E+001   1.92600E+001
   4.35776E-001   1.36800E+001   1.92600E+001
   4.35807E-001   1.36800E+001   1.92600E+001
   4.35839E-001   1.36800E+001   1.92600E+001
   4.35870E-001   1.36800E+001   1.92600E+001
   4.35902E-001   1.36800E+001   1.92600E+001
   4.35933E-001   1.36800E+001   1.92600E+001
   4.35964E-001   1.36800E+001   1.92600E+001
   4.35996E-001   1.36800E+001   1.92600E+001
   4.36027E-001   1.36800E+001   1.92600E+001
   4.36058E-001   1.36800E+001   1.92600E+001
   4.36090E-001   1.36800E+001   1.92600E+001
   4.36121E-001   1.36800E+001   1.92600E+001
   4.36153E-001   1.36800E+001   1.92600E+001
   4.36184E-001   1.36800E+001   1.92600E+001
   4.36215E-001   1.36800E+001   1.92600E+001
   4.36247E-001   1.36800E+001   1.92600E+001
   4.36278E-001   1.36800E+001   1.92600E+001
   4.36310E-001   1.36800E+001   1.92600E+001
   4.36341E-001   1.36800E+001   1.92600E+001
   4.36372E-001   1.36800E+001   1.92600E+001
   4.36404E-001   1.36800E+001   1.92600E+001
   4.36435E-001   1.36800E+001   1.92600E+001
   4.36467E-001   1.36800E+001   1.92600E+001
   4.36498E-001   1.36800E+001   1.92600E+001
   4.36529E-001   1.36800E+001   1.92600E+001
   4.36561E-001   1.36800E+001   1.92600E+001
   4.36592E-001   1.36800E+001   1.92600E+001
   4.36623E-001   1.36800E+001   1.92600E+001
   4.36655E-001   1.36800E+001   1.92600E+001
   4.36686E-001   1.36800E+001   1.92600E+001
   4.36718E-001   1.36800E+001   1.92600E+001
   4.36749E-001   1.36800E+001   1.92600E+001
   4.36780E-001   1.36800E+001   1.92600E+001
   4.36812E-001   1.36800E+001   1.92600E+001
   4.36843E-001   1.36800E+001   1.92600E+001
   4.36875E-001   1.36800E+001   1.92600E+001
   4.36906E-001   1.36800E+001   1.92600E+001
   4.36937E-001   1.36800E+001   1.92600E+001
   4.36969E-001   1.36800E+001   1.92600E+001
   4.37000E-001   1.36800E+001   1.92600E+001
   4.37032E-001   1.36800E+001   1.92600E+001
   4.37063E-001   1.36800E+001   1.92600E+001
   4.37094E-001   1.36800E+001   1.92600E+001
   4.37126E-001   1.36800E+001   1.92600E+001
   4.37157E-001   1.36800E+001   1.92600E+001
   4.37188E-001   1.36800E+001   1.92600E+001
   4.37220E-001   1.36800E+001   1.92600E+001
   4.37251E-001   1.36800E+001   1.92600E+001
   4.37283E-001   1.36800E+001   1.92600E+001
   4.37314E-001   1.36800E+001   1.92600E+001
   4.37345E-001   1.36800E+001   1.92600E+001
   4.37377E-001   1.36800E+001   1.92600E+001
   4.37408E-001   1.36800E+001   1.92600E+001
   4.37440E-001   1.36800E+001   1.92600E+001
   4.37471E-001   1.36800E+001   1.92600E+001
   4.37502E-001   1.36800E+001   1.92600E+001
   4.37534E-001   1.36800E+001   1.92600E+001
   4.37565E-001   1.36800E+001   1.92600E+001
   4.37597E-001   1.36800E+001   1.92600E+001
   4.37628E-001   1.36800E+001   1.92600E+001
   4.37659E-001   1.36800E+001   1.92600E+001
   4.37691E-001   1.36800E+001   1.92600E+001
   4.37722E-001   1.36800E+001   1.92600E+001
   4.37753E-001   1.36800E+001   1.92600E+001
   4.37785E-001   1.36800E+001   1.92600E+001
   4.37816E-001   1.36800E+001   1.92600E+001
   4.37848E-001   1.36800E+001   1.92600E+001
   4.37879E-001   1.36800E+001   1.92600E+001
   4.37910E-001   1.36800E+001   1.92600E+001
   4.37942E-001   1.36800E+001   1.92600E+001
   4.37973E-001   1.36800E+001   1.92600E+001
   4.38005E-001   1.36800E+001   1.92600E+001
   4.38036E-001   1.36800E+001   1.92600E+001
   4.38067E-001   1.36800E+001   1.92600E+001
   4.38099E-001   1.36800E+001   1.92600E+001
   4.38130E-001   1.36800E+001   1.92600E+001
   4.38162E-001   1.36800E+001   1.92600E+001
   4.38193E-001   1.36800E+001   1.92600E+001
   4.38224E-001   1.36800E+001   1.92600E+001
   4.38256E-001   1.36800E+001   1.92600E+001
   4.38287E-001   1.36800E+001   1.92600E+001
   4.38318E-001   1.36800E+001   1.92600E+001
   4.38350E-001   1.36800E+001   1.92600E+001
   4.38381E-001   1.36800E+001   1.92600E+001
   4.38413E-001   1.36800E+001   1.92600E+001
   4.38444E-001   1.36800E+001   1.92600E+001
   4.38475E-001   1.36800E+001   1.92600E+001
   4.38507E-001   1.36800E+001   1.92600E+001
   4.38538E-001   1.36800E+001   1.92600E+001
   4.38570E-001   1.36800E+001   1.92600E+001
   4.38601E-001   1.36800E+001   1.92600E+001
   4.38632E-001   1.36800E+001   1.92600E+001
   4.38664E-001   1.36800E+001   1.92600E+001
   4.38695E-001   1.36800E+001   1.92600E+001
   4.38727E-001   1.36800E+001   1.92600E+001
   4.38758E-001   1.36800E+001   1.92600E+001
   4.38789E-001   1.36800E+001   1.92600E+001
   4.38821E-001   1.36800E+001   1.92600E+001
   4.38852E-001   1.36800E+001   1.92600E+001
   4.38884E-001   1.36800E+001   1.92600E+001
   4.38915E-001   1.36800E+001   1.92600E+001
   4.38946E-001   1.36800E+001   1.92600E+001
   4.38978E-001   1.36800E+001   1.92600E+001
   4.39009E-001   1.36800E+001   1.92600E+001
   4.39040E-001   1.36800E+001   1.92600E+001
   4.39072E-001   1.36800E+001   1.92600E+001
   4.39103E-001   1.36800E+001   1.92600E+001
   4.39135E-001   1.36800E+001   1.92600E+001
   4.39166E-001   1.36800E+001   1.92600E+001
   4.39197E-001   1.36800E+001   1.92600E+001
   4.39229E-001   1.36800E+001   1.92600E+001
   4.39260E-001   1.36800E+001   1.92600E+001
   4.39292E-001   1.36800E+001   1.92600E+001
   4.39323E-001   1.36800E+001   1.92600E+001
   4.39354E-001   1.36800E+001   1.92600E+001
   4.39386E-001   1.36800E+001   1.92600E+001
   4.39417E-001   1.36800E+001   1.92600E+001
   4.39449E-001   1.36800E+001   1.92600E+001
