   3.13892E-005   5.40000E-001   0.00000E+000
   6.27784E-005   5.40000E-001   3.60000E-001
   9.41675E-005   5.40000E-001   3.60000E-001
   1.21959E-004   5.40000E-001   5.40000E-001
   1.24751E-004   1.80000E-001   5.40000E-001
   1.25266E-004   1.80000E-001   5.40000E-001
   1.25803E-004   1.80000E-001   5.40000E-001
   1.26364E-004   1.80000E-001   5.40000E-001
   1.26947E-004   1.80000E-001   5.40000E-001
   1.27553E-004   1.80000E-001   7.20000E-001
   1.28180E-004   1.80000E-001   7.20000E-001
   1.28829E-004   1.80000E-001   7.20000E-001
   1.29499E-004   1.80000E-001   7.20000E-001
   1.30191E-004   1.80000E-001   7.20000E-001
   1.30905E-004   1.80000E-001   7.20000E-001
   1.31641E-004   1.80000E-001   7.20000E-001
   1.32399E-004   1.80000E-001   7.20000E-001
   1.33180E-004   1.80000E-001   9.00000E-001
   1.33984E-004   1.80000E-001   9.00000E-001
   1.34812E-004   1.80000E-001   9.00000E-001
   1.35665E-004   1.80000E-001   9.00000E-001
   1.36543E-004   1.80000E-001   9.00000E-001
   1.37447E-004   1.80000E-001   9.00000E-001
   1.38378E-004   1.80000E-001   9.00000E-001
   1.39336E-004   1.80000E-001   9.00000E-001
   1.40324E-004   1.80000E-001   9.00000E-001
   1.41341E-004   1.80000E-001   9.00000E-001
   1.42389E-004   1.80000E-001   1.08000E+000
   1.43470E-004   1.80000E-001   1.08000E+000
   1.44584E-004   1.80000E-001   1.08000E+000
   1.45734E-004   1.80000E-001   1.08000E+000
   1.46921E-004   1.80000E-001   1.08000E+000
   1.48145E-004   1.80000E-001   1.08000E+000
   1.49411E-004   1.80000E-001   1.08000E+000
   1.50707E-004   1.80000E-001   1.08000E+000
   1.52037E-004   1.80000E-001   1.08000E+000
   1.53401E-004   1.80000E-001   1.08000E+000
   1.54802E-004   1.80000E-001   1.26000E+000
   1.56241E-004   1.80000E-001   1.26000E+000
   1.57720E-004   1.80000E-001   1.26000E+000
   1.59241E-004   1.80000E-001   1.26000E+000
   1.60807E-004   1.80000E-001   1.26000E+000
   1.62414E-004   1.80000E-001   1.26000E+000
   1.64050E-004   1.80000E-001   1.26000E+000
   1.65719E-004   1.80000E-001   1.26000E+000
   1.67421E-004   1.80000E-001   1.26000E+000
   1.69158E-004   1.80000E-001   1.26000E+000
   1.70934E-004   1.80000E-001   1.26000E+000
   1.72749E-004   1.80000E-001   1.26000E+000
   1.74606E-004   1.80000E-001   1.44000E+000
   1.76508E-004   1.80000E-001   1.44000E+000
   1.78457E-004   1.80000E-001   1.44000E+000
   1.80457E-004   1.80000E-001   1.44000E+000
   1.82508E-004   1.80000E-001   1.44000E+000
   1.84583E-004   1.80000E-001   1.44000E+000
   1.85520E-004   3.60000E-001   1.44000E+000
   1.87704E-004   3.60000E-001   1.44000E+000
   1.89972E-004   3.60000E-001   1.44000E+000
   1.92291E-004   3.60000E-001   1.44000E+000
   1.94668E-004   3.60000E-001   1.44000E+000
   1.97107E-004   5.40000E-001   1.44000E+000
   1.99615E-004   5.40000E-001   1.62000E+000
   2.02185E-004   5.40000E-001   1.62000E+000
   2.04817E-004   5.40000E-001   1.62000E+000
   2.07512E-004   5.40000E-001   1.62000E+000
   2.10277E-004   5.40000E-001   1.62000E+000
   2.13115E-004   5.40000E-001   1.62000E+000
   2.16018E-004   5.40000E-001   1.62000E+000
   2.18973E-004   7.20000E-001   1.62000E+000
   2.21985E-004   7.20000E-001   1.62000E+000
   2.25058E-004   7.20000E-001   1.62000E+000
   2.28197E-004   7.20000E-001   1.62000E+000
   2.31405E-004   7.20000E-001   1.62000E+000
   2.34687E-004   7.20000E-001   1.80000E+000
   2.38046E-004   7.20000E-001   1.80000E+000
   2.41485E-004   7.20000E-001   1.80000E+000
   2.45003E-004   7.20000E-001   1.80000E+000
   2.48601E-004   9.00000E-001   1.80000E+000
   2.52253E-004   9.00000E-001   1.80000E+000
   2.55964E-004   9.00000E-001   1.80000E+000
   2.59737E-004   9.00000E-001   1.80000E+000
   2.63577E-004   9.00000E-001   1.80000E+000
   2.67488E-004   9.00000E-001   1.80000E+000
   2.71472E-004   9.00000E-001   1.80000E+000
   2.75536E-004   9.00000E-001   1.80000E+000
   2.79683E-004   9.00000E-001   1.98000E+000
   2.83917E-004   9.00000E-001   1.98000E+000
   2.88242E-004   9.00000E-001   1.98000E+000
   2.92665E-004   1.08000E+000   1.98000E+000
   2.97173E-004   1.08000E+000   1.98000E+000
   3.01746E-004   1.08000E+000   1.98000E+000
   3.06387E-004   1.08000E+000   1.98000E+000
   3.11101E-004   1.08000E+000   1.98000E+000
   3.15891E-004   1.08000E+000   1.98000E+000
   3.20762E-004   1.08000E+000   1.98000E+000
   3.25717E-004   1.08000E+000   1.98000E+000
   3.30763E-004   1.08000E+000   1.98000E+000
   3.35903E-004   1.08000E+000   2.16000E+000
   3.41142E-004   1.08000E+000   2.16000E+000
   3.46487E-004   1.08000E+000   2.16000E+000
   3.51941E-004   1.26000E+000   2.16000E+000
   3.57507E-004   1.26000E+000   2.16000E+000
   3.63147E-004   1.26000E+000   2.16000E+000
   3.68864E-004   1.26000E+000   2.16000E+000
   3.74663E-004   1.26000E+000   2.16000E+000
   3.80549E-004   1.26000E+000   2.16000E+000
   3.86526E-004   1.26000E+000   2.16000E+000
   3.92599E-004   1.26000E+000   2.16000E+000
   3.98774E-004   1.26000E+000   2.16000E+000
   4.05055E-004   1.26000E+000   2.34000E+000
   4.11450E-004   1.26000E+000   2.34000E+000
   4.17963E-004   1.26000E+000   2.34000E+000
   4.24602E-004   1.26000E+000   2.34000E+000
   4.31373E-004   1.26000E+000   2.34000E+000
   4.38236E-004   1.44000E+000   2.34000E+000
   4.45187E-004   1.44000E+000   2.34000E+000
   4.52229E-004   1.44000E+000   2.34000E+000
   4.59369E-004   1.44000E+000   2.34000E+000
   4.66610E-004   1.44000E+000   2.34000E+000
   4.73961E-004   1.44000E+000   2.34000E+000
   4.81425E-004   1.44000E+000   2.34000E+000
   4.89010E-004   1.44000E+000   2.52000E+000
   4.96723E-004   1.44000E+000   2.52000E+000
   5.04570E-004   1.44000E+000   2.52000E+000
   5.12558E-004   1.44000E+000   2.52000E+000
   5.20696E-004   1.44000E+000   2.52000E+000
   5.28956E-004   1.44000E+000   2.52000E+000
   5.37313E-004   1.44000E+000   2.52000E+000
   5.45772E-004   1.62000E+000   2.52000E+000
   5.54340E-004   1.62000E+000   2.52000E+000
   5.63023E-004   1.62000E+000   2.52000E+000
   5.71828E-004   1.62000E+000   2.52000E+000
   5.80761E-004   1.62000E+000   2.52000E+000
   5.89830E-004   1.62000E+000   2.52000E+000
   5.99042E-004   1.62000E+000   2.70000E+000
   6.08405E-004   1.62000E+000   2.70000E+000
   6.17928E-004   1.62000E+000   2.70000E+000
   6.27618E-004   1.62000E+000   2.70000E+000
   6.37466E-004   1.62000E+000   2.70000E+000
   6.47423E-004   1.62000E+000   2.70000E+000
   6.57494E-004   1.62000E+000   2.70000E+000
   6.67686E-004   1.62000E+000   2.70000E+000
   6.78007E-004   1.62000E+000   2.70000E+000
   6.88464E-004   1.80000E+000   2.70000E+000
   6.99065E-004   1.80000E+000   2.70000E+000
   7.09817E-004   1.80000E+000   2.70000E+000
   7.20730E-004   1.80000E+000   2.88000E+000
   7.31812E-004   1.80000E+000   2.88000E+000
   7.43073E-004   1.80000E+000   2.88000E+000
   7.54522E-004   1.80000E+000   2.88000E+000
   7.66170E-004   1.80000E+000   2.88000E+000
   7.77941E-004   1.80000E+000   2.88000E+000
   7.89839E-004   1.80000E+000   2.88000E+000
   8.01871E-004   1.80000E+000   2.88000E+000
   8.14047E-004   1.80000E+000   2.88000E+000
   8.26373E-004   1.80000E+000   2.88000E+000
   8.38859E-004   1.80000E+000   2.88000E+000
   8.51514E-004   1.80000E+000   2.88000E+000
   8.64347E-004   1.98000E+000   3.06000E+000
   8.77369E-004   1.98000E+000   3.06000E+000
   8.90590E-004   1.98000E+000   3.06000E+000
   9.04021E-004   1.98000E+000   3.06000E+000
   9.17675E-004   1.98000E+000   3.06000E+000
   9.31491E-004   1.98000E+000   3.06000E+000
   9.45447E-004   1.98000E+000   3.06000E+000
   9.59552E-004   1.98000E+000   3.06000E+000
   9.73813E-004   1.98000E+000   3.06000E+000
   9.88241E-004   1.98000E+000   3.06000E+000
   1.00285E-003   1.98000E+000   3.06000E+000
   1.01764E-003   1.98000E+000   3.06000E+000
   1.03263E-003   1.98000E+000   3.06000E+000
   1.04783E-003   1.98000E+000   3.24000E+000
   1.06325E-003   1.98000E+000   3.24000E+000
   1.07890E-003   2.16000E+000   3.24000E+000
   1.09480E-003   2.16000E+000   3.24000E+000
   1.11091E-003   2.16000E+000   3.24000E+000
   1.12717E-003   2.16000E+000   3.24000E+000
   1.14359E-003   2.16000E+000   3.24000E+000
   1.16018E-003   2.16000E+000   3.24000E+000
   1.17696E-003   2.16000E+000   3.24000E+000
   1.19393E-003   2.16000E+000   3.24000E+000
   1.21111E-003   2.16000E+000   3.24000E+000
   1.22851E-003   2.16000E+000   3.24000E+000
   1.24614E-003   2.16000E+000   3.42000E+000
   1.26401E-003   2.16000E+000   3.42000E+000
   1.28215E-003   2.16000E+000   3.42000E+000
   1.30056E-003   2.16000E+000   3.42000E+000
   1.31921E-003   2.16000E+000   3.42000E+000
   1.33804E-003   2.34000E+000   3.42000E+000
   1.35704E-003   2.34000E+000   3.42000E+000
   1.37623E-003   2.34000E+000   3.42000E+000
   1.39562E-003   2.34000E+000   3.42000E+000
   1.41522E-003   2.34000E+000   3.42000E+000
   1.43506E-003   2.34000E+000   3.42000E+000
   1.45513E-003   2.34000E+000   3.42000E+000
   1.47546E-003   2.34000E+000   3.60000E+000
   1.49606E-003   2.34000E+000   3.60000E+000
   1.51695E-003   2.34000E+000   3.60000E+000
   1.53815E-003   2.34000E+000   3.60000E+000
   1.55963E-003   2.34000E+000   3.60000E+000
   1.58129E-003   2.34000E+000   3.60000E+000
   1.60315E-003   2.34000E+000   3.60000E+000
   1.62521E-003   2.34000E+000   3.60000E+000
   1.64750E-003   2.52000E+000   3.60000E+000
   1.67002E-003   2.52000E+000   3.60000E+000
   1.69279E-003   2.52000E+000   3.60000E+000
   1.71583E-003   2.52000E+000   3.60000E+000
   1.73915E-003   2.52000E+000   3.60000E+000
   1.76277E-003   2.52000E+000   3.78000E+000
   1.78671E-003   2.52000E+000   3.78000E+000
   1.81099E-003   2.52000E+000   3.78000E+000
   1.83559E-003   2.52000E+000   3.78000E+000
   1.86038E-003   2.52000E+000   3.78000E+000
   1.88539E-003   2.52000E+000   3.78000E+000
   1.91063E-003   2.52000E+000   3.78000E+000
   1.93611E-003   2.52000E+000   3.78000E+000
   1.96185E-003   2.52000E+000   3.78000E+000
   1.98787E-003   2.52000E+000   3.78000E+000
   2.01417E-003   2.70000E+000   3.78000E+000
   2.04079E-003   2.70000E+000   3.78000E+000
   2.06774E-003   2.70000E+000   3.96000E+000
   2.09504E-003   2.70000E+000   3.96000E+000
   2.12271E-003   2.70000E+000   3.96000E+000
   2.15074E-003   2.70000E+000   3.96000E+000
   2.17898E-003   2.70000E+000   3.96000E+000
   2.20746E-003   2.70000E+000   3.96000E+000
   2.23618E-003   2.70000E+000   3.96000E+000
   2.26517E-003   2.70000E+000   3.96000E+000
   2.29445E-003   2.70000E+000   3.96000E+000
   2.32403E-003   2.70000E+000   3.96000E+000
   2.35392E-003   2.70000E+000   3.96000E+000
   2.38417E-003   2.70000E+000   3.96000E+000
   2.41477E-003   2.88000E+000   4.14000E+000
   2.44577E-003   2.88000E+000   4.14000E+000
   2.47716E-003   2.88000E+000   4.14000E+000
   2.50855E-003   2.88000E+000   4.14000E+000
   2.53994E-003   2.88000E+000   4.14000E+000
   2.57132E-003   2.88000E+000   4.14000E+000
   2.60271E-003   2.88000E+000   4.14000E+000
   2.63410E-003   2.88000E+000   4.14000E+000
   2.66549E-003   2.88000E+000   4.14000E+000
   2.69688E-003   2.88000E+000   4.14000E+000
   2.72827E-003   2.88000E+000   4.14000E+000
   2.75966E-003   2.88000E+000   4.14000E+000
   2.79105E-003   2.88000E+000   4.14000E+000
   2.82244E-003   2.88000E+000   4.32000E+000
   2.85383E-003   3.06000E+000   4.32000E+000
   2.88522E-003   3.06000E+000   4.32000E+000
   2.91661E-003   3.06000E+000   4.32000E+000
   2.94799E-003   3.06000E+000   4.32000E+000
   2.97938E-003   3.06000E+000   4.32000E+000
   3.01077E-003   3.06000E+000   4.32000E+000
   3.04216E-003   3.06000E+000   4.32000E+000
   3.07355E-003   3.06000E+000   4.32000E+000
   3.10494E-003   3.06000E+000   4.32000E+000
   3.13633E-003   3.06000E+000   4.32000E+000
   3.16772E-003   3.06000E+000   4.32000E+000
   3.19911E-003   3.06000E+000   4.32000E+000
   3.23050E-003   3.06000E+000   4.32000E+000
   3.26189E-003   3.06000E+000   4.32000E+000
   3.29328E-003   3.06000E+000   4.50000E+000
   3.32466E-003   3.24000E+000   4.50000E+000
   3.35605E-003   3.24000E+000   4.50000E+000
   3.38744E-003   3.24000E+000   4.50000E+000
   3.41883E-003   3.24000E+000   4.50000E+000
   3.45022E-003   3.24000E+000   4.50000E+000
   3.48161E-003   3.24000E+000   4.50000E+000
   3.51300E-003   3.24000E+000   4.50000E+000
   3.54439E-003   3.24000E+000   4.50000E+000
   3.57578E-003   3.24000E+000   4.50000E+000
   3.60717E-003   3.24000E+000   4.50000E+000
   3.63856E-003   3.24000E+000   4.50000E+000
   3.66995E-003   3.24000E+000   4.50000E+000
   3.70133E-003   3.24000E+000   4.50000E+000
   3.73272E-003   3.24000E+000   4.50000E+000
   3.76411E-003   3.24000E+000   4.50000E+000
   3.79550E-003   3.24000E+000   4.50000E+000
   3.82689E-003   3.24000E+000   4.68000E+000
   3.85828E-003   3.42000E+000   4.68000E+000
   3.88967E-003   3.42000E+000   4.68000E+000
   3.92106E-003   3.42000E+000   4.68000E+000
   3.95245E-003   3.42000E+000   4.68000E+000
   3.98384E-003   3.42000E+000   4.68000E+000
   4.01523E-003   3.42000E+000   4.68000E+000
   4.04662E-003   3.42000E+000   4.68000E+000
   4.07800E-003   3.42000E+000   4.68000E+000
   4.10939E-003   3.42000E+000   4.68000E+000
   4.14078E-003   3.42000E+000   4.68000E+000
   4.17217E-003   3.42000E+000   4.68000E+000
   4.20356E-003   3.42000E+000   4.68000E+000
   4.23495E-003   3.42000E+000   4.68000E+000
   4.26634E-003   3.42000E+000   4.68000E+000
   4.29773E-003   3.42000E+000   4.68000E+000
   4.32912E-003   3.42000E+000   4.68000E+000
   4.36051E-003   3.42000E+000   4.68000E+000
   4.39190E-003   3.60000E+000   4.68000E+000
   4.42329E-003   3.60000E+000   4.86000E+000
   4.45468E-003   3.60000E+000   4.86000E+000
   4.48606E-003   3.60000E+000   4.86000E+000
   4.51745E-003   3.60000E+000   4.86000E+000
   4.54884E-003   3.60000E+000   4.86000E+000
   4.58023E-003   3.60000E+000   4.86000E+000
   4.61162E-003   3.60000E+000   4.86000E+000
   4.64301E-003   3.60000E+000   4.86000E+000
   4.67440E-003   3.60000E+000   4.86000E+000
   4.70579E-003   3.60000E+000   4.86000E+000
   4.73718E-003   3.60000E+000   4.86000E+000
   4.76857E-003   3.60000E+000   4.86000E+000
   4.79996E-003   3.60000E+000   4.86000E+000
   4.83135E-003   3.60000E+000   4.86000E+000
   4.86273E-003   3.60000E+000   4.86000E+000
   4.89412E-003   3.60000E+000   4.86000E+000
   4.92551E-003   3.60000E+000   4.86000E+000
   4.95690E-003   3.60000E+000   4.86000E+000
   4.98829E-003   3.78000E+000   4.86000E+000
   5.01968E-003   3.78000E+000   4.86000E+000
   5.05107E-003   3.78000E+000   4.86000E+000
   5.08246E-003   3.78000E+000   5.04000E+000
   5.11385E-003   3.78000E+000   5.04000E+000
   5.14524E-003   3.78000E+000   5.04000E+000
   5.17663E-003   3.78000E+000   5.04000E+000
   5.20802E-003   3.78000E+000   5.04000E+000
   5.23940E-003   3.78000E+000   5.04000E+000
   5.27079E-003   3.78000E+000   5.04000E+000
   5.30218E-003   3.78000E+000   5.04000E+000
   5.33357E-003   3.78000E+000   5.04000E+000
   5.36496E-003   3.78000E+000   5.04000E+000
   5.39635E-003   3.78000E+000   5.04000E+000
   5.42774E-003   3.78000E+000   5.04000E+000
   5.45913E-003   3.78000E+000   5.04000E+000
   5.49052E-003   3.78000E+000   5.04000E+000
   5.52191E-003   3.78000E+000   5.04000E+000
   5.55330E-003   3.78000E+000   5.04000E+000
   5.58469E-003   3.96000E+000   5.04000E+000
   5.61607E-003   3.96000E+000   5.04000E+000
   5.64746E-003   3.96000E+000   5.04000E+000
   5.67885E-003   3.96000E+000   5.04000E+000
   5.71024E-003   3.96000E+000   5.04000E+000
   5.74163E-003   3.96000E+000   5.04000E+000
   5.77302E-003   3.96000E+000   5.04000E+000
   5.80441E-003   3.96000E+000   5.04000E+000
   5.83580E-003   3.96000E+000   5.22000E+000
   5.86719E-003   3.96000E+000   5.22000E+000
   5.89858E-003   3.96000E+000   5.22000E+000
   5.92997E-003   3.96000E+000   5.22000E+000
   5.96136E-003   3.96000E+000   5.22000E+000
   5.99274E-003   3.96000E+000   5.22000E+000
   6.02413E-003   3.96000E+000   5.22000E+000
   6.05552E-003   3.96000E+000   5.22000E+000
   6.08691E-003   3.96000E+000   5.22000E+000
   6.11830E-003   3.96000E+000   5.22000E+000
   6.14969E-003   3.96000E+000   5.22000E+000
   6.18108E-003   3.96000E+000   5.22000E+000
   6.21247E-003   3.96000E+000   5.22000E+000
   6.24386E-003   4.14000E+000   5.22000E+000
   6.27525E-003   4.14000E+000   5.22000E+000
   6.30664E-003   4.14000E+000   5.22000E+000
   6.33803E-003   4.14000E+000   5.22000E+000
   6.36941E-003   4.14000E+000   5.22000E+000
   6.40080E-003   4.14000E+000   5.22000E+000
   6.43219E-003   4.14000E+000   5.22000E+000
   6.46358E-003   4.14000E+000   5.22000E+000
   6.49497E-003   4.14000E+000   5.22000E+000
   6.52636E-003   4.14000E+000   5.22000E+000
   6.55775E-003   4.14000E+000   5.22000E+000
   6.58914E-003   4.14000E+000   5.22000E+000
   6.62053E-003   4.14000E+000   5.22000E+000
   6.65192E-003   4.14000E+000   5.40000E+000
   6.68331E-003   4.14000E+000   5.40000E+000
   6.71470E-003   4.14000E+000   5.40000E+000
   6.74609E-003   4.14000E+000   5.40000E+000
   6.77747E-003   4.14000E+000   5.40000E+000
   6.80886E-003   4.14000E+000   5.40000E+000
   6.84025E-003   4.14000E+000   5.40000E+000
   6.87164E-003   4.14000E+000   5.40000E+000
   6.90303E-003   4.14000E+000   5.40000E+000
   6.93442E-003   4.32000E+000   5.40000E+000
   6.96581E-003   4.32000E+000   5.40000E+000
   6.99720E-003   4.32000E+000   5.40000E+000
   7.02859E-003   4.32000E+000   5.40000E+000
   7.05998E-003   4.32000E+000   5.40000E+000
   7.09137E-003   4.32000E+000   5.40000E+000
   7.12276E-003   4.32000E+000   5.40000E+000
   7.15414E-003   4.32000E+000   5.40000E+000
   7.18553E-003   4.32000E+000   5.40000E+000
   7.21692E-003   4.32000E+000   5.40000E+000
   7.24831E-003   4.32000E+000   5.40000E+000
   7.27970E-003   4.32000E+000   5.40000E+000
   7.31109E-003   4.32000E+000   5.40000E+000
   7.34248E-003   4.32000E+000   5.40000E+000
   7.37387E-003   4.32000E+000   5.40000E+000
   7.40526E-003   4.32000E+000   5.40000E+000
   7.43665E-003   4.32000E+000   5.40000E+000
   7.46804E-003   4.32000E+000   5.40000E+000
   7.49943E-003   4.32000E+000   5.40000E+000
   7.53081E-003   4.32000E+000   5.40000E+000
   7.56220E-003   4.32000E+000   5.40000E+000
   7.59359E-003   4.32000E+000   5.58000E+000
   7.62498E-003   4.32000E+000   5.58000E+000
   7.65637E-003   4.50000E+000   5.58000E+000
   7.68776E-003   4.50000E+000   5.58000E+000
   7.71915E-003   4.50000E+000   5.58000E+000
   7.75054E-003   4.50000E+000   5.58000E+000
   7.78193E-003   4.50000E+000   5.58000E+000
   7.81332E-003   4.50000E+000   5.58000E+000
   7.84471E-003   4.50000E+000   5.58000E+000
   7.87610E-003   4.50000E+000   5.58000E+000
   7.90748E-003   4.50000E+000   5.58000E+000
   7.93887E-003   4.50000E+000   5.58000E+000
   7.97026E-003   4.50000E+000   5.58000E+000
   8.00165E-003   4.50000E+000   5.58000E+000
   8.03304E-003   4.50000E+000   5.58000E+000
   8.06443E-003   4.50000E+000   5.58000E+000
   8.09582E-003   4.50000E+000   5.58000E+000
   8.12721E-003   4.50000E+000   5.58000E+000
   8.15860E-003   4.50000E+000   5.58000E+000
   8.18999E-003   4.50000E+000   5.58000E+000
   8.22138E-003   4.50000E+000   5.58000E+000
   8.25277E-003   4.50000E+000   5.58000E+000
   8.28415E-003   4.50000E+000   5.58000E+000
   8.31554E-003   4.50000E+000   5.58000E+000
   8.34693E-003   4.50000E+000   5.58000E+000
   8.37832E-003   4.50000E+000   5.58000E+000
   8.40971E-003   4.68000E+000   5.58000E+000
   8.44110E-003   4.68000E+000   5.58000E+000
   8.47249E-003   4.68000E+000   5.58000E+000
   8.50388E-003   4.68000E+000   5.58000E+000
   8.53527E-003   4.68000E+000   5.58000E+000
   8.56666E-003   4.68000E+000   5.58000E+000
   8.59805E-003   4.68000E+000   5.76000E+000
   8.62944E-003   4.68000E+000   5.76000E+000
   8.66083E-003   4.68000E+000   5.76000E+000
   8.69221E-003   4.68000E+000   5.76000E+000
   8.72360E-003   4.68000E+000   5.76000E+000
   8.75499E-003   4.68000E+000   5.76000E+000
   8.78638E-003   4.68000E+000   5.76000E+000
   8.81777E-003   4.68000E+000   5.76000E+000
   8.84916E-003   4.68000E+000   5.76000E+000
   8.88055E-003   4.68000E+000   5.76000E+000
   8.91194E-003   4.68000E+000   5.76000E+000
   8.94333E-003   4.68000E+000   5.76000E+000
   8.97472E-003   4.68000E+000   5.76000E+000
   9.00611E-003   4.68000E+000   5.76000E+000
   9.03750E-003   4.68000E+000   5.76000E+000
   9.06888E-003   4.68000E+000   5.76000E+000
   9.10027E-003   4.68000E+000   5.76000E+000
   9.13166E-003   4.68000E+000   5.76000E+000
   9.16305E-003   4.68000E+000   5.76000E+000
   9.19444E-003   4.68000E+000   5.76000E+000
   9.22583E-003   4.86000E+000   5.76000E+000
   9.25722E-003   4.86000E+000   5.76000E+000
   9.28861E-003   4.86000E+000   5.76000E+000
   9.32000E-003   4.86000E+000   5.76000E+000
   9.35139E-003   4.86000E+000   5.76000E+000
   9.38278E-003   4.86000E+000   5.76000E+000
   9.41417E-003   4.86000E+000   5.76000E+000
   9.44555E-003   4.86000E+000   5.76000E+000
   9.47694E-003   4.86000E+000   5.76000E+000
   9.50833E-003   4.86000E+000   5.76000E+000
   9.53972E-003   4.86000E+000   5.76000E+000
   9.57111E-003   4.86000E+000   5.76000E+000
   9.60250E-003   4.86000E+000   5.76000E+000
   9.63389E-003   4.86000E+000   5.76000E+000
   9.66528E-003   4.86000E+000   5.76000E+000
   9.69667E-003   4.86000E+000   5.76000E+000
   9.72806E-003   4.86000E+000   5.94000E+000
   9.75945E-003   4.86000E+000   5.94000E+000
   9.79084E-003   4.86000E+000   5.94000E+000
   9.82222E-003   4.86000E+000   5.94000E+000
   9.85361E-003   4.86000E+000   5.94000E+000
   9.88500E-003   4.86000E+000   5.94000E+000
   9.91639E-003   4.86000E+000   5.94000E+000
   9.94778E-003   4.86000E+000   5.94000E+000
   9.97917E-003   4.86000E+000   5.94000E+000
   1.00106E-002   4.86000E+000   5.94000E+000
   1.00419E-002   4.86000E+000   5.94000E+000
   1.00733E-002   5.04000E+000   5.94000E+000
   1.01047E-002   5.04000E+000   5.94000E+000
   1.01361E-002   5.04000E+000   5.94000E+000
   1.01675E-002   5.04000E+000   5.94000E+000
   1.01989E-002   5.04000E+000   5.94000E+000
   1.02303E-002   5.04000E+000   5.94000E+000
   1.02617E-002   5.04000E+000   5.94000E+000
   1.02931E-002   5.04000E+000   5.94000E+000
   1.03245E-002   5.04000E+000   5.94000E+000
   1.03558E-002   5.04000E+000   5.94000E+000
   1.03872E-002   5.04000E+000   5.94000E+000
   1.04186E-002   5.04000E+000   5.94000E+000
   1.04500E-002   5.04000E+000   5.94000E+000
   1.04814E-002   5.04000E+000   5.94000E+000
   1.05128E-002   5.04000E+000   5.94000E+000
   1.05442E-002   5.04000E+000   5.94000E+000
   1.05756E-002   5.04000E+000   5.94000E+000
   1.06070E-002   5.04000E+000   5.94000E+000
   1.06383E-002   5.04000E+000   5.94000E+000
   1.06697E-002   5.04000E+000   5.94000E+000
   1.07011E-002   5.04000E+000   5.94000E+000
   1.07325E-002   5.04000E+000   5.94000E+000
   1.07639E-002   5.04000E+000   5.94000E+000
   1.07953E-002   5.04000E+000   5.94000E+000
   1.08267E-002   5.04000E+000   5.94000E+000
   1.08581E-002   5.04000E+000   5.94000E+000
   1.08895E-002   5.04000E+000   6.12000E+000
   1.09208E-002   5.04000E+000   6.12000E+000
   1.09522E-002   5.04000E+000   6.12000E+000
   1.09836E-002   5.22000E+000   6.12000E+000
   1.10150E-002   5.22000E+000   6.12000E+000
   1.10464E-002   5.22000E+000   6.12000E+000
   1.10778E-002   5.22000E+000   6.12000E+000
   1.11092E-002   5.22000E+000   6.12000E+000
   1.11406E-002   5.22000E+000   6.12000E+000
   1.11720E-002   5.22000E+000   6.12000E+000
   1.12033E-002   5.22000E+000   6.12000E+000
   1.12347E-002   5.22000E+000   6.12000E+000
   1.12661E-002   5.22000E+000   6.12000E+000
   1.12975E-002   5.22000E+000   6.12000E+000
   1.13289E-002   5.22000E+000   6.12000E+000
   1.13603E-002   5.22000E+000   6.12000E+000
   1.13917E-002   5.22000E+000   6.12000E+000
   1.14231E-002   5.22000E+000   6.12000E+000
   1.14545E-002   5.22000E+000   6.12000E+000
   1.14859E-002   5.22000E+000   6.12000E+000
   1.15172E-002   5.22000E+000   6.12000E+000
   1.15486E-002   5.22000E+000   6.12000E+000
   1.15800E-002   5.22000E+000   6.12000E+000
   1.16114E-002   5.22000E+000   6.12000E+000
   1.16428E-002   5.22000E+000   6.12000E+000
   1.16742E-002   5.22000E+000   6.12000E+000
   1.17056E-002   5.22000E+000   6.12000E+000
   1.17370E-002   5.22000E+000   6.12000E+000
   1.17684E-002   5.22000E+000   6.12000E+000
   1.17997E-002   5.22000E+000   6.12000E+000
   1.18311E-002   5.22000E+000   6.12000E+000
   1.18625E-002   5.22000E+000   6.12000E+000
   1.18939E-002   5.22000E+000   6.12000E+000
   1.19253E-002   5.22000E+000   6.12000E+000
   1.19567E-002   5.40000E+000   6.12000E+000
   1.19881E-002   5.40000E+000   6.12000E+000
   1.20195E-002   5.40000E+000   6.12000E+000
   1.20509E-002   5.40000E+000   6.12000E+000
   1.20822E-002   5.40000E+000   6.12000E+000
   1.21136E-002   5.40000E+000   6.30000E+000
   1.21450E-002   5.40000E+000   6.30000E+000
   1.21764E-002   5.40000E+000   6.30000E+000
   1.22078E-002   5.40000E+000   6.30000E+000
   1.22392E-002   5.40000E+000   6.30000E+000
   1.22706E-002   5.40000E+000   6.30000E+000
   1.23020E-002   5.40000E+000   6.30000E+000
   1.23334E-002   5.40000E+000   6.30000E+000
   1.23647E-002   5.40000E+000   6.30000E+000
   1.23961E-002   5.40000E+000   6.30000E+000
   1.24275E-002   5.40000E+000   6.30000E+000
   1.24589E-002   5.40000E+000   6.30000E+000
   1.24903E-002   5.40000E+000   6.30000E+000
   1.25217E-002   5.40000E+000   6.30000E+000
   1.25531E-002   5.40000E+000   6.30000E+000
   1.25845E-002   5.40000E+000   6.30000E+000
   1.26159E-002   5.40000E+000   6.30000E+000
   1.26473E-002   5.40000E+000   6.30000E+000
   1.26786E-002   5.40000E+000   6.30000E+000
   1.27100E-002   5.40000E+000   6.30000E+000
   1.27414E-002   5.40000E+000   6.30000E+000
   1.27728E-002   5.40000E+000   6.30000E+000
   1.28042E-002   5.40000E+000   6.30000E+000
   1.28356E-002   5.40000E+000   6.30000E+000
   1.28670E-002   5.40000E+000   6.30000E+000
   1.28984E-002   5.40000E+000   6.30000E+000
   1.29298E-002   5.40000E+000   6.30000E+000
   1.29611E-002   5.58000E+000   6.30000E+000
   1.29925E-002   5.58000E+000   6.30000E+000
   1.30239E-002   5.58000E+000   6.30000E+000
   1.30553E-002   5.58000E+000   6.30000E+000
   1.30867E-002   5.58000E+000   6.30000E+000
   1.31181E-002   5.58000E+000   6.30000E+000
   1.31495E-002   5.58000E+000   6.30000E+000
   1.31809E-002   5.58000E+000   6.30000E+000
   1.32123E-002   5.58000E+000   6.30000E+000
   1.32436E-002   5.58000E+000   6.30000E+000
   1.32750E-002   5.58000E+000   6.30000E+000
   1.33064E-002   5.58000E+000   6.30000E+000
   1.33378E-002   5.58000E+000   6.48000E+000
   1.33692E-002   5.58000E+000   6.48000E+000
   1.34006E-002   5.58000E+000   6.48000E+000
   1.34320E-002   5.58000E+000   6.48000E+000
   1.34634E-002   5.58000E+000   6.48000E+000
   1.34948E-002   5.58000E+000   6.48000E+000
   1.35261E-002   5.58000E+000   6.48000E+000
   1.35575E-002   5.58000E+000   6.48000E+000
   1.35889E-002   5.58000E+000   6.48000E+000
   1.36203E-002   5.58000E+000   6.48000E+000
   1.36517E-002   5.58000E+000   6.48000E+000
   1.36831E-002   5.58000E+000   6.48000E+000
   1.37145E-002   5.58000E+000   6.48000E+000
   1.37459E-002   5.58000E+000   6.48000E+000
   1.37773E-002   5.58000E+000   6.48000E+000
   1.38087E-002   5.58000E+000   6.48000E+000
   1.38400E-002   5.58000E+000   6.48000E+000
   1.38714E-002   5.58000E+000   6.48000E+000
   1.39028E-002   5.58000E+000   6.48000E+000
   1.39342E-002   5.58000E+000   6.48000E+000
   1.39656E-002   5.58000E+000   6.48000E+000
   1.39970E-002   5.58000E+000   6.48000E+000
   1.40284E-002   5.76000E+000   6.48000E+000
   1.40598E-002   5.76000E+000   6.48000E+000
   1.40912E-002   5.76000E+000   6.48000E+000
   1.41225E-002   5.76000E+000   6.48000E+000
   1.41539E-002   5.76000E+000   6.48000E+000
   1.41853E-002   5.76000E+000   6.48000E+000
   1.42167E-002   5.76000E+000   6.48000E+000
   1.42481E-002   5.76000E+000   6.48000E+000
   1.42795E-002   5.76000E+000   6.48000E+000
   1.43109E-002   5.76000E+000   6.48000E+000
   1.43423E-002   5.76000E+000   6.48000E+000
   1.43737E-002   5.76000E+000   6.48000E+000
   1.44050E-002   5.76000E+000   6.48000E+000
   1.44364E-002   5.76000E+000   6.48000E+000
   1.44678E-002   5.76000E+000   6.48000E+000
   1.44992E-002   5.76000E+000   6.48000E+000
   1.45306E-002   5.76000E+000   6.48000E+000
   1.45620E-002   5.76000E+000   6.48000E+000
   1.45934E-002   5.76000E+000   6.66000E+000
   1.46248E-002   5.76000E+000   6.66000E+000
   1.46562E-002   5.76000E+000   6.66000E+000
   1.46875E-002   5.76000E+000   6.66000E+000
   1.47189E-002   5.76000E+000   6.66000E+000
   1.47503E-002   5.76000E+000   6.66000E+000
   1.47817E-002   5.76000E+000   6.66000E+000
   1.48131E-002   5.76000E+000   6.66000E+000
   1.48445E-002   5.76000E+000   6.66000E+000
   1.48759E-002   5.76000E+000   6.66000E+000
   1.49073E-002   5.76000E+000   6.66000E+000
   1.49387E-002   5.76000E+000   6.66000E+000
   1.49701E-002   5.76000E+000   6.66000E+000
   1.50014E-002   5.76000E+000   6.66000E+000
   1.50328E-002   5.76000E+000   6.66000E+000
   1.50642E-002   5.76000E+000   6.66000E+000
   1.50956E-002   5.76000E+000   6.66000E+000
   1.51270E-002   5.76000E+000   6.66000E+000
   1.51584E-002   5.94000E+000   6.66000E+000
   1.51898E-002   5.94000E+000   6.66000E+000
   1.52212E-002   5.94000E+000   6.66000E+000
   1.52526E-002   5.94000E+000   6.66000E+000
   1.52839E-002   5.94000E+000   6.66000E+000
   1.53153E-002   5.94000E+000   6.66000E+000
   1.53467E-002   5.94000E+000   6.66000E+000
   1.53781E-002   5.94000E+000   6.66000E+000
   1.54095E-002   5.94000E+000   6.66000E+000
   1.54409E-002   5.94000E+000   6.66000E+000
   1.54723E-002   5.94000E+000   6.66000E+000
   1.55037E-002   5.94000E+000   6.66000E+000
   1.55351E-002   5.94000E+000   6.66000E+000
   1.55664E-002   5.94000E+000   6.66000E+000
   1.55978E-002   5.94000E+000   6.66000E+000
   1.56292E-002   5.94000E+000   6.66000E+000
   1.56606E-002   5.94000E+000   6.66000E+000
   1.56920E-002   5.94000E+000   6.66000E+000
   1.57234E-002   5.94000E+000   6.66000E+000
   1.57548E-002   5.94000E+000   6.66000E+000
   1.57862E-002   5.94000E+000   6.66000E+000
   1.58176E-002   5.94000E+000   6.66000E+000
   1.58489E-002   5.94000E+000   6.66000E+000
   1.58803E-002   5.94000E+000   6.84000E+000
   1.59117E-002   5.94000E+000   6.84000E+000
   1.59431E-002   5.94000E+000   6.84000E+000
   1.59745E-002   5.94000E+000   6.84000E+000
   1.60059E-002   5.94000E+000   6.84000E+000
   1.60373E-002   5.94000E+000   6.84000E+000
   1.60687E-002   5.94000E+000   6.84000E+000
   1.61001E-002   5.94000E+000   6.84000E+000
   1.61314E-002   5.94000E+000   6.84000E+000
   1.61628E-002   5.94000E+000   6.84000E+000
   1.61942E-002   5.94000E+000   6.84000E+000
   1.62256E-002   5.94000E+000   6.84000E+000
   1.62570E-002   5.94000E+000   6.84000E+000
   1.62884E-002   5.94000E+000   6.84000E+000
   1.63198E-002   5.94000E+000   6.84000E+000
   1.63512E-002   6.12000E+000   6.84000E+000
   1.63826E-002   6.12000E+000   6.84000E+000
   1.64140E-002   6.12000E+000   6.84000E+000
   1.64453E-002   6.12000E+000   6.84000E+000
   1.64767E-002   6.12000E+000   6.84000E+000
   1.65081E-002   6.12000E+000   6.84000E+000
   1.65395E-002   6.12000E+000   6.84000E+000
   1.65709E-002   6.12000E+000   6.84000E+000
   1.66023E-002   6.12000E+000   6.84000E+000
   1.66337E-002   6.12000E+000   6.84000E+000
   1.66651E-002   6.12000E+000   6.84000E+000
   1.66965E-002   6.12000E+000   6.84000E+000
   1.67278E-002   6.12000E+000   6.84000E+000
   1.67592E-002   6.12000E+000   6.84000E+000
   1.67906E-002   6.12000E+000   6.84000E+000
   1.68220E-002   6.12000E+000   6.84000E+000
   1.68534E-002   6.12000E+000   6.84000E+000
   1.68848E-002   6.12000E+000   6.84000E+000
   1.69162E-002   6.12000E+000   6.84000E+000
   1.69476E-002   6.12000E+000   6.84000E+000
   1.69790E-002   6.12000E+000   6.84000E+000
   1.70103E-002   6.12000E+000   6.84000E+000
   1.70417E-002   6.12000E+000   6.84000E+000
   1.70731E-002   6.12000E+000   6.84000E+000
   1.71045E-002   6.12000E+000   6.84000E+000
   1.71359E-002   6.12000E+000   6.84000E+000
   1.71673E-002   6.12000E+000   7.02000E+000
   1.71987E-002   6.12000E+000   7.02000E+000
   1.72301E-002   6.12000E+000   7.02000E+000
   1.72615E-002   6.12000E+000   7.02000E+000
   1.72928E-002   6.12000E+000   7.02000E+000
   1.73242E-002   6.12000E+000   7.02000E+000
   1.73556E-002   6.12000E+000   7.02000E+000
   1.73870E-002   6.12000E+000   7.02000E+000
   1.74184E-002   6.12000E+000   7.02000E+000
   1.74498E-002   6.12000E+000   7.02000E+000
   1.74812E-002   6.12000E+000   7.02000E+000
   1.75126E-002   6.12000E+000   7.02000E+000
   1.75440E-002   6.12000E+000   7.02000E+000
   1.75754E-002   6.12000E+000   7.02000E+000
   1.76067E-002   6.12000E+000   7.02000E+000
   1.76381E-002   6.30000E+000   7.02000E+000
   1.76695E-002   6.30000E+000   7.02000E+000
   1.77009E-002   6.30000E+000   7.02000E+000
   1.77323E-002   6.30000E+000   7.02000E+000
   1.77637E-002   6.30000E+000   7.02000E+000
   1.77951E-002   6.30000E+000   7.02000E+000
   1.78265E-002   6.30000E+000   7.02000E+000
   1.78579E-002   6.30000E+000   7.02000E+000
   1.78892E-002   6.30000E+000   7.02000E+000
   1.79206E-002   6.30000E+000   7.02000E+000
   1.79520E-002   6.30000E+000   7.02000E+000
   1.79834E-002   6.30000E+000   7.02000E+000
   1.80148E-002   6.30000E+000   7.02000E+000
   1.80462E-002   6.30000E+000   7.02000E+000
   1.80776E-002   6.30000E+000   7.02000E+000
   1.81090E-002   6.30000E+000   7.02000E+000
   1.81404E-002   6.30000E+000   7.02000E+000
   1.81717E-002   6.30000E+000   7.02000E+000
   1.82031E-002   6.30000E+000   7.02000E+000
   1.82345E-002   6.30000E+000   7.02000E+000
   1.82659E-002   6.30000E+000   7.02000E+000
   1.82973E-002   6.30000E+000   7.02000E+000
   1.83287E-002   6.30000E+000   7.02000E+000
   1.83601E-002   6.30000E+000   7.02000E+000
   1.83915E-002   6.30000E+000   7.02000E+000
   1.84229E-002   6.30000E+000   7.02000E+000
   1.84542E-002   6.30000E+000   7.20000E+000
   1.84856E-002   6.30000E+000   7.20000E+000
   1.85170E-002   6.30000E+000   7.20000E+000
   1.85484E-002   6.30000E+000   7.20000E+000
   1.85798E-002   6.30000E+000   7.20000E+000
   1.86112E-002   6.30000E+000   7.20000E+000
   1.86426E-002   6.30000E+000   7.20000E+000
   1.86740E-002   6.30000E+000   7.20000E+000
   1.87054E-002   6.30000E+000   7.20000E+000
   1.87368E-002   6.30000E+000   7.20000E+000
   1.87681E-002   6.30000E+000   7.20000E+000
   1.87995E-002   6.30000E+000   7.20000E+000
   1.88309E-002   6.30000E+000   7.20000E+000
   1.88623E-002   6.30000E+000   7.20000E+000
   1.88937E-002   6.30000E+000   7.20000E+000
   1.89251E-002   6.30000E+000   7.20000E+000
   1.89565E-002   6.30000E+000   7.20000E+000
   1.89879E-002   6.30000E+000   7.20000E+000
   1.90193E-002   6.48000E+000   7.20000E+000
   1.90506E-002   6.48000E+000   7.20000E+000
   1.90820E-002   6.48000E+000   7.20000E+000
   1.91134E-002   6.48000E+000   7.20000E+000
   1.91448E-002   6.48000E+000   7.20000E+000
   1.91762E-002   6.48000E+000   7.20000E+000
   1.92076E-002   6.48000E+000   7.20000E+000
   1.92390E-002   6.48000E+000   7.20000E+000
   1.92704E-002   6.48000E+000   7.20000E+000
   1.93018E-002   6.48000E+000   7.20000E+000
   1.93331E-002   6.48000E+000   7.20000E+000
   1.93645E-002   6.48000E+000   7.20000E+000
   1.93959E-002   6.48000E+000   7.20000E+000
   1.94273E-002   6.48000E+000   7.20000E+000
   1.94587E-002   6.48000E+000   7.20000E+000
   1.94901E-002   6.48000E+000   7.20000E+000
   1.95215E-002   6.48000E+000   7.20000E+000
   1.95529E-002   6.48000E+000   7.20000E+000
   1.95843E-002   6.48000E+000   7.20000E+000
   1.96156E-002   6.48000E+000   7.20000E+000
   1.96470E-002   6.48000E+000   7.20000E+000
   1.96784E-002   6.48000E+000   7.20000E+000
   1.97098E-002   6.48000E+000   7.20000E+000
   1.97412E-002   6.48000E+000   7.20000E+000
   1.97726E-002   6.48000E+000   7.20000E+000
   1.98040E-002   6.48000E+000   7.38000E+000
   1.98354E-002   6.48000E+000   7.38000E+000
   1.98668E-002   6.48000E+000   7.38000E+000
   1.98982E-002   6.48000E+000   7.38000E+000
   1.99295E-002   6.48000E+000   7.38000E+000
   1.99609E-002   6.48000E+000   7.38000E+000
   1.99923E-002   6.48000E+000   7.38000E+000
   2.00237E-002   6.48000E+000   7.38000E+000
   2.00551E-002   6.48000E+000   7.38000E+000
   2.00865E-002   6.48000E+000   7.38000E+000
   2.01179E-002   6.48000E+000   7.38000E+000
   2.01493E-002   6.48000E+000   7.38000E+000
   2.01807E-002   6.48000E+000   7.38000E+000
   2.02120E-002   6.48000E+000   7.38000E+000
   2.02434E-002   6.48000E+000   7.38000E+000
   2.02748E-002   6.48000E+000   7.38000E+000
   2.03062E-002   6.48000E+000   7.38000E+000
   2.03376E-002   6.48000E+000   7.38000E+000
   2.03690E-002   6.48000E+000   7.38000E+000
   2.04004E-002   6.48000E+000   7.38000E+000
   2.04318E-002   6.48000E+000   7.38000E+000
   2.04632E-002   6.66000E+000   7.38000E+000
   2.04945E-002   6.66000E+000   7.38000E+000
   2.05259E-002   6.66000E+000   7.38000E+000
   2.05573E-002   6.66000E+000   7.38000E+000
   2.05887E-002   6.66000E+000   7.38000E+000
   2.06201E-002   6.66000E+000   7.38000E+000
   2.06515E-002   6.66000E+000   7.38000E+000
   2.06829E-002   6.66000E+000   7.38000E+000
   2.07143E-002   6.66000E+000   7.38000E+000
   2.07457E-002   6.66000E+000   7.38000E+000
   2.07770E-002   6.66000E+000   7.38000E+000
   2.08084E-002   6.66000E+000   7.38000E+000
   2.08398E-002   6.66000E+000   7.38000E+000
   2.08712E-002   6.66000E+000   7.38000E+000
   2.09026E-002   6.66000E+000   7.38000E+000
   2.09340E-002   6.66000E+000   7.38000E+000
   2.09654E-002   6.66000E+000   7.38000E+000
   2.09968E-002   6.66000E+000   7.38000E+000
   2.10282E-002   6.66000E+000   7.38000E+000
   2.10596E-002   6.66000E+000   7.38000E+000
   2.10909E-002   6.66000E+000   7.38000E+000
   2.11223E-002   6.66000E+000   7.38000E+000
   2.11537E-002   6.66000E+000   7.56000E+000
   2.11851E-002   6.66000E+000   7.56000E+000
   2.12165E-002   6.66000E+000   7.56000E+000
   2.12479E-002   6.66000E+000   7.56000E+000
   2.12793E-002   6.66000E+000   7.56000E+000
   2.13107E-002   6.66000E+000   7.56000E+000
   2.13421E-002   6.66000E+000   7.56000E+000
   2.13734E-002   6.66000E+000   7.56000E+000
   2.14048E-002   6.66000E+000   7.56000E+000
   2.14362E-002   6.66000E+000   7.56000E+000
   2.14676E-002   6.66000E+000   7.56000E+000
   2.14990E-002   6.66000E+000   7.56000E+000
   2.15304E-002   6.66000E+000   7.56000E+000
   2.15618E-002   6.66000E+000   7.56000E+000
   2.15932E-002   6.66000E+000   7.56000E+000
   2.16246E-002   6.66000E+000   7.56000E+000
   2.16559E-002   6.66000E+000   7.56000E+000
   2.16873E-002   6.66000E+000   7.56000E+000
   2.17187E-002   6.66000E+000   7.56000E+000
   2.17501E-002   6.66000E+000   7.56000E+000
   2.17815E-002   6.66000E+000   7.56000E+000
   2.18129E-002   6.66000E+000   7.56000E+000
   2.18443E-002   6.66000E+000   7.56000E+000
   2.18757E-002   6.66000E+000   7.56000E+000
   2.19071E-002   6.66000E+000   7.56000E+000
   2.19384E-002   6.66000E+000   7.56000E+000
   2.19698E-002   6.66000E+000   7.56000E+000
   2.20012E-002   6.66000E+000   7.56000E+000
   2.20326E-002   6.84000E+000   7.56000E+000
   2.20640E-002   6.84000E+000   7.56000E+000
   2.20954E-002   6.84000E+000   7.56000E+000
   2.21268E-002   6.84000E+000   7.56000E+000
   2.21582E-002   6.84000E+000   7.56000E+000
   2.21896E-002   6.84000E+000   7.56000E+000
   2.22210E-002   6.84000E+000   7.56000E+000
   2.22523E-002   6.84000E+000   7.56000E+000
   2.22837E-002   6.84000E+000   7.56000E+000
   2.23151E-002   6.84000E+000   7.56000E+000
   2.23465E-002   6.84000E+000   7.56000E+000
   2.23779E-002   6.84000E+000   7.56000E+000
   2.24093E-002   6.84000E+000   7.56000E+000
   2.24407E-002   6.84000E+000   7.56000E+000
   2.24721E-002   6.84000E+000   7.56000E+000
   2.25035E-002   6.84000E+000   7.56000E+000
   2.25348E-002   6.84000E+000   7.56000E+000
   2.25662E-002   6.84000E+000   7.74000E+000
   2.25976E-002   6.84000E+000   7.74000E+000
   2.26290E-002   6.84000E+000   7.74000E+000
   2.26604E-002   6.84000E+000   7.74000E+000
   2.26918E-002   6.84000E+000   7.74000E+000
   2.27232E-002   6.84000E+000   7.74000E+000
   2.27546E-002   6.84000E+000   7.74000E+000
   2.27860E-002   6.84000E+000   7.74000E+000
   2.28173E-002   6.84000E+000   7.74000E+000
   2.28487E-002   6.84000E+000   7.74000E+000
   2.28801E-002   6.84000E+000   7.74000E+000
   2.29115E-002   6.84000E+000   7.74000E+000
   2.29429E-002   6.84000E+000   7.74000E+000
   2.29743E-002   6.84000E+000   7.74000E+000
   2.30057E-002   6.84000E+000   7.74000E+000
   2.30371E-002   6.84000E+000   7.74000E+000
   2.30685E-002   6.84000E+000   7.74000E+000
   2.30998E-002   6.84000E+000   7.74000E+000
   2.31312E-002   6.84000E+000   7.74000E+000
   2.31626E-002   6.84000E+000   7.74000E+000
   2.31940E-002   6.84000E+000   7.74000E+000
   2.32254E-002   6.84000E+000   7.74000E+000
   2.32568E-002   6.84000E+000   7.74000E+000
   2.32882E-002   6.84000E+000   7.74000E+000
   2.33196E-002   6.84000E+000   7.74000E+000
   2.33510E-002   6.84000E+000   7.74000E+000
   2.33824E-002   6.84000E+000   7.74000E+000
   2.34137E-002   6.84000E+000   7.74000E+000
   2.34451E-002   6.84000E+000   7.74000E+000
   2.34765E-002   6.84000E+000   7.74000E+000
   2.35079E-002   6.84000E+000   7.74000E+000
   2.35393E-002   6.84000E+000   7.74000E+000
   2.35707E-002   6.84000E+000   7.74000E+000
   2.36021E-002   6.84000E+000   7.74000E+000
   2.36335E-002   6.84000E+000   7.74000E+000
   2.36649E-002   7.02000E+000   7.74000E+000
   2.36962E-002   7.02000E+000   7.74000E+000
   2.37276E-002   7.02000E+000   7.74000E+000
   2.37590E-002   7.02000E+000   7.74000E+000
   2.37904E-002   7.02000E+000   7.74000E+000
   2.38218E-002   7.02000E+000   7.74000E+000
   2.38532E-002   7.02000E+000   7.74000E+000
   2.38846E-002   7.02000E+000   7.74000E+000
   2.39160E-002   7.02000E+000   7.74000E+000
   2.39474E-002   7.02000E+000   7.74000E+000
   2.39787E-002   7.02000E+000   7.74000E+000
   2.40101E-002   7.02000E+000   7.92000E+000
   2.40415E-002   7.02000E+000   7.92000E+000
   2.40729E-002   7.02000E+000   7.92000E+000
   2.41043E-002   7.02000E+000   7.92000E+000
   2.41357E-002   7.02000E+000   7.92000E+000
   2.41671E-002   7.02000E+000   7.92000E+000
   2.41985E-002   7.02000E+000   7.92000E+000
   2.42299E-002   7.02000E+000   7.92000E+000
   2.42612E-002   7.02000E+000   7.92000E+000
   2.42926E-002   7.02000E+000   7.92000E+000
   2.43240E-002   7.02000E+000   7.92000E+000
   2.43554E-002   7.02000E+000   7.92000E+000
   2.43868E-002   7.02000E+000   7.92000E+000
   2.44182E-002   7.02000E+000   7.92000E+000
   2.44496E-002   7.02000E+000   7.92000E+000
   2.44810E-002   7.02000E+000   7.92000E+000
   2.45124E-002   7.02000E+000   7.92000E+000
   2.45437E-002   7.02000E+000   7.92000E+000
   2.45751E-002   7.02000E+000   7.92000E+000
   2.46065E-002   7.02000E+000   7.92000E+000
   2.46379E-002   7.02000E+000   7.92000E+000
   2.46693E-002   7.02000E+000   7.92000E+000
   2.47007E-002   7.02000E+000   7.92000E+000
   2.47321E-002   7.02000E+000   7.92000E+000
   2.47635E-002   7.02000E+000   7.92000E+000
   2.47949E-002   7.02000E+000   7.92000E+000
   2.48263E-002   7.02000E+000   7.92000E+000
   2.48576E-002   7.02000E+000   7.92000E+000
   2.48890E-002   7.02000E+000   7.92000E+000
   2.49204E-002   7.02000E+000   7.92000E+000
   2.49518E-002   7.02000E+000   7.92000E+000
   2.49832E-002   7.02000E+000   7.92000E+000
   2.50146E-002   7.02000E+000   7.92000E+000
   2.50460E-002   7.02000E+000   7.92000E+000
   2.50774E-002   7.02000E+000   7.92000E+000
   2.51088E-002   7.02000E+000   7.92000E+000
   2.51401E-002   7.02000E+000   7.92000E+000
   2.51715E-002   7.02000E+000   7.92000E+000
   2.52029E-002   7.02000E+000   7.92000E+000
   2.52343E-002   7.02000E+000   7.92000E+000
   2.52657E-002   7.02000E+000   7.92000E+000
   2.52971E-002   7.02000E+000   7.92000E+000
   2.53285E-002   7.02000E+000   7.92000E+000
   2.53599E-002   7.02000E+000   7.92000E+000
   2.53913E-002   7.02000E+000   7.92000E+000
   2.54226E-002   7.20000E+000   7.92000E+000
   2.54540E-002   7.20000E+000   7.92000E+000
   2.54854E-002   7.20000E+000   7.92000E+000
   2.55168E-002   7.20000E+000   7.92000E+000
   2.55482E-002   7.20000E+000   8.10000E+000
   2.55796E-002   7.20000E+000   8.10000E+000
   2.56110E-002   7.20000E+000   8.10000E+000
   2.56424E-002   7.20000E+000   8.10000E+000
   2.56738E-002   7.20000E+000   8.10000E+000
   2.57051E-002   7.20000E+000   8.10000E+000
   2.57365E-002   7.20000E+000   8.10000E+000
   2.57679E-002   7.20000E+000   8.10000E+000
   2.57993E-002   7.20000E+000   8.10000E+000
   2.58307E-002   7.20000E+000   8.10000E+000
   2.58621E-002   7.20000E+000   8.10000E+000
   2.58935E-002   7.20000E+000   8.10000E+000
   2.59249E-002   7.20000E+000   8.10000E+000
   2.59563E-002   7.20000E+000   8.10000E+000
   2.59877E-002   7.20000E+000   8.10000E+000
   2.60190E-002   7.20000E+000   8.10000E+000
   2.60504E-002   7.20000E+000   8.10000E+000
   2.60818E-002   7.20000E+000   8.10000E+000
   2.61132E-002   7.20000E+000   8.10000E+000
   2.61446E-002   7.20000E+000   8.10000E+000
   2.61760E-002   7.20000E+000   8.10000E+000
   2.62074E-002   7.20000E+000   8.10000E+000
   2.62388E-002   7.20000E+000   8.10000E+000
   2.62702E-002   7.20000E+000   8.10000E+000
   2.63015E-002   7.20000E+000   8.10000E+000
   2.63329E-002   7.20000E+000   8.10000E+000
   2.63643E-002   7.20000E+000   8.10000E+000
   2.63957E-002   7.20000E+000   8.10000E+000
   2.64271E-002   7.20000E+000   8.10000E+000
   2.64585E-002   7.20000E+000   8.10000E+000
   2.64899E-002   7.20000E+000   8.10000E+000
   2.65213E-002   7.20000E+000   8.10000E+000
   2.65527E-002   7.20000E+000   8.10000E+000
   2.65840E-002   7.20000E+000   8.10000E+000
   2.66154E-002   7.20000E+000   8.10000E+000
   2.66468E-002   7.20000E+000   8.10000E+000
   2.66782E-002   7.20000E+000   8.10000E+000
   2.67096E-002   7.20000E+000   8.10000E+000
   2.67410E-002   7.20000E+000   8.10000E+000
   2.67724E-002   7.20000E+000   8.10000E+000
   2.68038E-002   7.20000E+000   8.10000E+000
   2.68352E-002   7.20000E+000   8.10000E+000
   2.68665E-002   7.20000E+000   8.10000E+000
   2.68979E-002   7.20000E+000   8.10000E+000
   2.69293E-002   7.20000E+000   8.10000E+000
   2.69607E-002   7.20000E+000   8.10000E+000
   2.69921E-002   7.20000E+000   8.10000E+000
   2.70235E-002   7.20000E+000   8.10000E+000
   2.70549E-002   7.20000E+000   8.10000E+000
   2.70863E-002   7.20000E+000   8.10000E+000
   2.71177E-002   7.20000E+000   8.28000E+000
   2.71491E-002   7.20000E+000   8.28000E+000
   2.71804E-002   7.20000E+000   8.28000E+000
   2.72118E-002   7.20000E+000   8.28000E+000
   2.72432E-002   7.20000E+000   8.28000E+000
   2.72746E-002   7.38000E+000   8.28000E+000
   2.73060E-002   7.38000E+000   8.28000E+000
   2.73374E-002   7.38000E+000   8.28000E+000
   2.73688E-002   7.38000E+000   8.28000E+000
   2.74002E-002   7.38000E+000   8.28000E+000
   2.74316E-002   7.38000E+000   8.28000E+000
   2.74629E-002   7.38000E+000   8.28000E+000
   2.74943E-002   7.38000E+000   8.28000E+000
   2.75257E-002   7.38000E+000   8.28000E+000
   2.75571E-002   7.38000E+000   8.28000E+000
   2.75885E-002   7.38000E+000   8.28000E+000
   2.76199E-002   7.38000E+000   8.28000E+000
   2.76513E-002   7.38000E+000   8.28000E+000
   2.76827E-002   7.38000E+000   8.28000E+000
   2.77141E-002   7.38000E+000   8.28000E+000
   2.77454E-002   7.38000E+000   8.28000E+000
   2.77768E-002   7.38000E+000   8.28000E+000
   2.78082E-002   7.38000E+000   8.28000E+000
   2.78396E-002   7.38000E+000   8.28000E+000
   2.78710E-002   7.38000E+000   8.28000E+000
   2.79024E-002   7.38000E+000   8.28000E+000
   2.79338E-002   7.38000E+000   8.28000E+000
   2.79652E-002   7.38000E+000   8.28000E+000
   2.79966E-002   7.38000E+000   8.28000E+000
   2.80279E-002   7.38000E+000   8.28000E+000
   2.80593E-002   7.38000E+000   8.28000E+000
   2.80907E-002   7.38000E+000   8.28000E+000
   2.81221E-002   7.38000E+000   8.28000E+000
   2.81535E-002   7.38000E+000   8.28000E+000
   2.81849E-002   7.38000E+000   8.28000E+000
   2.82163E-002   7.38000E+000   8.28000E+000
   2.82477E-002   7.38000E+000   8.28000E+000
   2.82791E-002   7.38000E+000   8.28000E+000
   2.83105E-002   7.38000E+000   8.28000E+000
   2.83418E-002   7.38000E+000   8.28000E+000
   2.83732E-002   7.38000E+000   8.28000E+000
   2.84046E-002   7.38000E+000   8.28000E+000
   2.84360E-002   7.38000E+000   8.28000E+000
   2.84674E-002   7.38000E+000   8.28000E+000
   2.84988E-002   7.38000E+000   8.28000E+000
   2.85302E-002   7.38000E+000   8.28000E+000
   2.85616E-002   7.38000E+000   8.28000E+000
   2.85930E-002   7.38000E+000   8.28000E+000
   2.86243E-002   7.38000E+000   8.28000E+000
   2.86557E-002   7.38000E+000   8.28000E+000
   2.86871E-002   7.38000E+000   8.28000E+000
   2.87185E-002   7.38000E+000   8.28000E+000
   2.87499E-002   7.38000E+000   8.28000E+000
   2.87813E-002   7.38000E+000   8.46000E+000
   2.88127E-002   7.38000E+000   8.46000E+000
   2.88441E-002   7.38000E+000   8.46000E+000
   2.88755E-002   7.38000E+000   8.46000E+000
   2.89068E-002   7.38000E+000   8.46000E+000
   2.89382E-002   7.38000E+000   8.46000E+000
   2.89696E-002   7.38000E+000   8.46000E+000
   2.90010E-002   7.38000E+000   8.46000E+000
   2.90324E-002   7.38000E+000   8.46000E+000
   2.90638E-002   7.38000E+000   8.46000E+000
   2.90952E-002   7.38000E+000   8.46000E+000
   2.91266E-002   7.38000E+000   8.46000E+000
   2.91580E-002   7.38000E+000   8.46000E+000
   2.91893E-002   7.38000E+000   8.46000E+000
   2.92207E-002   7.56000E+000   8.46000E+000
   2.92521E-002   7.56000E+000   8.46000E+000
   2.92835E-002   7.56000E+000   8.46000E+000
   2.93149E-002   7.56000E+000   8.46000E+000
   2.93463E-002   7.56000E+000   8.46000E+000
   2.93777E-002   7.56000E+000   8.46000E+000
   2.94091E-002   7.56000E+000   8.46000E+000
   2.94405E-002   7.56000E+000   8.46000E+000
   2.94719E-002   7.56000E+000   8.46000E+000
   2.95032E-002   7.56000E+000   8.46000E+000
   2.95346E-002   7.56000E+000   8.46000E+000
   2.95660E-002   7.56000E+000   8.46000E+000
   2.95974E-002   7.56000E+000   8.46000E+000
   2.96288E-002   7.56000E+000   8.46000E+000
   2.96602E-002   7.56000E+000   8.46000E+000
   2.96916E-002   7.56000E+000   8.46000E+000
   2.97230E-002   7.56000E+000   8.46000E+000
   2.97544E-002   7.56000E+000   8.46000E+000
   2.97857E-002   7.56000E+000   8.46000E+000
   2.98171E-002   7.56000E+000   8.46000E+000
   2.98485E-002   7.56000E+000   8.46000E+000
   2.98799E-002   7.56000E+000   8.46000E+000
   2.99113E-002   7.56000E+000   8.46000E+000
   2.99427E-002   7.56000E+000   8.46000E+000
   2.99741E-002   7.56000E+000   8.46000E+000
   3.00055E-002   7.56000E+000   8.46000E+000
   3.00369E-002   7.56000E+000   8.46000E+000
   3.00682E-002   7.56000E+000   8.46000E+000
   3.00996E-002   7.56000E+000   8.46000E+000
   3.01310E-002   7.56000E+000   8.46000E+000
   3.01624E-002   7.56000E+000   8.46000E+000
   3.01938E-002   7.56000E+000   8.46000E+000
   3.02252E-002   7.56000E+000   8.46000E+000
   3.02566E-002   7.56000E+000   8.46000E+000
   3.02880E-002   7.56000E+000   8.46000E+000
   3.03194E-002   7.56000E+000   8.46000E+000
   3.03507E-002   7.56000E+000   8.46000E+000
   3.03821E-002   7.56000E+000   8.46000E+000
   3.04135E-002   7.56000E+000   8.46000E+000
   3.04449E-002   7.56000E+000   8.46000E+000
   3.04763E-002   7.56000E+000   8.46000E+000
   3.05077E-002   7.56000E+000   8.64000E+000
   3.05391E-002   7.56000E+000   8.64000E+000
   3.05705E-002   7.56000E+000   8.64000E+000
   3.06019E-002   7.56000E+000   8.64000E+000
   3.06333E-002   7.56000E+000   8.64000E+000
   3.06646E-002   7.56000E+000   8.64000E+000
   3.06960E-002   7.56000E+000   8.64000E+000
   3.07274E-002   7.56000E+000   8.64000E+000
   3.07588E-002   7.56000E+000   8.64000E+000
   3.07902E-002   7.56000E+000   8.64000E+000
   3.08216E-002   7.56000E+000   8.64000E+000
   3.08530E-002   7.56000E+000   8.64000E+000
   3.08844E-002   7.56000E+000   8.64000E+000
   3.09158E-002   7.56000E+000   8.64000E+000
   3.09471E-002   7.56000E+000   8.64000E+000
   3.09785E-002   7.56000E+000   8.64000E+000
   3.10099E-002   7.56000E+000   8.64000E+000
   3.10413E-002   7.56000E+000   8.64000E+000
   3.10727E-002   7.56000E+000   8.64000E+000
   3.11041E-002   7.56000E+000   8.64000E+000
   3.11355E-002   7.56000E+000   8.64000E+000
   3.11669E-002   7.56000E+000   8.64000E+000
   3.11983E-002   7.56000E+000   8.64000E+000
   3.12296E-002   7.56000E+000   8.64000E+000
   3.12610E-002   7.56000E+000   8.64000E+000
   3.12924E-002   7.56000E+000   8.64000E+000
   3.13238E-002   7.74000E+000   8.64000E+000
   3.13552E-002   7.74000E+000   8.64000E+000
   3.13866E-002   7.74000E+000   8.64000E+000
   3.14180E-002   7.74000E+000   8.64000E+000
   3.14494E-002   7.74000E+000   8.64000E+000
   3.14808E-002   7.74000E+000   8.64000E+000
   3.15121E-002   7.74000E+000   8.64000E+000
   3.15435E-002   7.74000E+000   8.64000E+000
   3.15749E-002   7.74000E+000   8.64000E+000
   3.16063E-002   7.74000E+000   8.64000E+000
   3.16377E-002   7.74000E+000   8.64000E+000
   3.16691E-002   7.74000E+000   8.64000E+000
   3.17005E-002   7.74000E+000   8.64000E+000
   3.17319E-002   7.74000E+000   8.64000E+000
   3.17633E-002   7.74000E+000   8.64000E+000
   3.17947E-002   7.74000E+000   8.64000E+000
   3.18260E-002   7.74000E+000   8.64000E+000
   3.18574E-002   7.74000E+000   8.64000E+000
   3.18888E-002   7.74000E+000   8.64000E+000
   3.19202E-002   7.74000E+000   8.64000E+000
   3.19516E-002   7.74000E+000   8.64000E+000
   3.19830E-002   7.74000E+000   8.64000E+000
   3.20144E-002   7.74000E+000   8.64000E+000
   3.20458E-002   7.74000E+000   8.64000E+000
   3.20772E-002   7.74000E+000   8.64000E+000
   3.21085E-002   7.74000E+000   8.64000E+000
   3.21399E-002   7.74000E+000   8.64000E+000
   3.21713E-002   7.74000E+000   8.64000E+000
   3.22027E-002   7.74000E+000   8.64000E+000
   3.22341E-002   7.74000E+000   8.64000E+000
   3.22655E-002   7.74000E+000   8.64000E+000
   3.22969E-002   7.74000E+000   8.64000E+000
   3.23283E-002   7.74000E+000   8.64000E+000
   3.23597E-002   7.74000E+000   8.82000E+000
   3.23910E-002   7.74000E+000   8.82000E+000
   3.24224E-002   7.74000E+000   8.82000E+000
   3.24538E-002   7.74000E+000   8.82000E+000
   3.24852E-002   7.74000E+000   8.82000E+000
   3.25166E-002   7.74000E+000   8.82000E+000
   3.25480E-002   7.74000E+000   8.82000E+000
   3.25794E-002   7.74000E+000   8.82000E+000
   3.26108E-002   7.74000E+000   8.82000E+000
   3.26422E-002   7.74000E+000   8.82000E+000
   3.26735E-002   7.74000E+000   8.82000E+000
   3.27049E-002   7.74000E+000   8.82000E+000
   3.27363E-002   7.74000E+000   8.82000E+000
   3.27677E-002   7.74000E+000   8.82000E+000
   3.27991E-002   7.74000E+000   8.82000E+000
   3.28305E-002   7.74000E+000   8.82000E+000
   3.28619E-002   7.74000E+000   8.82000E+000
   3.28933E-002   7.74000E+000   8.82000E+000
   3.29247E-002   7.74000E+000   8.82000E+000
   3.29560E-002   7.74000E+000   8.82000E+000
   3.29874E-002   7.74000E+000   8.82000E+000
   3.30188E-002   7.74000E+000   8.82000E+000
   3.30502E-002   7.74000E+000   8.82000E+000
   3.30816E-002   7.74000E+000   8.82000E+000
   3.31130E-002   7.74000E+000   8.82000E+000
   3.31444E-002   7.74000E+000   8.82000E+000
   3.31758E-002   7.74000E+000   8.82000E+000
   3.32072E-002   7.74000E+000   8.82000E+000
   3.32386E-002   7.74000E+000   8.82000E+000
   3.32699E-002   7.74000E+000   8.82000E+000
   3.33013E-002   7.74000E+000   8.82000E+000
   3.33327E-002   7.74000E+000   8.82000E+000
   3.33641E-002   7.74000E+000   8.82000E+000
   3.33955E-002   7.74000E+000   8.82000E+000
   3.34269E-002   7.74000E+000   8.82000E+000
   3.34583E-002   7.74000E+000   8.82000E+000
   3.34897E-002   7.74000E+000   8.82000E+000
   3.35211E-002   7.74000E+000   8.82000E+000
   3.35524E-002   7.92000E+000   8.82000E+000
   3.35838E-002   7.92000E+000   8.82000E+000
   3.36152E-002   7.92000E+000   8.82000E+000
   3.36466E-002   7.92000E+000   8.82000E+000
   3.36780E-002   7.92000E+000   8.82000E+000
   3.37094E-002   7.92000E+000   8.82000E+000
   3.37408E-002   7.92000E+000   8.82000E+000
   3.37722E-002   7.92000E+000   8.82000E+000
   3.38036E-002   7.92000E+000   8.82000E+000
   3.38349E-002   7.92000E+000   8.82000E+000
   3.38663E-002   7.92000E+000   8.82000E+000
   3.38977E-002   7.92000E+000   8.82000E+000
   3.39291E-002   7.92000E+000   8.82000E+000
   3.39605E-002   7.92000E+000   8.82000E+000
   3.39919E-002   7.92000E+000   8.82000E+000
   3.40233E-002   7.92000E+000   8.82000E+000
   3.40547E-002   7.92000E+000   8.82000E+000
   3.40861E-002   7.92000E+000   8.82000E+000
   3.41174E-002   7.92000E+000   8.82000E+000
   3.41488E-002   7.92000E+000   8.82000E+000
   3.41802E-002   7.92000E+000   8.82000E+000
   3.42116E-002   7.92000E+000   8.82000E+000
   3.42430E-002   7.92000E+000   8.82000E+000
   3.42744E-002   7.92000E+000   8.82000E+000
   3.43058E-002   7.92000E+000   8.82000E+000
   3.43372E-002   7.92000E+000   9.00000E+000
   3.43686E-002   7.92000E+000   9.00000E+000
   3.44000E-002   7.92000E+000   9.00000E+000
   3.44313E-002   7.92000E+000   9.00000E+000
   3.44627E-002   7.92000E+000   9.00000E+000
   3.44941E-002   7.92000E+000   9.00000E+000
   3.45255E-002   7.92000E+000   9.00000E+000
   3.45569E-002   7.92000E+000   9.00000E+000
   3.45883E-002   7.92000E+000   9.00000E+000
   3.46197E-002   7.92000E+000   9.00000E+000
   3.46511E-002   7.92000E+000   9.00000E+000
   3.46825E-002   7.92000E+000   9.00000E+000
   3.47138E-002   7.92000E+000   9.00000E+000
   3.47452E-002   7.92000E+000   9.00000E+000
   3.47766E-002   7.92000E+000   9.00000E+000
   3.48080E-002   7.92000E+000   9.00000E+000
   3.48394E-002   7.92000E+000   9.00000E+000
   3.48708E-002   7.92000E+000   9.00000E+000
   3.49022E-002   7.92000E+000   9.00000E+000
   3.49336E-002   7.92000E+000   9.00000E+000
   3.49650E-002   7.92000E+000   9.00000E+000
   3.49963E-002   7.92000E+000   9.00000E+000
   3.50277E-002   7.92000E+000   9.00000E+000
   3.50591E-002   7.92000E+000   9.00000E+000
   3.50905E-002   7.92000E+000   9.00000E+000
   3.51219E-002   7.92000E+000   9.00000E+000
   3.51533E-002   7.92000E+000   9.00000E+000
   3.51847E-002   7.92000E+000   9.00000E+000
   3.52161E-002   7.92000E+000   9.00000E+000
   3.52475E-002   7.92000E+000   9.00000E+000
   3.52788E-002   7.92000E+000   9.00000E+000
   3.53102E-002   7.92000E+000   9.00000E+000
   3.53416E-002   7.92000E+000   9.00000E+000
   3.53730E-002   7.92000E+000   9.00000E+000
   3.54044E-002   7.92000E+000   9.00000E+000
   3.54358E-002   7.92000E+000   9.00000E+000
   3.54672E-002   7.92000E+000   9.00000E+000
   3.54986E-002   7.92000E+000   9.00000E+000
   3.55300E-002   7.92000E+000   9.00000E+000
   3.55614E-002   7.92000E+000   9.00000E+000
   3.55927E-002   7.92000E+000   9.00000E+000
   3.56241E-002   7.92000E+000   9.00000E+000
   3.56555E-002   7.92000E+000   9.00000E+000
   3.56869E-002   7.92000E+000   9.00000E+000
   3.57183E-002   7.92000E+000   9.00000E+000
   3.57497E-002   7.92000E+000   9.00000E+000
   3.57811E-002   7.92000E+000   9.00000E+000
   3.58125E-002   7.92000E+000   9.00000E+000
   3.58439E-002   7.92000E+000   9.00000E+000
   3.58752E-002   8.10000E+000   9.00000E+000
   3.59066E-002   8.10000E+000   9.00000E+000
   3.59380E-002   8.10000E+000   9.00000E+000
   3.59694E-002   8.10000E+000   9.00000E+000
   3.60008E-002   8.10000E+000   9.00000E+000
   3.60322E-002   8.10000E+000   9.00000E+000
   3.60636E-002   8.10000E+000   9.00000E+000
   3.60950E-002   8.10000E+000   9.00000E+000
   3.61264E-002   8.10000E+000   9.00000E+000
   3.61577E-002   8.10000E+000   9.00000E+000
   3.61891E-002   8.10000E+000   9.00000E+000
   3.62205E-002   8.10000E+000   9.00000E+000
   3.62519E-002   8.10000E+000   9.00000E+000
   3.62833E-002   8.10000E+000   9.00000E+000
   3.63147E-002   8.10000E+000   9.00000E+000
   3.63461E-002   8.10000E+000   9.00000E+000
   3.63775E-002   8.10000E+000   9.18000E+000
   3.64089E-002   8.10000E+000   9.18000E+000
   3.64402E-002   8.10000E+000   9.18000E+000
   3.64716E-002   8.10000E+000   9.18000E+000
   3.65030E-002   8.10000E+000   9.18000E+000
   3.65344E-002   8.10000E+000   9.18000E+000
   3.65658E-002   8.10000E+000   9.18000E+000
   3.65972E-002   8.10000E+000   9.18000E+000
   3.66286E-002   8.10000E+000   9.18000E+000
   3.66600E-002   8.10000E+000   9.18000E+000
   3.66914E-002   8.10000E+000   9.18000E+000
   3.67228E-002   8.10000E+000   9.18000E+000
   3.67541E-002   8.10000E+000   9.18000E+000
   3.67855E-002   8.10000E+000   9.18000E+000
   3.68169E-002   8.10000E+000   9.18000E+000
   3.68483E-002   8.10000E+000   9.18000E+000
   3.68797E-002   8.10000E+000   9.18000E+000
   3.69111E-002   8.10000E+000   9.18000E+000
   3.69425E-002   8.10000E+000   9.18000E+000
   3.69739E-002   8.10000E+000   9.18000E+000
   3.70053E-002   8.10000E+000   9.18000E+000
   3.70366E-002   8.10000E+000   9.18000E+000
   3.70680E-002   8.10000E+000   9.18000E+000
   3.70994E-002   8.10000E+000   9.18000E+000
   3.71308E-002   8.10000E+000   9.18000E+000
   3.71622E-002   8.10000E+000   9.18000E+000
   3.71936E-002   8.10000E+000   9.18000E+000
   3.72250E-002   8.10000E+000   9.18000E+000
   3.72564E-002   8.10000E+000   9.18000E+000
   3.72878E-002   8.10000E+000   9.18000E+000
   3.73191E-002   8.10000E+000   9.18000E+000
   3.73505E-002   8.10000E+000   9.18000E+000
   3.73819E-002   8.10000E+000   9.18000E+000
   3.74133E-002   8.10000E+000   9.18000E+000
   3.74447E-002   8.10000E+000   9.18000E+000
   3.74761E-002   8.10000E+000   9.18000E+000
   3.75075E-002   8.10000E+000   9.18000E+000
   3.75389E-002   8.10000E+000   9.18000E+000
   3.75703E-002   8.10000E+000   9.18000E+000
   3.76016E-002   8.10000E+000   9.18000E+000
   3.76330E-002   8.10000E+000   9.18000E+000
   3.76644E-002   8.10000E+000   9.18000E+000
   3.76958E-002   8.10000E+000   9.18000E+000
   3.77272E-002   8.10000E+000   9.18000E+000
   3.77586E-002   8.10000E+000   9.18000E+000
   3.77900E-002   8.10000E+000   9.18000E+000
   3.78214E-002   8.10000E+000   9.18000E+000
   3.78528E-002   8.10000E+000   9.18000E+000
   3.78842E-002   8.10000E+000   9.18000E+000
   3.79155E-002   8.10000E+000   9.18000E+000
   3.79469E-002   8.10000E+000   9.18000E+000
   3.79783E-002   8.10000E+000   9.18000E+000
   3.80097E-002   8.10000E+000   9.18000E+000
   3.80411E-002   8.10000E+000   9.18000E+000
   3.80725E-002   8.10000E+000   9.18000E+000
   3.81039E-002   8.10000E+000   9.18000E+000
   3.81353E-002   8.10000E+000   9.18000E+000
   3.81667E-002   8.10000E+000   9.18000E+000
   3.81980E-002   8.10000E+000   9.18000E+000
   3.82294E-002   8.10000E+000   9.18000E+000
   3.82608E-002   8.10000E+000   9.18000E+000
   3.82922E-002   8.10000E+000   9.18000E+000
   3.83236E-002   8.10000E+000   9.18000E+000
   3.83550E-002   8.28000E+000   9.18000E+000
   3.83864E-002   8.28000E+000   9.18000E+000
   3.84178E-002   8.28000E+000   9.18000E+000
   3.84492E-002   8.28000E+000   9.18000E+000
   3.84805E-002   8.28000E+000   9.18000E+000
   3.85119E-002   8.28000E+000   9.18000E+000
   3.85433E-002   8.28000E+000   9.18000E+000
   3.85747E-002   8.28000E+000   9.36000E+000
   3.86061E-002   8.28000E+000   9.36000E+000
   3.86375E-002   8.28000E+000   9.36000E+000
   3.86689E-002   8.28000E+000   9.36000E+000
   3.87003E-002   8.28000E+000   9.36000E+000
   3.87317E-002   8.28000E+000   9.36000E+000
   3.87630E-002   8.28000E+000   9.36000E+000
   3.87944E-002   8.28000E+000   9.36000E+000
   3.88258E-002   8.28000E+000   9.36000E+000
   3.88572E-002   8.28000E+000   9.36000E+000
   3.88886E-002   8.28000E+000   9.36000E+000
   3.89200E-002   8.28000E+000   9.36000E+000
   3.89514E-002   8.28000E+000   9.36000E+000
   3.89828E-002   8.28000E+000   9.36000E+000
   3.90142E-002   8.28000E+000   9.36000E+000
   3.90456E-002   8.28000E+000   9.36000E+000
   3.90769E-002   8.28000E+000   9.36000E+000
   3.91083E-002   8.28000E+000   9.36000E+000
   3.91397E-002   8.28000E+000   9.36000E+000
   3.91711E-002   8.28000E+000   9.36000E+000
   3.92025E-002   8.28000E+000   9.36000E+000
   3.92339E-002   8.28000E+000   9.36000E+000
   3.92653E-002   8.28000E+000   9.36000E+000
   3.92967E-002   8.28000E+000   9.36000E+000
   3.93281E-002   8.28000E+000   9.36000E+000
   3.93594E-002   8.28000E+000   9.36000E+000
   3.93908E-002   8.28000E+000   9.36000E+000
   3.94222E-002   8.28000E+000   9.36000E+000
   3.94536E-002   8.28000E+000   9.36000E+000
   3.94850E-002   8.28000E+000   9.36000E+000
   3.95164E-002   8.28000E+000   9.36000E+000
   3.95478E-002   8.28000E+000   9.36000E+000
   3.95792E-002   8.28000E+000   9.36000E+000
   3.96106E-002   8.28000E+000   9.36000E+000
   3.96419E-002   8.28000E+000   9.36000E+000
   3.96733E-002   8.28000E+000   9.36000E+000
   3.97047E-002   8.28000E+000   9.36000E+000
   3.97361E-002   8.28000E+000   9.36000E+000
   3.97675E-002   8.28000E+000   9.36000E+000
   3.97989E-002   8.28000E+000   9.36000E+000
   3.98303E-002   8.28000E+000   9.36000E+000
   3.98617E-002   8.28000E+000   9.36000E+000
   3.98931E-002   8.28000E+000   9.36000E+000
   3.99244E-002   8.28000E+000   9.36000E+000
   3.99558E-002   8.28000E+000   9.36000E+000
   3.99872E-002   8.28000E+000   9.36000E+000
   4.00186E-002   8.28000E+000   9.36000E+000
   4.00500E-002   8.28000E+000   9.36000E+000
   4.00814E-002   8.28000E+000   9.36000E+000
   4.01128E-002   8.28000E+000   9.36000E+000
   4.01442E-002   8.28000E+000   9.36000E+000
   4.01756E-002   8.28000E+000   9.36000E+000
   4.02070E-002   8.28000E+000   9.36000E+000
   4.02383E-002   8.28000E+000   9.36000E+000
   4.02697E-002   8.28000E+000   9.36000E+000
   4.03011E-002   8.28000E+000   9.36000E+000
   4.03325E-002   8.28000E+000   9.36000E+000
   4.03639E-002   8.28000E+000   9.36000E+000
   4.03953E-002   8.28000E+000   9.36000E+000
   4.04267E-002   8.28000E+000   9.36000E+000
   4.04581E-002   8.28000E+000   9.36000E+000
   4.04895E-002   8.28000E+000   9.36000E+000
   4.05208E-002   8.28000E+000   9.36000E+000
   4.05522E-002   8.28000E+000   9.36000E+000
   4.05836E-002   8.28000E+000   9.36000E+000
   4.06150E-002   8.28000E+000   9.36000E+000
   4.06464E-002   8.28000E+000   9.36000E+000
   4.06778E-002   8.28000E+000   9.36000E+000
   4.07092E-002   8.28000E+000   9.36000E+000
   4.07406E-002   8.28000E+000   9.36000E+000
   4.07720E-002   8.28000E+000   9.36000E+000
   4.08033E-002   8.28000E+000   9.36000E+000
   4.08347E-002   8.28000E+000   9.54000E+000
   4.08661E-002   8.28000E+000   9.54000E+000
   4.08975E-002   8.28000E+000   9.54000E+000
   4.09289E-002   8.28000E+000   9.54000E+000
   4.09603E-002   8.46000E+000   9.54000E+000
   4.09917E-002   8.46000E+000   9.54000E+000
   4.10231E-002   8.46000E+000   9.54000E+000
   4.10545E-002   8.46000E+000   9.54000E+000
   4.10858E-002   8.46000E+000   9.54000E+000
   4.11172E-002   8.46000E+000   9.54000E+000
   4.11486E-002   8.46000E+000   9.54000E+000
   4.11800E-002   8.46000E+000   9.54000E+000
   4.12114E-002   8.46000E+000   9.54000E+000
   4.12428E-002   8.46000E+000   9.54000E+000
   4.12742E-002   8.46000E+000   9.54000E+000
   4.13056E-002   8.46000E+000   9.54000E+000
   4.13370E-002   8.46000E+000   9.54000E+000
   4.13683E-002   8.46000E+000   9.54000E+000
   4.13997E-002   8.46000E+000   9.54000E+000
   4.14311E-002   8.46000E+000   9.54000E+000
   4.14625E-002   8.46000E+000   9.54000E+000
   4.14939E-002   8.46000E+000   9.54000E+000
   4.15253E-002   8.46000E+000   9.54000E+000
   4.15567E-002   8.46000E+000   9.54000E+000
   4.15881E-002   8.46000E+000   9.54000E+000
   4.16195E-002   8.46000E+000   9.54000E+000
   4.16509E-002   8.46000E+000   9.54000E+000
   4.16822E-002   8.46000E+000   9.54000E+000
   4.17136E-002   8.46000E+000   9.54000E+000
   4.17450E-002   8.46000E+000   9.54000E+000
   4.17764E-002   8.46000E+000   9.54000E+000
   4.18078E-002   8.46000E+000   9.54000E+000
   4.18392E-002   8.46000E+000   9.54000E+000
   4.18706E-002   8.46000E+000   9.54000E+000
   4.19020E-002   8.46000E+000   9.54000E+000
   4.19334E-002   8.46000E+000   9.54000E+000
   4.19647E-002   8.46000E+000   9.54000E+000
   4.19961E-002   8.46000E+000   9.54000E+000
   4.20275E-002   8.46000E+000   9.54000E+000
   4.20589E-002   8.46000E+000   9.54000E+000
   4.20903E-002   8.46000E+000   9.54000E+000
   4.21217E-002   8.46000E+000   9.54000E+000
   4.21531E-002   8.46000E+000   9.54000E+000
   4.21845E-002   8.46000E+000   9.54000E+000
   4.22159E-002   8.46000E+000   9.54000E+000
   4.22472E-002   8.46000E+000   9.54000E+000
   4.22786E-002   8.46000E+000   9.54000E+000
   4.23100E-002   8.46000E+000   9.54000E+000
   4.23414E-002   8.46000E+000   9.54000E+000
   4.23728E-002   8.46000E+000   9.54000E+000
   4.24042E-002   8.46000E+000   9.54000E+000
   4.24356E-002   8.46000E+000   9.54000E+000
   4.24670E-002   8.46000E+000   9.54000E+000
   4.24984E-002   8.46000E+000   9.54000E+000
   4.25297E-002   8.46000E+000   9.54000E+000
   4.25611E-002   8.46000E+000   9.54000E+000
   4.25925E-002   8.46000E+000   9.54000E+000
   4.26239E-002   8.46000E+000   9.54000E+000
   4.26553E-002   8.46000E+000   9.54000E+000
   4.26867E-002   8.46000E+000   9.54000E+000
   4.27181E-002   8.46000E+000   9.54000E+000
   4.27495E-002   8.46000E+000   9.54000E+000
   4.27809E-002   8.46000E+000   9.54000E+000
   4.28123E-002   8.46000E+000   9.54000E+000
   4.28436E-002   8.46000E+000   9.54000E+000
   4.28750E-002   8.46000E+000   9.54000E+000
   4.29064E-002   8.46000E+000   9.54000E+000
   4.29378E-002   8.46000E+000   9.54000E+000
   4.29692E-002   8.46000E+000   9.54000E+000
   4.30006E-002   8.46000E+000   9.54000E+000
   4.30320E-002   8.46000E+000   9.54000E+000
   4.30634E-002   8.46000E+000   9.54000E+000
   4.30948E-002   8.46000E+000   9.54000E+000
   4.31261E-002   8.46000E+000   9.54000E+000
   4.31575E-002   8.46000E+000   9.54000E+000
   4.31889E-002   8.46000E+000   9.72000E+000
   4.32203E-002   8.46000E+000   9.72000E+000
   4.32517E-002   8.46000E+000   9.72000E+000
   4.32831E-002   8.46000E+000   9.72000E+000
   4.33145E-002   8.46000E+000   9.72000E+000
   4.33459E-002   8.46000E+000   9.72000E+000
   4.33773E-002   8.46000E+000   9.72000E+000
   4.34086E-002   8.46000E+000   9.72000E+000
   4.34400E-002   8.46000E+000   9.72000E+000
   4.34714E-002   8.46000E+000   9.72000E+000
   4.35028E-002   8.46000E+000   9.72000E+000
   4.35342E-002   8.46000E+000   9.72000E+000
   4.35656E-002   8.46000E+000   9.72000E+000
   4.35970E-002   8.46000E+000   9.72000E+000
   4.36284E-002   8.46000E+000   9.72000E+000
   4.36598E-002   8.46000E+000   9.72000E+000
   4.36911E-002   8.64000E+000   9.72000E+000
   4.37225E-002   8.64000E+000   9.72000E+000
   4.37539E-002   8.64000E+000   9.72000E+000
   4.37853E-002   8.64000E+000   9.72000E+000
   4.38167E-002   8.64000E+000   9.72000E+000
   4.38481E-002   8.64000E+000   9.72000E+000
   4.38795E-002   8.64000E+000   9.72000E+000
   4.39109E-002   8.64000E+000   9.72000E+000
   4.39423E-002   8.64000E+000   9.72000E+000
   4.39737E-002   8.64000E+000   9.72000E+000
   4.40050E-002   8.64000E+000   9.72000E+000
   4.40364E-002   8.64000E+000   9.72000E+000
   4.40678E-002   8.64000E+000   9.72000E+000
   4.40992E-002   8.64000E+000   9.72000E+000
   4.41306E-002   8.64000E+000   9.72000E+000
   4.41620E-002   8.64000E+000   9.72000E+000
   4.41934E-002   8.64000E+000   9.72000E+000
   4.42248E-002   8.64000E+000   9.72000E+000
   4.42562E-002   8.64000E+000   9.72000E+000
   4.42875E-002   8.64000E+000   9.72000E+000
   4.43189E-002   8.64000E+000   9.72000E+000
   4.43503E-002   8.64000E+000   9.72000E+000
   4.43817E-002   8.64000E+000   9.72000E+000
   4.44131E-002   8.64000E+000   9.72000E+000
   4.44445E-002   8.64000E+000   9.72000E+000
   4.44759E-002   8.64000E+000   9.72000E+000
   4.45073E-002   8.64000E+000   9.72000E+000
   4.45387E-002   8.64000E+000   9.72000E+000
   4.45700E-002   8.64000E+000   9.72000E+000
   4.46014E-002   8.64000E+000   9.72000E+000
   4.46328E-002   8.64000E+000   9.72000E+000
   4.46642E-002   8.64000E+000   9.72000E+000
   4.46956E-002   8.64000E+000   9.72000E+000
   4.47270E-002   8.64000E+000   9.72000E+000
   4.47584E-002   8.64000E+000   9.72000E+000
   4.47898E-002   8.64000E+000   9.72000E+000
   4.48212E-002   8.64000E+000   9.72000E+000
   4.48525E-002   8.64000E+000   9.72000E+000
   4.48839E-002   8.64000E+000   9.72000E+000
   4.49153E-002   8.64000E+000   9.72000E+000
   4.49467E-002   8.64000E+000   9.72000E+000
   4.49781E-002   8.64000E+000   9.72000E+000
   4.50095E-002   8.64000E+000   9.72000E+000
   4.50409E-002   8.64000E+000   9.72000E+000
   4.50723E-002   8.64000E+000   9.72000E+000
   4.51037E-002   8.64000E+000   9.72000E+000
   4.51351E-002   8.64000E+000   9.72000E+000
   4.51664E-002   8.64000E+000   9.72000E+000
   4.51978E-002   8.64000E+000   9.72000E+000
   4.52292E-002   8.64000E+000   9.72000E+000
   4.52606E-002   8.64000E+000   9.72000E+000
   4.52920E-002   8.64000E+000   9.72000E+000
   4.53234E-002   8.64000E+000   9.72000E+000
   4.53548E-002   8.64000E+000   9.72000E+000
   4.53862E-002   8.64000E+000   9.72000E+000
   4.54176E-002   8.64000E+000   9.72000E+000
   4.54489E-002   8.64000E+000   9.72000E+000
   4.54803E-002   8.64000E+000   9.72000E+000
   4.55117E-002   8.64000E+000   9.72000E+000
   4.55431E-002   8.64000E+000   9.72000E+000
   4.55745E-002   8.64000E+000   9.72000E+000
   4.56059E-002   8.64000E+000   9.72000E+000
   4.56373E-002   8.64000E+000   9.72000E+000
   4.56687E-002   8.64000E+000   9.90000E+000
   4.57001E-002   8.64000E+000   9.90000E+000
   4.57314E-002   8.64000E+000   9.90000E+000
   4.57628E-002   8.64000E+000   9.90000E+000
   4.57942E-002   8.64000E+000   9.90000E+000
   4.58256E-002   8.64000E+000   9.90000E+000
   4.58570E-002   8.64000E+000   9.90000E+000
   4.58884E-002   8.64000E+000   9.90000E+000
   4.59198E-002   8.64000E+000   9.90000E+000
   4.59512E-002   8.64000E+000   9.90000E+000
   4.59826E-002   8.64000E+000   9.90000E+000
   4.60139E-002   8.64000E+000   9.90000E+000
   4.60453E-002   8.64000E+000   9.90000E+000
   4.60767E-002   8.64000E+000   9.90000E+000
   4.61081E-002   8.64000E+000   9.90000E+000
   4.61395E-002   8.64000E+000   9.90000E+000
   4.61709E-002   8.64000E+000   9.90000E+000
   4.62023E-002   8.64000E+000   9.90000E+000
   4.62337E-002   8.64000E+000   9.90000E+000
   4.62651E-002   8.64000E+000   9.90000E+000
   4.62965E-002   8.64000E+000   9.90000E+000
   4.63278E-002   8.64000E+000   9.90000E+000
   4.63592E-002   8.64000E+000   9.90000E+000
   4.63906E-002   8.64000E+000   9.90000E+000
   4.64220E-002   8.64000E+000   9.90000E+000
   4.64534E-002   8.64000E+000   9.90000E+000
   4.64848E-002   8.64000E+000   9.90000E+000
   4.65162E-002   8.64000E+000   9.90000E+000
   4.65476E-002   8.82000E+000   9.90000E+000
   4.65790E-002   8.82000E+000   9.90000E+000
   4.66103E-002   8.82000E+000   9.90000E+000
   4.66417E-002   8.82000E+000   9.90000E+000
   4.66731E-002   8.82000E+000   9.90000E+000
   4.67045E-002   8.82000E+000   9.90000E+000
   4.67359E-002   8.82000E+000   9.90000E+000
   4.67673E-002   8.82000E+000   9.90000E+000
   4.67987E-002   8.82000E+000   9.90000E+000
   4.68301E-002   8.82000E+000   9.90000E+000
   4.68615E-002   8.82000E+000   9.90000E+000
   4.68928E-002   8.82000E+000   9.90000E+000
   4.69242E-002   8.82000E+000   9.90000E+000
   4.69556E-002   8.82000E+000   9.90000E+000
   4.69870E-002   8.82000E+000   9.90000E+000
   4.70184E-002   8.82000E+000   9.90000E+000
   4.70498E-002   8.82000E+000   9.90000E+000
   4.70812E-002   8.82000E+000   9.90000E+000
   4.71126E-002   8.82000E+000   9.90000E+000
   4.71440E-002   8.82000E+000   9.90000E+000
   4.71753E-002   8.82000E+000   9.90000E+000
   4.72067E-002   8.82000E+000   9.90000E+000
   4.72381E-002   8.82000E+000   9.90000E+000
   4.72695E-002   8.82000E+000   9.90000E+000
   4.73009E-002   8.82000E+000   9.90000E+000
   4.73323E-002   8.82000E+000   9.90000E+000
   4.73637E-002   8.82000E+000   9.90000E+000
   4.73951E-002   8.82000E+000   9.90000E+000
   4.74265E-002   8.82000E+000   9.90000E+000
   4.74579E-002   8.82000E+000   9.90000E+000
   4.74892E-002   8.82000E+000   9.90000E+000
   4.75206E-002   8.82000E+000   9.90000E+000
   4.75520E-002   8.82000E+000   9.90000E+000
   4.75834E-002   8.82000E+000   9.90000E+000
   4.76148E-002   8.82000E+000   9.90000E+000
   4.76462E-002   8.82000E+000   9.90000E+000
   4.76776E-002   8.82000E+000   9.90000E+000
   4.77090E-002   8.82000E+000   9.90000E+000
   4.77404E-002   8.82000E+000   9.90000E+000
   4.77717E-002   8.82000E+000   9.90000E+000
   4.78031E-002   8.82000E+000   9.90000E+000
   4.78345E-002   8.82000E+000   9.90000E+000
   4.78659E-002   8.82000E+000   9.90000E+000
   4.78973E-002   8.82000E+000   9.90000E+000
   4.79287E-002   8.82000E+000   9.90000E+000
   4.79601E-002   8.82000E+000   9.90000E+000
   4.79915E-002   8.82000E+000   9.90000E+000
   4.80229E-002   8.82000E+000   9.90000E+000
   4.80542E-002   8.82000E+000   9.90000E+000
   4.80856E-002   8.82000E+000   9.90000E+000
   4.81170E-002   8.82000E+000   9.90000E+000
   4.81484E-002   8.82000E+000   9.90000E+000
   4.81798E-002   8.82000E+000   1.00800E+001
   4.82112E-002   8.82000E+000   1.00800E+001
   4.82426E-002   8.82000E+000   1.00800E+001
   4.82740E-002   8.82000E+000   1.00800E+001
   4.83054E-002   8.82000E+000   1.00800E+001
   4.83367E-002   8.82000E+000   1.00800E+001
   4.83681E-002   8.82000E+000   1.00800E+001
   4.83995E-002   8.82000E+000   1.00800E+001
   4.84309E-002   8.82000E+000   1.00800E+001
   4.84623E-002   8.82000E+000   1.00800E+001
   4.84937E-002   8.82000E+000   1.00800E+001
   4.85251E-002   8.82000E+000   1.00800E+001
   4.85565E-002   8.82000E+000   1.00800E+001
   4.85879E-002   8.82000E+000   1.00800E+001
   4.86193E-002   8.82000E+000   1.00800E+001
   4.86506E-002   8.82000E+000   1.00800E+001
   4.86820E-002   8.82000E+000   1.00800E+001
   4.87134E-002   8.82000E+000   1.00800E+001
   4.87448E-002   8.82000E+000   1.00800E+001
   4.87762E-002   8.82000E+000   1.00800E+001
   4.88076E-002   8.82000E+000   1.00800E+001
   4.88390E-002   8.82000E+000   1.00800E+001
   4.88704E-002   8.82000E+000   1.00800E+001
   4.89018E-002   8.82000E+000   1.00800E+001
   4.89331E-002   8.82000E+000   1.00800E+001
   4.89645E-002   8.82000E+000   1.00800E+001
   4.89959E-002   8.82000E+000   1.00800E+001
   4.90273E-002   8.82000E+000   1.00800E+001
   4.90587E-002   8.82000E+000   1.00800E+001
   4.90901E-002   8.82000E+000   1.00800E+001
   4.91215E-002   8.82000E+000   1.00800E+001
   4.91529E-002   8.82000E+000   1.00800E+001
   4.91843E-002   8.82000E+000   1.00800E+001
   4.92156E-002   8.82000E+000   1.00800E+001
   4.92470E-002   8.82000E+000   1.00800E+001
   4.92784E-002   8.82000E+000   1.00800E+001
   4.93098E-002   8.82000E+000   1.00800E+001
   4.93412E-002   8.82000E+000   1.00800E+001
   4.93726E-002   8.82000E+000   1.00800E+001
   4.94040E-002   8.82000E+000   1.00800E+001
   4.94354E-002   8.82000E+000   1.00800E+001
   4.94668E-002   8.82000E+000   1.00800E+001
   4.94981E-002   8.82000E+000   1.00800E+001
   4.95295E-002   9.00000E+000   1.00800E+001
   4.95609E-002   9.00000E+000   1.00800E+001
   4.95923E-002   9.00000E+000   1.00800E+001
   4.96237E-002   9.00000E+000   1.00800E+001
   4.96551E-002   9.00000E+000   1.00800E+001
   4.96865E-002   9.00000E+000   1.00800E+001
   4.97179E-002   9.00000E+000   1.00800E+001
   4.97493E-002   9.00000E+000   1.00800E+001
   4.97806E-002   9.00000E+000   1.00800E+001
   4.98120E-002   9.00000E+000   1.00800E+001
   4.98434E-002   9.00000E+000   1.00800E+001
   4.98748E-002   9.00000E+000   1.00800E+001
   4.99062E-002   9.00000E+000   1.00800E+001
   4.99376E-002   9.00000E+000   1.00800E+001
   4.99690E-002   9.00000E+000   1.00800E+001
   5.00004E-002   9.00000E+000   1.00800E+001
   5.00318E-002   9.00000E+000   1.00800E+001
   5.00632E-002   9.00000E+000   1.00800E+001
   5.00945E-002   9.00000E+000   1.00800E+001
   5.01259E-002   9.00000E+000   1.00800E+001
   5.01573E-002   9.00000E+000   1.00800E+001
   5.01887E-002   9.00000E+000   1.00800E+001
   5.02201E-002   9.00000E+000   1.00800E+001
   5.02515E-002   9.00000E+000   1.00800E+001
   5.02829E-002   9.00000E+000   1.00800E+001
   5.03143E-002   9.00000E+000   1.00800E+001
   5.03457E-002   9.00000E+000   1.00800E+001
   5.03770E-002   9.00000E+000   1.00800E+001
   5.04084E-002   9.00000E+000   1.00800E+001
   5.04398E-002   9.00000E+000   1.00800E+001
   5.04712E-002   9.00000E+000   1.00800E+001
   5.05026E-002   9.00000E+000   1.00800E+001
   5.05340E-002   9.00000E+000   1.00800E+001
   5.05654E-002   9.00000E+000   1.00800E+001
   5.05968E-002   9.00000E+000   1.00800E+001
   5.06282E-002   9.00000E+000   1.00800E+001
   5.06595E-002   9.00000E+000   1.00800E+001
   5.06909E-002   9.00000E+000   1.00800E+001
   5.07223E-002   9.00000E+000   1.00800E+001
   5.07537E-002   9.00000E+000   1.00800E+001
   5.07851E-002   9.00000E+000   1.00800E+001
   5.08165E-002   9.00000E+000   1.02600E+001
   5.08479E-002   9.00000E+000   1.02600E+001
   5.08793E-002   9.00000E+000   1.02600E+001
   5.09107E-002   9.00000E+000   1.02600E+001
   5.09420E-002   9.00000E+000   1.02600E+001
   5.09734E-002   9.00000E+000   1.02600E+001
   5.10048E-002   9.00000E+000   1.02600E+001
   5.10362E-002   9.00000E+000   1.02600E+001
   5.10676E-002   9.00000E+000   1.02600E+001
   5.10990E-002   9.00000E+000   1.02600E+001
   5.11304E-002   9.00000E+000   1.02600E+001
   5.11618E-002   9.00000E+000   1.02600E+001
   5.11932E-002   9.00000E+000   1.02600E+001
   5.12246E-002   9.00000E+000   1.02600E+001
   5.12559E-002   9.00000E+000   1.02600E+001
   5.12873E-002   9.00000E+000   1.02600E+001
   5.13187E-002   9.00000E+000   1.02600E+001
   5.13501E-002   9.00000E+000   1.02600E+001
   5.13815E-002   9.00000E+000   1.02600E+001
   5.14129E-002   9.00000E+000   1.02600E+001
   5.14443E-002   9.00000E+000   1.02600E+001
   5.14757E-002   9.00000E+000   1.02600E+001
   5.15071E-002   9.00000E+000   1.02600E+001
   5.15384E-002   9.00000E+000   1.02600E+001
   5.15698E-002   9.00000E+000   1.02600E+001
   5.16012E-002   9.00000E+000   1.02600E+001
   5.16326E-002   9.00000E+000   1.02600E+001
   5.16640E-002   9.00000E+000   1.02600E+001
   5.16954E-002   9.00000E+000   1.02600E+001
   5.17268E-002   9.00000E+000   1.02600E+001
   5.17582E-002   9.00000E+000   1.02600E+001
   5.17896E-002   9.00000E+000   1.02600E+001
   5.18209E-002   9.00000E+000   1.02600E+001
   5.18523E-002   9.00000E+000   1.02600E+001
   5.18837E-002   9.00000E+000   1.02600E+001
   5.19151E-002   9.00000E+000   1.02600E+001
   5.19465E-002   9.00000E+000   1.02600E+001
   5.19779E-002   9.00000E+000   1.02600E+001
   5.20093E-002   9.00000E+000   1.02600E+001
   5.20407E-002   9.00000E+000   1.02600E+001
   5.20721E-002   9.00000E+000   1.02600E+001
   5.21034E-002   9.00000E+000   1.02600E+001
   5.21348E-002   9.00000E+000   1.02600E+001
   5.21662E-002   9.00000E+000   1.02600E+001
   5.21976E-002   9.00000E+000   1.02600E+001
   5.22290E-002   9.00000E+000   1.02600E+001
   5.22604E-002   9.00000E+000   1.02600E+001
   5.22918E-002   9.00000E+000   1.02600E+001
   5.23232E-002   9.00000E+000   1.02600E+001
   5.23546E-002   9.00000E+000   1.02600E+001
   5.23860E-002   9.00000E+000   1.02600E+001
   5.24173E-002   9.00000E+000   1.02600E+001
   5.24487E-002   9.00000E+000   1.02600E+001
   5.24801E-002   9.00000E+000   1.02600E+001
   5.25115E-002   9.00000E+000   1.02600E+001
   5.25429E-002   9.00000E+000   1.02600E+001
   5.25743E-002   9.00000E+000   1.02600E+001
   5.26057E-002   9.18000E+000   1.02600E+001
   5.26371E-002   9.18000E+000   1.02600E+001
   5.26685E-002   9.18000E+000   1.02600E+001
   5.26998E-002   9.18000E+000   1.02600E+001
   5.27312E-002   9.18000E+000   1.02600E+001
   5.27626E-002   9.18000E+000   1.02600E+001
   5.27940E-002   9.18000E+000   1.02600E+001
   5.28254E-002   9.18000E+000   1.02600E+001
   5.28568E-002   9.18000E+000   1.02600E+001
   5.28882E-002   9.18000E+000   1.02600E+001
   5.29196E-002   9.18000E+000   1.02600E+001
   5.29510E-002   9.18000E+000   1.02600E+001
   5.29823E-002   9.18000E+000   1.02600E+001
   5.30137E-002   9.18000E+000   1.02600E+001
   5.30451E-002   9.18000E+000   1.02600E+001
   5.30765E-002   9.18000E+000   1.02600E+001
   5.31079E-002   9.18000E+000   1.02600E+001
   5.31393E-002   9.18000E+000   1.02600E+001
   5.31707E-002   9.18000E+000   1.02600E+001
   5.32021E-002   9.18000E+000   1.02600E+001
   5.32335E-002   9.18000E+000   1.02600E+001
   5.32648E-002   9.18000E+000   1.02600E+001
   5.32962E-002   9.18000E+000   1.02600E+001
   5.33276E-002   9.18000E+000   1.02600E+001
   5.33590E-002   9.18000E+000   1.02600E+001
   5.33904E-002   9.18000E+000   1.02600E+001
   5.34218E-002   9.18000E+000   1.02600E+001
   5.34532E-002   9.18000E+000   1.02600E+001
   5.34846E-002   9.18000E+000   1.04400E+001
   5.35160E-002   9.18000E+000   1.04400E+001
   5.35474E-002   9.18000E+000   1.04400E+001
   5.35787E-002   9.18000E+000   1.04400E+001
   5.36101E-002   9.18000E+000   1.04400E+001
   5.36415E-002   9.18000E+000   1.04400E+001
   5.36729E-002   9.18000E+000   1.04400E+001
   5.37043E-002   9.18000E+000   1.04400E+001
   5.37357E-002   9.18000E+000   1.04400E+001
   5.37671E-002   9.18000E+000   1.04400E+001
   5.37985E-002   9.18000E+000   1.04400E+001
   5.38299E-002   9.18000E+000   1.04400E+001
   5.38612E-002   9.18000E+000   1.04400E+001
   5.38926E-002   9.18000E+000   1.04400E+001
   5.39240E-002   9.18000E+000   1.04400E+001
   5.39554E-002   9.18000E+000   1.04400E+001
   5.39868E-002   9.18000E+000   1.04400E+001
   5.40182E-002   9.18000E+000   1.04400E+001
   5.40496E-002   9.18000E+000   1.04400E+001
   5.40810E-002   9.18000E+000   1.04400E+001
   5.41124E-002   9.18000E+000   1.04400E+001
   5.41437E-002   9.18000E+000   1.04400E+001
   5.41751E-002   9.18000E+000   1.04400E+001
   5.42065E-002   9.18000E+000   1.04400E+001
   5.42379E-002   9.18000E+000   1.04400E+001
   5.42693E-002   9.18000E+000   1.04400E+001
   5.43007E-002   9.18000E+000   1.04400E+001
   5.43321E-002   9.18000E+000   1.04400E+001
   5.43635E-002   9.18000E+000   1.04400E+001
   5.43949E-002   9.18000E+000   1.04400E+001
   5.44262E-002   9.18000E+000   1.04400E+001
   5.44576E-002   9.18000E+000   1.04400E+001
   5.44890E-002   9.18000E+000   1.04400E+001
   5.45204E-002   9.18000E+000   1.04400E+001
   5.45518E-002   9.18000E+000   1.04400E+001
   5.45832E-002   9.18000E+000   1.04400E+001
   5.46146E-002   9.18000E+000   1.04400E+001
   5.46460E-002   9.18000E+000   1.04400E+001
   5.46774E-002   9.18000E+000   1.04400E+001
   5.47088E-002   9.18000E+000   1.04400E+001
   5.47401E-002   9.18000E+000   1.04400E+001
   5.47715E-002   9.18000E+000   1.04400E+001
   5.48029E-002   9.18000E+000   1.04400E+001
   5.48343E-002   9.18000E+000   1.04400E+001
   5.48657E-002   9.18000E+000   1.04400E+001
   5.48971E-002   9.18000E+000   1.04400E+001
   5.49285E-002   9.18000E+000   1.04400E+001
   5.49599E-002   9.18000E+000   1.04400E+001
   5.49913E-002   9.18000E+000   1.04400E+001
   5.50226E-002   9.18000E+000   1.04400E+001
   5.50540E-002   9.18000E+000   1.04400E+001
   5.50854E-002   9.18000E+000   1.04400E+001
   5.51168E-002   9.18000E+000   1.04400E+001
   5.51482E-002   9.18000E+000   1.04400E+001
   5.51796E-002   9.18000E+000   1.04400E+001
   5.52110E-002   9.18000E+000   1.04400E+001
   5.52424E-002   9.18000E+000   1.04400E+001
   5.52738E-002   9.18000E+000   1.04400E+001
   5.53051E-002   9.18000E+000   1.04400E+001
   5.53365E-002   9.18000E+000   1.04400E+001
   5.53679E-002   9.18000E+000   1.04400E+001
   5.53993E-002   9.18000E+000   1.04400E+001
   5.54307E-002   9.18000E+000   1.04400E+001
   5.54621E-002   9.18000E+000   1.04400E+001
   5.54935E-002   9.18000E+000   1.04400E+001
   5.55249E-002   9.18000E+000   1.04400E+001
   5.55563E-002   9.18000E+000   1.04400E+001
   5.55876E-002   9.18000E+000   1.04400E+001
   5.56190E-002   9.18000E+000   1.04400E+001
   5.56504E-002   9.18000E+000   1.04400E+001
   5.56818E-002   9.18000E+000   1.04400E+001
   5.57132E-002   9.18000E+000   1.04400E+001
   5.57446E-002   9.18000E+000   1.04400E+001
   5.57760E-002   9.36000E+000   1.04400E+001
   5.58074E-002   9.36000E+000   1.04400E+001
   5.58388E-002   9.36000E+000   1.04400E+001
   5.58702E-002   9.36000E+000   1.04400E+001
   5.59015E-002   9.36000E+000   1.04400E+001
   5.59329E-002   9.36000E+000   1.04400E+001
   5.59643E-002   9.36000E+000   1.04400E+001
   5.59957E-002   9.36000E+000   1.04400E+001
   5.60271E-002   9.36000E+000   1.04400E+001
   5.60585E-002   9.36000E+000   1.04400E+001
   5.60899E-002   9.36000E+000   1.04400E+001
   5.61213E-002   9.36000E+000   1.04400E+001
   5.61527E-002   9.36000E+000   1.04400E+001
   5.61840E-002   9.36000E+000   1.04400E+001
   5.62154E-002   9.36000E+000   1.06200E+001
   5.62468E-002   9.36000E+000   1.06200E+001
   5.62782E-002   9.36000E+000   1.06200E+001
   5.63096E-002   9.36000E+000   1.06200E+001
   5.63410E-002   9.36000E+000   1.06200E+001
   5.63724E-002   9.36000E+000   1.06200E+001
   5.64038E-002   9.36000E+000   1.06200E+001
   5.64352E-002   9.36000E+000   1.06200E+001
   5.64665E-002   9.36000E+000   1.06200E+001
   5.64979E-002   9.36000E+000   1.06200E+001
   5.65293E-002   9.36000E+000   1.06200E+001
   5.65607E-002   9.36000E+000   1.06200E+001
   5.65921E-002   9.36000E+000   1.06200E+001
   5.66235E-002   9.36000E+000   1.06200E+001
   5.66549E-002   9.36000E+000   1.06200E+001
   5.66863E-002   9.36000E+000   1.06200E+001
   5.67177E-002   9.36000E+000   1.06200E+001
   5.67490E-002   9.36000E+000   1.06200E+001
   5.67804E-002   9.36000E+000   1.06200E+001
   5.68118E-002   9.36000E+000   1.06200E+001
   5.68432E-002   9.36000E+000   1.06200E+001
   5.68746E-002   9.36000E+000   1.06200E+001
   5.69060E-002   9.36000E+000   1.06200E+001
   5.69374E-002   9.36000E+000   1.06200E+001
   5.69688E-002   9.36000E+000   1.06200E+001
   5.70002E-002   9.36000E+000   1.06200E+001
   5.70316E-002   9.36000E+000   1.06200E+001
   5.70629E-002   9.36000E+000   1.06200E+001
   5.70943E-002   9.36000E+000   1.06200E+001
   5.71257E-002   9.36000E+000   1.06200E+001
   5.71571E-002   9.36000E+000   1.06200E+001
   5.71885E-002   9.36000E+000   1.06200E+001
   5.72199E-002   9.36000E+000   1.06200E+001
   5.72513E-002   9.36000E+000   1.06200E+001
   5.72827E-002   9.36000E+000   1.06200E+001
   5.73141E-002   9.36000E+000   1.06200E+001
   5.73454E-002   9.36000E+000   1.06200E+001
   5.73768E-002   9.36000E+000   1.06200E+001
   5.74082E-002   9.36000E+000   1.06200E+001
   5.74396E-002   9.36000E+000   1.06200E+001
   5.74710E-002   9.36000E+000   1.06200E+001
   5.75024E-002   9.36000E+000   1.06200E+001
   5.75338E-002   9.36000E+000   1.06200E+001
   5.75652E-002   9.36000E+000   1.06200E+001
   5.75966E-002   9.36000E+000   1.06200E+001
   5.76279E-002   9.36000E+000   1.06200E+001
   5.76593E-002   9.36000E+000   1.06200E+001
   5.76907E-002   9.36000E+000   1.06200E+001
   5.77221E-002   9.36000E+000   1.06200E+001
   5.77535E-002   9.36000E+000   1.06200E+001
   5.77849E-002   9.36000E+000   1.06200E+001
   5.78163E-002   9.36000E+000   1.06200E+001
   5.78477E-002   9.36000E+000   1.06200E+001
   5.78791E-002   9.36000E+000   1.06200E+001
   5.79104E-002   9.36000E+000   1.06200E+001
   5.79418E-002   9.36000E+000   1.06200E+001
   5.79732E-002   9.36000E+000   1.06200E+001
   5.80046E-002   9.36000E+000   1.06200E+001
   5.80360E-002   9.36000E+000   1.06200E+001
   5.80674E-002   9.36000E+000   1.06200E+001
   5.80988E-002   9.36000E+000   1.06200E+001
   5.81302E-002   9.36000E+000   1.06200E+001
   5.81616E-002   9.36000E+000   1.06200E+001
   5.81929E-002   9.36000E+000   1.06200E+001
   5.82243E-002   9.36000E+000   1.06200E+001
   5.82557E-002   9.36000E+000   1.06200E+001
   5.82871E-002   9.36000E+000   1.06200E+001
   5.83185E-002   9.36000E+000   1.06200E+001
   5.83499E-002   9.36000E+000   1.06200E+001
   5.83813E-002   9.36000E+000   1.06200E+001
   5.84127E-002   9.36000E+000   1.06200E+001
   5.84441E-002   9.36000E+000   1.06200E+001
   5.84755E-002   9.36000E+000   1.06200E+001
   5.85068E-002   9.36000E+000   1.06200E+001
   5.85382E-002   9.36000E+000   1.06200E+001
   5.85696E-002   9.36000E+000   1.06200E+001
   5.86010E-002   9.36000E+000   1.06200E+001
   5.86324E-002   9.36000E+000   1.06200E+001
   5.86638E-002   9.36000E+000   1.06200E+001
   5.86952E-002   9.36000E+000   1.06200E+001
   5.87266E-002   9.36000E+000   1.06200E+001
   5.87580E-002   9.36000E+000   1.06200E+001
   5.87893E-002   9.36000E+000   1.06200E+001
   5.88207E-002   9.36000E+000   1.06200E+001
   5.88521E-002   9.36000E+000   1.06200E+001
   5.88835E-002   9.36000E+000   1.06200E+001
   5.89149E-002   9.36000E+000   1.06200E+001
   5.89463E-002   9.36000E+000   1.06200E+001
   5.89777E-002   9.36000E+000   1.06200E+001
   5.90091E-002   9.36000E+000   1.06200E+001
   5.90405E-002   9.36000E+000   1.08000E+001
   5.90718E-002   9.54000E+000   1.08000E+001
   5.91032E-002   9.54000E+000   1.08000E+001
   5.91346E-002   9.54000E+000   1.08000E+001
   5.91660E-002   9.54000E+000   1.08000E+001
   5.91974E-002   9.54000E+000   1.08000E+001
   5.92288E-002   9.54000E+000   1.08000E+001
   5.92602E-002   9.54000E+000   1.08000E+001
   5.92916E-002   9.54000E+000   1.08000E+001
   5.93230E-002   9.54000E+000   1.08000E+001
   5.93543E-002   9.54000E+000   1.08000E+001
   5.93857E-002   9.54000E+000   1.08000E+001
   5.94171E-002   9.54000E+000   1.08000E+001
   5.94485E-002   9.54000E+000   1.08000E+001
   5.94799E-002   9.54000E+000   1.08000E+001
   5.95113E-002   9.54000E+000   1.08000E+001
   5.95427E-002   9.54000E+000   1.08000E+001
   5.95741E-002   9.54000E+000   1.08000E+001
   5.96055E-002   9.54000E+000   1.08000E+001
   5.96369E-002   9.54000E+000   1.08000E+001
   5.96682E-002   9.54000E+000   1.08000E+001
   5.96996E-002   9.54000E+000   1.08000E+001
   5.97310E-002   9.54000E+000   1.08000E+001
   5.97624E-002   9.54000E+000   1.08000E+001
   5.97938E-002   9.54000E+000   1.08000E+001
   5.98252E-002   9.54000E+000   1.08000E+001
   5.98566E-002   9.54000E+000   1.08000E+001
   5.98880E-002   9.54000E+000   1.08000E+001
   5.99194E-002   9.54000E+000   1.08000E+001
   5.99507E-002   9.54000E+000   1.08000E+001
   5.99821E-002   9.54000E+000   1.08000E+001
   6.00135E-002   9.54000E+000   1.08000E+001
   6.00449E-002   9.54000E+000   1.08000E+001
   6.00763E-002   9.54000E+000   1.08000E+001
   6.01077E-002   9.54000E+000   1.08000E+001
   6.01391E-002   9.54000E+000   1.08000E+001
   6.01705E-002   9.54000E+000   1.08000E+001
   6.02019E-002   9.54000E+000   1.08000E+001
   6.02332E-002   9.54000E+000   1.08000E+001
   6.02646E-002   9.54000E+000   1.08000E+001
   6.02960E-002   9.54000E+000   1.08000E+001
   6.03274E-002   9.54000E+000   1.08000E+001
   6.03588E-002   9.54000E+000   1.08000E+001
   6.03902E-002   9.54000E+000   1.08000E+001
   6.04216E-002   9.54000E+000   1.08000E+001
   6.04530E-002   9.54000E+000   1.08000E+001
   6.04844E-002   9.54000E+000   1.08000E+001
   6.05157E-002   9.54000E+000   1.08000E+001
   6.05471E-002   9.54000E+000   1.08000E+001
   6.05785E-002   9.54000E+000   1.08000E+001
   6.06099E-002   9.54000E+000   1.08000E+001
   6.06413E-002   9.54000E+000   1.08000E+001
   6.06727E-002   9.54000E+000   1.08000E+001
   6.07041E-002   9.54000E+000   1.08000E+001
   6.07355E-002   9.54000E+000   1.08000E+001
   6.07669E-002   9.54000E+000   1.08000E+001
   6.07983E-002   9.54000E+000   1.08000E+001
   6.08296E-002   9.54000E+000   1.08000E+001
   6.08610E-002   9.54000E+000   1.08000E+001
   6.08924E-002   9.54000E+000   1.08000E+001
   6.09238E-002   9.54000E+000   1.08000E+001
   6.09552E-002   9.54000E+000   1.08000E+001
   6.09866E-002   9.54000E+000   1.08000E+001
   6.10180E-002   9.54000E+000   1.08000E+001
   6.10494E-002   9.54000E+000   1.08000E+001
   6.10808E-002   9.54000E+000   1.08000E+001
   6.11121E-002   9.54000E+000   1.08000E+001
   6.11435E-002   9.54000E+000   1.08000E+001
   6.11749E-002   9.54000E+000   1.08000E+001
   6.12063E-002   9.54000E+000   1.08000E+001
   6.12377E-002   9.54000E+000   1.08000E+001
   6.12691E-002   9.54000E+000   1.08000E+001
   6.13005E-002   9.54000E+000   1.08000E+001
   6.13319E-002   9.54000E+000   1.08000E+001
   6.13633E-002   9.54000E+000   1.08000E+001
   6.13946E-002   9.54000E+000   1.08000E+001
   6.14260E-002   9.54000E+000   1.08000E+001
   6.14574E-002   9.54000E+000   1.08000E+001
   6.14888E-002   9.54000E+000   1.08000E+001
   6.15202E-002   9.54000E+000   1.08000E+001
   6.15516E-002   9.54000E+000   1.08000E+001
   6.15830E-002   9.54000E+000   1.08000E+001
   6.16144E-002   9.54000E+000   1.08000E+001
   6.16458E-002   9.54000E+000   1.08000E+001
   6.16771E-002   9.54000E+000   1.08000E+001
   6.17085E-002   9.54000E+000   1.08000E+001
   6.17399E-002   9.54000E+000   1.08000E+001
   6.17713E-002   9.54000E+000   1.08000E+001
   6.18027E-002   9.54000E+000   1.08000E+001
   6.18341E-002   9.54000E+000   1.08000E+001
   6.18655E-002   9.54000E+000   1.08000E+001
   6.18969E-002   9.54000E+000   1.09800E+001
   6.19283E-002   9.54000E+000   1.09800E+001
   6.19597E-002   9.54000E+000   1.09800E+001
   6.19910E-002   9.54000E+000   1.09800E+001
   6.20224E-002   9.54000E+000   1.09800E+001
   6.20538E-002   9.54000E+000   1.09800E+001
   6.20852E-002   9.54000E+000   1.09800E+001
   6.21166E-002   9.54000E+000   1.09800E+001
   6.21480E-002   9.54000E+000   1.09800E+001
   6.21794E-002   9.54000E+000   1.09800E+001
   6.22108E-002   9.54000E+000   1.09800E+001
   6.22422E-002   9.54000E+000   1.09800E+001
   6.22735E-002   9.54000E+000   1.09800E+001
   6.23049E-002   9.54000E+000   1.09800E+001
   6.23363E-002   9.54000E+000   1.09800E+001
   6.23677E-002   9.54000E+000   1.09800E+001
   6.23991E-002   9.54000E+000   1.09800E+001
   6.24305E-002   9.72000E+000   1.09800E+001
   6.24619E-002   9.72000E+000   1.09800E+001
   6.24933E-002   9.72000E+000   1.09800E+001
   6.25247E-002   9.72000E+000   1.09800E+001
   6.25560E-002   9.72000E+000   1.09800E+001
   6.25874E-002   9.72000E+000   1.09800E+001
   6.26188E-002   9.72000E+000   1.09800E+001
   6.26502E-002   9.72000E+000   1.09800E+001
   6.26816E-002   9.72000E+000   1.09800E+001
   6.27130E-002   9.72000E+000   1.09800E+001
   6.27444E-002   9.72000E+000   1.09800E+001
   6.27758E-002   9.72000E+000   1.09800E+001
   6.28072E-002   9.72000E+000   1.09800E+001
   6.28385E-002   9.72000E+000   1.09800E+001
   6.28699E-002   9.72000E+000   1.09800E+001
   6.29013E-002   9.72000E+000   1.09800E+001
   6.29327E-002   9.72000E+000   1.09800E+001
   6.29641E-002   9.72000E+000   1.09800E+001
   6.29955E-002   9.72000E+000   1.09800E+001
   6.30269E-002   9.72000E+000   1.09800E+001
   6.30583E-002   9.72000E+000   1.09800E+001
   6.30897E-002   9.72000E+000   1.09800E+001
   6.31211E-002   9.72000E+000   1.09800E+001
   6.31524E-002   9.72000E+000   1.09800E+001
   6.31838E-002   9.72000E+000   1.09800E+001
   6.32152E-002   9.72000E+000   1.09800E+001
   6.32466E-002   9.72000E+000   1.09800E+001
   6.32780E-002   9.72000E+000   1.09800E+001
   6.33094E-002   9.72000E+000   1.09800E+001
   6.33408E-002   9.72000E+000   1.09800E+001
   6.33722E-002   9.72000E+000   1.09800E+001
   6.34036E-002   9.72000E+000   1.09800E+001
   6.34349E-002   9.72000E+000   1.09800E+001
   6.34663E-002   9.72000E+000   1.09800E+001
   6.34977E-002   9.72000E+000   1.09800E+001
   6.35291E-002   9.72000E+000   1.09800E+001
   6.35605E-002   9.72000E+000   1.09800E+001
   6.35919E-002   9.72000E+000   1.09800E+001
   6.36233E-002   9.72000E+000   1.09800E+001
   6.36547E-002   9.72000E+000   1.09800E+001
   6.36861E-002   9.72000E+000   1.09800E+001
   6.37174E-002   9.72000E+000   1.09800E+001
   6.37488E-002   9.72000E+000   1.09800E+001
   6.37802E-002   9.72000E+000   1.09800E+001
   6.38116E-002   9.72000E+000   1.09800E+001
   6.38430E-002   9.72000E+000   1.09800E+001
   6.38744E-002   9.72000E+000   1.09800E+001
   6.39058E-002   9.72000E+000   1.09800E+001
   6.39372E-002   9.72000E+000   1.09800E+001
   6.39686E-002   9.72000E+000   1.09800E+001
   6.39999E-002   9.72000E+000   1.09800E+001
   6.40313E-002   9.72000E+000   1.09800E+001
   6.40627E-002   9.72000E+000   1.09800E+001
   6.40941E-002   9.72000E+000   1.09800E+001
   6.41255E-002   9.72000E+000   1.09800E+001
   6.41569E-002   9.72000E+000   1.09800E+001
   6.41883E-002   9.72000E+000   1.09800E+001
   6.42197E-002   9.72000E+000   1.09800E+001
   6.42511E-002   9.72000E+000   1.09800E+001
   6.42825E-002   9.72000E+000   1.09800E+001
   6.43138E-002   9.72000E+000   1.09800E+001
   6.43452E-002   9.72000E+000   1.09800E+001
   6.43766E-002   9.72000E+000   1.09800E+001
   6.44080E-002   9.72000E+000   1.09800E+001
   6.44394E-002   9.72000E+000   1.09800E+001
   6.44708E-002   9.72000E+000   1.09800E+001
   6.45022E-002   9.72000E+000   1.09800E+001
   6.45336E-002   9.72000E+000   1.09800E+001
   6.45650E-002   9.72000E+000   1.09800E+001
   6.45963E-002   9.72000E+000   1.09800E+001
   6.46277E-002   9.72000E+000   1.09800E+001
   6.46591E-002   9.72000E+000   1.09800E+001
   6.46905E-002   9.72000E+000   1.09800E+001
   6.47219E-002   9.72000E+000   1.09800E+001
   6.47533E-002   9.72000E+000   1.09800E+001
   6.47847E-002   9.72000E+000   1.09800E+001
   6.48161E-002   9.72000E+000   1.11600E+001
   6.48475E-002   9.72000E+000   1.11600E+001
   6.48788E-002   9.72000E+000   1.11600E+001
   6.49102E-002   9.72000E+000   1.11600E+001
   6.49416E-002   9.72000E+000   1.11600E+001
   6.49730E-002   9.72000E+000   1.11600E+001
   6.50044E-002   9.72000E+000   1.11600E+001
   6.50358E-002   9.72000E+000   1.11600E+001
   6.50672E-002   9.72000E+000   1.11600E+001
   6.50986E-002   9.72000E+000   1.11600E+001
   6.51300E-002   9.72000E+000   1.11600E+001
   6.51613E-002   9.72000E+000   1.11600E+001
   6.51927E-002   9.72000E+000   1.11600E+001
   6.52241E-002   9.72000E+000   1.11600E+001
   6.52555E-002   9.72000E+000   1.11600E+001
   6.52869E-002   9.72000E+000   1.11600E+001
   6.53183E-002   9.72000E+000   1.11600E+001
   6.53497E-002   9.72000E+000   1.11600E+001
   6.53811E-002   9.72000E+000   1.11600E+001
   6.54125E-002   9.72000E+000   1.11600E+001
   6.54439E-002   9.72000E+000   1.11600E+001
   6.54752E-002   9.72000E+000   1.11600E+001
   6.55066E-002   9.72000E+000   1.11600E+001
   6.55380E-002   9.72000E+000   1.11600E+001
   6.55694E-002   9.72000E+000   1.11600E+001
   6.56008E-002   9.72000E+000   1.11600E+001
   6.56322E-002   9.72000E+000   1.11600E+001
   6.56636E-002   9.72000E+000   1.11600E+001
   6.56950E-002   9.72000E+000   1.11600E+001
   6.57264E-002   9.72000E+000   1.11600E+001
   6.57577E-002   9.72000E+000   1.11600E+001
   6.57891E-002   9.72000E+000   1.11600E+001
   6.58205E-002   9.72000E+000   1.11600E+001
   6.58519E-002   9.72000E+000   1.11600E+001
   6.58833E-002   9.90000E+000   1.11600E+001
   6.59147E-002   9.90000E+000   1.11600E+001
   6.59461E-002   9.90000E+000   1.11600E+001
   6.59775E-002   9.90000E+000   1.11600E+001
   6.60089E-002   9.90000E+000   1.11600E+001
   6.60402E-002   9.90000E+000   1.11600E+001
   6.60716E-002   9.90000E+000   1.11600E+001
   6.61030E-002   9.90000E+000   1.11600E+001
   6.61344E-002   9.90000E+000   1.11600E+001
   6.61658E-002   9.90000E+000   1.11600E+001
   6.61972E-002   9.90000E+000   1.11600E+001
   6.62286E-002   9.90000E+000   1.11600E+001
   6.62600E-002   9.90000E+000   1.11600E+001
   6.62914E-002   9.90000E+000   1.11600E+001
   6.63227E-002   9.90000E+000   1.11600E+001
   6.63541E-002   9.90000E+000   1.11600E+001
   6.63855E-002   9.90000E+000   1.11600E+001
   6.64169E-002   9.90000E+000   1.11600E+001
   6.64483E-002   9.90000E+000   1.11600E+001
   6.64797E-002   9.90000E+000   1.11600E+001
   6.65111E-002   9.90000E+000   1.11600E+001
   6.65425E-002   9.90000E+000   1.11600E+001
   6.65739E-002   9.90000E+000   1.11600E+001
   6.66052E-002   9.90000E+000   1.11600E+001
   6.66366E-002   9.90000E+000   1.11600E+001
   6.66680E-002   9.90000E+000   1.11600E+001
   6.66994E-002   9.90000E+000   1.11600E+001
   6.67308E-002   9.90000E+000   1.11600E+001
   6.67622E-002   9.90000E+000   1.11600E+001
   6.67936E-002   9.90000E+000   1.11600E+001
   6.68250E-002   9.90000E+000   1.11600E+001
   6.68564E-002   9.90000E+000   1.11600E+001
   6.68878E-002   9.90000E+000   1.11600E+001
   6.69191E-002   9.90000E+000   1.11600E+001
   6.69505E-002   9.90000E+000   1.11600E+001
   6.69819E-002   9.90000E+000   1.11600E+001
   6.70133E-002   9.90000E+000   1.11600E+001
   6.70447E-002   9.90000E+000   1.11600E+001
   6.70761E-002   9.90000E+000   1.11600E+001
   6.71075E-002   9.90000E+000   1.11600E+001
   6.71389E-002   9.90000E+000   1.11600E+001
   6.71703E-002   9.90000E+000   1.11600E+001
   6.72016E-002   9.90000E+000   1.11600E+001
   6.72330E-002   9.90000E+000   1.11600E+001
   6.72644E-002   9.90000E+000   1.11600E+001
   6.72958E-002   9.90000E+000   1.11600E+001
   6.73272E-002   9.90000E+000   1.11600E+001
   6.73586E-002   9.90000E+000   1.11600E+001
   6.73900E-002   9.90000E+000   1.11600E+001
   6.74214E-002   9.90000E+000   1.11600E+001
   6.74528E-002   9.90000E+000   1.11600E+001
   6.74841E-002   9.90000E+000   1.11600E+001
   6.75155E-002   9.90000E+000   1.11600E+001
   6.75469E-002   9.90000E+000   1.11600E+001
   6.75783E-002   9.90000E+000   1.11600E+001
   6.76097E-002   9.90000E+000   1.11600E+001
   6.76411E-002   9.90000E+000   1.11600E+001
   6.76725E-002   9.90000E+000   1.11600E+001
   6.77039E-002   9.90000E+000   1.11600E+001
   6.77353E-002   9.90000E+000   1.11600E+001
   6.77666E-002   9.90000E+000   1.11600E+001
   6.77980E-002   9.90000E+000   1.13400E+001
   6.78294E-002   9.90000E+000   1.13400E+001
   6.78608E-002   9.90000E+000   1.13400E+001
   6.78922E-002   9.90000E+000   1.13400E+001
   6.79236E-002   9.90000E+000   1.13400E+001
   6.79550E-002   9.90000E+000   1.13400E+001
   6.79864E-002   9.90000E+000   1.13400E+001
   6.80178E-002   9.90000E+000   1.13400E+001
   6.80492E-002   9.90000E+000   1.13400E+001
   6.80805E-002   9.90000E+000   1.13400E+001
   6.81119E-002   9.90000E+000   1.13400E+001
   6.81433E-002   9.90000E+000   1.13400E+001
   6.81747E-002   9.90000E+000   1.13400E+001
   6.82061E-002   9.90000E+000   1.13400E+001
   6.82375E-002   9.90000E+000   1.13400E+001
   6.82689E-002   9.90000E+000   1.13400E+001
   6.83003E-002   9.90000E+000   1.13400E+001
   6.83317E-002   9.90000E+000   1.13400E+001
   6.83630E-002   9.90000E+000   1.13400E+001
   6.83944E-002   9.90000E+000   1.13400E+001
   6.84258E-002   9.90000E+000   1.13400E+001
   6.84572E-002   9.90000E+000   1.13400E+001
   6.84886E-002   9.90000E+000   1.13400E+001
   6.85200E-002   9.90000E+000   1.13400E+001
   6.85514E-002   9.90000E+000   1.13400E+001
   6.85828E-002   9.90000E+000   1.13400E+001
   6.86142E-002   9.90000E+000   1.13400E+001
   6.86455E-002   9.90000E+000   1.13400E+001
   6.86769E-002   9.90000E+000   1.13400E+001
   6.87083E-002   9.90000E+000   1.13400E+001
   6.87397E-002   9.90000E+000   1.13400E+001
   6.87711E-002   9.90000E+000   1.13400E+001
   6.88025E-002   9.90000E+000   1.13400E+001
   6.88339E-002   9.90000E+000   1.13400E+001
   6.88653E-002   9.90000E+000   1.13400E+001
   6.88967E-002   9.90000E+000   1.13400E+001
   6.89280E-002   9.90000E+000   1.13400E+001
   6.89594E-002   9.90000E+000   1.13400E+001
   6.89908E-002   9.90000E+000   1.13400E+001
   6.90222E-002   9.90000E+000   1.13400E+001
   6.90536E-002   9.90000E+000   1.13400E+001
   6.90850E-002   9.90000E+000   1.13400E+001
   6.91164E-002   9.90000E+000   1.13400E+001
   6.91478E-002   9.90000E+000   1.13400E+001
   6.91792E-002   9.90000E+000   1.13400E+001
   6.92106E-002   9.90000E+000   1.13400E+001
   6.92419E-002   9.90000E+000   1.13400E+001
   6.92733E-002   9.90000E+000   1.13400E+001
   6.93047E-002   9.90000E+000   1.13400E+001
   6.93361E-002   9.90000E+000   1.13400E+001
   6.93675E-002   9.90000E+000   1.13400E+001
   6.93989E-002   9.90000E+000   1.13400E+001
   6.94303E-002   1.00800E+001   1.13400E+001
   6.94617E-002   1.00800E+001   1.13400E+001
   6.94931E-002   1.00800E+001   1.13400E+001
   6.95244E-002   1.00800E+001   1.13400E+001
   6.95558E-002   1.00800E+001   1.13400E+001
   6.95872E-002   1.00800E+001   1.13400E+001
   6.96186E-002   1.00800E+001   1.13400E+001
   6.96500E-002   1.00800E+001   1.13400E+001
   6.96814E-002   1.00800E+001   1.13400E+001
   6.97128E-002   1.00800E+001   1.13400E+001
   6.97442E-002   1.00800E+001   1.13400E+001
   6.97756E-002   1.00800E+001   1.13400E+001
   6.98069E-002   1.00800E+001   1.13400E+001
   6.98383E-002   1.00800E+001   1.13400E+001
   6.98697E-002   1.00800E+001   1.13400E+001
   6.99011E-002   1.00800E+001   1.13400E+001
   6.99325E-002   1.00800E+001   1.13400E+001
   6.99639E-002   1.00800E+001   1.13400E+001
   6.99953E-002   1.00800E+001   1.13400E+001
   7.00267E-002   1.00800E+001   1.13400E+001
   7.00581E-002   1.00800E+001   1.13400E+001
   7.00894E-002   1.00800E+001   1.13400E+001
   7.01208E-002   1.00800E+001   1.13400E+001
   7.01522E-002   1.00800E+001   1.13400E+001
   7.01836E-002   1.00800E+001   1.13400E+001
   7.02150E-002   1.00800E+001   1.13400E+001
   7.02464E-002   1.00800E+001   1.13400E+001
   7.02778E-002   1.00800E+001   1.13400E+001
   7.03092E-002   1.00800E+001   1.13400E+001
   7.03406E-002   1.00800E+001   1.13400E+001
   7.03720E-002   1.00800E+001   1.13400E+001
   7.04033E-002   1.00800E+001   1.13400E+001
   7.04347E-002   1.00800E+001   1.13400E+001
   7.04661E-002   1.00800E+001   1.13400E+001
   7.04975E-002   1.00800E+001   1.13400E+001
   7.05289E-002   1.00800E+001   1.13400E+001
   7.05603E-002   1.00800E+001   1.13400E+001
   7.05917E-002   1.00800E+001   1.13400E+001
   7.06231E-002   1.00800E+001   1.13400E+001
   7.06545E-002   1.00800E+001   1.13400E+001
   7.06858E-002   1.00800E+001   1.13400E+001
   7.07172E-002   1.00800E+001   1.13400E+001
   7.07486E-002   1.00800E+001   1.13400E+001
   7.07800E-002   1.00800E+001   1.13400E+001
   7.08114E-002   1.00800E+001   1.13400E+001
   7.08428E-002   1.00800E+001   1.15200E+001
   7.08742E-002   1.00800E+001   1.15200E+001
   7.09056E-002   1.00800E+001   1.15200E+001
   7.09370E-002   1.00800E+001   1.15200E+001
   7.09683E-002   1.00800E+001   1.15200E+001
   7.09997E-002   1.00800E+001   1.15200E+001
   7.10311E-002   1.00800E+001   1.15200E+001
   7.10625E-002   1.00800E+001   1.15200E+001
   7.10939E-002   1.00800E+001   1.15200E+001
   7.11253E-002   1.00800E+001   1.15200E+001
   7.11567E-002   1.00800E+001   1.15200E+001
   7.11881E-002   1.00800E+001   1.15200E+001
   7.12195E-002   1.00800E+001   1.15200E+001
   7.12508E-002   1.00800E+001   1.15200E+001
   7.12822E-002   1.00800E+001   1.15200E+001
   7.13136E-002   1.00800E+001   1.15200E+001
   7.13450E-002   1.00800E+001   1.15200E+001
   7.13764E-002   1.00800E+001   1.15200E+001
   7.14078E-002   1.00800E+001   1.15200E+001
   7.14392E-002   1.00800E+001   1.15200E+001
   7.14706E-002   1.00800E+001   1.15200E+001
   7.15020E-002   1.00800E+001   1.15200E+001
   7.15334E-002   1.00800E+001   1.15200E+001
   7.15647E-002   1.00800E+001   1.15200E+001
   7.15961E-002   1.00800E+001   1.15200E+001
   7.16275E-002   1.00800E+001   1.15200E+001
   7.16589E-002   1.00800E+001   1.15200E+001
   7.16903E-002   1.00800E+001   1.15200E+001
   7.17217E-002   1.00800E+001   1.15200E+001
   7.17531E-002   1.00800E+001   1.15200E+001
   7.17845E-002   1.00800E+001   1.15200E+001
   7.18159E-002   1.00800E+001   1.15200E+001
   7.18472E-002   1.00800E+001   1.15200E+001
   7.18786E-002   1.00800E+001   1.15200E+001
   7.19100E-002   1.00800E+001   1.15200E+001
   7.19414E-002   1.00800E+001   1.15200E+001
   7.19728E-002   1.00800E+001   1.15200E+001
   7.20042E-002   1.00800E+001   1.15200E+001
   7.20356E-002   1.00800E+001   1.15200E+001
   7.20670E-002   1.00800E+001   1.15200E+001
   7.20984E-002   1.00800E+001   1.15200E+001
   7.21297E-002   1.00800E+001   1.15200E+001
   7.21611E-002   1.00800E+001   1.15200E+001
   7.21925E-002   1.00800E+001   1.15200E+001
   7.22239E-002   1.00800E+001   1.15200E+001
   7.22553E-002   1.00800E+001   1.15200E+001
   7.22867E-002   1.00800E+001   1.15200E+001
   7.23181E-002   1.00800E+001   1.15200E+001
   7.23495E-002   1.00800E+001   1.15200E+001
   7.23809E-002   1.00800E+001   1.15200E+001
   7.24122E-002   1.00800E+001   1.15200E+001
   7.24436E-002   1.00800E+001   1.15200E+001
   7.24750E-002   1.00800E+001   1.15200E+001
   7.25064E-002   1.00800E+001   1.15200E+001
   7.25378E-002   1.00800E+001   1.15200E+001
   7.25692E-002   1.00800E+001   1.15200E+001
   7.26006E-002   1.00800E+001   1.15200E+001
   7.26320E-002   1.00800E+001   1.15200E+001
   7.26634E-002   1.00800E+001   1.15200E+001
   7.26948E-002   1.00800E+001   1.15200E+001
   7.27261E-002   1.00800E+001   1.15200E+001
   7.27575E-002   1.00800E+001   1.15200E+001
   7.27889E-002   1.00800E+001   1.15200E+001
   7.28203E-002   1.00800E+001   1.15200E+001
   7.28517E-002   1.00800E+001   1.15200E+001
   7.28831E-002   1.00800E+001   1.15200E+001
   7.29145E-002   1.00800E+001   1.15200E+001
   7.29459E-002   1.00800E+001   1.15200E+001
   7.29773E-002   1.00800E+001   1.15200E+001
   7.30086E-002   1.00800E+001   1.15200E+001
   7.30400E-002   1.02600E+001   1.15200E+001
   7.30714E-002   1.02600E+001   1.15200E+001
   7.31028E-002   1.02600E+001   1.15200E+001
   7.31342E-002   1.02600E+001   1.15200E+001
   7.31656E-002   1.02600E+001   1.15200E+001
   7.31970E-002   1.02600E+001   1.15200E+001
   7.32284E-002   1.02600E+001   1.15200E+001
   7.32598E-002   1.02600E+001   1.15200E+001
   7.32911E-002   1.02600E+001   1.15200E+001
   7.33225E-002   1.02600E+001   1.15200E+001
   7.33539E-002   1.02600E+001   1.15200E+001
   7.33853E-002   1.02600E+001   1.15200E+001
   7.34167E-002   1.02600E+001   1.15200E+001
   7.34481E-002   1.02600E+001   1.15200E+001
   7.34795E-002   1.02600E+001   1.15200E+001
   7.35109E-002   1.02600E+001   1.15200E+001
   7.35423E-002   1.02600E+001   1.15200E+001
   7.35736E-002   1.02600E+001   1.15200E+001
   7.36050E-002   1.02600E+001   1.15200E+001
   7.36364E-002   1.02600E+001   1.15200E+001
   7.36678E-002   1.02600E+001   1.15200E+001
   7.36992E-002   1.02600E+001   1.15200E+001
   7.37306E-002   1.02600E+001   1.15200E+001
   7.37620E-002   1.02600E+001   1.15200E+001
   7.37934E-002   1.02600E+001   1.15200E+001
   7.38248E-002   1.02600E+001   1.15200E+001
   7.38562E-002   1.02600E+001   1.15200E+001
   7.38875E-002   1.02600E+001   1.15200E+001
   7.39189E-002   1.02600E+001   1.17000E+001
   7.39503E-002   1.02600E+001   1.17000E+001
   7.39817E-002   1.02600E+001   1.17000E+001
   7.40131E-002   1.02600E+001   1.17000E+001
   7.40445E-002   1.02600E+001   1.17000E+001
   7.40759E-002   1.02600E+001   1.17000E+001
   7.41073E-002   1.02600E+001   1.17000E+001
   7.41387E-002   1.02600E+001   1.17000E+001
   7.41700E-002   1.02600E+001   1.17000E+001
   7.42014E-002   1.02600E+001   1.17000E+001
   7.42328E-002   1.02600E+001   1.17000E+001
   7.42642E-002   1.02600E+001   1.17000E+001
   7.42956E-002   1.02600E+001   1.17000E+001
   7.43270E-002   1.02600E+001   1.17000E+001
   7.43584E-002   1.02600E+001   1.17000E+001
   7.43898E-002   1.02600E+001   1.17000E+001
   7.44212E-002   1.02600E+001   1.17000E+001
   7.44525E-002   1.02600E+001   1.17000E+001
   7.44839E-002   1.02600E+001   1.17000E+001
   7.45153E-002   1.02600E+001   1.17000E+001
   7.45467E-002   1.02600E+001   1.17000E+001
   7.45781E-002   1.02600E+001   1.17000E+001
   7.46095E-002   1.02600E+001   1.17000E+001
   7.46409E-002   1.02600E+001   1.17000E+001
   7.46723E-002   1.02600E+001   1.17000E+001
   7.47037E-002   1.02600E+001   1.17000E+001
   7.47350E-002   1.02600E+001   1.17000E+001
   7.47664E-002   1.02600E+001   1.17000E+001
   7.47978E-002   1.02600E+001   1.17000E+001
   7.48292E-002   1.02600E+001   1.17000E+001
   7.48606E-002   1.02600E+001   1.17000E+001
   7.48920E-002   1.02600E+001   1.17000E+001
   7.49234E-002   1.02600E+001   1.17000E+001
   7.49548E-002   1.02600E+001   1.17000E+001
   7.49862E-002   1.02600E+001   1.17000E+001
   7.50175E-002   1.02600E+001   1.17000E+001
   7.50489E-002   1.02600E+001   1.17000E+001
   7.50803E-002   1.02600E+001   1.17000E+001
   7.51117E-002   1.02600E+001   1.17000E+001
   7.51431E-002   1.02600E+001   1.17000E+001
   7.51745E-002   1.02600E+001   1.17000E+001
   7.52059E-002   1.02600E+001   1.17000E+001
   7.52373E-002   1.02600E+001   1.17000E+001
   7.52687E-002   1.02600E+001   1.17000E+001
   7.53001E-002   1.02600E+001   1.17000E+001
   7.53314E-002   1.02600E+001   1.17000E+001
   7.53628E-002   1.02600E+001   1.17000E+001
   7.53942E-002   1.02600E+001   1.17000E+001
   7.54256E-002   1.02600E+001   1.17000E+001
   7.54570E-002   1.02600E+001   1.17000E+001
   7.54884E-002   1.02600E+001   1.17000E+001
   7.55198E-002   1.02600E+001   1.17000E+001
   7.55512E-002   1.02600E+001   1.17000E+001
   7.55826E-002   1.02600E+001   1.17000E+001
   7.56139E-002   1.02600E+001   1.17000E+001
   7.56453E-002   1.02600E+001   1.17000E+001
   7.56767E-002   1.02600E+001   1.17000E+001
   7.57081E-002   1.02600E+001   1.17000E+001
   7.57395E-002   1.02600E+001   1.17000E+001
   7.57709E-002   1.02600E+001   1.17000E+001
   7.58023E-002   1.02600E+001   1.17000E+001
   7.58337E-002   1.02600E+001   1.17000E+001
   7.58651E-002   1.02600E+001   1.17000E+001
   7.58964E-002   1.02600E+001   1.17000E+001
   7.59278E-002   1.02600E+001   1.17000E+001
   7.59592E-002   1.02600E+001   1.17000E+001
   7.59906E-002   1.02600E+001   1.17000E+001
   7.60220E-002   1.02600E+001   1.17000E+001
   7.60534E-002   1.02600E+001   1.17000E+001
   7.60848E-002   1.02600E+001   1.17000E+001
   7.61162E-002   1.02600E+001   1.17000E+001
   7.61476E-002   1.02600E+001   1.17000E+001
   7.61789E-002   1.02600E+001   1.17000E+001
   7.62103E-002   1.02600E+001   1.17000E+001
   7.62417E-002   1.02600E+001   1.17000E+001
   7.62731E-002   1.02600E+001   1.17000E+001
   7.63045E-002   1.02600E+001   1.17000E+001
   7.63359E-002   1.02600E+001   1.17000E+001
   7.63673E-002   1.02600E+001   1.17000E+001
   7.63987E-002   1.02600E+001   1.17000E+001
   7.64301E-002   1.02600E+001   1.17000E+001
   7.64615E-002   1.02600E+001   1.17000E+001
   7.64928E-002   1.02600E+001   1.17000E+001
   7.65242E-002   1.02600E+001   1.17000E+001
   7.65556E-002   1.02600E+001   1.17000E+001
   7.65870E-002   1.02600E+001   1.17000E+001
   7.66184E-002   1.02600E+001   1.17000E+001
   7.66498E-002   1.02600E+001   1.17000E+001
   7.66812E-002   1.02600E+001   1.17000E+001
   7.67126E-002   1.02600E+001   1.17000E+001
   7.67440E-002   1.04400E+001   1.17000E+001
   7.67753E-002   1.04400E+001   1.17000E+001
   7.68067E-002   1.04400E+001   1.17000E+001
   7.68381E-002   1.04400E+001   1.17000E+001
   7.68695E-002   1.04400E+001   1.17000E+001
   7.69009E-002   1.04400E+001   1.17000E+001
   7.69323E-002   1.04400E+001   1.17000E+001
   7.69637E-002   1.04400E+001   1.17000E+001
   7.69951E-002   1.04400E+001   1.17000E+001
   7.70265E-002   1.04400E+001   1.17000E+001
   7.70578E-002   1.04400E+001   1.18800E+001
   7.70892E-002   1.04400E+001   1.18800E+001
   7.71206E-002   1.04400E+001   1.18800E+001
   7.71520E-002   1.04400E+001   1.18800E+001
   7.71834E-002   1.04400E+001   1.18800E+001
   7.72148E-002   1.04400E+001   1.18800E+001
   7.72462E-002   1.04400E+001   1.18800E+001
   7.72776E-002   1.04400E+001   1.18800E+001
   7.73090E-002   1.04400E+001   1.18800E+001
   7.73403E-002   1.04400E+001   1.18800E+001
   7.73717E-002   1.04400E+001   1.18800E+001
   7.74031E-002   1.04400E+001   1.18800E+001
   7.74345E-002   1.04400E+001   1.18800E+001
   7.74659E-002   1.04400E+001   1.18800E+001
   7.74973E-002   1.04400E+001   1.18800E+001
   7.75287E-002   1.04400E+001   1.18800E+001
   7.75601E-002   1.04400E+001   1.18800E+001
   7.75915E-002   1.04400E+001   1.18800E+001
   7.76229E-002   1.04400E+001   1.18800E+001
   7.76542E-002   1.04400E+001   1.18800E+001
   7.76856E-002   1.04400E+001   1.18800E+001
   7.77170E-002   1.04400E+001   1.18800E+001
   7.77484E-002   1.04400E+001   1.18800E+001
   7.77798E-002   1.04400E+001   1.18800E+001
   7.78112E-002   1.04400E+001   1.18800E+001
   7.78426E-002   1.04400E+001   1.18800E+001
   7.78740E-002   1.04400E+001   1.18800E+001
   7.79054E-002   1.04400E+001   1.18800E+001
   7.79367E-002   1.04400E+001   1.18800E+001
   7.79681E-002   1.04400E+001   1.18800E+001
   7.79995E-002   1.04400E+001   1.18800E+001
   7.80309E-002   1.04400E+001   1.18800E+001
   7.80623E-002   1.04400E+001   1.18800E+001
   7.80937E-002   1.04400E+001   1.18800E+001
   7.81251E-002   1.04400E+001   1.18800E+001
   7.81565E-002   1.04400E+001   1.18800E+001
   7.81879E-002   1.04400E+001   1.18800E+001
   7.82192E-002   1.04400E+001   1.18800E+001
   7.82506E-002   1.04400E+001   1.18800E+001
   7.82820E-002   1.04400E+001   1.18800E+001
   7.83134E-002   1.04400E+001   1.18800E+001
   7.83448E-002   1.04400E+001   1.18800E+001
   7.83762E-002   1.04400E+001   1.18800E+001
   7.84076E-002   1.04400E+001   1.18800E+001
   7.84390E-002   1.04400E+001   1.18800E+001
   7.84704E-002   1.04400E+001   1.18800E+001
   7.85017E-002   1.04400E+001   1.18800E+001
   7.85331E-002   1.04400E+001   1.18800E+001
   7.85645E-002   1.04400E+001   1.18800E+001
   7.85959E-002   1.04400E+001   1.18800E+001
   7.86273E-002   1.04400E+001   1.18800E+001
   7.86587E-002   1.04400E+001   1.18800E+001
   7.86901E-002   1.04400E+001   1.18800E+001
   7.87215E-002   1.04400E+001   1.18800E+001
   7.87529E-002   1.04400E+001   1.18800E+001
   7.87843E-002   1.04400E+001   1.18800E+001
   7.88156E-002   1.04400E+001   1.18800E+001
   7.88470E-002   1.04400E+001   1.18800E+001
   7.88784E-002   1.04400E+001   1.18800E+001
   7.89098E-002   1.04400E+001   1.18800E+001
   7.89412E-002   1.04400E+001   1.18800E+001
   7.89726E-002   1.04400E+001   1.18800E+001
   7.90040E-002   1.04400E+001   1.18800E+001
   7.90354E-002   1.04400E+001   1.18800E+001
   7.90668E-002   1.04400E+001   1.18800E+001
   7.90981E-002   1.04400E+001   1.18800E+001
   7.91295E-002   1.04400E+001   1.18800E+001
   7.91609E-002   1.04400E+001   1.18800E+001
   7.91923E-002   1.04400E+001   1.18800E+001
   7.92237E-002   1.04400E+001   1.18800E+001
   7.92551E-002   1.04400E+001   1.18800E+001
   7.92865E-002   1.04400E+001   1.18800E+001
   7.93179E-002   1.04400E+001   1.18800E+001
   7.93493E-002   1.04400E+001   1.18800E+001
   7.93806E-002   1.04400E+001   1.18800E+001
   7.94120E-002   1.04400E+001   1.18800E+001
   7.94434E-002   1.04400E+001   1.18800E+001
   7.94748E-002   1.04400E+001   1.18800E+001
   7.95062E-002   1.04400E+001   1.18800E+001
   7.95376E-002   1.04400E+001   1.18800E+001
   7.95690E-002   1.04400E+001   1.18800E+001
   7.96004E-002   1.04400E+001   1.18800E+001
   7.96318E-002   1.04400E+001   1.18800E+001
   7.96631E-002   1.04400E+001   1.18800E+001
   7.96945E-002   1.04400E+001   1.18800E+001
   7.97259E-002   1.04400E+001   1.18800E+001
   7.97573E-002   1.04400E+001   1.18800E+001
   7.97887E-002   1.04400E+001   1.18800E+001
   7.98201E-002   1.04400E+001   1.18800E+001
   7.98515E-002   1.04400E+001   1.18800E+001
   7.98829E-002   1.04400E+001   1.18800E+001
   7.99143E-002   1.04400E+001   1.18800E+001
   7.99457E-002   1.04400E+001   1.18800E+001
   7.99770E-002   1.04400E+001   1.18800E+001
   8.00084E-002   1.04400E+001   1.18800E+001
   8.00398E-002   1.04400E+001   1.18800E+001
   8.00712E-002   1.04400E+001   1.18800E+001
   8.01026E-002   1.04400E+001   1.18800E+001
   8.01340E-002   1.04400E+001   1.18800E+001
   8.01654E-002   1.04400E+001   1.18800E+001
   8.01968E-002   1.04400E+001   1.18800E+001
   8.02282E-002   1.04400E+001   1.18800E+001
   8.02595E-002   1.04400E+001   1.20600E+001
   8.02909E-002   1.04400E+001   1.20600E+001
   8.03223E-002   1.04400E+001   1.20600E+001
   8.03537E-002   1.04400E+001   1.20600E+001
   8.03851E-002   1.04400E+001   1.20600E+001
   8.04165E-002   1.04400E+001   1.20600E+001
   8.04479E-002   1.04400E+001   1.20600E+001
   8.04793E-002   1.04400E+001   1.20600E+001
   8.05107E-002   1.04400E+001   1.20600E+001
   8.05420E-002   1.06200E+001   1.20600E+001
   8.05734E-002   1.06200E+001   1.20600E+001
   8.06048E-002   1.06200E+001   1.20600E+001
   8.06362E-002   1.06200E+001   1.20600E+001
   8.06676E-002   1.06200E+001   1.20600E+001
   8.06990E-002   1.06200E+001   1.20600E+001
   8.07304E-002   1.06200E+001   1.20600E+001
   8.07618E-002   1.06200E+001   1.20600E+001
   8.07932E-002   1.06200E+001   1.20600E+001
   8.08245E-002   1.06200E+001   1.20600E+001
   8.08559E-002   1.06200E+001   1.20600E+001
   8.08873E-002   1.06200E+001   1.20600E+001
   8.09187E-002   1.06200E+001   1.20600E+001
   8.09501E-002   1.06200E+001   1.20600E+001
   8.09815E-002   1.06200E+001   1.20600E+001
   8.10129E-002   1.06200E+001   1.20600E+001
   8.10443E-002   1.06200E+001   1.20600E+001
   8.10757E-002   1.06200E+001   1.20600E+001
   8.11071E-002   1.06200E+001   1.20600E+001
   8.11384E-002   1.06200E+001   1.20600E+001
   8.11698E-002   1.06200E+001   1.20600E+001
   8.12012E-002   1.06200E+001   1.20600E+001
   8.12326E-002   1.06200E+001   1.20600E+001
   8.12640E-002   1.06200E+001   1.20600E+001
   8.12954E-002   1.06200E+001   1.20600E+001
   8.13268E-002   1.06200E+001   1.20600E+001
   8.13582E-002   1.06200E+001   1.20600E+001
   8.13896E-002   1.06200E+001   1.20600E+001
   8.14209E-002   1.06200E+001   1.20600E+001
   8.14523E-002   1.06200E+001   1.20600E+001
   8.14837E-002   1.06200E+001   1.20600E+001
   8.15151E-002   1.06200E+001   1.20600E+001
   8.15465E-002   1.06200E+001   1.20600E+001
   8.15779E-002   1.06200E+001   1.20600E+001
   8.16093E-002   1.06200E+001   1.20600E+001
   8.16407E-002   1.06200E+001   1.20600E+001
   8.16721E-002   1.06200E+001   1.20600E+001
   8.17034E-002   1.06200E+001   1.20600E+001
   8.17348E-002   1.06200E+001   1.20600E+001
   8.17662E-002   1.06200E+001   1.20600E+001
   8.17976E-002   1.06200E+001   1.20600E+001
   8.18290E-002   1.06200E+001   1.20600E+001
   8.18604E-002   1.06200E+001   1.20600E+001
   8.18918E-002   1.06200E+001   1.20600E+001
   8.19232E-002   1.06200E+001   1.20600E+001
   8.19546E-002   1.06200E+001   1.20600E+001
   8.19859E-002   1.06200E+001   1.20600E+001
   8.20173E-002   1.06200E+001   1.20600E+001
   8.20487E-002   1.06200E+001   1.20600E+001
   8.20801E-002   1.06200E+001   1.20600E+001
   8.21115E-002   1.06200E+001   1.20600E+001
   8.21429E-002   1.06200E+001   1.20600E+001
   8.21743E-002   1.06200E+001   1.20600E+001
   8.22057E-002   1.06200E+001   1.20600E+001
   8.22371E-002   1.06200E+001   1.20600E+001
   8.22685E-002   1.06200E+001   1.20600E+001
   8.22998E-002   1.06200E+001   1.20600E+001
   8.23312E-002   1.06200E+001   1.20600E+001
   8.23626E-002   1.06200E+001   1.20600E+001
   8.23940E-002   1.06200E+001   1.20600E+001
   8.24254E-002   1.06200E+001   1.20600E+001
   8.24568E-002   1.06200E+001   1.20600E+001
   8.24882E-002   1.06200E+001   1.20600E+001
   8.25196E-002   1.06200E+001   1.20600E+001
   8.25510E-002   1.06200E+001   1.20600E+001
   8.25823E-002   1.06200E+001   1.20600E+001
   8.26137E-002   1.06200E+001   1.20600E+001
   8.26451E-002   1.06200E+001   1.20600E+001
   8.26765E-002   1.06200E+001   1.20600E+001
   8.27079E-002   1.06200E+001   1.20600E+001
   8.27393E-002   1.06200E+001   1.20600E+001
   8.27707E-002   1.06200E+001   1.20600E+001
   8.28021E-002   1.06200E+001   1.20600E+001
   8.28335E-002   1.06200E+001   1.20600E+001
   8.28648E-002   1.06200E+001   1.20600E+001
   8.28962E-002   1.06200E+001   1.20600E+001
   8.29276E-002   1.06200E+001   1.20600E+001
   8.29590E-002   1.06200E+001   1.20600E+001
   8.29904E-002   1.06200E+001   1.20600E+001
   8.30218E-002   1.06200E+001   1.20600E+001
   8.30532E-002   1.06200E+001   1.20600E+001
   8.30846E-002   1.06200E+001   1.20600E+001
   8.31160E-002   1.06200E+001   1.20600E+001
   8.31473E-002   1.06200E+001   1.20600E+001
   8.31787E-002   1.06200E+001   1.20600E+001
   8.32101E-002   1.06200E+001   1.20600E+001
   8.32415E-002   1.06200E+001   1.20600E+001
   8.32729E-002   1.06200E+001   1.20600E+001
   8.33043E-002   1.06200E+001   1.20600E+001
   8.33357E-002   1.06200E+001   1.20600E+001
   8.33671E-002   1.06200E+001   1.20600E+001
   8.33985E-002   1.06200E+001   1.20600E+001
   8.34298E-002   1.06200E+001   1.20600E+001
   8.34612E-002   1.06200E+001   1.20600E+001
   8.34926E-002   1.06200E+001   1.22400E+001
   8.35240E-002   1.06200E+001   1.22400E+001
   8.35554E-002   1.06200E+001   1.22400E+001
   8.35868E-002   1.06200E+001   1.22400E+001
   8.36182E-002   1.06200E+001   1.22400E+001
   8.36496E-002   1.06200E+001   1.22400E+001
   8.36810E-002   1.06200E+001   1.22400E+001
   8.37124E-002   1.06200E+001   1.22400E+001
   8.37437E-002   1.06200E+001   1.22400E+001
   8.37751E-002   1.06200E+001   1.22400E+001
   8.38065E-002   1.06200E+001   1.22400E+001
   8.38379E-002   1.06200E+001   1.22400E+001
   8.38693E-002   1.06200E+001   1.22400E+001
   8.39007E-002   1.06200E+001   1.22400E+001
   8.39321E-002   1.06200E+001   1.22400E+001
   8.39635E-002   1.06200E+001   1.22400E+001
   8.39949E-002   1.06200E+001   1.22400E+001
   8.40262E-002   1.06200E+001   1.22400E+001
   8.40576E-002   1.06200E+001   1.22400E+001
   8.40890E-002   1.06200E+001   1.22400E+001
   8.41204E-002   1.06200E+001   1.22400E+001
   8.41518E-002   1.06200E+001   1.22400E+001
   8.41832E-002   1.06200E+001   1.22400E+001
   8.42146E-002   1.06200E+001   1.22400E+001
   8.42460E-002   1.06200E+001   1.22400E+001
   8.42774E-002   1.06200E+001   1.22400E+001
   8.43087E-002   1.06200E+001   1.22400E+001
   8.43401E-002   1.06200E+001   1.22400E+001
   8.43715E-002   1.06200E+001   1.22400E+001
   8.44029E-002   1.08000E+001   1.22400E+001
   8.44343E-002   1.08000E+001   1.22400E+001
   8.44657E-002   1.08000E+001   1.22400E+001
   8.44971E-002   1.08000E+001   1.22400E+001
   8.45285E-002   1.08000E+001   1.22400E+001
   8.45599E-002   1.08000E+001   1.22400E+001
   8.45912E-002   1.08000E+001   1.22400E+001
   8.46226E-002   1.08000E+001   1.22400E+001
   8.46540E-002   1.08000E+001   1.22400E+001
   8.46854E-002   1.08000E+001   1.22400E+001
   8.47168E-002   1.08000E+001   1.22400E+001
   8.47482E-002   1.08000E+001   1.22400E+001
   8.47796E-002   1.08000E+001   1.22400E+001
   8.48110E-002   1.08000E+001   1.22400E+001
   8.48424E-002   1.08000E+001   1.22400E+001
   8.48738E-002   1.08000E+001   1.22400E+001
   8.49051E-002   1.08000E+001   1.22400E+001
   8.49365E-002   1.08000E+001   1.22400E+001
   8.49679E-002   1.08000E+001   1.22400E+001
   8.49993E-002   1.08000E+001   1.22400E+001
   8.50307E-002   1.08000E+001   1.22400E+001
   8.50621E-002   1.08000E+001   1.22400E+001
   8.50935E-002   1.08000E+001   1.22400E+001
   8.51249E-002   1.08000E+001   1.22400E+001
   8.51563E-002   1.08000E+001   1.22400E+001
   8.51876E-002   1.08000E+001   1.22400E+001
   8.52190E-002   1.08000E+001   1.22400E+001
   8.52504E-002   1.08000E+001   1.22400E+001
   8.52818E-002   1.08000E+001   1.22400E+001
   8.53132E-002   1.08000E+001   1.22400E+001
   8.53446E-002   1.08000E+001   1.22400E+001
   8.53760E-002   1.08000E+001   1.22400E+001
   8.54074E-002   1.08000E+001   1.22400E+001
   8.54388E-002   1.08000E+001   1.22400E+001
   8.54701E-002   1.08000E+001   1.22400E+001
   8.55015E-002   1.08000E+001   1.22400E+001
   8.55329E-002   1.08000E+001   1.22400E+001
   8.55643E-002   1.08000E+001   1.22400E+001
   8.55957E-002   1.08000E+001   1.22400E+001
   8.56271E-002   1.08000E+001   1.22400E+001
   8.56585E-002   1.08000E+001   1.22400E+001
   8.56899E-002   1.08000E+001   1.22400E+001
   8.57213E-002   1.08000E+001   1.22400E+001
   8.57526E-002   1.08000E+001   1.22400E+001
   8.57840E-002   1.08000E+001   1.22400E+001
   8.58154E-002   1.08000E+001   1.22400E+001
   8.58468E-002   1.08000E+001   1.22400E+001
   8.58782E-002   1.08000E+001   1.22400E+001
   8.59096E-002   1.08000E+001   1.22400E+001
   8.59410E-002   1.08000E+001   1.22400E+001
   8.59724E-002   1.08000E+001   1.22400E+001
   8.60038E-002   1.08000E+001   1.22400E+001
   8.60352E-002   1.08000E+001   1.22400E+001
   8.60665E-002   1.08000E+001   1.22400E+001
   8.60979E-002   1.08000E+001   1.22400E+001
   8.61293E-002   1.08000E+001   1.22400E+001
   8.61607E-002   1.08000E+001   1.22400E+001
   8.61921E-002   1.08000E+001   1.22400E+001
   8.62235E-002   1.08000E+001   1.22400E+001
   8.62549E-002   1.08000E+001   1.22400E+001
   8.62863E-002   1.08000E+001   1.22400E+001
   8.63177E-002   1.08000E+001   1.22400E+001
   8.63490E-002   1.08000E+001   1.22400E+001
   8.63804E-002   1.08000E+001   1.22400E+001
   8.64118E-002   1.08000E+001   1.22400E+001
   8.64432E-002   1.08000E+001   1.22400E+001
   8.64746E-002   1.08000E+001   1.22400E+001
   8.65060E-002   1.08000E+001   1.22400E+001
   8.65374E-002   1.08000E+001   1.22400E+001
   8.65688E-002   1.08000E+001   1.22400E+001
   8.66002E-002   1.08000E+001   1.22400E+001
   8.66315E-002   1.08000E+001   1.22400E+001
   8.66629E-002   1.08000E+001   1.22400E+001
   8.66943E-002   1.08000E+001   1.22400E+001
   8.67257E-002   1.08000E+001   1.22400E+001
   8.67571E-002   1.08000E+001   1.22400E+001
   8.67885E-002   1.08000E+001   1.24200E+001
   8.68199E-002   1.08000E+001   1.24200E+001
   8.68513E-002   1.08000E+001   1.24200E+001
   8.68827E-002   1.08000E+001   1.24200E+001
   8.69140E-002   1.08000E+001   1.24200E+001
   8.69454E-002   1.08000E+001   1.24200E+001
   8.69768E-002   1.08000E+001   1.24200E+001
   8.70082E-002   1.08000E+001   1.24200E+001
   8.70396E-002   1.08000E+001   1.24200E+001
   8.70710E-002   1.08000E+001   1.24200E+001
   8.71024E-002   1.08000E+001   1.24200E+001
   8.71338E-002   1.08000E+001   1.24200E+001
   8.71652E-002   1.08000E+001   1.24200E+001
   8.71966E-002   1.08000E+001   1.24200E+001
   8.72279E-002   1.08000E+001   1.24200E+001
   8.72593E-002   1.08000E+001   1.24200E+001
   8.72907E-002   1.08000E+001   1.24200E+001
   8.73221E-002   1.08000E+001   1.24200E+001
   8.73535E-002   1.08000E+001   1.24200E+001
   8.73849E-002   1.08000E+001   1.24200E+001
   8.74163E-002   1.08000E+001   1.24200E+001
   8.74477E-002   1.08000E+001   1.24200E+001
   8.74791E-002   1.08000E+001   1.24200E+001
   8.75104E-002   1.08000E+001   1.24200E+001
   8.75418E-002   1.08000E+001   1.24200E+001
   8.75732E-002   1.08000E+001   1.24200E+001
   8.76046E-002   1.08000E+001   1.24200E+001
   8.76360E-002   1.08000E+001   1.24200E+001
   8.76674E-002   1.08000E+001   1.24200E+001
   8.76988E-002   1.08000E+001   1.24200E+001
   8.77302E-002   1.08000E+001   1.24200E+001
   8.77616E-002   1.08000E+001   1.24200E+001
   8.77929E-002   1.08000E+001   1.24200E+001
   8.78243E-002   1.08000E+001   1.24200E+001
   8.78557E-002   1.08000E+001   1.24200E+001
   8.78871E-002   1.08000E+001   1.24200E+001
   8.79185E-002   1.08000E+001   1.24200E+001
   8.79499E-002   1.08000E+001   1.24200E+001
   8.79813E-002   1.08000E+001   1.24200E+001
   8.80127E-002   1.08000E+001   1.24200E+001
   8.80441E-002   1.08000E+001   1.24200E+001
   8.80754E-002   1.08000E+001   1.24200E+001
   8.81068E-002   1.08000E+001   1.24200E+001
   8.81382E-002   1.08000E+001   1.24200E+001
   8.81696E-002   1.08000E+001   1.24200E+001
   8.82010E-002   1.08000E+001   1.24200E+001
   8.82324E-002   1.08000E+001   1.24200E+001
   8.82638E-002   1.08000E+001   1.24200E+001
   8.82952E-002   1.08000E+001   1.24200E+001
   8.83266E-002   1.09800E+001   1.24200E+001
   8.83580E-002   1.09800E+001   1.24200E+001
   8.83893E-002   1.09800E+001   1.24200E+001
   8.84207E-002   1.09800E+001   1.24200E+001
   8.84521E-002   1.09800E+001   1.24200E+001
   8.84835E-002   1.09800E+001   1.24200E+001
   8.85149E-002   1.09800E+001   1.24200E+001
   8.85463E-002   1.09800E+001   1.24200E+001
   8.85777E-002   1.09800E+001   1.24200E+001
   8.86091E-002   1.09800E+001   1.24200E+001
   8.86405E-002   1.09800E+001   1.24200E+001
   8.86718E-002   1.09800E+001   1.24200E+001
   8.87032E-002   1.09800E+001   1.24200E+001
   8.87346E-002   1.09800E+001   1.24200E+001
   8.87660E-002   1.09800E+001   1.24200E+001
   8.87974E-002   1.09800E+001   1.24200E+001
   8.88288E-002   1.09800E+001   1.24200E+001
   8.88602E-002   1.09800E+001   1.24200E+001
   8.88916E-002   1.09800E+001   1.24200E+001
   8.89230E-002   1.09800E+001   1.24200E+001
   8.89543E-002   1.09800E+001   1.24200E+001
   8.89857E-002   1.09800E+001   1.24200E+001
   8.90171E-002   1.09800E+001   1.24200E+001
   8.90485E-002   1.09800E+001   1.24200E+001
   8.90799E-002   1.09800E+001   1.24200E+001
   8.91113E-002   1.09800E+001   1.24200E+001
   8.91427E-002   1.09800E+001   1.24200E+001
   8.91741E-002   1.09800E+001   1.24200E+001
   8.92055E-002   1.09800E+001   1.24200E+001
   8.92368E-002   1.09800E+001   1.24200E+001
   8.92682E-002   1.09800E+001   1.24200E+001
   8.92996E-002   1.09800E+001   1.24200E+001
   8.93310E-002   1.09800E+001   1.24200E+001
   8.93624E-002   1.09800E+001   1.24200E+001
   8.93938E-002   1.09800E+001   1.24200E+001
   8.94252E-002   1.09800E+001   1.24200E+001
   8.94566E-002   1.09800E+001   1.24200E+001
   8.94880E-002   1.09800E+001   1.24200E+001
   8.95194E-002   1.09800E+001   1.24200E+001
   8.95507E-002   1.09800E+001   1.24200E+001
   8.95821E-002   1.09800E+001   1.24200E+001
   8.96135E-002   1.09800E+001   1.24200E+001
   8.96449E-002   1.09800E+001   1.24200E+001
   8.96763E-002   1.09800E+001   1.24200E+001
   8.97077E-002   1.09800E+001   1.24200E+001
   8.97391E-002   1.09800E+001   1.24200E+001
   8.97705E-002   1.09800E+001   1.24200E+001
   8.98019E-002   1.09800E+001   1.24200E+001
   8.98332E-002   1.09800E+001   1.24200E+001
   8.98646E-002   1.09800E+001   1.24200E+001
   8.98960E-002   1.09800E+001   1.24200E+001
   8.99274E-002   1.09800E+001   1.24200E+001
   8.99588E-002   1.09800E+001   1.24200E+001
   8.99902E-002   1.09800E+001   1.24200E+001
   9.00216E-002   1.09800E+001   1.24200E+001
   9.00530E-002   1.09800E+001   1.24200E+001
   9.00844E-002   1.09800E+001   1.24200E+001
   9.01157E-002   1.09800E+001   1.24200E+001
   9.01471E-002   1.09800E+001   1.26000E+001
   9.01785E-002   1.09800E+001   1.26000E+001
   9.02099E-002   1.09800E+001   1.26000E+001
   9.02413E-002   1.09800E+001   1.26000E+001
   9.02727E-002   1.09800E+001   1.26000E+001
   9.03041E-002   1.09800E+001   1.26000E+001
   9.03355E-002   1.09800E+001   1.26000E+001
   9.03669E-002   1.09800E+001   1.26000E+001
   9.03982E-002   1.09800E+001   1.26000E+001
   9.04296E-002   1.09800E+001   1.26000E+001
   9.04610E-002   1.09800E+001   1.26000E+001
   9.04924E-002   1.09800E+001   1.26000E+001
   9.05238E-002   1.09800E+001   1.26000E+001
   9.05552E-002   1.09800E+001   1.26000E+001
   9.05866E-002   1.09800E+001   1.26000E+001
   9.06180E-002   1.09800E+001   1.26000E+001
   9.06494E-002   1.09800E+001   1.26000E+001
   9.06808E-002   1.09800E+001   1.26000E+001
   9.07121E-002   1.09800E+001   1.26000E+001
   9.07435E-002   1.09800E+001   1.26000E+001
   9.07749E-002   1.09800E+001   1.26000E+001
   9.08063E-002   1.09800E+001   1.26000E+001
   9.08377E-002   1.09800E+001   1.26000E+001
   9.08691E-002   1.09800E+001   1.26000E+001
   9.09005E-002   1.09800E+001   1.26000E+001
   9.09319E-002   1.09800E+001   1.26000E+001
   9.09633E-002   1.09800E+001   1.26000E+001
   9.09946E-002   1.09800E+001   1.26000E+001
   9.10260E-002   1.09800E+001   1.26000E+001
   9.10574E-002   1.09800E+001   1.26000E+001
   9.10888E-002   1.09800E+001   1.26000E+001
   9.11202E-002   1.09800E+001   1.26000E+001
   9.11516E-002   1.09800E+001   1.26000E+001
   9.11830E-002   1.09800E+001   1.26000E+001
   9.12144E-002   1.09800E+001   1.26000E+001
   9.12458E-002   1.09800E+001   1.26000E+001
   9.12771E-002   1.09800E+001   1.26000E+001
   9.13085E-002   1.09800E+001   1.26000E+001
   9.13399E-002   1.09800E+001   1.26000E+001
   9.13713E-002   1.09800E+001   1.26000E+001
   9.14027E-002   1.09800E+001   1.26000E+001
   9.14341E-002   1.09800E+001   1.26000E+001
   9.14655E-002   1.09800E+001   1.26000E+001
   9.14969E-002   1.09800E+001   1.26000E+001
   9.15283E-002   1.09800E+001   1.26000E+001
   9.15596E-002   1.09800E+001   1.26000E+001
   9.15910E-002   1.09800E+001   1.26000E+001
   9.16224E-002   1.09800E+001   1.26000E+001
   9.16538E-002   1.09800E+001   1.26000E+001
   9.16852E-002   1.09800E+001   1.26000E+001
   9.17166E-002   1.09800E+001   1.26000E+001
   9.17480E-002   1.09800E+001   1.26000E+001
   9.17794E-002   1.09800E+001   1.26000E+001
   9.18108E-002   1.09800E+001   1.26000E+001
   9.18421E-002   1.09800E+001   1.26000E+001
   9.18735E-002   1.09800E+001   1.26000E+001
   9.19049E-002   1.09800E+001   1.26000E+001
   9.19363E-002   1.09800E+001   1.26000E+001
   9.19677E-002   1.09800E+001   1.26000E+001
   9.19991E-002   1.09800E+001   1.26000E+001
   9.20305E-002   1.09800E+001   1.26000E+001
   9.20619E-002   1.09800E+001   1.26000E+001
   9.20933E-002   1.09800E+001   1.26000E+001
   9.21247E-002   1.09800E+001   1.26000E+001
   9.21560E-002   1.09800E+001   1.26000E+001
   9.21874E-002   1.09800E+001   1.26000E+001
   9.22188E-002   1.09800E+001   1.26000E+001
   9.22502E-002   1.09800E+001   1.26000E+001
   9.22816E-002   1.09800E+001   1.26000E+001
   9.23130E-002   1.09800E+001   1.26000E+001
   9.23444E-002   1.09800E+001   1.26000E+001
   9.23758E-002   1.11600E+001   1.26000E+001
   9.24072E-002   1.11600E+001   1.26000E+001
   9.24385E-002   1.11600E+001   1.26000E+001
   9.24699E-002   1.11600E+001   1.26000E+001
   9.25013E-002   1.11600E+001   1.26000E+001
   9.25327E-002   1.11600E+001   1.26000E+001
   9.25641E-002   1.11600E+001   1.26000E+001
   9.25955E-002   1.11600E+001   1.26000E+001
   9.26269E-002   1.11600E+001   1.26000E+001
   9.26583E-002   1.11600E+001   1.26000E+001
   9.26897E-002   1.11600E+001   1.26000E+001
   9.27210E-002   1.11600E+001   1.26000E+001
   9.27524E-002   1.11600E+001   1.26000E+001
   9.27838E-002   1.11600E+001   1.26000E+001
   9.28152E-002   1.11600E+001   1.26000E+001
   9.28466E-002   1.11600E+001   1.26000E+001
   9.28780E-002   1.11600E+001   1.26000E+001
   9.29094E-002   1.11600E+001   1.26000E+001
   9.29408E-002   1.11600E+001   1.26000E+001
   9.29722E-002   1.11600E+001   1.26000E+001
   9.30035E-002   1.11600E+001   1.26000E+001
   9.30349E-002   1.11600E+001   1.26000E+001
   9.30663E-002   1.11600E+001   1.26000E+001
   9.30977E-002   1.11600E+001   1.26000E+001
   9.31291E-002   1.11600E+001   1.26000E+001
   9.31605E-002   1.11600E+001   1.26000E+001
   9.31919E-002   1.11600E+001   1.26000E+001
   9.32233E-002   1.11600E+001   1.26000E+001
   9.32547E-002   1.11600E+001   1.26000E+001
   9.32861E-002   1.11600E+001   1.26000E+001
   9.33174E-002   1.11600E+001   1.26000E+001
   9.33488E-002   1.11600E+001   1.26000E+001
   9.33802E-002   1.11600E+001   1.26000E+001
   9.34116E-002   1.11600E+001   1.26000E+001
   9.34430E-002   1.11600E+001   1.26000E+001
   9.34744E-002   1.11600E+001   1.26000E+001
   9.35058E-002   1.11600E+001   1.26000E+001
   9.35372E-002   1.11600E+001   1.27800E+001
   9.35686E-002   1.11600E+001   1.27800E+001
   9.35999E-002   1.11600E+001   1.27800E+001
   9.36313E-002   1.11600E+001   1.27800E+001
   9.36627E-002   1.11600E+001   1.27800E+001
   9.36941E-002   1.11600E+001   1.27800E+001
   9.37255E-002   1.11600E+001   1.27800E+001
   9.37569E-002   1.11600E+001   1.27800E+001
   9.37883E-002   1.11600E+001   1.27800E+001
   9.38197E-002   1.11600E+001   1.27800E+001
   9.38511E-002   1.11600E+001   1.27800E+001
   9.38824E-002   1.11600E+001   1.27800E+001
   9.39138E-002   1.11600E+001   1.27800E+001
   9.39452E-002   1.11600E+001   1.27800E+001
   9.39766E-002   1.11600E+001   1.27800E+001
   9.40080E-002   1.11600E+001   1.27800E+001
   9.40394E-002   1.11600E+001   1.27800E+001
   9.40708E-002   1.11600E+001   1.27800E+001
   9.41022E-002   1.11600E+001   1.27800E+001
   9.41336E-002   1.11600E+001   1.27800E+001
   9.41649E-002   1.11600E+001   1.27800E+001
   9.41963E-002   1.11600E+001   1.27800E+001
   9.42277E-002   1.11600E+001   1.27800E+001
   9.42591E-002   1.11600E+001   1.27800E+001
   9.42905E-002   1.11600E+001   1.27800E+001
   9.43219E-002   1.11600E+001   1.27800E+001
   9.43533E-002   1.11600E+001   1.27800E+001
   9.43847E-002   1.11600E+001   1.27800E+001
   9.44161E-002   1.11600E+001   1.27800E+001
   9.44475E-002   1.11600E+001   1.27800E+001
   9.44788E-002   1.11600E+001   1.27800E+001
   9.45102E-002   1.11600E+001   1.27800E+001
   9.45416E-002   1.11600E+001   1.27800E+001
   9.45730E-002   1.11600E+001   1.27800E+001
   9.46044E-002   1.11600E+001   1.27800E+001
   9.46358E-002   1.11600E+001   1.27800E+001
   9.46672E-002   1.11600E+001   1.27800E+001
   9.46986E-002   1.11600E+001   1.27800E+001
   9.47300E-002   1.11600E+001   1.27800E+001
   9.47613E-002   1.11600E+001   1.27800E+001
   9.47927E-002   1.11600E+001   1.27800E+001
   9.48241E-002   1.11600E+001   1.27800E+001
   9.48555E-002   1.11600E+001   1.27800E+001
   9.48869E-002   1.11600E+001   1.27800E+001
   9.49183E-002   1.11600E+001   1.27800E+001
   9.49497E-002   1.11600E+001   1.27800E+001
   9.49811E-002   1.11600E+001   1.27800E+001
   9.50125E-002   1.11600E+001   1.27800E+001
   9.50438E-002   1.11600E+001   1.27800E+001
   9.50752E-002   1.11600E+001   1.27800E+001
   9.51066E-002   1.11600E+001   1.27800E+001
   9.51380E-002   1.11600E+001   1.27800E+001
   9.51694E-002   1.11600E+001   1.27800E+001
   9.52008E-002   1.11600E+001   1.27800E+001
   9.52322E-002   1.11600E+001   1.27800E+001
   9.52636E-002   1.11600E+001   1.27800E+001
   9.52950E-002   1.11600E+001   1.27800E+001
   9.53263E-002   1.11600E+001   1.27800E+001
   9.53577E-002   1.11600E+001   1.27800E+001
   9.53891E-002   1.11600E+001   1.27800E+001
   9.54205E-002   1.11600E+001   1.27800E+001
   9.54519E-002   1.11600E+001   1.27800E+001
   9.54833E-002   1.11600E+001   1.27800E+001
   9.55147E-002   1.11600E+001   1.27800E+001
   9.55461E-002   1.11600E+001   1.27800E+001
   9.55775E-002   1.11600E+001   1.27800E+001
   9.56089E-002   1.11600E+001   1.27800E+001
   9.56402E-002   1.11600E+001   1.27800E+001
   9.56716E-002   1.11600E+001   1.27800E+001
   9.57030E-002   1.11600E+001   1.27800E+001
   9.57344E-002   1.11600E+001   1.27800E+001
   9.57658E-002   1.11600E+001   1.27800E+001
   9.57972E-002   1.11600E+001   1.27800E+001
   9.58286E-002   1.11600E+001   1.27800E+001
   9.58600E-002   1.11600E+001   1.27800E+001
   9.58914E-002   1.11600E+001   1.27800E+001
   9.59227E-002   1.11600E+001   1.27800E+001
   9.59541E-002   1.11600E+001   1.27800E+001
   9.59855E-002   1.11600E+001   1.27800E+001
   9.60169E-002   1.11600E+001   1.27800E+001
   9.60483E-002   1.11600E+001   1.27800E+001
   9.60797E-002   1.11600E+001   1.27800E+001
   9.61111E-002   1.11600E+001   1.27800E+001
   9.61425E-002   1.11600E+001   1.27800E+001
   9.61739E-002   1.11600E+001   1.27800E+001
   9.62052E-002   1.11600E+001   1.27800E+001
   9.62366E-002   1.11600E+001   1.27800E+001
   9.62680E-002   1.11600E+001   1.27800E+001
   9.62994E-002   1.11600E+001   1.27800E+001
   9.63308E-002   1.11600E+001   1.27800E+001
   9.63622E-002   1.11600E+001   1.27800E+001
   9.63936E-002   1.11600E+001   1.27800E+001
   9.64250E-002   1.11600E+001   1.27800E+001
   9.64564E-002   1.13400E+001   1.27800E+001
   9.64877E-002   1.13400E+001   1.27800E+001
   9.65191E-002   1.13400E+001   1.27800E+001
   9.65505E-002   1.13400E+001   1.27800E+001
   9.65819E-002   1.13400E+001   1.27800E+001
   9.66133E-002   1.13400E+001   1.27800E+001
   9.66447E-002   1.13400E+001   1.27800E+001
   9.66761E-002   1.13400E+001   1.27800E+001
   9.67075E-002   1.13400E+001   1.27800E+001
   9.67389E-002   1.13400E+001   1.27800E+001
   9.67703E-002   1.13400E+001   1.27800E+001
   9.68016E-002   1.13400E+001   1.27800E+001
   9.68330E-002   1.13400E+001   1.27800E+001
   9.68644E-002   1.13400E+001   1.27800E+001
   9.68958E-002   1.13400E+001   1.27800E+001
   9.69272E-002   1.13400E+001   1.27800E+001
   9.69586E-002   1.13400E+001   1.27800E+001
   9.69900E-002   1.13400E+001   1.29600E+001
   9.70214E-002   1.13400E+001   1.29600E+001
   9.70528E-002   1.13400E+001   1.29600E+001
   9.70841E-002   1.13400E+001   1.29600E+001
   9.71155E-002   1.13400E+001   1.29600E+001
   9.71469E-002   1.13400E+001   1.29600E+001
   9.71783E-002   1.13400E+001   1.29600E+001
   9.72097E-002   1.13400E+001   1.29600E+001
   9.72411E-002   1.13400E+001   1.29600E+001
   9.72725E-002   1.13400E+001   1.29600E+001
   9.73039E-002   1.13400E+001   1.29600E+001
   9.73353E-002   1.13400E+001   1.29600E+001
   9.73666E-002   1.13400E+001   1.29600E+001
   9.73980E-002   1.13400E+001   1.29600E+001
   9.74294E-002   1.13400E+001   1.29600E+001
   9.74608E-002   1.13400E+001   1.29600E+001
   9.74922E-002   1.13400E+001   1.29600E+001
   9.75236E-002   1.13400E+001   1.29600E+001
   9.75550E-002   1.13400E+001   1.29600E+001
   9.75864E-002   1.13400E+001   1.29600E+001
   9.76178E-002   1.13400E+001   1.29600E+001
   9.76491E-002   1.13400E+001   1.29600E+001
   9.76805E-002   1.13400E+001   1.29600E+001
   9.77119E-002   1.13400E+001   1.29600E+001
   9.77433E-002   1.13400E+001   1.29600E+001
   9.77747E-002   1.13400E+001   1.29600E+001
   9.78061E-002   1.13400E+001   1.29600E+001
   9.78375E-002   1.13400E+001   1.29600E+001
   9.78689E-002   1.13400E+001   1.29600E+001
   9.79003E-002   1.13400E+001   1.29600E+001
   9.79317E-002   1.13400E+001   1.29600E+001
   9.79630E-002   1.13400E+001   1.29600E+001
   9.79944E-002   1.13400E+001   1.29600E+001
   9.80258E-002   1.13400E+001   1.29600E+001
   9.80572E-002   1.13400E+001   1.29600E+001
   9.80886E-002   1.13400E+001   1.29600E+001
   9.81200E-002   1.13400E+001   1.29600E+001
   9.81514E-002   1.13400E+001   1.29600E+001
   9.81828E-002   1.13400E+001   1.29600E+001
   9.82142E-002   1.13400E+001   1.29600E+001
   9.82455E-002   1.13400E+001   1.29600E+001
   9.82769E-002   1.13400E+001   1.29600E+001
   9.83083E-002   1.13400E+001   1.29600E+001
   9.83397E-002   1.13400E+001   1.29600E+001
   9.83711E-002   1.13400E+001   1.29600E+001
   9.84025E-002   1.13400E+001   1.29600E+001
   9.84339E-002   1.13400E+001   1.29600E+001
   9.84653E-002   1.13400E+001   1.29600E+001
   9.84967E-002   1.13400E+001   1.29600E+001
   9.85280E-002   1.13400E+001   1.29600E+001
   9.85594E-002   1.13400E+001   1.29600E+001
   9.85908E-002   1.13400E+001   1.29600E+001
   9.86222E-002   1.13400E+001   1.29600E+001
   9.86536E-002   1.13400E+001   1.29600E+001
   9.86850E-002   1.13400E+001   1.29600E+001
   9.87164E-002   1.13400E+001   1.29600E+001
   9.87478E-002   1.13400E+001   1.29600E+001
   9.87792E-002   1.13400E+001   1.29600E+001
   9.88105E-002   1.13400E+001   1.29600E+001
   9.88419E-002   1.13400E+001   1.29600E+001
   9.88733E-002   1.13400E+001   1.29600E+001
   9.89047E-002   1.13400E+001   1.29600E+001
   9.89361E-002   1.13400E+001   1.29600E+001
   9.89675E-002   1.13400E+001   1.29600E+001
   9.89989E-002   1.13400E+001   1.29600E+001
   9.90303E-002   1.13400E+001   1.29600E+001
   9.90617E-002   1.13400E+001   1.29600E+001
   9.90931E-002   1.13400E+001   1.29600E+001
   9.91244E-002   1.13400E+001   1.29600E+001
   9.91558E-002   1.13400E+001   1.29600E+001
   9.91872E-002   1.13400E+001   1.29600E+001
   9.92186E-002   1.13400E+001   1.29600E+001
   9.92500E-002   1.13400E+001   1.29600E+001
   9.92814E-002   1.13400E+001   1.29600E+001
   9.93128E-002   1.13400E+001   1.29600E+001
   9.93442E-002   1.13400E+001   1.29600E+001
   9.93756E-002   1.13400E+001   1.29600E+001
   9.94069E-002   1.13400E+001   1.29600E+001
   9.94383E-002   1.13400E+001   1.29600E+001
   9.94697E-002   1.13400E+001   1.29600E+001
   9.95011E-002   1.13400E+001   1.29600E+001
   9.95325E-002   1.13400E+001   1.29600E+001
   9.95639E-002   1.13400E+001   1.29600E+001
   9.95953E-002   1.13400E+001   1.29600E+001
   9.96267E-002   1.13400E+001   1.29600E+001
   9.96581E-002   1.13400E+001   1.29600E+001
   9.96894E-002   1.13400E+001   1.29600E+001
   9.97208E-002   1.13400E+001   1.29600E+001
   9.97522E-002   1.13400E+001   1.29600E+001
   9.97836E-002   1.13400E+001   1.29600E+001
   9.98150E-002   1.13400E+001   1.29600E+001
   9.98464E-002   1.13400E+001   1.29600E+001
   9.98778E-002   1.13400E+001   1.29600E+001
   9.99092E-002   1.13400E+001   1.29600E+001
   9.99406E-002   1.13400E+001   1.29600E+001
   9.99719E-002   1.13400E+001   1.29600E+001
   1.00003E-001   1.13400E+001   1.29600E+001
   1.00035E-001   1.13400E+001   1.29600E+001
   1.00066E-001   1.13400E+001   1.29600E+001
   1.00098E-001   1.13400E+001   1.29600E+001
   1.00129E-001   1.13400E+001   1.29600E+001
   1.00160E-001   1.13400E+001   1.29600E+001
   1.00192E-001   1.13400E+001   1.29600E+001
   1.00223E-001   1.13400E+001   1.29600E+001
   1.00254E-001   1.13400E+001   1.29600E+001
   1.00286E-001   1.13400E+001   1.29600E+001
   1.00317E-001   1.13400E+001   1.29600E+001
   1.00349E-001   1.13400E+001   1.29600E+001
   1.00380E-001   1.13400E+001   1.29600E+001
   1.00411E-001   1.13400E+001   1.29600E+001
   1.00443E-001   1.13400E+001   1.29600E+001
   1.00474E-001   1.13400E+001   1.31400E+001
   1.00506E-001   1.13400E+001   1.31400E+001
   1.00537E-001   1.13400E+001   1.31400E+001
   1.00568E-001   1.13400E+001   1.31400E+001
   1.00600E-001   1.13400E+001   1.31400E+001
   1.00631E-001   1.13400E+001   1.31400E+001
   1.00663E-001   1.15200E+001   1.31400E+001
   1.00694E-001   1.15200E+001   1.31400E+001
   1.00725E-001   1.15200E+001   1.31400E+001
   1.00757E-001   1.15200E+001   1.31400E+001
   1.00788E-001   1.15200E+001   1.31400E+001
   1.00819E-001   1.15200E+001   1.31400E+001
   1.00851E-001   1.15200E+001   1.31400E+001
   1.00882E-001   1.15200E+001   1.31400E+001
   1.00914E-001   1.15200E+001   1.31400E+001
   1.00945E-001   1.15200E+001   1.31400E+001
   1.00976E-001   1.15200E+001   1.31400E+001
   1.01008E-001   1.15200E+001   1.31400E+001
   1.01039E-001   1.15200E+001   1.31400E+001
   1.01071E-001   1.15200E+001   1.31400E+001
   1.01102E-001   1.15200E+001   1.31400E+001
   1.01133E-001   1.15200E+001   1.31400E+001
   1.01165E-001   1.15200E+001   1.31400E+001
   1.01196E-001   1.15200E+001   1.31400E+001
   1.01228E-001   1.15200E+001   1.31400E+001
   1.01259E-001   1.15200E+001   1.31400E+001
   1.01290E-001   1.15200E+001   1.31400E+001
   1.01322E-001   1.15200E+001   1.31400E+001
   1.01353E-001   1.15200E+001   1.31400E+001
   1.01384E-001   1.15200E+001   1.31400E+001
   1.01416E-001   1.15200E+001   1.31400E+001
   1.01447E-001   1.15200E+001   1.31400E+001
   1.01479E-001   1.15200E+001   1.31400E+001
   1.01510E-001   1.15200E+001   1.31400E+001
   1.01541E-001   1.15200E+001   1.31400E+001
   1.01573E-001   1.15200E+001   1.31400E+001
   1.01604E-001   1.15200E+001   1.31400E+001
   1.01636E-001   1.15200E+001   1.31400E+001
   1.01667E-001   1.15200E+001   1.31400E+001
   1.01698E-001   1.15200E+001   1.31400E+001
   1.01730E-001   1.15200E+001   1.31400E+001
   1.01761E-001   1.15200E+001   1.31400E+001
   1.01793E-001   1.15200E+001   1.31400E+001
   1.01824E-001   1.15200E+001   1.31400E+001
   1.01855E-001   1.15200E+001   1.31400E+001
   1.01887E-001   1.15200E+001   1.31400E+001
   1.01918E-001   1.15200E+001   1.31400E+001
   1.01949E-001   1.15200E+001   1.31400E+001
   1.01981E-001   1.15200E+001   1.31400E+001
   1.02012E-001   1.15200E+001   1.31400E+001
   1.02044E-001   1.15200E+001   1.31400E+001
   1.02075E-001   1.15200E+001   1.31400E+001
   1.02106E-001   1.15200E+001   1.31400E+001
   1.02138E-001   1.15200E+001   1.31400E+001
   1.02169E-001   1.15200E+001   1.31400E+001
   1.02201E-001   1.15200E+001   1.31400E+001
   1.02232E-001   1.15200E+001   1.31400E+001
   1.02263E-001   1.15200E+001   1.31400E+001
   1.02295E-001   1.15200E+001   1.31400E+001
   1.02326E-001   1.15200E+001   1.31400E+001
   1.02358E-001   1.15200E+001   1.31400E+001
   1.02389E-001   1.15200E+001   1.31400E+001
   1.02420E-001   1.15200E+001   1.31400E+001
   1.02452E-001   1.15200E+001   1.31400E+001
   1.02483E-001   1.15200E+001   1.31400E+001
   1.02514E-001   1.15200E+001   1.31400E+001
   1.02546E-001   1.15200E+001   1.31400E+001
   1.02577E-001   1.15200E+001   1.31400E+001
   1.02609E-001   1.15200E+001   1.31400E+001
   1.02640E-001   1.15200E+001   1.31400E+001
   1.02671E-001   1.15200E+001   1.31400E+001
   1.02703E-001   1.15200E+001   1.31400E+001
   1.02734E-001   1.15200E+001   1.31400E+001
   1.02766E-001   1.15200E+001   1.31400E+001
   1.02797E-001   1.15200E+001   1.31400E+001
   1.02828E-001   1.15200E+001   1.31400E+001
   1.02860E-001   1.15200E+001   1.31400E+001
   1.02891E-001   1.15200E+001   1.31400E+001
   1.02923E-001   1.15200E+001   1.31400E+001
   1.02954E-001   1.15200E+001   1.31400E+001
   1.02985E-001   1.15200E+001   1.31400E+001
   1.03017E-001   1.15200E+001   1.31400E+001
   1.03048E-001   1.15200E+001   1.31400E+001
   1.03079E-001   1.15200E+001   1.31400E+001
   1.03111E-001   1.15200E+001   1.31400E+001
   1.03142E-001   1.15200E+001   1.31400E+001
   1.03174E-001   1.15200E+001   1.31400E+001
   1.03205E-001   1.15200E+001   1.31400E+001
   1.03236E-001   1.15200E+001   1.31400E+001
   1.03268E-001   1.15200E+001   1.31400E+001
   1.03299E-001   1.15200E+001   1.31400E+001
   1.03331E-001   1.15200E+001   1.31400E+001
   1.03362E-001   1.15200E+001   1.31400E+001
   1.03393E-001   1.15200E+001   1.31400E+001
   1.03425E-001   1.15200E+001   1.31400E+001
   1.03456E-001   1.15200E+001   1.31400E+001
   1.03488E-001   1.15200E+001   1.31400E+001
   1.03519E-001   1.15200E+001   1.31400E+001
   1.03550E-001   1.15200E+001   1.31400E+001
   1.03582E-001   1.15200E+001   1.31400E+001
   1.03613E-001   1.15200E+001   1.31400E+001
   1.03644E-001   1.15200E+001   1.31400E+001
   1.03676E-001   1.15200E+001   1.31400E+001
   1.03707E-001   1.15200E+001   1.31400E+001
   1.03739E-001   1.15200E+001   1.31400E+001
   1.03770E-001   1.15200E+001   1.31400E+001
   1.03801E-001   1.15200E+001   1.31400E+001
   1.03833E-001   1.15200E+001   1.31400E+001
   1.03864E-001   1.15200E+001   1.31400E+001
   1.03896E-001   1.15200E+001   1.31400E+001
   1.03927E-001   1.15200E+001   1.31400E+001
   1.03958E-001   1.15200E+001   1.31400E+001
   1.03990E-001   1.15200E+001   1.31400E+001
   1.04021E-001   1.15200E+001   1.33200E+001
   1.04053E-001   1.15200E+001   1.33200E+001
   1.04084E-001   1.15200E+001   1.33200E+001
   1.04115E-001   1.15200E+001   1.33200E+001
   1.04147E-001   1.15200E+001   1.33200E+001
   1.04178E-001   1.15200E+001   1.33200E+001
   1.04209E-001   1.15200E+001   1.33200E+001
   1.04241E-001   1.15200E+001   1.33200E+001
   1.04272E-001   1.15200E+001   1.33200E+001
   1.04304E-001   1.15200E+001   1.33200E+001
   1.04335E-001   1.15200E+001   1.33200E+001
   1.04366E-001   1.15200E+001   1.33200E+001
   1.04398E-001   1.15200E+001   1.33200E+001
   1.04429E-001   1.15200E+001   1.33200E+001
   1.04461E-001   1.15200E+001   1.33200E+001
   1.04492E-001   1.15200E+001   1.33200E+001
   1.04523E-001   1.15200E+001   1.33200E+001
   1.04555E-001   1.15200E+001   1.33200E+001
   1.04586E-001   1.15200E+001   1.33200E+001
   1.04618E-001   1.15200E+001   1.33200E+001
   1.04649E-001   1.15200E+001   1.33200E+001
   1.04680E-001   1.15200E+001   1.33200E+001
   1.04712E-001   1.15200E+001   1.33200E+001
   1.04743E-001   1.15200E+001   1.33200E+001
   1.04774E-001   1.15200E+001   1.33200E+001
   1.04806E-001   1.15200E+001   1.33200E+001
   1.04837E-001   1.15200E+001   1.33200E+001
   1.04869E-001   1.15200E+001   1.33200E+001
   1.04900E-001   1.15200E+001   1.33200E+001
   1.04931E-001   1.17000E+001   1.33200E+001
   1.04963E-001   1.17000E+001   1.33200E+001
   1.04994E-001   1.17000E+001   1.33200E+001
   1.05026E-001   1.17000E+001   1.33200E+001
   1.05057E-001   1.17000E+001   1.33200E+001
   1.05088E-001   1.17000E+001   1.33200E+001
   1.05120E-001   1.17000E+001   1.33200E+001
   1.05151E-001   1.17000E+001   1.33200E+001
   1.05183E-001   1.17000E+001   1.33200E+001
   1.05214E-001   1.17000E+001   1.33200E+001
   1.05245E-001   1.17000E+001   1.33200E+001
   1.05277E-001   1.17000E+001   1.33200E+001
   1.05308E-001   1.17000E+001   1.33200E+001
   1.05339E-001   1.17000E+001   1.33200E+001
   1.05371E-001   1.17000E+001   1.33200E+001
   1.05402E-001   1.17000E+001   1.33200E+001
   1.05434E-001   1.17000E+001   1.33200E+001
   1.05465E-001   1.17000E+001   1.33200E+001
   1.05496E-001   1.17000E+001   1.33200E+001
   1.05528E-001   1.17000E+001   1.33200E+001
   1.05559E-001   1.17000E+001   1.33200E+001
   1.05591E-001   1.17000E+001   1.33200E+001
   1.05622E-001   1.17000E+001   1.33200E+001
   1.05653E-001   1.17000E+001   1.33200E+001
   1.05685E-001   1.17000E+001   1.33200E+001
   1.05716E-001   1.17000E+001   1.33200E+001
   1.05748E-001   1.17000E+001   1.33200E+001
   1.05779E-001   1.17000E+001   1.33200E+001
   1.05810E-001   1.17000E+001   1.33200E+001
   1.05842E-001   1.17000E+001   1.33200E+001
   1.05873E-001   1.17000E+001   1.33200E+001
   1.05905E-001   1.17000E+001   1.33200E+001
   1.05936E-001   1.17000E+001   1.33200E+001
   1.05967E-001   1.17000E+001   1.33200E+001
   1.05999E-001   1.17000E+001   1.33200E+001
   1.06030E-001   1.17000E+001   1.33200E+001
   1.06061E-001   1.17000E+001   1.33200E+001
   1.06093E-001   1.17000E+001   1.33200E+001
   1.06124E-001   1.17000E+001   1.33200E+001
   1.06156E-001   1.17000E+001   1.33200E+001
   1.06187E-001   1.17000E+001   1.33200E+001
   1.06218E-001   1.17000E+001   1.33200E+001
   1.06250E-001   1.17000E+001   1.33200E+001
   1.06281E-001   1.17000E+001   1.33200E+001
   1.06313E-001   1.17000E+001   1.33200E+001
   1.06344E-001   1.17000E+001   1.33200E+001
   1.06375E-001   1.17000E+001   1.33200E+001
   1.06407E-001   1.17000E+001   1.33200E+001
   1.06438E-001   1.17000E+001   1.33200E+001
   1.06470E-001   1.17000E+001   1.33200E+001
   1.06501E-001   1.17000E+001   1.33200E+001
   1.06532E-001   1.17000E+001   1.33200E+001
   1.06564E-001   1.17000E+001   1.33200E+001
   1.06595E-001   1.17000E+001   1.33200E+001
   1.06626E-001   1.17000E+001   1.33200E+001
   1.06658E-001   1.17000E+001   1.33200E+001
   1.06689E-001   1.17000E+001   1.33200E+001
   1.06721E-001   1.17000E+001   1.33200E+001
   1.06752E-001   1.17000E+001   1.33200E+001
   1.06783E-001   1.17000E+001   1.33200E+001
   1.06815E-001   1.17000E+001   1.33200E+001
   1.06846E-001   1.17000E+001   1.33200E+001
   1.06878E-001   1.17000E+001   1.33200E+001
   1.06909E-001   1.17000E+001   1.33200E+001
   1.06940E-001   1.17000E+001   1.33200E+001
   1.06972E-001   1.17000E+001   1.33200E+001
   1.07003E-001   1.17000E+001   1.33200E+001
   1.07035E-001   1.17000E+001   1.33200E+001
   1.07066E-001   1.17000E+001   1.33200E+001
   1.07097E-001   1.17000E+001   1.33200E+001
   1.07129E-001   1.17000E+001   1.33200E+001
   1.07160E-001   1.17000E+001   1.33200E+001
   1.07191E-001   1.17000E+001   1.33200E+001
   1.07223E-001   1.17000E+001   1.33200E+001
   1.07254E-001   1.17000E+001   1.33200E+001
   1.07286E-001   1.17000E+001   1.33200E+001
   1.07317E-001   1.17000E+001   1.33200E+001
   1.07348E-001   1.17000E+001   1.33200E+001
   1.07380E-001   1.17000E+001   1.33200E+001
   1.07411E-001   1.17000E+001   1.33200E+001
   1.07443E-001   1.17000E+001   1.33200E+001
   1.07474E-001   1.17000E+001   1.33200E+001
   1.07505E-001   1.17000E+001   1.33200E+001
   1.07537E-001   1.17000E+001   1.33200E+001
   1.07568E-001   1.17000E+001   1.33200E+001
   1.07600E-001   1.17000E+001   1.33200E+001
   1.07631E-001   1.17000E+001   1.35000E+001
   1.07662E-001   1.17000E+001   1.35000E+001
   1.07694E-001   1.17000E+001   1.35000E+001
   1.07725E-001   1.17000E+001   1.35000E+001
   1.07756E-001   1.17000E+001   1.35000E+001
   1.07788E-001   1.17000E+001   1.35000E+001
   1.07819E-001   1.17000E+001   1.35000E+001
   1.07851E-001   1.17000E+001   1.35000E+001
   1.07882E-001   1.17000E+001   1.35000E+001
   1.07913E-001   1.17000E+001   1.35000E+001
   1.07945E-001   1.17000E+001   1.35000E+001
   1.07976E-001   1.17000E+001   1.35000E+001
   1.08008E-001   1.17000E+001   1.35000E+001
   1.08039E-001   1.17000E+001   1.35000E+001
   1.08070E-001   1.17000E+001   1.35000E+001
   1.08102E-001   1.17000E+001   1.35000E+001
   1.08133E-001   1.17000E+001   1.35000E+001
   1.08165E-001   1.17000E+001   1.35000E+001
   1.08196E-001   1.17000E+001   1.35000E+001
   1.08227E-001   1.17000E+001   1.35000E+001
   1.08259E-001   1.17000E+001   1.35000E+001
   1.08290E-001   1.17000E+001   1.35000E+001
   1.08321E-001   1.17000E+001   1.35000E+001
   1.08353E-001   1.17000E+001   1.35000E+001
   1.08384E-001   1.17000E+001   1.35000E+001
   1.08416E-001   1.17000E+001   1.35000E+001
   1.08447E-001   1.17000E+001   1.35000E+001
   1.08478E-001   1.17000E+001   1.35000E+001
   1.08510E-001   1.17000E+001   1.35000E+001
   1.08541E-001   1.17000E+001   1.35000E+001
   1.08573E-001   1.17000E+001   1.35000E+001
   1.08604E-001   1.17000E+001   1.35000E+001
   1.08635E-001   1.17000E+001   1.35000E+001
   1.08667E-001   1.17000E+001   1.35000E+001
   1.08698E-001   1.17000E+001   1.35000E+001
   1.08730E-001   1.17000E+001   1.35000E+001
   1.08761E-001   1.17000E+001   1.35000E+001
   1.08792E-001   1.17000E+001   1.35000E+001
   1.08824E-001   1.17000E+001   1.35000E+001
   1.08855E-001   1.17000E+001   1.35000E+001
   1.08886E-001   1.17000E+001   1.35000E+001
   1.08918E-001   1.17000E+001   1.35000E+001
   1.08949E-001   1.17000E+001   1.35000E+001
   1.08981E-001   1.17000E+001   1.35000E+001
   1.09012E-001   1.17000E+001   1.35000E+001
   1.09043E-001   1.17000E+001   1.35000E+001
   1.09075E-001   1.17000E+001   1.35000E+001
   1.09106E-001   1.17000E+001   1.35000E+001
   1.09138E-001   1.17000E+001   1.35000E+001
   1.09169E-001   1.17000E+001   1.35000E+001
   1.09200E-001   1.17000E+001   1.35000E+001
   1.09232E-001   1.17000E+001   1.35000E+001
   1.09263E-001   1.17000E+001   1.35000E+001
   1.09295E-001   1.18800E+001   1.35000E+001
   1.09326E-001   1.18800E+001   1.35000E+001
   1.09357E-001   1.18800E+001   1.35000E+001
   1.09389E-001   1.18800E+001   1.35000E+001
   1.09420E-001   1.18800E+001   1.35000E+001
   1.09451E-001   1.18800E+001   1.35000E+001
   1.09483E-001   1.18800E+001   1.35000E+001
   1.09514E-001   1.18800E+001   1.35000E+001
   1.09546E-001   1.18800E+001   1.35000E+001
   1.09577E-001   1.18800E+001   1.35000E+001
   1.09608E-001   1.18800E+001   1.35000E+001
   1.09640E-001   1.18800E+001   1.35000E+001
   1.09671E-001   1.18800E+001   1.35000E+001
   1.09703E-001   1.18800E+001   1.35000E+001
   1.09734E-001   1.18800E+001   1.35000E+001
   1.09765E-001   1.18800E+001   1.35000E+001
   1.09797E-001   1.18800E+001   1.35000E+001
   1.09828E-001   1.18800E+001   1.35000E+001
   1.09860E-001   1.18800E+001   1.35000E+001
   1.09891E-001   1.18800E+001   1.35000E+001
   1.09922E-001   1.18800E+001   1.35000E+001
   1.09954E-001   1.18800E+001   1.35000E+001
   1.09985E-001   1.18800E+001   1.35000E+001
   1.10016E-001   1.18800E+001   1.35000E+001
   1.10048E-001   1.18800E+001   1.35000E+001
   1.10079E-001   1.18800E+001   1.35000E+001
   1.10111E-001   1.18800E+001   1.35000E+001
   1.10142E-001   1.18800E+001   1.35000E+001
   1.10173E-001   1.18800E+001   1.35000E+001
   1.10205E-001   1.18800E+001   1.35000E+001
   1.10236E-001   1.18800E+001   1.35000E+001
   1.10268E-001   1.18800E+001   1.35000E+001
   1.10299E-001   1.18800E+001   1.35000E+001
   1.10330E-001   1.18800E+001   1.35000E+001
   1.10362E-001   1.18800E+001   1.35000E+001
   1.10393E-001   1.18800E+001   1.35000E+001
   1.10425E-001   1.18800E+001   1.35000E+001
   1.10456E-001   1.18800E+001   1.35000E+001
   1.10487E-001   1.18800E+001   1.35000E+001
   1.10519E-001   1.18800E+001   1.35000E+001
   1.10550E-001   1.18800E+001   1.35000E+001
   1.10581E-001   1.18800E+001   1.35000E+001
   1.10613E-001   1.18800E+001   1.35000E+001
   1.10644E-001   1.18800E+001   1.35000E+001
   1.10676E-001   1.18800E+001   1.35000E+001
   1.10707E-001   1.18800E+001   1.35000E+001
   1.10738E-001   1.18800E+001   1.35000E+001
   1.10770E-001   1.18800E+001   1.35000E+001
   1.10801E-001   1.18800E+001   1.35000E+001
   1.10833E-001   1.18800E+001   1.35000E+001
   1.10864E-001   1.18800E+001   1.35000E+001
   1.10895E-001   1.18800E+001   1.35000E+001
   1.10927E-001   1.18800E+001   1.35000E+001
   1.10958E-001   1.18800E+001   1.35000E+001
   1.10990E-001   1.18800E+001   1.35000E+001
   1.11021E-001   1.18800E+001   1.35000E+001
   1.11052E-001   1.18800E+001   1.35000E+001
   1.11084E-001   1.18800E+001   1.35000E+001
   1.11115E-001   1.18800E+001   1.35000E+001
   1.11146E-001   1.18800E+001   1.35000E+001
   1.11178E-001   1.18800E+001   1.35000E+001
   1.11209E-001   1.18800E+001   1.35000E+001
   1.11241E-001   1.18800E+001   1.35000E+001
   1.11272E-001   1.18800E+001   1.36800E+001
   1.11303E-001   1.18800E+001   1.36800E+001
   1.11335E-001   1.18800E+001   1.36800E+001
   1.11366E-001   1.18800E+001   1.36800E+001
   1.11398E-001   1.18800E+001   1.36800E+001
   1.11429E-001   1.18800E+001   1.36800E+001
   1.11460E-001   1.18800E+001   1.36800E+001
   1.11492E-001   1.18800E+001   1.36800E+001
   1.11523E-001   1.18800E+001   1.36800E+001
   1.11555E-001   1.18800E+001   1.36800E+001
   1.11586E-001   1.18800E+001   1.36800E+001
   1.11617E-001   1.18800E+001   1.36800E+001
   1.11649E-001   1.18800E+001   1.36800E+001
   1.11680E-001   1.18800E+001   1.36800E+001
   1.11712E-001   1.18800E+001   1.36800E+001
   1.11743E-001   1.18800E+001   1.36800E+001
   1.11774E-001   1.18800E+001   1.36800E+001
   1.11806E-001   1.18800E+001   1.36800E+001
   1.11837E-001   1.18800E+001   1.36800E+001
   1.11868E-001   1.18800E+001   1.36800E+001
   1.11900E-001   1.18800E+001   1.36800E+001
   1.11931E-001   1.18800E+001   1.36800E+001
   1.11963E-001   1.18800E+001   1.36800E+001
   1.11994E-001   1.18800E+001   1.36800E+001
   1.12025E-001   1.18800E+001   1.36800E+001
   1.12057E-001   1.18800E+001   1.36800E+001
   1.12088E-001   1.18800E+001   1.36800E+001
   1.12120E-001   1.18800E+001   1.36800E+001
   1.12151E-001   1.18800E+001   1.36800E+001
   1.12182E-001   1.18800E+001   1.36800E+001
   1.12214E-001   1.18800E+001   1.36800E+001
   1.12245E-001   1.18800E+001   1.36800E+001
   1.12277E-001   1.18800E+001   1.36800E+001
   1.12308E-001   1.18800E+001   1.36800E+001
   1.12339E-001   1.18800E+001   1.36800E+001
   1.12371E-001   1.18800E+001   1.36800E+001
   1.12402E-001   1.18800E+001   1.36800E+001
   1.12433E-001   1.18800E+001   1.36800E+001
   1.12465E-001   1.18800E+001   1.36800E+001
   1.12496E-001   1.18800E+001   1.36800E+001
   1.12528E-001   1.18800E+001   1.36800E+001
   1.12559E-001   1.18800E+001   1.36800E+001
   1.12590E-001   1.18800E+001   1.36800E+001
   1.12622E-001   1.18800E+001   1.36800E+001
   1.12653E-001   1.18800E+001   1.36800E+001
   1.12685E-001   1.18800E+001   1.36800E+001
   1.12716E-001   1.18800E+001   1.36800E+001
   1.12747E-001   1.18800E+001   1.36800E+001
   1.12779E-001   1.18800E+001   1.36800E+001
   1.12810E-001   1.18800E+001   1.36800E+001
   1.12842E-001   1.18800E+001   1.36800E+001
   1.12873E-001   1.18800E+001   1.36800E+001
   1.12904E-001   1.18800E+001   1.36800E+001
   1.12936E-001   1.18800E+001   1.36800E+001
   1.12967E-001   1.18800E+001   1.36800E+001
   1.12998E-001   1.18800E+001   1.36800E+001
   1.13030E-001   1.18800E+001   1.36800E+001
   1.13061E-001   1.18800E+001   1.36800E+001
   1.13093E-001   1.18800E+001   1.36800E+001
   1.13124E-001   1.18800E+001   1.36800E+001
   1.13155E-001   1.18800E+001   1.36800E+001
   1.13187E-001   1.18800E+001   1.36800E+001
   1.13218E-001   1.18800E+001   1.36800E+001
   1.13250E-001   1.18800E+001   1.36800E+001
   1.13281E-001   1.18800E+001   1.36800E+001
   1.13312E-001   1.18800E+001   1.36800E+001
   1.13344E-001   1.18800E+001   1.36800E+001
   1.13375E-001   1.18800E+001   1.36800E+001
   1.13407E-001   1.18800E+001   1.36800E+001
   1.13438E-001   1.18800E+001   1.36800E+001
   1.13469E-001   1.18800E+001   1.36800E+001
   1.13501E-001   1.18800E+001   1.36800E+001
   1.13532E-001   1.18800E+001   1.36800E+001
   1.13563E-001   1.18800E+001   1.36800E+001
   1.13595E-001   1.18800E+001   1.36800E+001
   1.13626E-001   1.18800E+001   1.36800E+001
   1.13658E-001   1.18800E+001   1.36800E+001
   1.13689E-001   1.18800E+001   1.36800E+001
   1.13720E-001   1.18800E+001   1.36800E+001
   1.13752E-001   1.18800E+001   1.36800E+001
   1.13783E-001   1.20600E+001   1.36800E+001
   1.13815E-001   1.20600E+001   1.36800E+001
   1.13846E-001   1.20600E+001   1.36800E+001
   1.13877E-001   1.20600E+001   1.36800E+001
   1.13909E-001   1.20600E+001   1.36800E+001
   1.13940E-001   1.20600E+001   1.36800E+001
   1.13972E-001   1.20600E+001   1.36800E+001
   1.14003E-001   1.20600E+001   1.36800E+001
   1.14034E-001   1.20600E+001   1.36800E+001
   1.14066E-001   1.20600E+001   1.36800E+001
   1.14097E-001   1.20600E+001   1.36800E+001
   1.14128E-001   1.20600E+001   1.36800E+001
   1.14160E-001   1.20600E+001   1.36800E+001
   1.14191E-001   1.20600E+001   1.36800E+001
   1.14223E-001   1.20600E+001   1.36800E+001
   1.14254E-001   1.20600E+001   1.36800E+001
   1.14285E-001   1.20600E+001   1.36800E+001
   1.14317E-001   1.20600E+001   1.36800E+001
   1.14348E-001   1.20600E+001   1.36800E+001
   1.14380E-001   1.20600E+001   1.36800E+001
   1.14411E-001   1.20600E+001   1.36800E+001
   1.14442E-001   1.20600E+001   1.36800E+001
   1.14474E-001   1.20600E+001   1.36800E+001
   1.14505E-001   1.20600E+001   1.36800E+001
   1.14537E-001   1.20600E+001   1.36800E+001
   1.14568E-001   1.20600E+001   1.36800E+001
   1.14599E-001   1.20600E+001   1.36800E+001
   1.14631E-001   1.20600E+001   1.36800E+001
   1.14662E-001   1.20600E+001   1.36800E+001
   1.14693E-001   1.20600E+001   1.36800E+001
   1.14725E-001   1.20600E+001   1.36800E+001
   1.14756E-001   1.20600E+001   1.36800E+001
   1.14788E-001   1.20600E+001   1.36800E+001
   1.14819E-001   1.20600E+001   1.36800E+001
   1.14850E-001   1.20600E+001   1.36800E+001
   1.14882E-001   1.20600E+001   1.36800E+001
   1.14913E-001   1.20600E+001   1.36800E+001
   1.14945E-001   1.20600E+001   1.38600E+001
   1.14976E-001   1.20600E+001   1.38600E+001
   1.15007E-001   1.20600E+001   1.38600E+001
   1.15039E-001   1.20600E+001   1.38600E+001
   1.15070E-001   1.20600E+001   1.38600E+001
   1.15102E-001   1.20600E+001   1.38600E+001
   1.15133E-001   1.20600E+001   1.38600E+001
   1.15164E-001   1.20600E+001   1.38600E+001
   1.15196E-001   1.20600E+001   1.38600E+001
   1.15227E-001   1.20600E+001   1.38600E+001
   1.15258E-001   1.20600E+001   1.38600E+001
   1.15290E-001   1.20600E+001   1.38600E+001
   1.15321E-001   1.20600E+001   1.38600E+001
   1.15353E-001   1.20600E+001   1.38600E+001
   1.15384E-001   1.20600E+001   1.38600E+001
   1.15415E-001   1.20600E+001   1.38600E+001
   1.15447E-001   1.20600E+001   1.38600E+001
   1.15478E-001   1.20600E+001   1.38600E+001
   1.15510E-001   1.20600E+001   1.38600E+001
   1.15541E-001   1.20600E+001   1.38600E+001
   1.15572E-001   1.20600E+001   1.38600E+001
   1.15604E-001   1.20600E+001   1.38600E+001
   1.15635E-001   1.20600E+001   1.38600E+001
   1.15667E-001   1.20600E+001   1.38600E+001
   1.15698E-001   1.20600E+001   1.38600E+001
   1.15729E-001   1.20600E+001   1.38600E+001
   1.15761E-001   1.20600E+001   1.38600E+001
   1.15792E-001   1.20600E+001   1.38600E+001
   1.15823E-001   1.20600E+001   1.38600E+001
   1.15855E-001   1.20600E+001   1.38600E+001
   1.15886E-001   1.20600E+001   1.38600E+001
   1.15918E-001   1.20600E+001   1.38600E+001
   1.15949E-001   1.20600E+001   1.38600E+001
   1.15980E-001   1.20600E+001   1.38600E+001
   1.16012E-001   1.20600E+001   1.38600E+001
   1.16043E-001   1.20600E+001   1.38600E+001
   1.16075E-001   1.20600E+001   1.38600E+001
   1.16106E-001   1.20600E+001   1.38600E+001
   1.16137E-001   1.20600E+001   1.38600E+001
   1.16169E-001   1.20600E+001   1.38600E+001
   1.16200E-001   1.20600E+001   1.38600E+001
   1.16232E-001   1.20600E+001   1.38600E+001
   1.16263E-001   1.20600E+001   1.38600E+001
   1.16294E-001   1.20600E+001   1.38600E+001
   1.16326E-001   1.20600E+001   1.38600E+001
   1.16357E-001   1.20600E+001   1.38600E+001
   1.16388E-001   1.20600E+001   1.38600E+001
   1.16420E-001   1.20600E+001   1.38600E+001
   1.16451E-001   1.20600E+001   1.38600E+001
   1.16483E-001   1.20600E+001   1.38600E+001
   1.16514E-001   1.20600E+001   1.38600E+001
   1.16545E-001   1.20600E+001   1.38600E+001
   1.16577E-001   1.20600E+001   1.38600E+001
   1.16608E-001   1.20600E+001   1.38600E+001
   1.16640E-001   1.20600E+001   1.38600E+001
   1.16671E-001   1.20600E+001   1.38600E+001
   1.16702E-001   1.20600E+001   1.38600E+001
   1.16734E-001   1.20600E+001   1.38600E+001
   1.16765E-001   1.20600E+001   1.38600E+001
   1.16797E-001   1.20600E+001   1.38600E+001
   1.16828E-001   1.20600E+001   1.38600E+001
   1.16859E-001   1.20600E+001   1.38600E+001
   1.16891E-001   1.20600E+001   1.38600E+001
   1.16922E-001   1.20600E+001   1.38600E+001
   1.16953E-001   1.20600E+001   1.38600E+001
   1.16985E-001   1.20600E+001   1.38600E+001
   1.17016E-001   1.20600E+001   1.38600E+001
   1.17048E-001   1.20600E+001   1.38600E+001
   1.17079E-001   1.20600E+001   1.38600E+001
   1.17110E-001   1.20600E+001   1.38600E+001
   1.17142E-001   1.20600E+001   1.38600E+001
   1.17173E-001   1.20600E+001   1.38600E+001
   1.17205E-001   1.20600E+001   1.38600E+001
   1.17236E-001   1.20600E+001   1.38600E+001
   1.17267E-001   1.20600E+001   1.38600E+001
   1.17299E-001   1.20600E+001   1.38600E+001
   1.17330E-001   1.20600E+001   1.38600E+001
   1.17362E-001   1.20600E+001   1.38600E+001
   1.17393E-001   1.20600E+001   1.38600E+001
   1.17424E-001   1.20600E+001   1.38600E+001
   1.17456E-001   1.20600E+001   1.38600E+001
   1.17487E-001   1.20600E+001   1.38600E+001
   1.17518E-001   1.20600E+001   1.38600E+001
   1.17550E-001   1.20600E+001   1.38600E+001
   1.17581E-001   1.20600E+001   1.38600E+001
   1.17613E-001   1.20600E+001   1.38600E+001
   1.17644E-001   1.20600E+001   1.38600E+001
   1.17675E-001   1.20600E+001   1.38600E+001
   1.17707E-001   1.20600E+001   1.38600E+001
   1.17738E-001   1.20600E+001   1.38600E+001
   1.17770E-001   1.20600E+001   1.38600E+001
   1.17801E-001   1.20600E+001   1.38600E+001
   1.17832E-001   1.20600E+001   1.38600E+001
   1.17864E-001   1.20600E+001   1.38600E+001
   1.17895E-001   1.20600E+001   1.38600E+001
   1.17927E-001   1.20600E+001   1.38600E+001
   1.17958E-001   1.20600E+001   1.38600E+001
   1.17989E-001   1.20600E+001   1.38600E+001
   1.18021E-001   1.20600E+001   1.38600E+001
   1.18052E-001   1.20600E+001   1.38600E+001
   1.18084E-001   1.20600E+001   1.38600E+001
   1.18115E-001   1.20600E+001   1.38600E+001
   1.18146E-001   1.20600E+001   1.38600E+001
   1.18178E-001   1.20600E+001   1.38600E+001
   1.18209E-001   1.20600E+001   1.38600E+001
   1.18240E-001   1.20600E+001   1.38600E+001
   1.18272E-001   1.20600E+001   1.38600E+001
   1.18303E-001   1.20600E+001   1.38600E+001
   1.18335E-001   1.22400E+001   1.38600E+001
   1.18366E-001   1.22400E+001   1.38600E+001
   1.18397E-001   1.22400E+001   1.38600E+001
   1.18429E-001   1.22400E+001   1.38600E+001
   1.18460E-001   1.22400E+001   1.38600E+001
   1.18492E-001   1.22400E+001   1.38600E+001
   1.18523E-001   1.22400E+001   1.38600E+001
   1.18554E-001   1.22400E+001   1.38600E+001
   1.18586E-001   1.22400E+001   1.38600E+001
   1.18617E-001   1.22400E+001   1.38600E+001
   1.18649E-001   1.22400E+001   1.38600E+001
   1.18680E-001   1.22400E+001   1.40400E+001
   1.18711E-001   1.22400E+001   1.40400E+001
   1.18743E-001   1.22400E+001   1.40400E+001
   1.18774E-001   1.22400E+001   1.40400E+001
   1.18805E-001   1.22400E+001   1.40400E+001
   1.18837E-001   1.22400E+001   1.40400E+001
   1.18868E-001   1.22400E+001   1.40400E+001
   1.18900E-001   1.22400E+001   1.40400E+001
   1.18931E-001   1.22400E+001   1.40400E+001
   1.18962E-001   1.22400E+001   1.40400E+001
   1.18994E-001   1.22400E+001   1.40400E+001
   1.19025E-001   1.22400E+001   1.40400E+001
   1.19057E-001   1.22400E+001   1.40400E+001
   1.19088E-001   1.22400E+001   1.40400E+001
   1.19119E-001   1.22400E+001   1.40400E+001
   1.19151E-001   1.22400E+001   1.40400E+001
   1.19182E-001   1.22400E+001   1.40400E+001
   1.19214E-001   1.22400E+001   1.40400E+001
   1.19245E-001   1.22400E+001   1.40400E+001
   1.19276E-001   1.22400E+001   1.40400E+001
   1.19308E-001   1.22400E+001   1.40400E+001
   1.19339E-001   1.22400E+001   1.40400E+001
   1.19370E-001   1.22400E+001   1.40400E+001
   1.19402E-001   1.22400E+001   1.40400E+001
   1.19433E-001   1.22400E+001   1.40400E+001
   1.19465E-001   1.22400E+001   1.40400E+001
   1.19496E-001   1.22400E+001   1.40400E+001
   1.19527E-001   1.22400E+001   1.40400E+001
   1.19559E-001   1.22400E+001   1.40400E+001
   1.19590E-001   1.22400E+001   1.40400E+001
   1.19622E-001   1.22400E+001   1.40400E+001
   1.19653E-001   1.22400E+001   1.40400E+001
   1.19684E-001   1.22400E+001   1.40400E+001
   1.19716E-001   1.22400E+001   1.40400E+001
   1.19747E-001   1.22400E+001   1.40400E+001
   1.19779E-001   1.22400E+001   1.40400E+001
   1.19810E-001   1.22400E+001   1.40400E+001
   1.19841E-001   1.22400E+001   1.40400E+001
   1.19873E-001   1.22400E+001   1.40400E+001
   1.19904E-001   1.22400E+001   1.40400E+001
   1.19935E-001   1.22400E+001   1.40400E+001
   1.19967E-001   1.22400E+001   1.40400E+001
   1.19998E-001   1.22400E+001   1.40400E+001
   1.20030E-001   1.22400E+001   1.40400E+001
   1.20061E-001   1.22400E+001   1.40400E+001
   1.20092E-001   1.22400E+001   1.40400E+001
   1.20124E-001   1.22400E+001   1.40400E+001
   1.20155E-001   1.22400E+001   1.40400E+001
   1.20187E-001   1.22400E+001   1.40400E+001
   1.20218E-001   1.22400E+001   1.40400E+001
   1.20249E-001   1.22400E+001   1.40400E+001
   1.20281E-001   1.22400E+001   1.40400E+001
   1.20312E-001   1.22400E+001   1.40400E+001
   1.20344E-001   1.22400E+001   1.40400E+001
   1.20375E-001   1.22400E+001   1.40400E+001
   1.20406E-001   1.22400E+001   1.40400E+001
   1.20438E-001   1.22400E+001   1.40400E+001
   1.20469E-001   1.22400E+001   1.40400E+001
   1.20500E-001   1.22400E+001   1.40400E+001
   1.20532E-001   1.22400E+001   1.40400E+001
   1.20563E-001   1.22400E+001   1.40400E+001
   1.20595E-001   1.22400E+001   1.40400E+001
   1.20626E-001   1.22400E+001   1.40400E+001
   1.20657E-001   1.22400E+001   1.40400E+001
   1.20689E-001   1.22400E+001   1.40400E+001
   1.20720E-001   1.22400E+001   1.40400E+001
   1.20752E-001   1.22400E+001   1.40400E+001
   1.20783E-001   1.22400E+001   1.40400E+001
   1.20814E-001   1.22400E+001   1.40400E+001
   1.20846E-001   1.22400E+001   1.40400E+001
   1.20877E-001   1.22400E+001   1.40400E+001
   1.20909E-001   1.22400E+001   1.40400E+001
   1.20940E-001   1.22400E+001   1.40400E+001
   1.20971E-001   1.22400E+001   1.40400E+001
   1.21003E-001   1.22400E+001   1.40400E+001
   1.21034E-001   1.22400E+001   1.40400E+001
   1.21065E-001   1.22400E+001   1.40400E+001
   1.21097E-001   1.22400E+001   1.40400E+001
   1.21128E-001   1.22400E+001   1.40400E+001
   1.21160E-001   1.22400E+001   1.40400E+001
   1.21191E-001   1.22400E+001   1.40400E+001
   1.21222E-001   1.22400E+001   1.40400E+001
   1.21254E-001   1.22400E+001   1.40400E+001
   1.21285E-001   1.22400E+001   1.40400E+001
   1.21317E-001   1.22400E+001   1.40400E+001
   1.21348E-001   1.22400E+001   1.40400E+001
   1.21379E-001   1.22400E+001   1.40400E+001
   1.21411E-001   1.22400E+001   1.40400E+001
   1.21442E-001   1.22400E+001   1.40400E+001
   1.21474E-001   1.22400E+001   1.40400E+001
   1.21505E-001   1.22400E+001   1.40400E+001
   1.21536E-001   1.22400E+001   1.40400E+001
   1.21568E-001   1.22400E+001   1.40400E+001
   1.21599E-001   1.22400E+001   1.40400E+001
   1.21630E-001   1.22400E+001   1.40400E+001
   1.21662E-001   1.22400E+001   1.40400E+001
   1.21693E-001   1.22400E+001   1.40400E+001
   1.21725E-001   1.22400E+001   1.40400E+001
   1.21756E-001   1.22400E+001   1.40400E+001
   1.21787E-001   1.22400E+001   1.40400E+001
   1.21819E-001   1.22400E+001   1.40400E+001
   1.21850E-001   1.22400E+001   1.40400E+001
   1.21882E-001   1.22400E+001   1.40400E+001
   1.21913E-001   1.22400E+001   1.40400E+001
   1.21944E-001   1.22400E+001   1.40400E+001
   1.21976E-001   1.22400E+001   1.40400E+001
   1.22007E-001   1.22400E+001   1.40400E+001
   1.22039E-001   1.22400E+001   1.40400E+001
   1.22070E-001   1.22400E+001   1.40400E+001
   1.22101E-001   1.22400E+001   1.40400E+001
   1.22133E-001   1.22400E+001   1.40400E+001
   1.22164E-001   1.22400E+001   1.40400E+001
   1.22195E-001   1.22400E+001   1.40400E+001
   1.22227E-001   1.22400E+001   1.40400E+001
   1.22258E-001   1.22400E+001   1.40400E+001
   1.22290E-001   1.22400E+001   1.40400E+001
   1.22321E-001   1.22400E+001   1.40400E+001
   1.22352E-001   1.22400E+001   1.40400E+001
   1.22384E-001   1.22400E+001   1.40400E+001
   1.22415E-001   1.22400E+001   1.40400E+001
   1.22447E-001   1.22400E+001   1.40400E+001
   1.22478E-001   1.22400E+001   1.42200E+001
   1.22509E-001   1.22400E+001   1.42200E+001
   1.22541E-001   1.22400E+001   1.42200E+001
   1.22572E-001   1.22400E+001   1.42200E+001
   1.22604E-001   1.22400E+001   1.42200E+001
   1.22635E-001   1.22400E+001   1.42200E+001
   1.22666E-001   1.22400E+001   1.42200E+001
   1.22698E-001   1.22400E+001   1.42200E+001
   1.22729E-001   1.22400E+001   1.42200E+001
   1.22760E-001   1.22400E+001   1.42200E+001
   1.22792E-001   1.22400E+001   1.42200E+001
   1.22823E-001   1.22400E+001   1.42200E+001
   1.22855E-001   1.22400E+001   1.42200E+001
   1.22886E-001   1.22400E+001   1.42200E+001
   1.22917E-001   1.22400E+001   1.42200E+001
   1.22949E-001   1.22400E+001   1.42200E+001
   1.22980E-001   1.22400E+001   1.42200E+001
   1.23012E-001   1.24200E+001   1.42200E+001
   1.23043E-001   1.24200E+001   1.42200E+001
   1.23074E-001   1.24200E+001   1.42200E+001
   1.23106E-001   1.24200E+001   1.42200E+001
   1.23137E-001   1.24200E+001   1.42200E+001
   1.23169E-001   1.24200E+001   1.42200E+001
   1.23200E-001   1.24200E+001   1.42200E+001
   1.23231E-001   1.24200E+001   1.42200E+001
   1.23263E-001   1.24200E+001   1.42200E+001
   1.23294E-001   1.24200E+001   1.42200E+001
   1.23325E-001   1.24200E+001   1.42200E+001
   1.23357E-001   1.24200E+001   1.42200E+001
   1.23388E-001   1.24200E+001   1.42200E+001
   1.23420E-001   1.24200E+001   1.42200E+001
   1.23451E-001   1.24200E+001   1.42200E+001
   1.23482E-001   1.24200E+001   1.42200E+001
   1.23514E-001   1.24200E+001   1.42200E+001
   1.23545E-001   1.24200E+001   1.42200E+001
   1.23577E-001   1.24200E+001   1.42200E+001
   1.23608E-001   1.24200E+001   1.42200E+001
   1.23639E-001   1.24200E+001   1.42200E+001
   1.23671E-001   1.24200E+001   1.42200E+001
   1.23702E-001   1.24200E+001   1.42200E+001
   1.23734E-001   1.24200E+001   1.42200E+001
   1.23765E-001   1.24200E+001   1.42200E+001
   1.23796E-001   1.24200E+001   1.42200E+001
   1.23828E-001   1.24200E+001   1.42200E+001
   1.23859E-001   1.24200E+001   1.42200E+001
   1.23891E-001   1.24200E+001   1.42200E+001
   1.23922E-001   1.24200E+001   1.42200E+001
   1.23953E-001   1.24200E+001   1.42200E+001
   1.23985E-001   1.24200E+001   1.42200E+001
   1.24016E-001   1.24200E+001   1.42200E+001
   1.24047E-001   1.24200E+001   1.42200E+001
   1.24079E-001   1.24200E+001   1.42200E+001
   1.24110E-001   1.24200E+001   1.42200E+001
   1.24142E-001   1.24200E+001   1.42200E+001
   1.24173E-001   1.24200E+001   1.42200E+001
   1.24204E-001   1.24200E+001   1.42200E+001
   1.24236E-001   1.24200E+001   1.42200E+001
   1.24267E-001   1.24200E+001   1.42200E+001
   1.24299E-001   1.24200E+001   1.42200E+001
   1.24330E-001   1.24200E+001   1.42200E+001
   1.24361E-001   1.24200E+001   1.42200E+001
   1.24393E-001   1.24200E+001   1.42200E+001
   1.24424E-001   1.24200E+001   1.42200E+001
   1.24456E-001   1.24200E+001   1.42200E+001
   1.24487E-001   1.24200E+001   1.42200E+001
   1.24518E-001   1.24200E+001   1.42200E+001
   1.24550E-001   1.24200E+001   1.42200E+001
   1.24581E-001   1.24200E+001   1.42200E+001
   1.24612E-001   1.24200E+001   1.42200E+001
   1.24644E-001   1.24200E+001   1.42200E+001
   1.24675E-001   1.24200E+001   1.42200E+001
   1.24707E-001   1.24200E+001   1.42200E+001
   1.24738E-001   1.24200E+001   1.42200E+001
   1.24769E-001   1.24200E+001   1.42200E+001
   1.24801E-001   1.24200E+001   1.42200E+001
   1.24832E-001   1.24200E+001   1.42200E+001
   1.24864E-001   1.24200E+001   1.42200E+001
   1.24895E-001   1.24200E+001   1.42200E+001
   1.24926E-001   1.24200E+001   1.42200E+001
   1.24958E-001   1.24200E+001   1.42200E+001
   1.24989E-001   1.24200E+001   1.42200E+001
   1.25021E-001   1.24200E+001   1.42200E+001
   1.25052E-001   1.24200E+001   1.42200E+001
   1.25083E-001   1.24200E+001   1.42200E+001
   1.25115E-001   1.24200E+001   1.42200E+001
   1.25146E-001   1.24200E+001   1.42200E+001
   1.25177E-001   1.24200E+001   1.42200E+001
   1.25209E-001   1.24200E+001   1.42200E+001
   1.25240E-001   1.24200E+001   1.42200E+001
   1.25272E-001   1.24200E+001   1.42200E+001
   1.25303E-001   1.24200E+001   1.42200E+001
   1.25334E-001   1.24200E+001   1.42200E+001
   1.25366E-001   1.24200E+001   1.42200E+001
   1.25397E-001   1.24200E+001   1.42200E+001
   1.25429E-001   1.24200E+001   1.42200E+001
   1.25460E-001   1.24200E+001   1.42200E+001
   1.25491E-001   1.24200E+001   1.42200E+001
   1.25523E-001   1.24200E+001   1.42200E+001
   1.25554E-001   1.24200E+001   1.42200E+001
   1.25586E-001   1.24200E+001   1.42200E+001
   1.25617E-001   1.24200E+001   1.42200E+001
   1.25648E-001   1.24200E+001   1.42200E+001
   1.25680E-001   1.24200E+001   1.42200E+001
   1.25711E-001   1.24200E+001   1.42200E+001
   1.25742E-001   1.24200E+001   1.42200E+001
   1.25774E-001   1.24200E+001   1.42200E+001
   1.25805E-001   1.24200E+001   1.42200E+001
   1.25837E-001   1.24200E+001   1.42200E+001
   1.25868E-001   1.24200E+001   1.42200E+001
   1.25899E-001   1.24200E+001   1.42200E+001
   1.25931E-001   1.24200E+001   1.42200E+001
   1.25962E-001   1.24200E+001   1.42200E+001
   1.25994E-001   1.24200E+001   1.42200E+001
   1.26025E-001   1.24200E+001   1.42200E+001
   1.26056E-001   1.24200E+001   1.42200E+001
   1.26088E-001   1.24200E+001   1.42200E+001
   1.26119E-001   1.24200E+001   1.42200E+001
   1.26151E-001   1.24200E+001   1.42200E+001
   1.26182E-001   1.24200E+001   1.42200E+001
   1.26213E-001   1.24200E+001   1.42200E+001
   1.26245E-001   1.24200E+001   1.42200E+001
   1.26276E-001   1.24200E+001   1.42200E+001
   1.26307E-001   1.24200E+001   1.44000E+001
   1.26339E-001   1.24200E+001   1.44000E+001
   1.26370E-001   1.24200E+001   1.44000E+001
   1.26402E-001   1.24200E+001   1.44000E+001
   1.26433E-001   1.24200E+001   1.44000E+001
   1.26464E-001   1.24200E+001   1.44000E+001
   1.26496E-001   1.24200E+001   1.44000E+001
   1.26527E-001   1.24200E+001   1.44000E+001
   1.26559E-001   1.24200E+001   1.44000E+001
   1.26590E-001   1.24200E+001   1.44000E+001
   1.26621E-001   1.24200E+001   1.44000E+001
   1.26653E-001   1.24200E+001   1.44000E+001
   1.26684E-001   1.24200E+001   1.44000E+001
   1.26716E-001   1.24200E+001   1.44000E+001
   1.26747E-001   1.24200E+001   1.44000E+001
   1.26778E-001   1.24200E+001   1.44000E+001
   1.26810E-001   1.24200E+001   1.44000E+001
   1.26841E-001   1.24200E+001   1.44000E+001
   1.26872E-001   1.24200E+001   1.44000E+001
   1.26904E-001   1.24200E+001   1.44000E+001
   1.26935E-001   1.24200E+001   1.44000E+001
   1.26967E-001   1.24200E+001   1.44000E+001
   1.26998E-001   1.24200E+001   1.44000E+001
   1.27029E-001   1.24200E+001   1.44000E+001
   1.27061E-001   1.24200E+001   1.44000E+001
   1.27092E-001   1.24200E+001   1.44000E+001
   1.27124E-001   1.24200E+001   1.44000E+001
   1.27155E-001   1.24200E+001   1.44000E+001
   1.27186E-001   1.24200E+001   1.44000E+001
   1.27218E-001   1.24200E+001   1.44000E+001
   1.27249E-001   1.24200E+001   1.44000E+001
   1.27281E-001   1.24200E+001   1.44000E+001
   1.27312E-001   1.24200E+001   1.44000E+001
   1.27343E-001   1.24200E+001   1.44000E+001
   1.27375E-001   1.24200E+001   1.44000E+001
   1.27406E-001   1.24200E+001   1.44000E+001
   1.27437E-001   1.24200E+001   1.44000E+001
   1.27469E-001   1.24200E+001   1.44000E+001
   1.27500E-001   1.24200E+001   1.44000E+001
   1.27532E-001   1.24200E+001   1.44000E+001
   1.27563E-001   1.24200E+001   1.44000E+001
   1.27594E-001   1.24200E+001   1.44000E+001
   1.27626E-001   1.24200E+001   1.44000E+001
   1.27657E-001   1.24200E+001   1.44000E+001
   1.27689E-001   1.24200E+001   1.44000E+001
   1.27720E-001   1.24200E+001   1.44000E+001
   1.27751E-001   1.24200E+001   1.44000E+001
   1.27783E-001   1.24200E+001   1.44000E+001
   1.27814E-001   1.24200E+001   1.44000E+001
   1.27846E-001   1.26000E+001   1.44000E+001
   1.27877E-001   1.26000E+001   1.44000E+001
   1.27908E-001   1.26000E+001   1.44000E+001
   1.27940E-001   1.26000E+001   1.44000E+001
   1.27971E-001   1.26000E+001   1.44000E+001
   1.28002E-001   1.26000E+001   1.44000E+001
   1.28034E-001   1.26000E+001   1.44000E+001
   1.28065E-001   1.26000E+001   1.44000E+001
   1.28097E-001   1.26000E+001   1.44000E+001
   1.28128E-001   1.26000E+001   1.44000E+001
   1.28159E-001   1.26000E+001   1.44000E+001
   1.28191E-001   1.26000E+001   1.44000E+001
   1.28222E-001   1.26000E+001   1.44000E+001
   1.28254E-001   1.26000E+001   1.44000E+001
   1.28285E-001   1.26000E+001   1.44000E+001
   1.28316E-001   1.26000E+001   1.44000E+001
   1.28348E-001   1.26000E+001   1.44000E+001
   1.28379E-001   1.26000E+001   1.44000E+001
   1.28411E-001   1.26000E+001   1.44000E+001
   1.28442E-001   1.26000E+001   1.44000E+001
   1.28473E-001   1.26000E+001   1.44000E+001
   1.28505E-001   1.26000E+001   1.44000E+001
   1.28536E-001   1.26000E+001   1.44000E+001
   1.28567E-001   1.26000E+001   1.44000E+001
   1.28599E-001   1.26000E+001   1.44000E+001
   1.28630E-001   1.26000E+001   1.44000E+001
   1.28662E-001   1.26000E+001   1.44000E+001
   1.28693E-001   1.26000E+001   1.44000E+001
   1.28724E-001   1.26000E+001   1.44000E+001
   1.28756E-001   1.26000E+001   1.44000E+001
   1.28787E-001   1.26000E+001   1.44000E+001
   1.28819E-001   1.26000E+001   1.44000E+001
   1.28850E-001   1.26000E+001   1.44000E+001
   1.28881E-001   1.26000E+001   1.44000E+001
   1.28913E-001   1.26000E+001   1.44000E+001
   1.28944E-001   1.26000E+001   1.44000E+001
   1.28976E-001   1.26000E+001   1.44000E+001
   1.29007E-001   1.26000E+001   1.44000E+001
   1.29038E-001   1.26000E+001   1.44000E+001
   1.29070E-001   1.26000E+001   1.44000E+001
   1.29101E-001   1.26000E+001   1.44000E+001
   1.29132E-001   1.26000E+001   1.44000E+001
   1.29164E-001   1.26000E+001   1.44000E+001
   1.29195E-001   1.26000E+001   1.44000E+001
   1.29227E-001   1.26000E+001   1.44000E+001
   1.29258E-001   1.26000E+001   1.44000E+001
   1.29289E-001   1.26000E+001   1.44000E+001
   1.29321E-001   1.26000E+001   1.44000E+001
   1.29352E-001   1.26000E+001   1.44000E+001
   1.29384E-001   1.26000E+001   1.44000E+001
   1.29415E-001   1.26000E+001   1.44000E+001
   1.29446E-001   1.26000E+001   1.44000E+001
   1.29478E-001   1.26000E+001   1.44000E+001
   1.29509E-001   1.26000E+001   1.44000E+001
   1.29541E-001   1.26000E+001   1.44000E+001
   1.29572E-001   1.26000E+001   1.44000E+001
   1.29603E-001   1.26000E+001   1.44000E+001
   1.29635E-001   1.26000E+001   1.44000E+001
   1.29666E-001   1.26000E+001   1.44000E+001
   1.29697E-001   1.26000E+001   1.44000E+001
   1.29729E-001   1.26000E+001   1.44000E+001
   1.29760E-001   1.26000E+001   1.44000E+001
   1.29792E-001   1.26000E+001   1.44000E+001
   1.29823E-001   1.26000E+001   1.44000E+001
   1.29854E-001   1.26000E+001   1.44000E+001
   1.29886E-001   1.26000E+001   1.44000E+001
   1.29917E-001   1.26000E+001   1.44000E+001
   1.29949E-001   1.26000E+001   1.44000E+001
   1.29980E-001   1.26000E+001   1.44000E+001
   1.30011E-001   1.26000E+001   1.44000E+001
   1.30043E-001   1.26000E+001   1.44000E+001
   1.30074E-001   1.26000E+001   1.44000E+001
   1.30106E-001   1.26000E+001   1.44000E+001
   1.30137E-001   1.26000E+001   1.44000E+001
   1.30168E-001   1.26000E+001   1.44000E+001
   1.30200E-001   1.26000E+001   1.45800E+001
   1.30231E-001   1.26000E+001   1.45800E+001
   1.30263E-001   1.26000E+001   1.45800E+001
   1.30294E-001   1.26000E+001   1.45800E+001
   1.30325E-001   1.26000E+001   1.45800E+001
   1.30357E-001   1.26000E+001   1.45800E+001
   1.30388E-001   1.26000E+001   1.45800E+001
   1.30419E-001   1.26000E+001   1.45800E+001
   1.30451E-001   1.26000E+001   1.45800E+001
   1.30482E-001   1.26000E+001   1.45800E+001
   1.30514E-001   1.26000E+001   1.45800E+001
   1.30545E-001   1.26000E+001   1.45800E+001
   1.30576E-001   1.26000E+001   1.45800E+001
   1.30608E-001   1.26000E+001   1.45800E+001
   1.30639E-001   1.26000E+001   1.45800E+001
   1.30671E-001   1.26000E+001   1.45800E+001
   1.30702E-001   1.26000E+001   1.45800E+001
   1.30733E-001   1.26000E+001   1.45800E+001
   1.30765E-001   1.26000E+001   1.45800E+001
   1.30796E-001   1.26000E+001   1.45800E+001
   1.30828E-001   1.26000E+001   1.45800E+001
   1.30859E-001   1.26000E+001   1.45800E+001
   1.30890E-001   1.26000E+001   1.45800E+001
   1.30922E-001   1.26000E+001   1.45800E+001
   1.30953E-001   1.26000E+001   1.45800E+001
   1.30984E-001   1.26000E+001   1.45800E+001
   1.31016E-001   1.26000E+001   1.45800E+001
   1.31047E-001   1.26000E+001   1.45800E+001
   1.31079E-001   1.26000E+001   1.45800E+001
   1.31110E-001   1.26000E+001   1.45800E+001
   1.31141E-001   1.26000E+001   1.45800E+001
   1.31173E-001   1.26000E+001   1.45800E+001
   1.31204E-001   1.26000E+001   1.45800E+001
   1.31236E-001   1.26000E+001   1.45800E+001
   1.31267E-001   1.26000E+001   1.45800E+001
   1.31298E-001   1.26000E+001   1.45800E+001
   1.31330E-001   1.26000E+001   1.45800E+001
   1.31361E-001   1.26000E+001   1.45800E+001
   1.31393E-001   1.26000E+001   1.45800E+001
   1.31424E-001   1.26000E+001   1.45800E+001
   1.31455E-001   1.26000E+001   1.45800E+001
   1.31487E-001   1.26000E+001   1.45800E+001
   1.31518E-001   1.26000E+001   1.45800E+001
   1.31549E-001   1.26000E+001   1.45800E+001
   1.31581E-001   1.26000E+001   1.45800E+001
   1.31612E-001   1.26000E+001   1.45800E+001
   1.31644E-001   1.26000E+001   1.45800E+001
   1.31675E-001   1.26000E+001   1.45800E+001
   1.31706E-001   1.26000E+001   1.45800E+001
   1.31738E-001   1.26000E+001   1.45800E+001
   1.31769E-001   1.26000E+001   1.45800E+001
   1.31801E-001   1.26000E+001   1.45800E+001
   1.31832E-001   1.26000E+001   1.45800E+001
   1.31863E-001   1.26000E+001   1.45800E+001
   1.31895E-001   1.26000E+001   1.45800E+001
   1.31926E-001   1.26000E+001   1.45800E+001
   1.31958E-001   1.26000E+001   1.45800E+001
   1.31989E-001   1.26000E+001   1.45800E+001
   1.32020E-001   1.26000E+001   1.45800E+001
   1.32052E-001   1.26000E+001   1.45800E+001
   1.32083E-001   1.26000E+001   1.45800E+001
   1.32114E-001   1.26000E+001   1.45800E+001
   1.32146E-001   1.26000E+001   1.45800E+001
   1.32177E-001   1.26000E+001   1.45800E+001
   1.32209E-001   1.26000E+001   1.45800E+001
   1.32240E-001   1.26000E+001   1.45800E+001
   1.32271E-001   1.26000E+001   1.45800E+001
   1.32303E-001   1.26000E+001   1.45800E+001
   1.32334E-001   1.26000E+001   1.45800E+001
   1.32366E-001   1.26000E+001   1.45800E+001
   1.32397E-001   1.26000E+001   1.45800E+001
   1.32428E-001   1.26000E+001   1.45800E+001
   1.32460E-001   1.26000E+001   1.45800E+001
   1.32491E-001   1.26000E+001   1.45800E+001
   1.32523E-001   1.26000E+001   1.45800E+001
   1.32554E-001   1.26000E+001   1.45800E+001
   1.32585E-001   1.26000E+001   1.45800E+001
   1.32617E-001   1.26000E+001   1.45800E+001
   1.32648E-001   1.26000E+001   1.45800E+001
   1.32679E-001   1.26000E+001   1.45800E+001
   1.32711E-001   1.26000E+001   1.45800E+001
   1.32742E-001   1.26000E+001   1.45800E+001
   1.32774E-001   1.26000E+001   1.45800E+001
   1.32805E-001   1.27800E+001   1.45800E+001
   1.32836E-001   1.27800E+001   1.45800E+001
   1.32868E-001   1.27800E+001   1.45800E+001
   1.32899E-001   1.27800E+001   1.45800E+001
   1.32931E-001   1.27800E+001   1.45800E+001
   1.32962E-001   1.27800E+001   1.45800E+001
   1.32993E-001   1.27800E+001   1.45800E+001
   1.33025E-001   1.27800E+001   1.45800E+001
   1.33056E-001   1.27800E+001   1.45800E+001
   1.33088E-001   1.27800E+001   1.45800E+001
   1.33119E-001   1.27800E+001   1.45800E+001
   1.33150E-001   1.27800E+001   1.45800E+001
   1.33182E-001   1.27800E+001   1.45800E+001
   1.33213E-001   1.27800E+001   1.45800E+001
   1.33244E-001   1.27800E+001   1.45800E+001
   1.33276E-001   1.27800E+001   1.45800E+001
   1.33307E-001   1.27800E+001   1.45800E+001
   1.33339E-001   1.27800E+001   1.45800E+001
   1.33370E-001   1.27800E+001   1.45800E+001
   1.33401E-001   1.27800E+001   1.45800E+001
   1.33433E-001   1.27800E+001   1.45800E+001
   1.33464E-001   1.27800E+001   1.45800E+001
   1.33496E-001   1.27800E+001   1.45800E+001
   1.33527E-001   1.27800E+001   1.45800E+001
   1.33558E-001   1.27800E+001   1.45800E+001
   1.33590E-001   1.27800E+001   1.45800E+001
   1.33621E-001   1.27800E+001   1.45800E+001
   1.33653E-001   1.27800E+001   1.45800E+001
   1.33684E-001   1.27800E+001   1.45800E+001
   1.33715E-001   1.27800E+001   1.45800E+001
   1.33747E-001   1.27800E+001   1.45800E+001
   1.33778E-001   1.27800E+001   1.45800E+001
   1.33809E-001   1.27800E+001   1.45800E+001
   1.33841E-001   1.27800E+001   1.45800E+001
   1.33872E-001   1.27800E+001   1.45800E+001
   1.33904E-001   1.27800E+001   1.45800E+001
   1.33935E-001   1.27800E+001   1.45800E+001
   1.33966E-001   1.27800E+001   1.45800E+001
   1.33998E-001   1.27800E+001   1.45800E+001
   1.34029E-001   1.27800E+001   1.45800E+001
   1.34061E-001   1.27800E+001   1.45800E+001
   1.34092E-001   1.27800E+001   1.45800E+001
   1.34123E-001   1.27800E+001   1.47600E+001
   1.34155E-001   1.27800E+001   1.47600E+001
   1.34186E-001   1.27800E+001   1.47600E+001
   1.34218E-001   1.27800E+001   1.47600E+001
   1.34249E-001   1.27800E+001   1.47600E+001
   1.34280E-001   1.27800E+001   1.47600E+001
   1.34312E-001   1.27800E+001   1.47600E+001
   1.34343E-001   1.27800E+001   1.47600E+001
   1.34374E-001   1.27800E+001   1.47600E+001
   1.34406E-001   1.27800E+001   1.47600E+001
   1.34437E-001   1.27800E+001   1.47600E+001
   1.34469E-001   1.27800E+001   1.47600E+001
   1.34500E-001   1.27800E+001   1.47600E+001
   1.34531E-001   1.27800E+001   1.47600E+001
   1.34563E-001   1.27800E+001   1.47600E+001
   1.34594E-001   1.27800E+001   1.47600E+001
   1.34626E-001   1.27800E+001   1.47600E+001
   1.34657E-001   1.27800E+001   1.47600E+001
   1.34688E-001   1.27800E+001   1.47600E+001
   1.34720E-001   1.27800E+001   1.47600E+001
   1.34751E-001   1.27800E+001   1.47600E+001
   1.34783E-001   1.27800E+001   1.47600E+001
   1.34814E-001   1.27800E+001   1.47600E+001
   1.34845E-001   1.27800E+001   1.47600E+001
   1.34877E-001   1.27800E+001   1.47600E+001
   1.34908E-001   1.27800E+001   1.47600E+001
   1.34939E-001   1.27800E+001   1.47600E+001
   1.34971E-001   1.27800E+001   1.47600E+001
   1.35002E-001   1.27800E+001   1.47600E+001
   1.35034E-001   1.27800E+001   1.47600E+001
   1.35065E-001   1.27800E+001   1.47600E+001
   1.35096E-001   1.27800E+001   1.47600E+001
   1.35128E-001   1.27800E+001   1.47600E+001
   1.35159E-001   1.27800E+001   1.47600E+001
   1.35191E-001   1.27800E+001   1.47600E+001
   1.35222E-001   1.27800E+001   1.47600E+001
   1.35253E-001   1.27800E+001   1.47600E+001
   1.35285E-001   1.27800E+001   1.47600E+001
   1.35316E-001   1.27800E+001   1.47600E+001
   1.35348E-001   1.27800E+001   1.47600E+001
   1.35379E-001   1.27800E+001   1.47600E+001
   1.35410E-001   1.27800E+001   1.47600E+001
   1.35442E-001   1.27800E+001   1.47600E+001
   1.35473E-001   1.27800E+001   1.47600E+001
   1.35504E-001   1.27800E+001   1.47600E+001
   1.35536E-001   1.27800E+001   1.47600E+001
   1.35567E-001   1.27800E+001   1.47600E+001
   1.35599E-001   1.27800E+001   1.47600E+001
   1.35630E-001   1.27800E+001   1.47600E+001
   1.35661E-001   1.27800E+001   1.47600E+001
   1.35693E-001   1.27800E+001   1.47600E+001
   1.35724E-001   1.27800E+001   1.47600E+001
   1.35756E-001   1.27800E+001   1.47600E+001
   1.35787E-001   1.27800E+001   1.47600E+001
   1.35818E-001   1.27800E+001   1.47600E+001
   1.35850E-001   1.27800E+001   1.47600E+001
   1.35881E-001   1.27800E+001   1.47600E+001
   1.35913E-001   1.27800E+001   1.47600E+001
   1.35944E-001   1.27800E+001   1.47600E+001
   1.35975E-001   1.27800E+001   1.47600E+001
   1.36007E-001   1.27800E+001   1.47600E+001
   1.36038E-001   1.27800E+001   1.47600E+001
   1.36070E-001   1.27800E+001   1.47600E+001
   1.36101E-001   1.27800E+001   1.47600E+001
   1.36132E-001   1.27800E+001   1.47600E+001
   1.36164E-001   1.27800E+001   1.47600E+001
   1.36195E-001   1.27800E+001   1.47600E+001
   1.36226E-001   1.27800E+001   1.47600E+001
   1.36258E-001   1.27800E+001   1.47600E+001
   1.36289E-001   1.27800E+001   1.47600E+001
   1.36321E-001   1.27800E+001   1.47600E+001
   1.36352E-001   1.27800E+001   1.47600E+001
   1.36383E-001   1.27800E+001   1.47600E+001
   1.36415E-001   1.27800E+001   1.47600E+001
   1.36446E-001   1.27800E+001   1.47600E+001
   1.36478E-001   1.27800E+001   1.47600E+001
   1.36509E-001   1.27800E+001   1.47600E+001
   1.36540E-001   1.27800E+001   1.47600E+001
   1.36572E-001   1.27800E+001   1.47600E+001
   1.36603E-001   1.27800E+001   1.47600E+001
   1.36635E-001   1.27800E+001   1.47600E+001
   1.36666E-001   1.27800E+001   1.47600E+001
   1.36697E-001   1.27800E+001   1.47600E+001
   1.36729E-001   1.27800E+001   1.47600E+001
   1.36760E-001   1.27800E+001   1.47600E+001
   1.36791E-001   1.27800E+001   1.47600E+001
   1.36823E-001   1.27800E+001   1.47600E+001
   1.36854E-001   1.27800E+001   1.47600E+001
   1.36886E-001   1.27800E+001   1.47600E+001
   1.36917E-001   1.27800E+001   1.47600E+001
   1.36948E-001   1.27800E+001   1.47600E+001
   1.36980E-001   1.27800E+001   1.47600E+001
   1.37011E-001   1.27800E+001   1.47600E+001
   1.37043E-001   1.27800E+001   1.47600E+001
   1.37074E-001   1.27800E+001   1.47600E+001
   1.37105E-001   1.27800E+001   1.47600E+001
   1.37137E-001   1.27800E+001   1.47600E+001
   1.37168E-001   1.27800E+001   1.47600E+001
   1.37200E-001   1.27800E+001   1.47600E+001
   1.37231E-001   1.27800E+001   1.47600E+001
   1.37262E-001   1.27800E+001   1.47600E+001
   1.37294E-001   1.27800E+001   1.47600E+001
   1.37325E-001   1.27800E+001   1.47600E+001
   1.37356E-001   1.27800E+001   1.47600E+001
   1.37388E-001   1.27800E+001   1.47600E+001
   1.37419E-001   1.27800E+001   1.47600E+001
   1.37451E-001   1.27800E+001   1.47600E+001
   1.37482E-001   1.27800E+001   1.47600E+001
   1.37513E-001   1.27800E+001   1.47600E+001
   1.37545E-001   1.27800E+001   1.47600E+001
   1.37576E-001   1.27800E+001   1.47600E+001
   1.37608E-001   1.27800E+001   1.47600E+001
   1.37639E-001   1.27800E+001   1.47600E+001
   1.37670E-001   1.27800E+001   1.47600E+001
   1.37702E-001   1.27800E+001   1.47600E+001
   1.37733E-001   1.27800E+001   1.47600E+001
   1.37765E-001   1.27800E+001   1.47600E+001
   1.37796E-001   1.27800E+001   1.47600E+001
   1.37827E-001   1.27800E+001   1.47600E+001
   1.37859E-001   1.27800E+001   1.47600E+001
   1.37890E-001   1.27800E+001   1.47600E+001
   1.37921E-001   1.27800E+001   1.47600E+001
   1.37953E-001   1.29600E+001   1.47600E+001
   1.37984E-001   1.29600E+001   1.47600E+001
   1.38016E-001   1.29600E+001   1.47600E+001
   1.38047E-001   1.29600E+001   1.47600E+001
   1.38078E-001   1.29600E+001   1.47600E+001
   1.38110E-001   1.29600E+001   1.49400E+001
   1.38141E-001   1.29600E+001   1.49400E+001
   1.38173E-001   1.29600E+001   1.49400E+001
   1.38204E-001   1.29600E+001   1.49400E+001
   1.38235E-001   1.29600E+001   1.49400E+001
   1.38267E-001   1.29600E+001   1.49400E+001
   1.38298E-001   1.29600E+001   1.49400E+001
   1.38330E-001   1.29600E+001   1.49400E+001
   1.38361E-001   1.29600E+001   1.49400E+001
   1.38392E-001   1.29600E+001   1.49400E+001
   1.38424E-001   1.29600E+001   1.49400E+001
   1.38455E-001   1.29600E+001   1.49400E+001
   1.38486E-001   1.29600E+001   1.49400E+001
   1.38518E-001   1.29600E+001   1.49400E+001
   1.38549E-001   1.29600E+001   1.49400E+001
   1.38581E-001   1.29600E+001   1.49400E+001
   1.38612E-001   1.29600E+001   1.49400E+001
   1.38643E-001   1.29600E+001   1.49400E+001
   1.38675E-001   1.29600E+001   1.49400E+001
   1.38706E-001   1.29600E+001   1.49400E+001
   1.38738E-001   1.29600E+001   1.49400E+001
   1.38769E-001   1.29600E+001   1.49400E+001
   1.38800E-001   1.29600E+001   1.49400E+001
   1.38832E-001   1.29600E+001   1.49400E+001
   1.38863E-001   1.29600E+001   1.49400E+001
   1.38895E-001   1.29600E+001   1.49400E+001
   1.38926E-001   1.29600E+001   1.49400E+001
   1.38957E-001   1.29600E+001   1.49400E+001
   1.38989E-001   1.29600E+001   1.49400E+001
   1.39020E-001   1.29600E+001   1.49400E+001
   1.39051E-001   1.29600E+001   1.49400E+001
   1.39083E-001   1.29600E+001   1.49400E+001
   1.39114E-001   1.29600E+001   1.49400E+001
   1.39146E-001   1.29600E+001   1.49400E+001
   1.39177E-001   1.29600E+001   1.49400E+001
   1.39208E-001   1.29600E+001   1.49400E+001
   1.39240E-001   1.29600E+001   1.49400E+001
   1.39271E-001   1.29600E+001   1.49400E+001
   1.39303E-001   1.29600E+001   1.49400E+001
   1.39334E-001   1.29600E+001   1.49400E+001
   1.39365E-001   1.29600E+001   1.49400E+001
   1.39397E-001   1.29600E+001   1.49400E+001
   1.39428E-001   1.29600E+001   1.49400E+001
   1.39460E-001   1.29600E+001   1.49400E+001
   1.39491E-001   1.29600E+001   1.49400E+001
   1.39522E-001   1.29600E+001   1.49400E+001
   1.39554E-001   1.29600E+001   1.49400E+001
   1.39585E-001   1.29600E+001   1.49400E+001
   1.39616E-001   1.29600E+001   1.49400E+001
   1.39648E-001   1.29600E+001   1.49400E+001
   1.39679E-001   1.29600E+001   1.49400E+001
   1.39711E-001   1.29600E+001   1.49400E+001
   1.39742E-001   1.29600E+001   1.49400E+001
   1.39773E-001   1.29600E+001   1.49400E+001
   1.39805E-001   1.29600E+001   1.49400E+001
   1.39836E-001   1.29600E+001   1.49400E+001
   1.39868E-001   1.29600E+001   1.49400E+001
   1.39899E-001   1.29600E+001   1.49400E+001
   1.39930E-001   1.29600E+001   1.49400E+001
   1.39962E-001   1.29600E+001   1.49400E+001
   1.39993E-001   1.29600E+001   1.49400E+001
   1.40025E-001   1.29600E+001   1.49400E+001
   1.40056E-001   1.29600E+001   1.49400E+001
   1.40087E-001   1.29600E+001   1.49400E+001
   1.40119E-001   1.29600E+001   1.49400E+001
   1.40150E-001   1.29600E+001   1.49400E+001
   1.40181E-001   1.29600E+001   1.49400E+001
   1.40213E-001   1.29600E+001   1.49400E+001
   1.40244E-001   1.29600E+001   1.49400E+001
   1.40276E-001   1.29600E+001   1.49400E+001
   1.40307E-001   1.29600E+001   1.49400E+001
   1.40338E-001   1.29600E+001   1.49400E+001
   1.40370E-001   1.29600E+001   1.49400E+001
   1.40401E-001   1.29600E+001   1.49400E+001
   1.40433E-001   1.29600E+001   1.49400E+001
   1.40464E-001   1.29600E+001   1.49400E+001
   1.40495E-001   1.29600E+001   1.49400E+001
   1.40527E-001   1.29600E+001   1.49400E+001
   1.40558E-001   1.29600E+001   1.49400E+001
   1.40590E-001   1.29600E+001   1.49400E+001
   1.40621E-001   1.29600E+001   1.49400E+001
   1.40652E-001   1.29600E+001   1.49400E+001
   1.40684E-001   1.29600E+001   1.49400E+001
   1.40715E-001   1.29600E+001   1.49400E+001
   1.40746E-001   1.29600E+001   1.49400E+001
   1.40778E-001   1.29600E+001   1.49400E+001
   1.40809E-001   1.29600E+001   1.49400E+001
   1.40841E-001   1.29600E+001   1.49400E+001
   1.40872E-001   1.29600E+001   1.49400E+001
   1.40903E-001   1.29600E+001   1.49400E+001
   1.40935E-001   1.29600E+001   1.49400E+001
   1.40966E-001   1.29600E+001   1.49400E+001
   1.40998E-001   1.29600E+001   1.49400E+001
   1.41029E-001   1.29600E+001   1.49400E+001
   1.41060E-001   1.29600E+001   1.49400E+001
   1.41092E-001   1.29600E+001   1.49400E+001
   1.41123E-001   1.29600E+001   1.49400E+001
   1.41155E-001   1.29600E+001   1.49400E+001
   1.41186E-001   1.29600E+001   1.49400E+001
   1.41217E-001   1.29600E+001   1.49400E+001
   1.41249E-001   1.29600E+001   1.49400E+001
   1.41280E-001   1.29600E+001   1.49400E+001
   1.41311E-001   1.29600E+001   1.49400E+001
   1.41343E-001   1.29600E+001   1.49400E+001
   1.41374E-001   1.29600E+001   1.49400E+001
   1.41406E-001   1.29600E+001   1.49400E+001
   1.41437E-001   1.29600E+001   1.49400E+001
   1.41468E-001   1.29600E+001   1.49400E+001
   1.41500E-001   1.29600E+001   1.49400E+001
   1.41531E-001   1.29600E+001   1.49400E+001
   1.41563E-001   1.29600E+001   1.49400E+001
   1.41594E-001   1.29600E+001   1.49400E+001
   1.41625E-001   1.29600E+001   1.49400E+001
   1.41657E-001   1.29600E+001   1.49400E+001
   1.41688E-001   1.29600E+001   1.49400E+001
   1.41720E-001   1.29600E+001   1.49400E+001
   1.41751E-001   1.29600E+001   1.49400E+001
   1.41782E-001   1.29600E+001   1.49400E+001
   1.41814E-001   1.29600E+001   1.49400E+001
   1.41845E-001   1.29600E+001   1.49400E+001
   1.41877E-001   1.29600E+001   1.49400E+001
   1.41908E-001   1.29600E+001   1.49400E+001
   1.41939E-001   1.29600E+001   1.49400E+001
   1.41971E-001   1.29600E+001   1.49400E+001
   1.42002E-001   1.29600E+001   1.49400E+001
   1.42033E-001   1.29600E+001   1.49400E+001
   1.42065E-001   1.29600E+001   1.49400E+001
   1.42096E-001   1.29600E+001   1.49400E+001
   1.42128E-001   1.29600E+001   1.51200E+001
   1.42159E-001   1.29600E+001   1.51200E+001
   1.42190E-001   1.29600E+001   1.51200E+001
   1.42222E-001   1.29600E+001   1.51200E+001
   1.42253E-001   1.29600E+001   1.51200E+001
   1.42285E-001   1.29600E+001   1.51200E+001
   1.42316E-001   1.29600E+001   1.51200E+001
   1.42347E-001   1.29600E+001   1.51200E+001
   1.42379E-001   1.29600E+001   1.51200E+001
   1.42410E-001   1.29600E+001   1.51200E+001
   1.42442E-001   1.29600E+001   1.51200E+001
   1.42473E-001   1.29600E+001   1.51200E+001
   1.42504E-001   1.29600E+001   1.51200E+001
   1.42536E-001   1.29600E+001   1.51200E+001
   1.42567E-001   1.29600E+001   1.51200E+001
   1.42598E-001   1.29600E+001   1.51200E+001
   1.42630E-001   1.29600E+001   1.51200E+001
   1.42661E-001   1.29600E+001   1.51200E+001
   1.42693E-001   1.29600E+001   1.51200E+001
   1.42724E-001   1.29600E+001   1.51200E+001
   1.42755E-001   1.29600E+001   1.51200E+001
   1.42787E-001   1.29600E+001   1.51200E+001
   1.42818E-001   1.29600E+001   1.51200E+001
   1.42850E-001   1.29600E+001   1.51200E+001
   1.42881E-001   1.29600E+001   1.51200E+001
   1.42912E-001   1.29600E+001   1.51200E+001
   1.42944E-001   1.29600E+001   1.51200E+001
   1.42975E-001   1.29600E+001   1.51200E+001
   1.43007E-001   1.29600E+001   1.51200E+001
   1.43038E-001   1.29600E+001   1.51200E+001
   1.43069E-001   1.29600E+001   1.51200E+001
   1.43101E-001   1.29600E+001   1.51200E+001
   1.43132E-001   1.29600E+001   1.51200E+001
   1.43163E-001   1.29600E+001   1.51200E+001
   1.43195E-001   1.29600E+001   1.51200E+001
   1.43226E-001   1.29600E+001   1.51200E+001
   1.43258E-001   1.29600E+001   1.51200E+001
   1.43289E-001   1.29600E+001   1.51200E+001
   1.43320E-001   1.29600E+001   1.51200E+001
   1.43352E-001   1.31400E+001   1.51200E+001
   1.43383E-001   1.31400E+001   1.51200E+001
   1.43415E-001   1.31400E+001   1.51200E+001
   1.43446E-001   1.31400E+001   1.51200E+001
   1.43477E-001   1.31400E+001   1.51200E+001
   1.43509E-001   1.31400E+001   1.51200E+001
   1.43540E-001   1.31400E+001   1.51200E+001
   1.43572E-001   1.31400E+001   1.51200E+001
   1.43603E-001   1.31400E+001   1.51200E+001
   1.43634E-001   1.31400E+001   1.51200E+001
   1.43666E-001   1.31400E+001   1.51200E+001
   1.43697E-001   1.31400E+001   1.51200E+001
   1.43728E-001   1.31400E+001   1.51200E+001
   1.43760E-001   1.31400E+001   1.51200E+001
   1.43791E-001   1.31400E+001   1.51200E+001
   1.43823E-001   1.31400E+001   1.51200E+001
   1.43854E-001   1.31400E+001   1.51200E+001
   1.43885E-001   1.31400E+001   1.51200E+001
   1.43917E-001   1.31400E+001   1.51200E+001
   1.43948E-001   1.31400E+001   1.51200E+001
   1.43980E-001   1.31400E+001   1.51200E+001
   1.44011E-001   1.31400E+001   1.51200E+001
   1.44042E-001   1.31400E+001   1.51200E+001
   1.44074E-001   1.31400E+001   1.51200E+001
   1.44105E-001   1.31400E+001   1.51200E+001
   1.44137E-001   1.31400E+001   1.51200E+001
   1.44168E-001   1.31400E+001   1.51200E+001
   1.44199E-001   1.31400E+001   1.51200E+001
   1.44231E-001   1.31400E+001   1.51200E+001
   1.44262E-001   1.31400E+001   1.51200E+001
   1.44293E-001   1.31400E+001   1.51200E+001
   1.44325E-001   1.31400E+001   1.51200E+001
   1.44356E-001   1.31400E+001   1.51200E+001
   1.44388E-001   1.31400E+001   1.51200E+001
   1.44419E-001   1.31400E+001   1.51200E+001
   1.44450E-001   1.31400E+001   1.51200E+001
   1.44482E-001   1.31400E+001   1.51200E+001
   1.44513E-001   1.31400E+001   1.51200E+001
   1.44545E-001   1.31400E+001   1.51200E+001
   1.44576E-001   1.31400E+001   1.51200E+001
   1.44607E-001   1.31400E+001   1.51200E+001
   1.44639E-001   1.31400E+001   1.51200E+001
   1.44670E-001   1.31400E+001   1.51200E+001
   1.44702E-001   1.31400E+001   1.51200E+001
   1.44733E-001   1.31400E+001   1.51200E+001
   1.44764E-001   1.31400E+001   1.51200E+001
   1.44796E-001   1.31400E+001   1.51200E+001
   1.44827E-001   1.31400E+001   1.51200E+001
   1.44858E-001   1.31400E+001   1.51200E+001
   1.44890E-001   1.31400E+001   1.51200E+001
   1.44921E-001   1.31400E+001   1.51200E+001
   1.44953E-001   1.31400E+001   1.51200E+001
   1.44984E-001   1.31400E+001   1.51200E+001
   1.45015E-001   1.31400E+001   1.51200E+001
   1.45047E-001   1.31400E+001   1.51200E+001
   1.45078E-001   1.31400E+001   1.51200E+001
   1.45110E-001   1.31400E+001   1.51200E+001
   1.45141E-001   1.31400E+001   1.51200E+001
   1.45172E-001   1.31400E+001   1.51200E+001
   1.45204E-001   1.31400E+001   1.51200E+001
   1.45235E-001   1.31400E+001   1.51200E+001
   1.45267E-001   1.31400E+001   1.51200E+001
   1.45298E-001   1.31400E+001   1.51200E+001
   1.45329E-001   1.31400E+001   1.51200E+001
   1.45361E-001   1.31400E+001   1.51200E+001
   1.45392E-001   1.31400E+001   1.51200E+001
   1.45423E-001   1.31400E+001   1.51200E+001
   1.45455E-001   1.31400E+001   1.51200E+001
   1.45486E-001   1.31400E+001   1.51200E+001
   1.45518E-001   1.31400E+001   1.51200E+001
   1.45549E-001   1.31400E+001   1.51200E+001
   1.45580E-001   1.31400E+001   1.51200E+001
   1.45612E-001   1.31400E+001   1.51200E+001
   1.45643E-001   1.31400E+001   1.51200E+001
   1.45675E-001   1.31400E+001   1.51200E+001
   1.45706E-001   1.31400E+001   1.51200E+001
   1.45737E-001   1.31400E+001   1.51200E+001
   1.45769E-001   1.31400E+001   1.51200E+001
   1.45800E-001   1.31400E+001   1.51200E+001
   1.45832E-001   1.31400E+001   1.51200E+001
   1.45863E-001   1.31400E+001   1.51200E+001
   1.45894E-001   1.31400E+001   1.51200E+001
   1.45926E-001   1.31400E+001   1.51200E+001
   1.45957E-001   1.31400E+001   1.51200E+001
   1.45988E-001   1.31400E+001   1.51200E+001
   1.46020E-001   1.31400E+001   1.51200E+001
   1.46051E-001   1.31400E+001   1.51200E+001
   1.46083E-001   1.31400E+001   1.51200E+001
   1.46114E-001   1.31400E+001   1.51200E+001
   1.46145E-001   1.31400E+001   1.51200E+001
   1.46177E-001   1.31400E+001   1.51200E+001
   1.46208E-001   1.31400E+001   1.53000E+001
   1.46240E-001   1.31400E+001   1.53000E+001
   1.46271E-001   1.31400E+001   1.53000E+001
   1.46302E-001   1.31400E+001   1.53000E+001
   1.46334E-001   1.31400E+001   1.53000E+001
   1.46365E-001   1.31400E+001   1.53000E+001
   1.46397E-001   1.31400E+001   1.53000E+001
   1.46428E-001   1.31400E+001   1.53000E+001
   1.46459E-001   1.31400E+001   1.53000E+001
   1.46491E-001   1.31400E+001   1.53000E+001
   1.46522E-001   1.31400E+001   1.53000E+001
   1.46553E-001   1.31400E+001   1.53000E+001
   1.46585E-001   1.31400E+001   1.53000E+001
   1.46616E-001   1.31400E+001   1.53000E+001
   1.46648E-001   1.31400E+001   1.53000E+001
   1.46679E-001   1.31400E+001   1.53000E+001
   1.46710E-001   1.31400E+001   1.53000E+001
   1.46742E-001   1.31400E+001   1.53000E+001
   1.46773E-001   1.31400E+001   1.53000E+001
   1.46805E-001   1.31400E+001   1.53000E+001
   1.46836E-001   1.31400E+001   1.53000E+001
   1.46867E-001   1.31400E+001   1.53000E+001
   1.46899E-001   1.31400E+001   1.53000E+001
   1.46930E-001   1.31400E+001   1.53000E+001
   1.46962E-001   1.31400E+001   1.53000E+001
   1.46993E-001   1.31400E+001   1.53000E+001
   1.47024E-001   1.31400E+001   1.53000E+001
   1.47056E-001   1.31400E+001   1.53000E+001
   1.47087E-001   1.31400E+001   1.53000E+001
   1.47118E-001   1.31400E+001   1.53000E+001
   1.47150E-001   1.31400E+001   1.53000E+001
   1.47181E-001   1.31400E+001   1.53000E+001
   1.47213E-001   1.31400E+001   1.53000E+001
   1.47244E-001   1.31400E+001   1.53000E+001
   1.47275E-001   1.31400E+001   1.53000E+001
   1.47307E-001   1.31400E+001   1.53000E+001
   1.47338E-001   1.31400E+001   1.53000E+001
   1.47370E-001   1.31400E+001   1.53000E+001
   1.47401E-001   1.31400E+001   1.53000E+001
   1.47432E-001   1.31400E+001   1.53000E+001
   1.47464E-001   1.31400E+001   1.53000E+001
   1.47495E-001   1.31400E+001   1.53000E+001
   1.47527E-001   1.31400E+001   1.53000E+001
   1.47558E-001   1.31400E+001   1.53000E+001
   1.47589E-001   1.31400E+001   1.53000E+001
   1.47621E-001   1.31400E+001   1.53000E+001
   1.47652E-001   1.31400E+001   1.53000E+001
   1.47683E-001   1.31400E+001   1.53000E+001
   1.47715E-001   1.31400E+001   1.53000E+001
   1.47746E-001   1.31400E+001   1.53000E+001
   1.47778E-001   1.31400E+001   1.53000E+001
   1.47809E-001   1.31400E+001   1.53000E+001
   1.47840E-001   1.31400E+001   1.53000E+001
   1.47872E-001   1.31400E+001   1.53000E+001
   1.47903E-001   1.31400E+001   1.53000E+001
   1.47935E-001   1.31400E+001   1.53000E+001
   1.47966E-001   1.31400E+001   1.53000E+001
   1.47997E-001   1.31400E+001   1.53000E+001
   1.48029E-001   1.31400E+001   1.53000E+001
   1.48060E-001   1.31400E+001   1.53000E+001
   1.48092E-001   1.31400E+001   1.53000E+001
   1.48123E-001   1.31400E+001   1.53000E+001
   1.48154E-001   1.31400E+001   1.53000E+001
   1.48186E-001   1.31400E+001   1.53000E+001
   1.48217E-001   1.31400E+001   1.53000E+001
   1.48249E-001   1.31400E+001   1.53000E+001
   1.48280E-001   1.31400E+001   1.53000E+001
   1.48311E-001   1.31400E+001   1.53000E+001
   1.48343E-001   1.31400E+001   1.53000E+001
   1.48374E-001   1.31400E+001   1.53000E+001
   1.48405E-001   1.31400E+001   1.53000E+001
   1.48437E-001   1.31400E+001   1.53000E+001
   1.48468E-001   1.31400E+001   1.53000E+001
   1.48500E-001   1.31400E+001   1.53000E+001
   1.48531E-001   1.31400E+001   1.53000E+001
   1.48562E-001   1.31400E+001   1.53000E+001
   1.48594E-001   1.31400E+001   1.53000E+001
   1.48625E-001   1.31400E+001   1.53000E+001
   1.48657E-001   1.31400E+001   1.53000E+001
   1.48688E-001   1.31400E+001   1.53000E+001
   1.48719E-001   1.31400E+001   1.53000E+001
   1.48751E-001   1.31400E+001   1.53000E+001
   1.48782E-001   1.31400E+001   1.53000E+001
   1.48814E-001   1.31400E+001   1.53000E+001
   1.48845E-001   1.31400E+001   1.53000E+001
   1.48876E-001   1.31400E+001   1.53000E+001
   1.48908E-001   1.31400E+001   1.53000E+001
   1.48939E-001   1.31400E+001   1.53000E+001
   1.48970E-001   1.31400E+001   1.53000E+001
   1.49002E-001   1.31400E+001   1.53000E+001
   1.49033E-001   1.31400E+001   1.53000E+001
   1.49065E-001   1.31400E+001   1.53000E+001
   1.49096E-001   1.31400E+001   1.53000E+001
   1.49127E-001   1.33200E+001   1.53000E+001
   1.49159E-001   1.33200E+001   1.53000E+001
   1.49190E-001   1.33200E+001   1.53000E+001
   1.49222E-001   1.33200E+001   1.53000E+001
   1.49253E-001   1.33200E+001   1.53000E+001
   1.49284E-001   1.33200E+001   1.53000E+001
   1.49316E-001   1.33200E+001   1.53000E+001
   1.49347E-001   1.33200E+001   1.53000E+001
   1.49379E-001   1.33200E+001   1.53000E+001
   1.49410E-001   1.33200E+001   1.53000E+001
   1.49441E-001   1.33200E+001   1.53000E+001
   1.49473E-001   1.33200E+001   1.53000E+001
   1.49504E-001   1.33200E+001   1.53000E+001
   1.49535E-001   1.33200E+001   1.53000E+001
   1.49567E-001   1.33200E+001   1.53000E+001
   1.49598E-001   1.33200E+001   1.53000E+001
   1.49630E-001   1.33200E+001   1.53000E+001
   1.49661E-001   1.33200E+001   1.53000E+001
   1.49692E-001   1.33200E+001   1.53000E+001
   1.49724E-001   1.33200E+001   1.53000E+001
   1.49755E-001   1.33200E+001   1.53000E+001
   1.49787E-001   1.33200E+001   1.53000E+001
   1.49818E-001   1.33200E+001   1.53000E+001
   1.49849E-001   1.33200E+001   1.53000E+001
   1.49881E-001   1.33200E+001   1.53000E+001
   1.49912E-001   1.33200E+001   1.53000E+001
   1.49944E-001   1.33200E+001   1.53000E+001
   1.49975E-001   1.33200E+001   1.53000E+001
   1.50006E-001   1.33200E+001   1.53000E+001
   1.50038E-001   1.33200E+001   1.53000E+001
   1.50069E-001   1.33200E+001   1.53000E+001
   1.50100E-001   1.33200E+001   1.53000E+001
   1.50132E-001   1.33200E+001   1.53000E+001
   1.50163E-001   1.33200E+001   1.53000E+001
   1.50195E-001   1.33200E+001   1.53000E+001
   1.50226E-001   1.33200E+001   1.53000E+001
   1.50257E-001   1.33200E+001   1.53000E+001
   1.50289E-001   1.33200E+001   1.53000E+001
   1.50320E-001   1.33200E+001   1.54800E+001
   1.50352E-001   1.33200E+001   1.54800E+001
   1.50383E-001   1.33200E+001   1.54800E+001
   1.50414E-001   1.33200E+001   1.54800E+001
   1.50446E-001   1.33200E+001   1.54800E+001
   1.50477E-001   1.33200E+001   1.54800E+001
   1.50509E-001   1.33200E+001   1.54800E+001
   1.50540E-001   1.33200E+001   1.54800E+001
   1.50571E-001   1.33200E+001   1.54800E+001
   1.50603E-001   1.33200E+001   1.54800E+001
   1.50634E-001   1.33200E+001   1.54800E+001
   1.50665E-001   1.33200E+001   1.54800E+001
   1.50697E-001   1.33200E+001   1.54800E+001
   1.50728E-001   1.33200E+001   1.54800E+001
   1.50760E-001   1.33200E+001   1.54800E+001
   1.50791E-001   1.33200E+001   1.54800E+001
   1.50822E-001   1.33200E+001   1.54800E+001
   1.50854E-001   1.33200E+001   1.54800E+001
   1.50885E-001   1.33200E+001   1.54800E+001
   1.50917E-001   1.33200E+001   1.54800E+001
   1.50948E-001   1.33200E+001   1.54800E+001
   1.50979E-001   1.33200E+001   1.54800E+001
   1.51011E-001   1.33200E+001   1.54800E+001
   1.51042E-001   1.33200E+001   1.54800E+001
   1.51074E-001   1.33200E+001   1.54800E+001
   1.51105E-001   1.33200E+001   1.54800E+001
   1.51136E-001   1.33200E+001   1.54800E+001
   1.51168E-001   1.33200E+001   1.54800E+001
   1.51199E-001   1.33200E+001   1.54800E+001
   1.51230E-001   1.33200E+001   1.54800E+001
   1.51262E-001   1.33200E+001   1.54800E+001
   1.51293E-001   1.33200E+001   1.54800E+001
   1.51325E-001   1.33200E+001   1.54800E+001
   1.51356E-001   1.33200E+001   1.54800E+001
   1.51387E-001   1.33200E+001   1.54800E+001
   1.51419E-001   1.33200E+001   1.54800E+001
   1.51450E-001   1.33200E+001   1.54800E+001
   1.51482E-001   1.33200E+001   1.54800E+001
   1.51513E-001   1.33200E+001   1.54800E+001
   1.51544E-001   1.33200E+001   1.54800E+001
   1.51576E-001   1.33200E+001   1.54800E+001
   1.51607E-001   1.33200E+001   1.54800E+001
   1.51639E-001   1.33200E+001   1.54800E+001
   1.51670E-001   1.33200E+001   1.54800E+001
   1.51701E-001   1.33200E+001   1.54800E+001
   1.51733E-001   1.33200E+001   1.54800E+001
   1.51764E-001   1.33200E+001   1.54800E+001
   1.51795E-001   1.33200E+001   1.54800E+001
   1.51827E-001   1.33200E+001   1.54800E+001
   1.51858E-001   1.33200E+001   1.54800E+001
   1.51890E-001   1.33200E+001   1.54800E+001
   1.51921E-001   1.33200E+001   1.54800E+001
   1.51952E-001   1.33200E+001   1.54800E+001
   1.51984E-001   1.33200E+001   1.54800E+001
   1.52015E-001   1.33200E+001   1.54800E+001
   1.52047E-001   1.33200E+001   1.54800E+001
   1.52078E-001   1.33200E+001   1.54800E+001
   1.52109E-001   1.33200E+001   1.54800E+001
   1.52141E-001   1.33200E+001   1.54800E+001
   1.52172E-001   1.33200E+001   1.54800E+001
   1.52204E-001   1.33200E+001   1.54800E+001
   1.52235E-001   1.33200E+001   1.54800E+001
   1.52266E-001   1.33200E+001   1.54800E+001
   1.52298E-001   1.33200E+001   1.54800E+001
   1.52329E-001   1.33200E+001   1.54800E+001
   1.52360E-001   1.33200E+001   1.54800E+001
   1.52392E-001   1.33200E+001   1.54800E+001
   1.52423E-001   1.33200E+001   1.54800E+001
   1.52455E-001   1.33200E+001   1.54800E+001
   1.52486E-001   1.33200E+001   1.54800E+001
   1.52517E-001   1.33200E+001   1.54800E+001
   1.52549E-001   1.33200E+001   1.54800E+001
   1.52580E-001   1.33200E+001   1.54800E+001
   1.52612E-001   1.33200E+001   1.54800E+001
   1.52643E-001   1.33200E+001   1.54800E+001
   1.52674E-001   1.33200E+001   1.54800E+001
   1.52706E-001   1.33200E+001   1.54800E+001
   1.52737E-001   1.33200E+001   1.54800E+001
   1.52769E-001   1.33200E+001   1.54800E+001
   1.52800E-001   1.33200E+001   1.54800E+001
   1.52831E-001   1.33200E+001   1.54800E+001
   1.52863E-001   1.33200E+001   1.54800E+001
   1.52894E-001   1.33200E+001   1.54800E+001
   1.52925E-001   1.33200E+001   1.54800E+001
   1.52957E-001   1.33200E+001   1.54800E+001
   1.52988E-001   1.33200E+001   1.54800E+001
   1.53020E-001   1.33200E+001   1.54800E+001
   1.53051E-001   1.33200E+001   1.54800E+001
   1.53082E-001   1.33200E+001   1.54800E+001
   1.53114E-001   1.33200E+001   1.54800E+001
   1.53145E-001   1.33200E+001   1.54800E+001
   1.53177E-001   1.33200E+001   1.54800E+001
   1.53208E-001   1.33200E+001   1.54800E+001
   1.53239E-001   1.33200E+001   1.54800E+001
   1.53271E-001   1.33200E+001   1.54800E+001
   1.53302E-001   1.33200E+001   1.54800E+001
   1.53334E-001   1.33200E+001   1.54800E+001
   1.53365E-001   1.33200E+001   1.54800E+001
   1.53396E-001   1.33200E+001   1.54800E+001
   1.53428E-001   1.33200E+001   1.54800E+001
   1.53459E-001   1.33200E+001   1.54800E+001
   1.53490E-001   1.33200E+001   1.54800E+001
   1.53522E-001   1.33200E+001   1.54800E+001
   1.53553E-001   1.33200E+001   1.54800E+001
   1.53585E-001   1.33200E+001   1.54800E+001
   1.53616E-001   1.33200E+001   1.54800E+001
   1.53647E-001   1.33200E+001   1.54800E+001
   1.53679E-001   1.33200E+001   1.54800E+001
   1.53710E-001   1.33200E+001   1.54800E+001
   1.53742E-001   1.33200E+001   1.54800E+001
   1.53773E-001   1.33200E+001   1.54800E+001
   1.53804E-001   1.33200E+001   1.54800E+001
   1.53836E-001   1.33200E+001   1.54800E+001
   1.53867E-001   1.33200E+001   1.54800E+001
   1.53899E-001   1.33200E+001   1.54800E+001
   1.53930E-001   1.33200E+001   1.54800E+001
   1.53961E-001   1.33200E+001   1.54800E+001
   1.53993E-001   1.33200E+001   1.54800E+001
   1.54024E-001   1.33200E+001   1.54800E+001
   1.54056E-001   1.33200E+001   1.54800E+001
   1.54087E-001   1.33200E+001   1.54800E+001
   1.54118E-001   1.33200E+001   1.54800E+001
   1.54150E-001   1.33200E+001   1.54800E+001
   1.54181E-001   1.33200E+001   1.54800E+001
   1.54212E-001   1.33200E+001   1.54800E+001
   1.54244E-001   1.33200E+001   1.54800E+001
   1.54275E-001   1.33200E+001   1.54800E+001
   1.54307E-001   1.33200E+001   1.54800E+001
   1.54338E-001   1.33200E+001   1.54800E+001
   1.54369E-001   1.33200E+001   1.54800E+001
   1.54401E-001   1.33200E+001   1.54800E+001
   1.54432E-001   1.33200E+001   1.54800E+001
   1.54464E-001   1.33200E+001   1.54800E+001
   1.54495E-001   1.33200E+001   1.56600E+001
   1.54526E-001   1.33200E+001   1.56600E+001
   1.54558E-001   1.33200E+001   1.56600E+001
   1.54589E-001   1.33200E+001   1.56600E+001
   1.54621E-001   1.33200E+001   1.56600E+001
   1.54652E-001   1.33200E+001   1.56600E+001
   1.54683E-001   1.33200E+001   1.56600E+001
   1.54715E-001   1.33200E+001   1.56600E+001
   1.54746E-001   1.33200E+001   1.56600E+001
   1.54777E-001   1.33200E+001   1.56600E+001
   1.54809E-001   1.33200E+001   1.56600E+001
   1.54840E-001   1.33200E+001   1.56600E+001
   1.54872E-001   1.33200E+001   1.56600E+001
   1.54903E-001   1.33200E+001   1.56600E+001
   1.54934E-001   1.33200E+001   1.56600E+001
   1.54966E-001   1.33200E+001   1.56600E+001
   1.54997E-001   1.33200E+001   1.56600E+001
   1.55029E-001   1.33200E+001   1.56600E+001
   1.55060E-001   1.33200E+001   1.56600E+001
   1.55091E-001   1.33200E+001   1.56600E+001
   1.55123E-001   1.33200E+001   1.56600E+001
   1.55154E-001   1.33200E+001   1.56600E+001
   1.55186E-001   1.33200E+001   1.56600E+001
   1.55217E-001   1.33200E+001   1.56600E+001
   1.55248E-001   1.33200E+001   1.56600E+001
   1.55280E-001   1.33200E+001   1.56600E+001
   1.55311E-001   1.33200E+001   1.56600E+001
   1.55342E-001   1.33200E+001   1.56600E+001
   1.55374E-001   1.33200E+001   1.56600E+001
   1.55405E-001   1.33200E+001   1.56600E+001
   1.55437E-001   1.33200E+001   1.56600E+001
   1.55468E-001   1.33200E+001   1.56600E+001
   1.55499E-001   1.33200E+001   1.56600E+001
   1.55531E-001   1.33200E+001   1.56600E+001
   1.55562E-001   1.35000E+001   1.56600E+001
   1.55594E-001   1.35000E+001   1.56600E+001
   1.55625E-001   1.35000E+001   1.56600E+001
   1.55656E-001   1.35000E+001   1.56600E+001
   1.55688E-001   1.35000E+001   1.56600E+001
   1.55719E-001   1.35000E+001   1.56600E+001
   1.55751E-001   1.35000E+001   1.56600E+001
   1.55782E-001   1.35000E+001   1.56600E+001
   1.55813E-001   1.35000E+001   1.56600E+001
   1.55845E-001   1.35000E+001   1.56600E+001
   1.55876E-001   1.35000E+001   1.56600E+001
   1.55907E-001   1.35000E+001   1.56600E+001
   1.55939E-001   1.35000E+001   1.56600E+001
   1.55970E-001   1.35000E+001   1.56600E+001
   1.56002E-001   1.35000E+001   1.56600E+001
   1.56033E-001   1.35000E+001   1.56600E+001
   1.56064E-001   1.35000E+001   1.56600E+001
   1.56096E-001   1.35000E+001   1.56600E+001
   1.56127E-001   1.35000E+001   1.56600E+001
   1.56159E-001   1.35000E+001   1.56600E+001
   1.56190E-001   1.35000E+001   1.56600E+001
   1.56221E-001   1.35000E+001   1.56600E+001
   1.56253E-001   1.35000E+001   1.56600E+001
   1.56284E-001   1.35000E+001   1.56600E+001
   1.56316E-001   1.35000E+001   1.56600E+001
   1.56347E-001   1.35000E+001   1.56600E+001
   1.56378E-001   1.35000E+001   1.56600E+001
   1.56410E-001   1.35000E+001   1.56600E+001
   1.56441E-001   1.35000E+001   1.56600E+001
   1.56472E-001   1.35000E+001   1.56600E+001
   1.56504E-001   1.35000E+001   1.56600E+001
   1.56535E-001   1.35000E+001   1.56600E+001
   1.56567E-001   1.35000E+001   1.56600E+001
   1.56598E-001   1.35000E+001   1.56600E+001
   1.56629E-001   1.35000E+001   1.56600E+001
   1.56661E-001   1.35000E+001   1.56600E+001
   1.56692E-001   1.35000E+001   1.56600E+001
   1.56724E-001   1.35000E+001   1.56600E+001
   1.56755E-001   1.35000E+001   1.56600E+001
   1.56786E-001   1.35000E+001   1.56600E+001
   1.56818E-001   1.35000E+001   1.56600E+001
   1.56849E-001   1.35000E+001   1.56600E+001
   1.56881E-001   1.35000E+001   1.56600E+001
   1.56912E-001   1.35000E+001   1.56600E+001
   1.56943E-001   1.35000E+001   1.56600E+001
   1.56975E-001   1.35000E+001   1.56600E+001
   1.57006E-001   1.35000E+001   1.56600E+001
   1.57037E-001   1.35000E+001   1.56600E+001
   1.57069E-001   1.35000E+001   1.56600E+001
   1.57100E-001   1.35000E+001   1.56600E+001
   1.57132E-001   1.35000E+001   1.56600E+001
   1.57163E-001   1.35000E+001   1.56600E+001
   1.57194E-001   1.35000E+001   1.56600E+001
   1.57226E-001   1.35000E+001   1.56600E+001
   1.57257E-001   1.35000E+001   1.56600E+001
   1.57289E-001   1.35000E+001   1.56600E+001
   1.57320E-001   1.35000E+001   1.56600E+001
   1.57351E-001   1.35000E+001   1.56600E+001
   1.57383E-001   1.35000E+001   1.56600E+001
   1.57414E-001   1.35000E+001   1.56600E+001
   1.57446E-001   1.35000E+001   1.56600E+001
   1.57477E-001   1.35000E+001   1.56600E+001
   1.57508E-001   1.35000E+001   1.56600E+001
   1.57540E-001   1.35000E+001   1.56600E+001
   1.57571E-001   1.35000E+001   1.56600E+001
   1.57602E-001   1.35000E+001   1.56600E+001
   1.57634E-001   1.35000E+001   1.56600E+001
   1.57665E-001   1.35000E+001   1.56600E+001
   1.57697E-001   1.35000E+001   1.56600E+001
   1.57728E-001   1.35000E+001   1.56600E+001
   1.57759E-001   1.35000E+001   1.56600E+001
   1.57791E-001   1.35000E+001   1.56600E+001
   1.57822E-001   1.35000E+001   1.56600E+001
   1.57854E-001   1.35000E+001   1.56600E+001
   1.57885E-001   1.35000E+001   1.56600E+001
   1.57916E-001   1.35000E+001   1.56600E+001
   1.57948E-001   1.35000E+001   1.56600E+001
   1.57979E-001   1.35000E+001   1.56600E+001
   1.58011E-001   1.35000E+001   1.56600E+001
   1.58042E-001   1.35000E+001   1.56600E+001
   1.58073E-001   1.35000E+001   1.56600E+001
   1.58105E-001   1.35000E+001   1.56600E+001
   1.58136E-001   1.35000E+001   1.56600E+001
   1.58167E-001   1.35000E+001   1.56600E+001
   1.58199E-001   1.35000E+001   1.56600E+001
   1.58230E-001   1.35000E+001   1.56600E+001
   1.58262E-001   1.35000E+001   1.56600E+001
   1.58293E-001   1.35000E+001   1.56600E+001
   1.58324E-001   1.35000E+001   1.56600E+001
   1.58356E-001   1.35000E+001   1.56600E+001
   1.58387E-001   1.35000E+001   1.56600E+001
   1.58419E-001   1.35000E+001   1.56600E+001
   1.58450E-001   1.35000E+001   1.56600E+001
   1.58481E-001   1.35000E+001   1.56600E+001
   1.58513E-001   1.35000E+001   1.56600E+001
   1.58544E-001   1.35000E+001   1.56600E+001
   1.58576E-001   1.35000E+001   1.56600E+001
   1.58607E-001   1.35000E+001   1.56600E+001
   1.58638E-001   1.35000E+001   1.56600E+001
   1.58670E-001   1.35000E+001   1.56600E+001
   1.58701E-001   1.35000E+001   1.58400E+001
   1.58732E-001   1.35000E+001   1.58400E+001
   1.58764E-001   1.35000E+001   1.58400E+001
   1.58795E-001   1.35000E+001   1.58400E+001
   1.58827E-001   1.35000E+001   1.58400E+001
   1.58858E-001   1.35000E+001   1.58400E+001
   1.58889E-001   1.35000E+001   1.58400E+001
   1.58921E-001   1.35000E+001   1.58400E+001
   1.58952E-001   1.35000E+001   1.58400E+001
   1.58984E-001   1.35000E+001   1.58400E+001
   1.59015E-001   1.35000E+001   1.58400E+001
   1.59046E-001   1.35000E+001   1.58400E+001
   1.59078E-001   1.35000E+001   1.58400E+001
   1.59109E-001   1.35000E+001   1.58400E+001
   1.59141E-001   1.35000E+001   1.58400E+001
   1.59172E-001   1.35000E+001   1.58400E+001
   1.59203E-001   1.35000E+001   1.58400E+001
   1.59235E-001   1.35000E+001   1.58400E+001
   1.59266E-001   1.35000E+001   1.58400E+001
   1.59297E-001   1.35000E+001   1.58400E+001
   1.59329E-001   1.35000E+001   1.58400E+001
   1.59360E-001   1.35000E+001   1.58400E+001
   1.59392E-001   1.35000E+001   1.58400E+001
   1.59423E-001   1.35000E+001   1.58400E+001
   1.59454E-001   1.35000E+001   1.58400E+001
   1.59486E-001   1.35000E+001   1.58400E+001
   1.59517E-001   1.35000E+001   1.58400E+001
   1.59549E-001   1.35000E+001   1.58400E+001
   1.59580E-001   1.35000E+001   1.58400E+001
   1.59611E-001   1.35000E+001   1.58400E+001
   1.59643E-001   1.35000E+001   1.58400E+001
   1.59674E-001   1.35000E+001   1.58400E+001
   1.59706E-001   1.35000E+001   1.58400E+001
   1.59737E-001   1.35000E+001   1.58400E+001
   1.59768E-001   1.35000E+001   1.58400E+001
   1.59800E-001   1.35000E+001   1.58400E+001
   1.59831E-001   1.35000E+001   1.58400E+001
   1.59863E-001   1.35000E+001   1.58400E+001
   1.59894E-001   1.35000E+001   1.58400E+001
   1.59925E-001   1.35000E+001   1.58400E+001
   1.59957E-001   1.35000E+001   1.58400E+001
   1.59988E-001   1.35000E+001   1.58400E+001
   1.60019E-001   1.35000E+001   1.58400E+001
   1.60051E-001   1.35000E+001   1.58400E+001
   1.60082E-001   1.35000E+001   1.58400E+001
   1.60114E-001   1.35000E+001   1.58400E+001
   1.60145E-001   1.35000E+001   1.58400E+001
   1.60176E-001   1.35000E+001   1.58400E+001
   1.60208E-001   1.35000E+001   1.58400E+001
   1.60239E-001   1.35000E+001   1.58400E+001
   1.60271E-001   1.35000E+001   1.58400E+001
   1.60302E-001   1.35000E+001   1.58400E+001
   1.60333E-001   1.35000E+001   1.58400E+001
   1.60365E-001   1.35000E+001   1.58400E+001
   1.60396E-001   1.35000E+001   1.58400E+001
   1.60428E-001   1.35000E+001   1.58400E+001
   1.60459E-001   1.35000E+001   1.58400E+001
   1.60490E-001   1.35000E+001   1.58400E+001
   1.60522E-001   1.35000E+001   1.58400E+001
   1.60553E-001   1.35000E+001   1.58400E+001
   1.60584E-001   1.35000E+001   1.58400E+001
   1.60616E-001   1.35000E+001   1.58400E+001
   1.60647E-001   1.35000E+001   1.58400E+001
   1.60679E-001   1.35000E+001   1.58400E+001
   1.60710E-001   1.35000E+001   1.58400E+001
   1.60741E-001   1.35000E+001   1.58400E+001
   1.60773E-001   1.35000E+001   1.58400E+001
   1.60804E-001   1.35000E+001   1.58400E+001
   1.60836E-001   1.35000E+001   1.58400E+001
   1.60867E-001   1.35000E+001   1.58400E+001
   1.60898E-001   1.35000E+001   1.58400E+001
   1.60930E-001   1.35000E+001   1.58400E+001
   1.60961E-001   1.35000E+001   1.58400E+001
   1.60993E-001   1.35000E+001   1.58400E+001
   1.61024E-001   1.35000E+001   1.58400E+001
   1.61055E-001   1.35000E+001   1.58400E+001
   1.61087E-001   1.35000E+001   1.58400E+001
   1.61118E-001   1.35000E+001   1.58400E+001
   1.61149E-001   1.35000E+001   1.58400E+001
   1.61181E-001   1.35000E+001   1.58400E+001
   1.61212E-001   1.35000E+001   1.58400E+001
   1.61244E-001   1.35000E+001   1.58400E+001
   1.61275E-001   1.35000E+001   1.58400E+001
   1.61306E-001   1.35000E+001   1.58400E+001
   1.61338E-001   1.35000E+001   1.58400E+001
   1.61369E-001   1.35000E+001   1.58400E+001
   1.61401E-001   1.35000E+001   1.58400E+001
   1.61432E-001   1.35000E+001   1.58400E+001
   1.61463E-001   1.35000E+001   1.58400E+001
   1.61495E-001   1.35000E+001   1.58400E+001
   1.61526E-001   1.35000E+001   1.58400E+001
   1.61558E-001   1.35000E+001   1.58400E+001
   1.61589E-001   1.35000E+001   1.58400E+001
   1.61620E-001   1.35000E+001   1.58400E+001
   1.61652E-001   1.35000E+001   1.58400E+001
   1.61683E-001   1.35000E+001   1.58400E+001
   1.61714E-001   1.35000E+001   1.58400E+001
   1.61746E-001   1.35000E+001   1.58400E+001
   1.61777E-001   1.35000E+001   1.58400E+001
   1.61809E-001   1.35000E+001   1.58400E+001
   1.61840E-001   1.35000E+001   1.58400E+001
   1.61871E-001   1.35000E+001   1.58400E+001
   1.61903E-001   1.35000E+001   1.58400E+001
   1.61934E-001   1.35000E+001   1.58400E+001
   1.61966E-001   1.35000E+001   1.58400E+001
   1.61997E-001   1.35000E+001   1.58400E+001
   1.62028E-001   1.35000E+001   1.58400E+001
   1.62060E-001   1.35000E+001   1.58400E+001
   1.62091E-001   1.35000E+001   1.58400E+001
   1.62123E-001   1.35000E+001   1.58400E+001
   1.62154E-001   1.35000E+001   1.58400E+001
   1.62185E-001   1.35000E+001   1.58400E+001
   1.62217E-001   1.35000E+001   1.58400E+001
   1.62248E-001   1.35000E+001   1.58400E+001
   1.62279E-001   1.35000E+001   1.58400E+001
   1.62311E-001   1.35000E+001   1.58400E+001
   1.62342E-001   1.35000E+001   1.58400E+001
   1.62374E-001   1.35000E+001   1.58400E+001
   1.62405E-001   1.35000E+001   1.58400E+001
   1.62436E-001   1.35000E+001   1.58400E+001
   1.62468E-001   1.35000E+001   1.58400E+001
   1.62499E-001   1.35000E+001   1.58400E+001
   1.62531E-001   1.35000E+001   1.58400E+001
   1.62562E-001   1.35000E+001   1.58400E+001
   1.62593E-001   1.35000E+001   1.58400E+001
   1.62625E-001   1.35000E+001   1.58400E+001
   1.62656E-001   1.35000E+001   1.58400E+001
   1.62688E-001   1.35000E+001   1.58400E+001
   1.62719E-001   1.35000E+001   1.58400E+001
   1.62750E-001   1.35000E+001   1.58400E+001
   1.62782E-001   1.35000E+001   1.58400E+001
   1.62813E-001   1.35000E+001   1.58400E+001
   1.62844E-001   1.35000E+001   1.58400E+001
   1.62876E-001   1.35000E+001   1.58400E+001
   1.62907E-001   1.35000E+001   1.58400E+001
   1.62939E-001   1.35000E+001   1.58400E+001
   1.62970E-001   1.35000E+001   1.60200E+001
   1.63001E-001   1.35000E+001   1.60200E+001
   1.63033E-001   1.35000E+001   1.60200E+001
   1.63064E-001   1.35000E+001   1.60200E+001
   1.63096E-001   1.35000E+001   1.60200E+001
   1.63127E-001   1.35000E+001   1.60200E+001
   1.63158E-001   1.35000E+001   1.60200E+001
   1.63190E-001   1.35000E+001   1.60200E+001
   1.63221E-001   1.35000E+001   1.60200E+001
   1.63253E-001   1.35000E+001   1.60200E+001
   1.63284E-001   1.35000E+001   1.60200E+001
   1.63315E-001   1.35000E+001   1.60200E+001
   1.63347E-001   1.35000E+001   1.60200E+001
   1.63378E-001   1.35000E+001   1.60200E+001
   1.63409E-001   1.35000E+001   1.60200E+001
   1.63441E-001   1.35000E+001   1.60200E+001
   1.63472E-001   1.35000E+001   1.60200E+001
   1.63504E-001   1.35000E+001   1.60200E+001
   1.63535E-001   1.35000E+001   1.60200E+001
   1.63566E-001   1.35000E+001   1.60200E+001
   1.63598E-001   1.35000E+001   1.60200E+001
   1.63629E-001   1.35000E+001   1.60200E+001
   1.63661E-001   1.35000E+001   1.60200E+001
   1.63692E-001   1.35000E+001   1.60200E+001
   1.63723E-001   1.35000E+001   1.60200E+001
   1.63755E-001   1.35000E+001   1.60200E+001
   1.63786E-001   1.35000E+001   1.60200E+001
   1.63818E-001   1.35000E+001   1.60200E+001
   1.63849E-001   1.35000E+001   1.60200E+001
   1.63880E-001   1.35000E+001   1.60200E+001
   1.63912E-001   1.35000E+001   1.60200E+001
   1.63943E-001   1.35000E+001   1.60200E+001
   1.63974E-001   1.35000E+001   1.60200E+001
   1.64006E-001   1.35000E+001   1.60200E+001
   1.64037E-001   1.36800E+001   1.60200E+001
   1.64069E-001   1.36800E+001   1.60200E+001
   1.64100E-001   1.36800E+001   1.60200E+001
   1.64131E-001   1.36800E+001   1.60200E+001
   1.64163E-001   1.36800E+001   1.60200E+001
   1.64194E-001   1.36800E+001   1.60200E+001
   1.64226E-001   1.36800E+001   1.60200E+001
   1.64257E-001   1.36800E+001   1.60200E+001
   1.64288E-001   1.36800E+001   1.60200E+001
   1.64320E-001   1.36800E+001   1.60200E+001
   1.64351E-001   1.36800E+001   1.60200E+001
   1.64383E-001   1.36800E+001   1.60200E+001
   1.64414E-001   1.36800E+001   1.60200E+001
   1.64445E-001   1.36800E+001   1.60200E+001
   1.64477E-001   1.36800E+001   1.60200E+001
   1.64508E-001   1.36800E+001   1.60200E+001
   1.64539E-001   1.36800E+001   1.60200E+001
   1.64571E-001   1.36800E+001   1.60200E+001
   1.64602E-001   1.36800E+001   1.60200E+001
   1.64634E-001   1.36800E+001   1.60200E+001
   1.64665E-001   1.36800E+001   1.60200E+001
   1.64696E-001   1.36800E+001   1.60200E+001
   1.64728E-001   1.36800E+001   1.60200E+001
   1.64759E-001   1.36800E+001   1.60200E+001
   1.64791E-001   1.36800E+001   1.60200E+001
   1.64822E-001   1.36800E+001   1.60200E+001
   1.64853E-001   1.36800E+001   1.60200E+001
   1.64885E-001   1.36800E+001   1.60200E+001
   1.64916E-001   1.36800E+001   1.60200E+001
   1.64948E-001   1.36800E+001   1.60200E+001
   1.64979E-001   1.36800E+001   1.60200E+001
   1.65010E-001   1.36800E+001   1.60200E+001
   1.65042E-001   1.36800E+001   1.60200E+001
   1.65073E-001   1.36800E+001   1.60200E+001
   1.65104E-001   1.36800E+001   1.60200E+001
   1.65136E-001   1.36800E+001   1.60200E+001
   1.65167E-001   1.36800E+001   1.60200E+001
   1.65199E-001   1.36800E+001   1.60200E+001
   1.65230E-001   1.36800E+001   1.60200E+001
   1.65261E-001   1.36800E+001   1.60200E+001
   1.65293E-001   1.36800E+001   1.60200E+001
   1.65324E-001   1.36800E+001   1.60200E+001
   1.65356E-001   1.36800E+001   1.60200E+001
   1.65387E-001   1.36800E+001   1.60200E+001
   1.65418E-001   1.36800E+001   1.60200E+001
   1.65450E-001   1.36800E+001   1.60200E+001
   1.65481E-001   1.36800E+001   1.60200E+001
   1.65513E-001   1.36800E+001   1.60200E+001
   1.65544E-001   1.36800E+001   1.60200E+001
   1.65575E-001   1.36800E+001   1.60200E+001
   1.65607E-001   1.36800E+001   1.60200E+001
   1.65638E-001   1.36800E+001   1.60200E+001
   1.65669E-001   1.36800E+001   1.60200E+001
   1.65701E-001   1.36800E+001   1.60200E+001
   1.65732E-001   1.36800E+001   1.60200E+001
   1.65764E-001   1.36800E+001   1.60200E+001
   1.65795E-001   1.36800E+001   1.60200E+001
   1.65826E-001   1.36800E+001   1.60200E+001
   1.65858E-001   1.36800E+001   1.60200E+001
   1.65889E-001   1.36800E+001   1.60200E+001
   1.65921E-001   1.36800E+001   1.60200E+001
   1.65952E-001   1.36800E+001   1.60200E+001
   1.65983E-001   1.36800E+001   1.60200E+001
   1.66015E-001   1.36800E+001   1.60200E+001
   1.66046E-001   1.36800E+001   1.60200E+001
   1.66078E-001   1.36800E+001   1.60200E+001
   1.66109E-001   1.36800E+001   1.60200E+001
   1.66140E-001   1.36800E+001   1.60200E+001
   1.66172E-001   1.36800E+001   1.60200E+001
   1.66203E-001   1.36800E+001   1.60200E+001
   1.66235E-001   1.36800E+001   1.60200E+001
   1.66266E-001   1.36800E+001   1.60200E+001
   1.66297E-001   1.36800E+001   1.60200E+001
   1.66329E-001   1.36800E+001   1.60200E+001
   1.66360E-001   1.36800E+001   1.60200E+001
   1.66391E-001   1.36800E+001   1.60200E+001
   1.66423E-001   1.36800E+001   1.60200E+001
   1.66454E-001   1.36800E+001   1.60200E+001
   1.66486E-001   1.36800E+001   1.60200E+001
   1.66517E-001   1.36800E+001   1.60200E+001
   1.66548E-001   1.36800E+001   1.60200E+001
   1.66580E-001   1.36800E+001   1.60200E+001
   1.66611E-001   1.36800E+001   1.60200E+001
   1.66643E-001   1.36800E+001   1.60200E+001
   1.66674E-001   1.36800E+001   1.60200E+001
   1.66705E-001   1.36800E+001   1.60200E+001
   1.66737E-001   1.36800E+001   1.60200E+001
   1.66768E-001   1.36800E+001   1.60200E+001
   1.66800E-001   1.36800E+001   1.60200E+001
   1.66831E-001   1.36800E+001   1.60200E+001
   1.66862E-001   1.36800E+001   1.60200E+001
   1.66894E-001   1.36800E+001   1.60200E+001
   1.66925E-001   1.36800E+001   1.60200E+001
   1.66956E-001   1.36800E+001   1.60200E+001
   1.66988E-001   1.36800E+001   1.60200E+001
   1.67019E-001   1.36800E+001   1.60200E+001
   1.67051E-001   1.36800E+001   1.60200E+001
   1.67082E-001   1.36800E+001   1.60200E+001
   1.67113E-001   1.36800E+001   1.60200E+001
   1.67145E-001   1.36800E+001   1.60200E+001
   1.67176E-001   1.36800E+001   1.60200E+001
   1.67208E-001   1.36800E+001   1.60200E+001
   1.67239E-001   1.36800E+001   1.60200E+001
   1.67270E-001   1.36800E+001   1.62000E+001
   1.67302E-001   1.36800E+001   1.62000E+001
   1.67333E-001   1.36800E+001   1.62000E+001
   1.67365E-001   1.36800E+001   1.62000E+001
   1.67396E-001   1.36800E+001   1.62000E+001
   1.67427E-001   1.36800E+001   1.62000E+001
   1.67459E-001   1.36800E+001   1.62000E+001
   1.67490E-001   1.36800E+001   1.62000E+001
   1.67521E-001   1.36800E+001   1.62000E+001
   1.67553E-001   1.36800E+001   1.62000E+001
   1.67584E-001   1.36800E+001   1.62000E+001
   1.67616E-001   1.36800E+001   1.62000E+001
   1.67647E-001   1.36800E+001   1.62000E+001
   1.67678E-001   1.36800E+001   1.62000E+001
   1.67710E-001   1.36800E+001   1.62000E+001
   1.67741E-001   1.36800E+001   1.62000E+001
   1.67773E-001   1.36800E+001   1.62000E+001
   1.67804E-001   1.36800E+001   1.62000E+001
   1.67835E-001   1.36800E+001   1.62000E+001
   1.67867E-001   1.36800E+001   1.62000E+001
   1.67898E-001   1.36800E+001   1.62000E+001
   1.67930E-001   1.36800E+001   1.62000E+001
   1.67961E-001   1.36800E+001   1.62000E+001
   1.67992E-001   1.36800E+001   1.62000E+001
   1.68024E-001   1.36800E+001   1.62000E+001
   1.68055E-001   1.36800E+001   1.62000E+001
   1.68086E-001   1.36800E+001   1.62000E+001
   1.68118E-001   1.36800E+001   1.62000E+001
   1.68149E-001   1.36800E+001   1.62000E+001
   1.68181E-001   1.36800E+001   1.62000E+001
   1.68212E-001   1.36800E+001   1.62000E+001
   1.68243E-001   1.36800E+001   1.62000E+001
   1.68275E-001   1.36800E+001   1.62000E+001
   1.68306E-001   1.36800E+001   1.62000E+001
   1.68338E-001   1.36800E+001   1.62000E+001
   1.68369E-001   1.36800E+001   1.62000E+001
   1.68400E-001   1.36800E+001   1.62000E+001
   1.68432E-001   1.36800E+001   1.62000E+001
   1.68463E-001   1.36800E+001   1.62000E+001
   1.68495E-001   1.36800E+001   1.62000E+001
   1.68526E-001   1.36800E+001   1.62000E+001
   1.68557E-001   1.36800E+001   1.62000E+001
   1.68589E-001   1.36800E+001   1.62000E+001
   1.68620E-001   1.36800E+001   1.62000E+001
   1.68651E-001   1.36800E+001   1.62000E+001
   1.68683E-001   1.36800E+001   1.62000E+001
   1.68714E-001   1.36800E+001   1.62000E+001
   1.68746E-001   1.36800E+001   1.62000E+001
   1.68777E-001   1.36800E+001   1.62000E+001
   1.68808E-001   1.36800E+001   1.62000E+001
   1.68840E-001   1.36800E+001   1.62000E+001
   1.68871E-001   1.36800E+001   1.62000E+001
   1.68903E-001   1.36800E+001   1.62000E+001
   1.68934E-001   1.36800E+001   1.62000E+001
   1.68965E-001   1.36800E+001   1.62000E+001
   1.68997E-001   1.36800E+001   1.62000E+001
   1.69028E-001   1.36800E+001   1.62000E+001
   1.69060E-001   1.36800E+001   1.62000E+001
   1.69091E-001   1.36800E+001   1.62000E+001
   1.69122E-001   1.36800E+001   1.62000E+001
   1.69154E-001   1.36800E+001   1.62000E+001
   1.69185E-001   1.36800E+001   1.62000E+001
   1.69216E-001   1.36800E+001   1.62000E+001
   1.69248E-001   1.36800E+001   1.62000E+001
   1.69279E-001   1.36800E+001   1.62000E+001
   1.69311E-001   1.36800E+001   1.62000E+001
   1.69342E-001   1.36800E+001   1.62000E+001
   1.69373E-001   1.36800E+001   1.62000E+001
   1.69405E-001   1.36800E+001   1.62000E+001
   1.69436E-001   1.36800E+001   1.62000E+001
   1.69468E-001   1.36800E+001   1.62000E+001
   1.69499E-001   1.36800E+001   1.62000E+001
   1.69530E-001   1.36800E+001   1.62000E+001
   1.69562E-001   1.36800E+001   1.62000E+001
   1.69593E-001   1.36800E+001   1.62000E+001
   1.69625E-001   1.36800E+001   1.62000E+001
   1.69656E-001   1.36800E+001   1.62000E+001
   1.69687E-001   1.36800E+001   1.62000E+001
   1.69719E-001   1.36800E+001   1.62000E+001
   1.69750E-001   1.36800E+001   1.62000E+001
   1.69781E-001   1.36800E+001   1.62000E+001
   1.69813E-001   1.36800E+001   1.62000E+001
   1.69844E-001   1.36800E+001   1.62000E+001
   1.69876E-001   1.36800E+001   1.62000E+001
   1.69907E-001   1.36800E+001   1.62000E+001
   1.69938E-001   1.36800E+001   1.62000E+001
   1.69970E-001   1.36800E+001   1.62000E+001
   1.70001E-001   1.36800E+001   1.62000E+001
   1.70033E-001   1.36800E+001   1.62000E+001
   1.70064E-001   1.36800E+001   1.62000E+001
   1.70095E-001   1.36800E+001   1.62000E+001
   1.70127E-001   1.36800E+001   1.62000E+001
   1.70158E-001   1.36800E+001   1.62000E+001
   1.70190E-001   1.36800E+001   1.62000E+001
   1.70221E-001   1.36800E+001   1.62000E+001
   1.70252E-001   1.36800E+001   1.62000E+001
   1.70284E-001   1.36800E+001   1.62000E+001
   1.70315E-001   1.36800E+001   1.62000E+001
   1.70346E-001   1.36800E+001   1.62000E+001
   1.70378E-001   1.36800E+001   1.62000E+001
   1.70409E-001   1.36800E+001   1.62000E+001
   1.70441E-001   1.36800E+001   1.62000E+001
   1.70472E-001   1.36800E+001   1.62000E+001
   1.70503E-001   1.36800E+001   1.62000E+001
   1.70535E-001   1.36800E+001   1.62000E+001
   1.70566E-001   1.36800E+001   1.62000E+001
   1.70598E-001   1.36800E+001   1.62000E+001
   1.70629E-001   1.36800E+001   1.62000E+001
   1.70660E-001   1.36800E+001   1.62000E+001
   1.70692E-001   1.36800E+001   1.62000E+001
   1.70723E-001   1.36800E+001   1.62000E+001
   1.70755E-001   1.36800E+001   1.62000E+001
   1.70786E-001   1.36800E+001   1.62000E+001
   1.70817E-001   1.36800E+001   1.62000E+001
   1.70849E-001   1.36800E+001   1.62000E+001
   1.70880E-001   1.36800E+001   1.62000E+001
   1.70911E-001   1.36800E+001   1.62000E+001
   1.70943E-001   1.36800E+001   1.62000E+001
   1.70974E-001   1.36800E+001   1.62000E+001
   1.71006E-001   1.36800E+001   1.62000E+001
   1.71037E-001   1.36800E+001   1.62000E+001
   1.71068E-001   1.36800E+001   1.62000E+001
   1.71100E-001   1.36800E+001   1.62000E+001
   1.71131E-001   1.36800E+001   1.62000E+001
   1.71163E-001   1.36800E+001   1.62000E+001
   1.71194E-001   1.36800E+001   1.62000E+001
   1.71225E-001   1.36800E+001   1.62000E+001
   1.71257E-001   1.36800E+001   1.62000E+001
   1.71288E-001   1.36800E+001   1.62000E+001
   1.71320E-001   1.36800E+001   1.62000E+001
   1.71351E-001   1.36800E+001   1.62000E+001
   1.71382E-001   1.36800E+001   1.62000E+001
   1.71414E-001   1.36800E+001   1.62000E+001
   1.71445E-001   1.36800E+001   1.62000E+001
   1.71476E-001   1.36800E+001   1.62000E+001
   1.71508E-001   1.36800E+001   1.62000E+001
   1.71539E-001   1.36800E+001   1.62000E+001
   1.71571E-001   1.36800E+001   1.62000E+001
   1.71602E-001   1.36800E+001   1.62000E+001
   1.71633E-001   1.36800E+001   1.63800E+001
   1.71665E-001   1.36800E+001   1.63800E+001
   1.71696E-001   1.36800E+001   1.63800E+001
   1.71728E-001   1.36800E+001   1.63800E+001
   1.71759E-001   1.36800E+001   1.63800E+001
   1.71790E-001   1.36800E+001   1.63800E+001
   1.71822E-001   1.36800E+001   1.63800E+001
   1.71853E-001   1.36800E+001   1.63800E+001
   1.71885E-001   1.36800E+001   1.63800E+001
   1.71916E-001   1.36800E+001   1.63800E+001
   1.71947E-001   1.36800E+001   1.63800E+001
   1.71979E-001   1.36800E+001   1.63800E+001
   1.72010E-001   1.36800E+001   1.63800E+001
   1.72042E-001   1.36800E+001   1.63800E+001
   1.72073E-001   1.36800E+001   1.63800E+001
   1.72104E-001   1.36800E+001   1.63800E+001
   1.72136E-001   1.36800E+001   1.63800E+001
   1.72167E-001   1.36800E+001   1.63800E+001
   1.72198E-001   1.36800E+001   1.63800E+001
   1.72230E-001   1.36800E+001   1.63800E+001
   1.72261E-001   1.36800E+001   1.63800E+001
   1.72293E-001   1.36800E+001   1.63800E+001
   1.72324E-001   1.36800E+001   1.63800E+001
   1.72355E-001   1.36800E+001   1.63800E+001
   1.72387E-001   1.36800E+001   1.63800E+001
   1.72418E-001   1.36800E+001   1.63800E+001
   1.72450E-001   1.36800E+001   1.63800E+001
   1.72481E-001   1.36800E+001   1.63800E+001
   1.72512E-001   1.36800E+001   1.63800E+001
   1.72544E-001   1.36800E+001   1.63800E+001
   1.72575E-001   1.36800E+001   1.63800E+001
   1.72607E-001   1.36800E+001   1.63800E+001
   1.72638E-001   1.36800E+001   1.63800E+001
   1.72669E-001   1.36800E+001   1.63800E+001
   1.72701E-001   1.36800E+001   1.63800E+001
   1.72732E-001   1.36800E+001   1.63800E+001
   1.72763E-001   1.36800E+001   1.63800E+001
   1.72795E-001   1.36800E+001   1.63800E+001
   1.72826E-001   1.36800E+001   1.63800E+001
   1.72858E-001   1.36800E+001   1.63800E+001
   1.72889E-001   1.36800E+001   1.63800E+001
   1.72920E-001   1.36800E+001   1.63800E+001
   1.72952E-001   1.36800E+001   1.63800E+001
   1.72983E-001   1.36800E+001   1.63800E+001
   1.73015E-001   1.36800E+001   1.63800E+001
   1.73046E-001   1.36800E+001   1.63800E+001
   1.73077E-001   1.36800E+001   1.63800E+001
   1.73109E-001   1.36800E+001   1.63800E+001
   1.73140E-001   1.36800E+001   1.63800E+001
   1.73172E-001   1.36800E+001   1.63800E+001
   1.73203E-001   1.36800E+001   1.63800E+001
   1.73234E-001   1.36800E+001   1.63800E+001
   1.73266E-001   1.36800E+001   1.63800E+001
   1.73297E-001   1.36800E+001   1.63800E+001
   1.73328E-001   1.36800E+001   1.63800E+001
   1.73360E-001   1.36800E+001   1.63800E+001
   1.73391E-001   1.36800E+001   1.63800E+001
   1.73423E-001   1.36800E+001   1.63800E+001
   1.73454E-001   1.36800E+001   1.63800E+001
   1.73485E-001   1.36800E+001   1.63800E+001
   1.73517E-001   1.36800E+001   1.63800E+001
   1.73548E-001   1.36800E+001   1.63800E+001
   1.73580E-001   1.36800E+001   1.63800E+001
   1.73611E-001   1.36800E+001   1.63800E+001
   1.73642E-001   1.36800E+001   1.63800E+001
   1.73674E-001   1.36800E+001   1.63800E+001
   1.73705E-001   1.36800E+001   1.63800E+001
   1.73737E-001   1.36800E+001   1.63800E+001
   1.73768E-001   1.36800E+001   1.63800E+001
   1.73799E-001   1.36800E+001   1.63800E+001
   1.73831E-001   1.36800E+001   1.63800E+001
   1.73862E-001   1.36800E+001   1.63800E+001
   1.73893E-001   1.36800E+001   1.63800E+001
   1.73925E-001   1.36800E+001   1.63800E+001
   1.73956E-001   1.36800E+001   1.63800E+001
   1.73988E-001   1.36800E+001   1.63800E+001
   1.74019E-001   1.36800E+001   1.63800E+001
   1.74050E-001   1.36800E+001   1.63800E+001
   1.74082E-001   1.36800E+001   1.63800E+001
   1.74113E-001   1.36800E+001   1.63800E+001
   1.74145E-001   1.36800E+001   1.63800E+001
   1.74176E-001   1.36800E+001   1.63800E+001
   1.74207E-001   1.36800E+001   1.63800E+001
   1.74239E-001   1.36800E+001   1.63800E+001
   1.74270E-001   1.36800E+001   1.63800E+001
   1.74302E-001   1.36800E+001   1.63800E+001
   1.74333E-001   1.36800E+001   1.63800E+001
   1.74364E-001   1.36800E+001   1.63800E+001
   1.74396E-001   1.36800E+001   1.63800E+001
   1.74427E-001   1.36800E+001   1.63800E+001
   1.74458E-001   1.36800E+001   1.63800E+001
   1.74490E-001   1.36800E+001   1.63800E+001
   1.74521E-001   1.36800E+001   1.63800E+001
   1.74553E-001   1.36800E+001   1.63800E+001
   1.74584E-001   1.36800E+001   1.63800E+001
   1.74615E-001   1.36800E+001   1.63800E+001
   1.74647E-001   1.36800E+001   1.63800E+001
   1.74678E-001   1.36800E+001   1.63800E+001
   1.74710E-001   1.36800E+001   1.63800E+001
   1.74741E-001   1.36800E+001   1.63800E+001
   1.74772E-001   1.36800E+001   1.63800E+001
   1.74804E-001   1.36800E+001   1.63800E+001
   1.74835E-001   1.36800E+001   1.63800E+001
   1.74867E-001   1.36800E+001   1.63800E+001
   1.74898E-001   1.36800E+001   1.63800E+001
   1.74929E-001   1.36800E+001   1.63800E+001
   1.74961E-001   1.36800E+001   1.63800E+001
   1.74992E-001   1.36800E+001   1.63800E+001
   1.75023E-001   1.36800E+001   1.63800E+001
   1.75055E-001   1.36800E+001   1.63800E+001
   1.75086E-001   1.36800E+001   1.63800E+001
   1.75118E-001   1.36800E+001   1.63800E+001
   1.75149E-001   1.36800E+001   1.63800E+001
   1.75180E-001   1.36800E+001   1.63800E+001
   1.75212E-001   1.36800E+001   1.63800E+001
   1.75243E-001   1.36800E+001   1.63800E+001
   1.75275E-001   1.36800E+001   1.63800E+001
   1.75306E-001   1.36800E+001   1.63800E+001
   1.75337E-001   1.36800E+001   1.63800E+001
   1.75369E-001   1.36800E+001   1.63800E+001
   1.75400E-001   1.36800E+001   1.63800E+001
   1.75432E-001   1.36800E+001   1.63800E+001
   1.75463E-001   1.36800E+001   1.63800E+001
   1.75494E-001   1.36800E+001   1.63800E+001
   1.75526E-001   1.36800E+001   1.63800E+001
   1.75557E-001   1.36800E+001   1.63800E+001
   1.75588E-001   1.36800E+001   1.63800E+001
   1.75620E-001   1.36800E+001   1.63800E+001
   1.75651E-001   1.36800E+001   1.63800E+001
   1.75683E-001   1.36800E+001   1.63800E+001
   1.75714E-001   1.36800E+001   1.63800E+001
   1.75745E-001   1.36800E+001   1.63800E+001
   1.75777E-001   1.36800E+001   1.63800E+001
   1.75808E-001   1.36800E+001   1.63800E+001
   1.75840E-001   1.36800E+001   1.63800E+001
   1.75871E-001   1.36800E+001   1.63800E+001
   1.75902E-001   1.36800E+001   1.63800E+001
   1.75934E-001   1.36800E+001   1.63800E+001
   1.75965E-001   1.36800E+001   1.63800E+001
   1.75997E-001   1.36800E+001   1.63800E+001
   1.76028E-001   1.36800E+001   1.63800E+001
   1.76059E-001   1.36800E+001   1.65600E+001
   1.76091E-001   1.36800E+001   1.65600E+001
   1.76122E-001   1.36800E+001   1.65600E+001
   1.76153E-001   1.36800E+001   1.65600E+001
   1.76185E-001   1.36800E+001   1.65600E+001
   1.76216E-001   1.36800E+001   1.65600E+001
   1.76248E-001   1.36800E+001   1.65600E+001
   1.76279E-001   1.36800E+001   1.65600E+001
   1.76310E-001   1.36800E+001   1.65600E+001
   1.76342E-001   1.36800E+001   1.65600E+001
   1.76373E-001   1.36800E+001   1.65600E+001
   1.76405E-001   1.36800E+001   1.65600E+001
   1.76436E-001   1.36800E+001   1.65600E+001
   1.76467E-001   1.36800E+001   1.65600E+001
   1.76499E-001   1.36800E+001   1.65600E+001
   1.76530E-001   1.36800E+001   1.65600E+001
   1.76562E-001   1.36800E+001   1.65600E+001
   1.76593E-001   1.36800E+001   1.65600E+001
   1.76624E-001   1.36800E+001   1.65600E+001
   1.76656E-001   1.36800E+001   1.65600E+001
   1.76687E-001   1.36800E+001   1.65600E+001
   1.76718E-001   1.36800E+001   1.65600E+001
   1.76750E-001   1.36800E+001   1.65600E+001
   1.76781E-001   1.36800E+001   1.65600E+001
   1.76813E-001   1.36800E+001   1.65600E+001
   1.76844E-001   1.36800E+001   1.65600E+001
   1.76875E-001   1.36800E+001   1.65600E+001
   1.76907E-001   1.36800E+001   1.65600E+001
   1.76938E-001   1.36800E+001   1.65600E+001
   1.76970E-001   1.36800E+001   1.65600E+001
   1.77001E-001   1.36800E+001   1.65600E+001
   1.77032E-001   1.36800E+001   1.65600E+001
   1.77064E-001   1.36800E+001   1.65600E+001
   1.77095E-001   1.36800E+001   1.65600E+001
   1.77127E-001   1.36800E+001   1.65600E+001
   1.77158E-001   1.36800E+001   1.65600E+001
   1.77189E-001   1.36800E+001   1.65600E+001
   1.77221E-001   1.36800E+001   1.65600E+001
   1.77252E-001   1.36800E+001   1.65600E+001
   1.77283E-001   1.36800E+001   1.65600E+001
   1.77315E-001   1.36800E+001   1.65600E+001
   1.77346E-001   1.36800E+001   1.65600E+001
   1.77378E-001   1.36800E+001   1.65600E+001
   1.77409E-001   1.36800E+001   1.65600E+001
   1.77440E-001   1.36800E+001   1.65600E+001
   1.77472E-001   1.36800E+001   1.65600E+001
   1.77503E-001   1.36800E+001   1.65600E+001
   1.77535E-001   1.36800E+001   1.65600E+001
   1.77566E-001   1.36800E+001   1.65600E+001
   1.77597E-001   1.36800E+001   1.65600E+001
   1.77629E-001   1.36800E+001   1.65600E+001
   1.77660E-001   1.36800E+001   1.65600E+001
   1.77692E-001   1.36800E+001   1.65600E+001
   1.77723E-001   1.36800E+001   1.65600E+001
   1.77754E-001   1.36800E+001   1.65600E+001
   1.77786E-001   1.36800E+001   1.65600E+001
   1.77817E-001   1.36800E+001   1.65600E+001
   1.77849E-001   1.36800E+001   1.65600E+001
   1.77880E-001   1.36800E+001   1.65600E+001
   1.77911E-001   1.36800E+001   1.65600E+001
   1.77943E-001   1.36800E+001   1.65600E+001
   1.77974E-001   1.36800E+001   1.65600E+001
   1.78005E-001   1.36800E+001   1.65600E+001
   1.78037E-001   1.36800E+001   1.65600E+001
   1.78068E-001   1.36800E+001   1.65600E+001
   1.78100E-001   1.36800E+001   1.65600E+001
   1.78131E-001   1.36800E+001   1.65600E+001
   1.78162E-001   1.36800E+001   1.65600E+001
   1.78194E-001   1.36800E+001   1.65600E+001
   1.78225E-001   1.36800E+001   1.65600E+001
   1.78257E-001   1.36800E+001   1.65600E+001
   1.78288E-001   1.36800E+001   1.65600E+001
   1.78319E-001   1.36800E+001   1.65600E+001
   1.78351E-001   1.36800E+001   1.65600E+001
   1.78382E-001   1.36800E+001   1.65600E+001
   1.78414E-001   1.36800E+001   1.65600E+001
   1.78445E-001   1.36800E+001   1.65600E+001
   1.78476E-001   1.36800E+001   1.65600E+001
   1.78508E-001   1.36800E+001   1.65600E+001
   1.78539E-001   1.36800E+001   1.65600E+001
   1.78570E-001   1.36800E+001   1.65600E+001
   1.78602E-001   1.36800E+001   1.65600E+001
   1.78633E-001   1.36800E+001   1.65600E+001
   1.78665E-001   1.36800E+001   1.65600E+001
   1.78696E-001   1.36800E+001   1.65600E+001
   1.78727E-001   1.36800E+001   1.65600E+001
   1.78759E-001   1.36800E+001   1.65600E+001
   1.78790E-001   1.36800E+001   1.65600E+001
   1.78822E-001   1.36800E+001   1.65600E+001
   1.78853E-001   1.36800E+001   1.65600E+001
   1.78884E-001   1.36800E+001   1.65600E+001
   1.78916E-001   1.36800E+001   1.65600E+001
   1.78947E-001   1.36800E+001   1.65600E+001
   1.78979E-001   1.36800E+001   1.65600E+001
   1.79010E-001   1.36800E+001   1.65600E+001
   1.79041E-001   1.36800E+001   1.65600E+001
   1.79073E-001   1.36800E+001   1.65600E+001
   1.79104E-001   1.36800E+001   1.65600E+001
   1.79135E-001   1.36800E+001   1.65600E+001
   1.79167E-001   1.36800E+001   1.65600E+001
   1.79198E-001   1.36800E+001   1.65600E+001
   1.79230E-001   1.36800E+001   1.65600E+001
   1.79261E-001   1.36800E+001   1.65600E+001
   1.79292E-001   1.36800E+001   1.65600E+001
   1.79324E-001   1.36800E+001   1.65600E+001
   1.79355E-001   1.36800E+001   1.65600E+001
   1.79387E-001   1.36800E+001   1.65600E+001
   1.79418E-001   1.36800E+001   1.65600E+001
   1.79449E-001   1.36800E+001   1.65600E+001
   1.79481E-001   1.36800E+001   1.65600E+001
   1.79512E-001   1.36800E+001   1.65600E+001
   1.79544E-001   1.36800E+001   1.65600E+001
   1.79575E-001   1.36800E+001   1.65600E+001
   1.79606E-001   1.36800E+001   1.65600E+001
   1.79638E-001   1.36800E+001   1.65600E+001
   1.79669E-001   1.36800E+001   1.65600E+001
   1.79700E-001   1.36800E+001   1.65600E+001
   1.79732E-001   1.36800E+001   1.65600E+001
   1.79763E-001   1.36800E+001   1.65600E+001
   1.79795E-001   1.36800E+001   1.65600E+001
   1.79826E-001   1.36800E+001   1.65600E+001
   1.79857E-001   1.36800E+001   1.65600E+001
   1.79889E-001   1.36800E+001   1.65600E+001
   1.79920E-001   1.36800E+001   1.65600E+001
   1.79952E-001   1.36800E+001   1.65600E+001
   1.79983E-001   1.36800E+001   1.65600E+001
   1.80014E-001   1.36800E+001   1.65600E+001
   1.80046E-001   1.36800E+001   1.65600E+001
   1.80077E-001   1.36800E+001   1.65600E+001
   1.80109E-001   1.36800E+001   1.65600E+001
   1.80140E-001   1.36800E+001   1.65600E+001
   1.80171E-001   1.36800E+001   1.65600E+001
   1.80203E-001   1.36800E+001   1.65600E+001
   1.80234E-001   1.36800E+001   1.65600E+001
   1.80265E-001   1.36800E+001   1.65600E+001
   1.80297E-001   1.36800E+001   1.65600E+001
   1.80328E-001   1.36800E+001   1.65600E+001
   1.80360E-001   1.36800E+001   1.65600E+001
   1.80391E-001   1.36800E+001   1.65600E+001
   1.80422E-001   1.36800E+001   1.65600E+001
   1.80454E-001   1.36800E+001   1.65600E+001
   1.80485E-001   1.36800E+001   1.65600E+001
   1.80517E-001   1.36800E+001   1.67400E+001
   1.80548E-001   1.36800E+001   1.67400E+001
   1.80579E-001   1.36800E+001   1.67400E+001
   1.80611E-001   1.36800E+001   1.67400E+001
   1.80642E-001   1.36800E+001   1.67400E+001
   1.80674E-001   1.36800E+001   1.67400E+001
   1.80705E-001   1.36800E+001   1.67400E+001
   1.80736E-001   1.36800E+001   1.67400E+001
   1.80768E-001   1.36800E+001   1.67400E+001
   1.80799E-001   1.36800E+001   1.67400E+001
   1.80830E-001   1.36800E+001   1.67400E+001
   1.80862E-001   1.36800E+001   1.67400E+001
   1.80893E-001   1.36800E+001   1.67400E+001
   1.80925E-001   1.36800E+001   1.67400E+001
   1.80956E-001   1.36800E+001   1.67400E+001
   1.80987E-001   1.36800E+001   1.67400E+001
   1.81019E-001   1.36800E+001   1.67400E+001
   1.81050E-001   1.36800E+001   1.67400E+001
   1.81082E-001   1.36800E+001   1.67400E+001
   1.81113E-001   1.36800E+001   1.67400E+001
   1.81144E-001   1.36800E+001   1.67400E+001
   1.81176E-001   1.36800E+001   1.67400E+001
   1.81207E-001   1.36800E+001   1.67400E+001
   1.81239E-001   1.36800E+001   1.67400E+001
   1.81270E-001   1.36800E+001   1.67400E+001
   1.81301E-001   1.36800E+001   1.67400E+001
   1.81333E-001   1.36800E+001   1.67400E+001
   1.81364E-001   1.36800E+001   1.67400E+001
   1.81395E-001   1.36800E+001   1.67400E+001
   1.81427E-001   1.36800E+001   1.67400E+001
   1.81458E-001   1.36800E+001   1.67400E+001
   1.81490E-001   1.36800E+001   1.67400E+001
   1.81521E-001   1.36800E+001   1.67400E+001
   1.81552E-001   1.36800E+001   1.67400E+001
   1.81584E-001   1.36800E+001   1.67400E+001
   1.81615E-001   1.36800E+001   1.67400E+001
   1.81647E-001   1.36800E+001   1.67400E+001
   1.81678E-001   1.36800E+001   1.67400E+001
   1.81709E-001   1.36800E+001   1.67400E+001
   1.81741E-001   1.36800E+001   1.67400E+001
   1.81772E-001   1.36800E+001   1.67400E+001
   1.81804E-001   1.36800E+001   1.67400E+001
   1.81835E-001   1.36800E+001   1.67400E+001
   1.81866E-001   1.36800E+001   1.67400E+001
   1.81898E-001   1.36800E+001   1.67400E+001
   1.81929E-001   1.36800E+001   1.67400E+001
   1.81960E-001   1.36800E+001   1.67400E+001
   1.81992E-001   1.36800E+001   1.67400E+001
   1.82023E-001   1.36800E+001   1.67400E+001
   1.82055E-001   1.36800E+001   1.67400E+001
   1.82086E-001   1.36800E+001   1.67400E+001
   1.82117E-001   1.36800E+001   1.67400E+001
   1.82149E-001   1.36800E+001   1.67400E+001
   1.82180E-001   1.36800E+001   1.67400E+001
   1.82212E-001   1.36800E+001   1.67400E+001
   1.82243E-001   1.36800E+001   1.67400E+001
   1.82274E-001   1.36800E+001   1.67400E+001
   1.82306E-001   1.36800E+001   1.67400E+001
   1.82337E-001   1.36800E+001   1.67400E+001
   1.82369E-001   1.36800E+001   1.67400E+001
   1.82400E-001   1.36800E+001   1.67400E+001
   1.82431E-001   1.36800E+001   1.67400E+001
   1.82463E-001   1.36800E+001   1.67400E+001
   1.82494E-001   1.36800E+001   1.67400E+001
   1.82525E-001   1.36800E+001   1.67400E+001
   1.82557E-001   1.36800E+001   1.67400E+001
   1.82588E-001   1.36800E+001   1.67400E+001
   1.82620E-001   1.36800E+001   1.67400E+001
   1.82651E-001   1.36800E+001   1.67400E+001
   1.82682E-001   1.36800E+001   1.67400E+001
   1.82714E-001   1.36800E+001   1.67400E+001
   1.82745E-001   1.36800E+001   1.67400E+001
   1.82777E-001   1.36800E+001   1.67400E+001
   1.82808E-001   1.36800E+001   1.67400E+001
   1.82839E-001   1.36800E+001   1.67400E+001
   1.82871E-001   1.36800E+001   1.67400E+001
   1.82902E-001   1.36800E+001   1.67400E+001
   1.82934E-001   1.36800E+001   1.67400E+001
   1.82965E-001   1.36800E+001   1.67400E+001
   1.82996E-001   1.36800E+001   1.67400E+001
   1.83028E-001   1.36800E+001   1.67400E+001
   1.83059E-001   1.36800E+001   1.67400E+001
   1.83090E-001   1.36800E+001   1.67400E+001
   1.83122E-001   1.36800E+001   1.67400E+001
   1.83153E-001   1.36800E+001   1.67400E+001
   1.83185E-001   1.36800E+001   1.67400E+001
   1.83216E-001   1.36800E+001   1.67400E+001
   1.83247E-001   1.36800E+001   1.67400E+001
   1.83279E-001   1.36800E+001   1.67400E+001
   1.83310E-001   1.36800E+001   1.67400E+001
   1.83342E-001   1.36800E+001   1.67400E+001
   1.83373E-001   1.36800E+001   1.67400E+001
   1.83404E-001   1.36800E+001   1.67400E+001
   1.83436E-001   1.36800E+001   1.67400E+001
   1.83467E-001   1.36800E+001   1.67400E+001
   1.83499E-001   1.36800E+001   1.67400E+001
   1.83530E-001   1.36800E+001   1.67400E+001
   1.83561E-001   1.36800E+001   1.67400E+001
   1.83593E-001   1.36800E+001   1.67400E+001
   1.83624E-001   1.36800E+001   1.67400E+001
   1.83655E-001   1.36800E+001   1.67400E+001
   1.83687E-001   1.36800E+001   1.67400E+001
   1.83718E-001   1.36800E+001   1.67400E+001
   1.83750E-001   1.36800E+001   1.67400E+001
   1.83781E-001   1.36800E+001   1.67400E+001
   1.83812E-001   1.36800E+001   1.67400E+001
   1.83844E-001   1.36800E+001   1.67400E+001
   1.83875E-001   1.36800E+001   1.67400E+001
   1.83907E-001   1.36800E+001   1.67400E+001
   1.83938E-001   1.36800E+001   1.67400E+001
   1.83969E-001   1.36800E+001   1.67400E+001
   1.84001E-001   1.36800E+001   1.67400E+001
   1.84032E-001   1.36800E+001   1.67400E+001
   1.84064E-001   1.36800E+001   1.67400E+001
   1.84095E-001   1.36800E+001   1.67400E+001
   1.84126E-001   1.36800E+001   1.67400E+001
   1.84158E-001   1.36800E+001   1.67400E+001
   1.84189E-001   1.36800E+001   1.67400E+001
   1.84221E-001   1.36800E+001   1.67400E+001
   1.84252E-001   1.36800E+001   1.67400E+001
   1.84283E-001   1.36800E+001   1.67400E+001
   1.84315E-001   1.36800E+001   1.67400E+001
   1.84346E-001   1.36800E+001   1.67400E+001
   1.84377E-001   1.36800E+001   1.67400E+001
   1.84409E-001   1.36800E+001   1.67400E+001
   1.84440E-001   1.36800E+001   1.67400E+001
   1.84472E-001   1.36800E+001   1.67400E+001
   1.84503E-001   1.36800E+001   1.67400E+001
   1.84534E-001   1.36800E+001   1.67400E+001
   1.84566E-001   1.36800E+001   1.67400E+001
   1.84597E-001   1.36800E+001   1.67400E+001
   1.84629E-001   1.36800E+001   1.67400E+001
   1.84660E-001   1.36800E+001   1.67400E+001
   1.84691E-001   1.36800E+001   1.67400E+001
   1.84723E-001   1.36800E+001   1.67400E+001
   1.84754E-001   1.36800E+001   1.67400E+001
   1.84786E-001   1.36800E+001   1.67400E+001
   1.84817E-001   1.36800E+001   1.67400E+001
   1.84848E-001   1.36800E+001   1.67400E+001
   1.84880E-001   1.36800E+001   1.67400E+001
   1.84911E-001   1.36800E+001   1.67400E+001
   1.84942E-001   1.36800E+001   1.67400E+001
   1.84974E-001   1.36800E+001   1.67400E+001
   1.85005E-001   1.36800E+001   1.69200E+001
   1.85037E-001   1.36800E+001   1.69200E+001
   1.85068E-001   1.36800E+001   1.69200E+001
   1.85099E-001   1.36800E+001   1.69200E+001
   1.85131E-001   1.36800E+001   1.69200E+001
   1.85162E-001   1.36800E+001   1.69200E+001
   1.85194E-001   1.36800E+001   1.69200E+001
   1.85225E-001   1.36800E+001   1.69200E+001
   1.85256E-001   1.36800E+001   1.69200E+001
   1.85288E-001   1.36800E+001   1.69200E+001
   1.85319E-001   1.36800E+001   1.69200E+001
   1.85351E-001   1.36800E+001   1.69200E+001
   1.85382E-001   1.36800E+001   1.69200E+001
   1.85413E-001   1.36800E+001   1.69200E+001
   1.85445E-001   1.36800E+001   1.69200E+001
   1.85476E-001   1.36800E+001   1.69200E+001
   1.85507E-001   1.36800E+001   1.69200E+001
   1.85539E-001   1.36800E+001   1.69200E+001
   1.85570E-001   1.36800E+001   1.69200E+001
   1.85602E-001   1.36800E+001   1.69200E+001
   1.85633E-001   1.36800E+001   1.69200E+001
   1.85664E-001   1.36800E+001   1.69200E+001
   1.85696E-001   1.36800E+001   1.69200E+001
   1.85727E-001   1.36800E+001   1.69200E+001
   1.85759E-001   1.36800E+001   1.69200E+001
   1.85790E-001   1.36800E+001   1.69200E+001
   1.85821E-001   1.36800E+001   1.69200E+001
   1.85853E-001   1.36800E+001   1.69200E+001
   1.85884E-001   1.36800E+001   1.69200E+001
   1.85916E-001   1.36800E+001   1.69200E+001
   1.85947E-001   1.36800E+001   1.69200E+001
   1.85978E-001   1.36800E+001   1.69200E+001
   1.86010E-001   1.36800E+001   1.69200E+001
   1.86041E-001   1.36800E+001   1.69200E+001
   1.86072E-001   1.36800E+001   1.69200E+001
   1.86104E-001   1.36800E+001   1.69200E+001
   1.86135E-001   1.36800E+001   1.69200E+001
   1.86167E-001   1.36800E+001   1.69200E+001
   1.86198E-001   1.36800E+001   1.69200E+001
   1.86229E-001   1.36800E+001   1.69200E+001
   1.86261E-001   1.36800E+001   1.69200E+001
   1.86292E-001   1.36800E+001   1.69200E+001
   1.86324E-001   1.36800E+001   1.69200E+001
   1.86355E-001   1.36800E+001   1.69200E+001
   1.86386E-001   1.36800E+001   1.69200E+001
   1.86418E-001   1.36800E+001   1.69200E+001
   1.86449E-001   1.36800E+001   1.69200E+001
   1.86481E-001   1.36800E+001   1.69200E+001
   1.86512E-001   1.36800E+001   1.69200E+001
   1.86543E-001   1.36800E+001   1.69200E+001
   1.86575E-001   1.36800E+001   1.69200E+001
   1.86606E-001   1.36800E+001   1.69200E+001
   1.86637E-001   1.36800E+001   1.69200E+001
   1.86669E-001   1.36800E+001   1.69200E+001
   1.86700E-001   1.36800E+001   1.69200E+001
   1.86732E-001   1.36800E+001   1.69200E+001
   1.86763E-001   1.36800E+001   1.69200E+001
   1.86794E-001   1.36800E+001   1.69200E+001
   1.86826E-001   1.36800E+001   1.69200E+001
   1.86857E-001   1.36800E+001   1.69200E+001
   1.86889E-001   1.36800E+001   1.69200E+001
   1.86920E-001   1.36800E+001   1.69200E+001
   1.86951E-001   1.36800E+001   1.69200E+001
   1.86983E-001   1.36800E+001   1.69200E+001
   1.87014E-001   1.36800E+001   1.69200E+001
   1.87046E-001   1.36800E+001   1.69200E+001
   1.87077E-001   1.36800E+001   1.69200E+001
   1.87108E-001   1.36800E+001   1.69200E+001
   1.87140E-001   1.36800E+001   1.69200E+001
   1.87171E-001   1.36800E+001   1.69200E+001
   1.87202E-001   1.36800E+001   1.69200E+001
   1.87234E-001   1.36800E+001   1.69200E+001
   1.87265E-001   1.36800E+001   1.69200E+001
   1.87297E-001   1.36800E+001   1.69200E+001
   1.87328E-001   1.36800E+001   1.69200E+001
   1.87359E-001   1.36800E+001   1.69200E+001
   1.87391E-001   1.36800E+001   1.69200E+001
   1.87422E-001   1.36800E+001   1.69200E+001
   1.87454E-001   1.36800E+001   1.69200E+001
   1.87485E-001   1.36800E+001   1.69200E+001
   1.87516E-001   1.36800E+001   1.69200E+001
   1.87548E-001   1.36800E+001   1.69200E+001
   1.87579E-001   1.36800E+001   1.69200E+001
   1.87611E-001   1.36800E+001   1.69200E+001
   1.87642E-001   1.36800E+001   1.69200E+001
   1.87673E-001   1.36800E+001   1.69200E+001
   1.87705E-001   1.36800E+001   1.69200E+001
   1.87736E-001   1.36800E+001   1.69200E+001
   1.87767E-001   1.36800E+001   1.69200E+001
   1.87799E-001   1.36800E+001   1.69200E+001
   1.87830E-001   1.36800E+001   1.69200E+001
   1.87862E-001   1.36800E+001   1.69200E+001
   1.87893E-001   1.36800E+001   1.69200E+001
   1.87924E-001   1.36800E+001   1.69200E+001
   1.87956E-001   1.36800E+001   1.69200E+001
   1.87987E-001   1.36800E+001   1.69200E+001
   1.88019E-001   1.36800E+001   1.69200E+001
   1.88050E-001   1.36800E+001   1.69200E+001
   1.88081E-001   1.36800E+001   1.69200E+001
   1.88113E-001   1.36800E+001   1.69200E+001
   1.88144E-001   1.36800E+001   1.69200E+001
   1.88176E-001   1.36800E+001   1.69200E+001
   1.88207E-001   1.36800E+001   1.69200E+001
   1.88238E-001   1.36800E+001   1.69200E+001
   1.88270E-001   1.36800E+001   1.69200E+001
   1.88301E-001   1.36800E+001   1.69200E+001
   1.88332E-001   1.36800E+001   1.69200E+001
   1.88364E-001   1.36800E+001   1.69200E+001
   1.88395E-001   1.36800E+001   1.69200E+001
   1.88427E-001   1.36800E+001   1.69200E+001
   1.88458E-001   1.36800E+001   1.69200E+001
   1.88489E-001   1.36800E+001   1.69200E+001
   1.88521E-001   1.36800E+001   1.69200E+001
   1.88552E-001   1.36800E+001   1.69200E+001
   1.88584E-001   1.36800E+001   1.69200E+001
   1.88615E-001   1.36800E+001   1.69200E+001
   1.88646E-001   1.36800E+001   1.69200E+001
   1.88678E-001   1.36800E+001   1.69200E+001
   1.88709E-001   1.36800E+001   1.69200E+001
   1.88741E-001   1.36800E+001   1.69200E+001
   1.88772E-001   1.36800E+001   1.69200E+001
   1.88803E-001   1.36800E+001   1.69200E+001
   1.88835E-001   1.36800E+001   1.69200E+001
   1.88866E-001   1.36800E+001   1.69200E+001
   1.88897E-001   1.36800E+001   1.69200E+001
   1.88929E-001   1.36800E+001   1.69200E+001
   1.88960E-001   1.36800E+001   1.69200E+001
   1.88992E-001   1.36800E+001   1.69200E+001
   1.89023E-001   1.36800E+001   1.69200E+001
   1.89054E-001   1.36800E+001   1.69200E+001
   1.89086E-001   1.36800E+001   1.69200E+001
   1.89117E-001   1.36800E+001   1.69200E+001
   1.89149E-001   1.36800E+001   1.69200E+001
   1.89180E-001   1.36800E+001   1.69200E+001
   1.89211E-001   1.36800E+001   1.69200E+001
   1.89243E-001   1.36800E+001   1.69200E+001
   1.89274E-001   1.36800E+001   1.69200E+001
   1.89306E-001   1.36800E+001   1.69200E+001
   1.89337E-001   1.36800E+001   1.69200E+001
   1.89368E-001   1.36800E+001   1.69200E+001
   1.89400E-001   1.36800E+001   1.69200E+001
   1.89431E-001   1.36800E+001   1.69200E+001
   1.89462E-001   1.36800E+001   1.69200E+001
   1.89494E-001   1.36800E+001   1.69200E+001
   1.89525E-001   1.36800E+001   1.69200E+001
   1.89557E-001   1.36800E+001   1.71000E+001
   1.89588E-001   1.36800E+001   1.71000E+001
   1.89619E-001   1.36800E+001   1.71000E+001
   1.89651E-001   1.36800E+001   1.71000E+001
   1.89682E-001   1.36800E+001   1.71000E+001
   1.89714E-001   1.36800E+001   1.71000E+001
   1.89745E-001   1.36800E+001   1.71000E+001
   1.89776E-001   1.36800E+001   1.71000E+001
   1.89808E-001   1.36800E+001   1.71000E+001
   1.89839E-001   1.36800E+001   1.71000E+001
   1.89871E-001   1.36800E+001   1.71000E+001
   1.89902E-001   1.36800E+001   1.71000E+001
   1.89933E-001   1.36800E+001   1.71000E+001
   1.89965E-001   1.36800E+001   1.71000E+001
   1.89996E-001   1.36800E+001   1.71000E+001
   1.90028E-001   1.36800E+001   1.71000E+001
   1.90059E-001   1.36800E+001   1.71000E+001
   1.90090E-001   1.36800E+001   1.71000E+001
   1.90122E-001   1.36800E+001   1.71000E+001
   1.90153E-001   1.36800E+001   1.71000E+001
   1.90184E-001   1.36800E+001   1.71000E+001
   1.90216E-001   1.36800E+001   1.71000E+001
   1.90247E-001   1.36800E+001   1.71000E+001
   1.90279E-001   1.36800E+001   1.71000E+001
   1.90310E-001   1.36800E+001   1.71000E+001
   1.90341E-001   1.36800E+001   1.71000E+001
   1.90373E-001   1.36800E+001   1.71000E+001
   1.90404E-001   1.36800E+001   1.71000E+001
   1.90436E-001   1.36800E+001   1.71000E+001
   1.90467E-001   1.36800E+001   1.71000E+001
   1.90498E-001   1.36800E+001   1.71000E+001
   1.90530E-001   1.36800E+001   1.71000E+001
   1.90561E-001   1.36800E+001   1.71000E+001
   1.90593E-001   1.36800E+001   1.71000E+001
   1.90624E-001   1.36800E+001   1.71000E+001
   1.90655E-001   1.36800E+001   1.71000E+001
   1.90687E-001   1.36800E+001   1.71000E+001
   1.90718E-001   1.36800E+001   1.71000E+001
   1.90749E-001   1.36800E+001   1.71000E+001
   1.90781E-001   1.36800E+001   1.71000E+001
   1.90812E-001   1.36800E+001   1.71000E+001
   1.90844E-001   1.36800E+001   1.71000E+001
   1.90875E-001   1.36800E+001   1.71000E+001
   1.90906E-001   1.36800E+001   1.71000E+001
   1.90938E-001   1.36800E+001   1.71000E+001
   1.90969E-001   1.36800E+001   1.71000E+001
   1.91001E-001   1.36800E+001   1.71000E+001
   1.91032E-001   1.36800E+001   1.71000E+001
   1.91063E-001   1.36800E+001   1.71000E+001
   1.91095E-001   1.36800E+001   1.71000E+001
   1.91126E-001   1.36800E+001   1.71000E+001
   1.91158E-001   1.36800E+001   1.71000E+001
   1.91189E-001   1.36800E+001   1.71000E+001
   1.91220E-001   1.36800E+001   1.71000E+001
   1.91252E-001   1.36800E+001   1.71000E+001
   1.91283E-001   1.36800E+001   1.71000E+001
   1.91314E-001   1.36800E+001   1.71000E+001
   1.91346E-001   1.36800E+001   1.71000E+001
   1.91377E-001   1.36800E+001   1.71000E+001
   1.91409E-001   1.36800E+001   1.71000E+001
   1.91440E-001   1.36800E+001   1.71000E+001
   1.91471E-001   1.36800E+001   1.71000E+001
   1.91503E-001   1.36800E+001   1.71000E+001
   1.91534E-001   1.36800E+001   1.71000E+001
   1.91566E-001   1.36800E+001   1.71000E+001
   1.91597E-001   1.36800E+001   1.71000E+001
   1.91628E-001   1.36800E+001   1.71000E+001
   1.91660E-001   1.36800E+001   1.71000E+001
   1.91691E-001   1.36800E+001   1.71000E+001
   1.91723E-001   1.36800E+001   1.71000E+001
   1.91754E-001   1.36800E+001   1.71000E+001
   1.91785E-001   1.36800E+001   1.71000E+001
   1.91817E-001   1.36800E+001   1.71000E+001
   1.91848E-001   1.36800E+001   1.71000E+001
   1.91879E-001   1.36800E+001   1.71000E+001
   1.91911E-001   1.36800E+001   1.71000E+001
   1.91942E-001   1.36800E+001   1.71000E+001
   1.91974E-001   1.36800E+001   1.71000E+001
   1.92005E-001   1.36800E+001   1.71000E+001
   1.92036E-001   1.36800E+001   1.71000E+001
   1.92068E-001   1.36800E+001   1.71000E+001
   1.92099E-001   1.36800E+001   1.71000E+001
   1.92131E-001   1.36800E+001   1.71000E+001
   1.92162E-001   1.36800E+001   1.71000E+001
   1.92193E-001   1.36800E+001   1.71000E+001
   1.92225E-001   1.36800E+001   1.71000E+001
   1.92256E-001   1.36800E+001   1.71000E+001
   1.92288E-001   1.36800E+001   1.71000E+001
   1.92319E-001   1.36800E+001   1.71000E+001
   1.92350E-001   1.36800E+001   1.71000E+001
   1.92382E-001   1.36800E+001   1.71000E+001
   1.92413E-001   1.36800E+001   1.71000E+001
   1.92444E-001   1.36800E+001   1.71000E+001
   1.92476E-001   1.36800E+001   1.71000E+001
   1.92507E-001   1.36800E+001   1.71000E+001
   1.92539E-001   1.36800E+001   1.71000E+001
   1.92570E-001   1.36800E+001   1.71000E+001
   1.92601E-001   1.36800E+001   1.71000E+001
   1.92633E-001   1.36800E+001   1.71000E+001
   1.92664E-001   1.36800E+001   1.71000E+001
   1.92696E-001   1.36800E+001   1.71000E+001
   1.92727E-001   1.36800E+001   1.71000E+001
   1.92758E-001   1.36800E+001   1.71000E+001
   1.92790E-001   1.36800E+001   1.71000E+001
   1.92821E-001   1.36800E+001   1.71000E+001
   1.92853E-001   1.36800E+001   1.71000E+001
   1.92884E-001   1.36800E+001   1.71000E+001
   1.92915E-001   1.36800E+001   1.71000E+001
   1.92947E-001   1.36800E+001   1.71000E+001
   1.92978E-001   1.36800E+001   1.71000E+001
   1.93009E-001   1.36800E+001   1.71000E+001
   1.93041E-001   1.36800E+001   1.71000E+001
   1.93072E-001   1.36800E+001   1.71000E+001
   1.93104E-001   1.36800E+001   1.71000E+001
   1.93135E-001   1.36800E+001   1.71000E+001
   1.93166E-001   1.36800E+001   1.71000E+001
   1.93198E-001   1.36800E+001   1.71000E+001
   1.93229E-001   1.36800E+001   1.71000E+001
   1.93261E-001   1.36800E+001   1.71000E+001
   1.93292E-001   1.36800E+001   1.71000E+001
   1.93323E-001   1.36800E+001   1.71000E+001
   1.93355E-001   1.36800E+001   1.71000E+001
   1.93386E-001   1.36800E+001   1.71000E+001
   1.93418E-001   1.36800E+001   1.71000E+001
   1.93449E-001   1.36800E+001   1.71000E+001
   1.93480E-001   1.36800E+001   1.71000E+001
   1.93512E-001   1.36800E+001   1.71000E+001
   1.93543E-001   1.36800E+001   1.71000E+001
   1.93574E-001   1.36800E+001   1.71000E+001
   1.93606E-001   1.36800E+001   1.71000E+001
   1.93637E-001   1.36800E+001   1.71000E+001
   1.93669E-001   1.36800E+001   1.71000E+001
   1.93700E-001   1.36800E+001   1.71000E+001
   1.93731E-001   1.36800E+001   1.71000E+001
   1.93763E-001   1.36800E+001   1.71000E+001
   1.93794E-001   1.36800E+001   1.71000E+001
   1.93826E-001   1.36800E+001   1.71000E+001
   1.93857E-001   1.36800E+001   1.71000E+001
   1.93888E-001   1.36800E+001   1.71000E+001
   1.93920E-001   1.36800E+001   1.71000E+001
   1.93951E-001   1.36800E+001   1.71000E+001
   1.93983E-001   1.36800E+001   1.71000E+001
   1.94014E-001   1.36800E+001   1.71000E+001
   1.94045E-001   1.36800E+001   1.71000E+001
   1.94077E-001   1.36800E+001   1.71000E+001
   1.94108E-001   1.36800E+001   1.71000E+001
   1.94139E-001   1.36800E+001   1.71000E+001
   1.94171E-001   1.36800E+001   1.72800E+001
   1.94202E-001   1.36800E+001   1.72800E+001
   1.94234E-001   1.36800E+001   1.72800E+001
   1.94265E-001   1.36800E+001   1.72800E+001
   1.94296E-001   1.36800E+001   1.72800E+001
   1.94328E-001   1.36800E+001   1.72800E+001
   1.94359E-001   1.36800E+001   1.72800E+001
   1.94391E-001   1.36800E+001   1.72800E+001
   1.94422E-001   1.36800E+001   1.72800E+001
   1.94453E-001   1.36800E+001   1.72800E+001
   1.94485E-001   1.36800E+001   1.72800E+001
   1.94516E-001   1.36800E+001   1.72800E+001
   1.94548E-001   1.36800E+001   1.72800E+001
   1.94579E-001   1.36800E+001   1.72800E+001
   1.94610E-001   1.36800E+001   1.72800E+001
   1.94642E-001   1.36800E+001   1.72800E+001
   1.94673E-001   1.36800E+001   1.72800E+001
   1.94704E-001   1.36800E+001   1.72800E+001
   1.94736E-001   1.36800E+001   1.72800E+001
   1.94767E-001   1.36800E+001   1.72800E+001
   1.94799E-001   1.36800E+001   1.72800E+001
   1.94830E-001   1.36800E+001   1.72800E+001
   1.94861E-001   1.36800E+001   1.72800E+001
   1.94893E-001   1.36800E+001   1.72800E+001
   1.94924E-001   1.36800E+001   1.72800E+001
   1.94956E-001   1.36800E+001   1.72800E+001
   1.94987E-001   1.36800E+001   1.72800E+001
   1.95018E-001   1.36800E+001   1.72800E+001
   1.95050E-001   1.36800E+001   1.72800E+001
   1.95081E-001   1.36800E+001   1.72800E+001
   1.95113E-001   1.36800E+001   1.72800E+001
   1.95144E-001   1.36800E+001   1.72800E+001
   1.95175E-001   1.36800E+001   1.72800E+001
   1.95207E-001   1.36800E+001   1.72800E+001
   1.95238E-001   1.36800E+001   1.72800E+001
   1.95269E-001   1.36800E+001   1.72800E+001
   1.95301E-001   1.36800E+001   1.72800E+001
   1.95332E-001   1.36800E+001   1.72800E+001
   1.95364E-001   1.36800E+001   1.72800E+001
   1.95395E-001   1.36800E+001   1.72800E+001
   1.95426E-001   1.36800E+001   1.72800E+001
   1.95458E-001   1.36800E+001   1.72800E+001
   1.95489E-001   1.36800E+001   1.72800E+001
   1.95521E-001   1.36800E+001   1.72800E+001
   1.95552E-001   1.36800E+001   1.72800E+001
   1.95583E-001   1.36800E+001   1.72800E+001
   1.95615E-001   1.36800E+001   1.72800E+001
   1.95646E-001   1.36800E+001   1.72800E+001
   1.95678E-001   1.36800E+001   1.72800E+001
   1.95709E-001   1.36800E+001   1.72800E+001
   1.95740E-001   1.36800E+001   1.72800E+001
   1.95772E-001   1.36800E+001   1.72800E+001
   1.95803E-001   1.36800E+001   1.72800E+001
   1.95835E-001   1.36800E+001   1.72800E+001
   1.95866E-001   1.36800E+001   1.72800E+001
   1.95897E-001   1.36800E+001   1.72800E+001
   1.95929E-001   1.36800E+001   1.72800E+001
   1.95960E-001   1.36800E+001   1.72800E+001
   1.95991E-001   1.36800E+001   1.72800E+001
   1.96023E-001   1.36800E+001   1.72800E+001
   1.96054E-001   1.36800E+001   1.72800E+001
   1.96086E-001   1.36800E+001   1.72800E+001
   1.96117E-001   1.36800E+001   1.72800E+001
   1.96148E-001   1.36800E+001   1.72800E+001
   1.96180E-001   1.36800E+001   1.72800E+001
   1.96211E-001   1.36800E+001   1.72800E+001
   1.96243E-001   1.36800E+001   1.72800E+001
   1.96274E-001   1.36800E+001   1.72800E+001
   1.96305E-001   1.36800E+001   1.72800E+001
   1.96337E-001   1.36800E+001   1.72800E+001
   1.96368E-001   1.36800E+001   1.72800E+001
   1.96400E-001   1.36800E+001   1.72800E+001
   1.96431E-001   1.36800E+001   1.72800E+001
   1.96462E-001   1.36800E+001   1.72800E+001
   1.96494E-001   1.36800E+001   1.72800E+001
   1.96525E-001   1.36800E+001   1.72800E+001
   1.96556E-001   1.36800E+001   1.72800E+001
   1.96588E-001   1.36800E+001   1.72800E+001
   1.96619E-001   1.36800E+001   1.72800E+001
   1.96651E-001   1.36800E+001   1.72800E+001
   1.96682E-001   1.36800E+001   1.72800E+001
   1.96713E-001   1.36800E+001   1.72800E+001
   1.96745E-001   1.36800E+001   1.72800E+001
   1.96776E-001   1.36800E+001   1.72800E+001
   1.96808E-001   1.36800E+001   1.72800E+001
   1.96839E-001   1.36800E+001   1.72800E+001
   1.96870E-001   1.36800E+001   1.72800E+001
   1.96902E-001   1.36800E+001   1.72800E+001
   1.96933E-001   1.36800E+001   1.72800E+001
   1.96965E-001   1.36800E+001   1.72800E+001
   1.96996E-001   1.36800E+001   1.72800E+001
   1.97027E-001   1.36800E+001   1.72800E+001
   1.97059E-001   1.36800E+001   1.72800E+001
   1.97090E-001   1.36800E+001   1.72800E+001
   1.97121E-001   1.36800E+001   1.72800E+001
   1.97153E-001   1.36800E+001   1.72800E+001
   1.97184E-001   1.36800E+001   1.72800E+001
   1.97216E-001   1.36800E+001   1.72800E+001
   1.97247E-001   1.36800E+001   1.72800E+001
   1.97278E-001   1.36800E+001   1.72800E+001
   1.97310E-001   1.36800E+001   1.72800E+001
   1.97341E-001   1.36800E+001   1.72800E+001
   1.97373E-001   1.36800E+001   1.72800E+001
   1.97404E-001   1.36800E+001   1.72800E+001
   1.97435E-001   1.36800E+001   1.72800E+001
   1.97467E-001   1.36800E+001   1.72800E+001
   1.97498E-001   1.36800E+001   1.72800E+001
   1.97530E-001   1.36800E+001   1.72800E+001
   1.97561E-001   1.36800E+001   1.72800E+001
   1.97592E-001   1.36800E+001   1.72800E+001
   1.97624E-001   1.36800E+001   1.72800E+001
   1.97655E-001   1.36800E+001   1.72800E+001
   1.97686E-001   1.36800E+001   1.72800E+001
   1.97718E-001   1.36800E+001   1.72800E+001
   1.97749E-001   1.36800E+001   1.72800E+001
   1.97781E-001   1.36800E+001   1.72800E+001
   1.97812E-001   1.36800E+001   1.72800E+001
   1.97843E-001   1.36800E+001   1.72800E+001
   1.97875E-001   1.36800E+001   1.72800E+001
   1.97906E-001   1.36800E+001   1.72800E+001
   1.97938E-001   1.36800E+001   1.72800E+001
   1.97969E-001   1.36800E+001   1.72800E+001
   1.98000E-001   1.36800E+001   1.72800E+001
   1.98032E-001   1.36800E+001   1.72800E+001
   1.98063E-001   1.36800E+001   1.72800E+001
   1.98095E-001   1.36800E+001   1.72800E+001
   1.98126E-001   1.36800E+001   1.72800E+001
   1.98157E-001   1.36800E+001   1.72800E+001
   1.98189E-001   1.36800E+001   1.72800E+001
   1.98220E-001   1.36800E+001   1.72800E+001
   1.98251E-001   1.36800E+001   1.72800E+001
   1.98283E-001   1.36800E+001   1.72800E+001
   1.98314E-001   1.36800E+001   1.72800E+001
   1.98346E-001   1.36800E+001   1.72800E+001
   1.98377E-001   1.36800E+001   1.72800E+001
   1.98408E-001   1.36800E+001   1.72800E+001
   1.98440E-001   1.36800E+001   1.72800E+001
   1.98471E-001   1.36800E+001   1.72800E+001
   1.98503E-001   1.36800E+001   1.72800E+001
   1.98534E-001   1.36800E+001   1.72800E+001
   1.98565E-001   1.36800E+001   1.72800E+001
   1.98597E-001   1.36800E+001   1.72800E+001
   1.98628E-001   1.36800E+001   1.72800E+001
   1.98660E-001   1.36800E+001   1.72800E+001
   1.98691E-001   1.36800E+001   1.72800E+001
   1.98722E-001   1.36800E+001   1.72800E+001
   1.98754E-001   1.36800E+001   1.72800E+001
   1.98785E-001   1.36800E+001   1.72800E+001
   1.98816E-001   1.36800E+001   1.74600E+001
   1.98848E-001   1.36800E+001   1.74600E+001
   1.98879E-001   1.36800E+001   1.74600E+001
   1.98911E-001   1.36800E+001   1.74600E+001
   1.98942E-001   1.36800E+001   1.74600E+001
   1.98973E-001   1.36800E+001   1.74600E+001
   1.99005E-001   1.36800E+001   1.74600E+001
   1.99036E-001   1.36800E+001   1.74600E+001
   1.99068E-001   1.36800E+001   1.74600E+001
   1.99099E-001   1.36800E+001   1.74600E+001
   1.99130E-001   1.36800E+001   1.74600E+001
   1.99162E-001   1.36800E+001   1.74600E+001
   1.99193E-001   1.36800E+001   1.74600E+001
   1.99225E-001   1.36800E+001   1.74600E+001
   1.99256E-001   1.36800E+001   1.74600E+001
   1.99287E-001   1.36800E+001   1.74600E+001
   1.99319E-001   1.36800E+001   1.74600E+001
   1.99350E-001   1.36800E+001   1.74600E+001
   1.99381E-001   1.36800E+001   1.74600E+001
   1.99413E-001   1.36800E+001   1.74600E+001
   1.99444E-001   1.36800E+001   1.74600E+001
   1.99476E-001   1.36800E+001   1.74600E+001
   1.99507E-001   1.36800E+001   1.74600E+001
   1.99538E-001   1.36800E+001   1.74600E+001
   1.99570E-001   1.36800E+001   1.74600E+001
   1.99601E-001   1.36800E+001   1.74600E+001
   1.99633E-001   1.36800E+001   1.74600E+001
   1.99664E-001   1.36800E+001   1.74600E+001
   1.99695E-001   1.36800E+001   1.74600E+001
   1.99727E-001   1.36800E+001   1.74600E+001
   1.99758E-001   1.36800E+001   1.74600E+001
   1.99790E-001   1.36800E+001   1.74600E+001
   1.99821E-001   1.36800E+001   1.74600E+001
   1.99852E-001   1.36800E+001   1.74600E+001
   1.99884E-001   1.36800E+001   1.74600E+001
   1.99915E-001   1.36800E+001   1.74600E+001
   1.99946E-001   1.36800E+001   1.74600E+001
   1.99978E-001   1.36800E+001   1.74600E+001
   2.00009E-001   1.36800E+001   1.74600E+001
   2.00041E-001   1.36800E+001   1.74600E+001
   2.00072E-001   1.36800E+001   1.74600E+001
   2.00103E-001   1.36800E+001   1.74600E+001
   2.00135E-001   1.36800E+001   1.74600E+001
   2.00166E-001   1.36800E+001   1.74600E+001
   2.00198E-001   1.36800E+001   1.74600E+001
   2.00229E-001   1.36800E+001   1.74600E+001
   2.00260E-001   1.36800E+001   1.74600E+001
   2.00292E-001   1.36800E+001   1.74600E+001
   2.00323E-001   1.36800E+001   1.74600E+001
   2.00355E-001   1.36800E+001   1.74600E+001
   2.00386E-001   1.36800E+001   1.74600E+001
   2.00417E-001   1.36800E+001   1.74600E+001
   2.00449E-001   1.36800E+001   1.74600E+001
   2.00480E-001   1.36800E+001   1.74600E+001
   2.00511E-001   1.36800E+001   1.74600E+001
   2.00543E-001   1.36800E+001   1.74600E+001
   2.00574E-001   1.36800E+001   1.74600E+001
   2.00606E-001   1.36800E+001   1.74600E+001
   2.00637E-001   1.36800E+001   1.74600E+001
   2.00668E-001   1.36800E+001   1.74600E+001
   2.00700E-001   1.36800E+001   1.74600E+001
   2.00731E-001   1.36800E+001   1.74600E+001
   2.00763E-001   1.36800E+001   1.74600E+001
   2.00794E-001   1.36800E+001   1.74600E+001
   2.00825E-001   1.36800E+001   1.74600E+001
   2.00857E-001   1.36800E+001   1.74600E+001
   2.00888E-001   1.36800E+001   1.74600E+001
   2.00920E-001   1.36800E+001   1.74600E+001
   2.00951E-001   1.36800E+001   1.74600E+001
   2.00982E-001   1.36800E+001   1.74600E+001
   2.01014E-001   1.36800E+001   1.74600E+001
   2.01045E-001   1.36800E+001   1.74600E+001
   2.01076E-001   1.36800E+001   1.74600E+001
   2.01108E-001   1.36800E+001   1.74600E+001
   2.01139E-001   1.36800E+001   1.74600E+001
   2.01171E-001   1.36800E+001   1.74600E+001
   2.01202E-001   1.36800E+001   1.74600E+001
   2.01233E-001   1.36800E+001   1.74600E+001
   2.01265E-001   1.36800E+001   1.74600E+001
   2.01296E-001   1.36800E+001   1.74600E+001
   2.01328E-001   1.36800E+001   1.74600E+001
   2.01359E-001   1.36800E+001   1.74600E+001
   2.01390E-001   1.36800E+001   1.74600E+001
   2.01422E-001   1.36800E+001   1.74600E+001
   2.01453E-001   1.36800E+001   1.74600E+001
   2.01485E-001   1.36800E+001   1.74600E+001
   2.01516E-001   1.36800E+001   1.74600E+001
   2.01547E-001   1.36800E+001   1.74600E+001
   2.01579E-001   1.36800E+001   1.74600E+001
   2.01610E-001   1.36800E+001   1.74600E+001
   2.01641E-001   1.36800E+001   1.74600E+001
   2.01673E-001   1.36800E+001   1.74600E+001
   2.01704E-001   1.36800E+001   1.74600E+001
   2.01736E-001   1.36800E+001   1.74600E+001
   2.01767E-001   1.36800E+001   1.74600E+001
   2.01798E-001   1.36800E+001   1.74600E+001
   2.01830E-001   1.36800E+001   1.74600E+001
   2.01861E-001   1.36800E+001   1.74600E+001
   2.01893E-001   1.36800E+001   1.74600E+001
   2.01924E-001   1.36800E+001   1.74600E+001
   2.01955E-001   1.36800E+001   1.74600E+001
   2.01987E-001   1.36800E+001   1.74600E+001
   2.02018E-001   1.36800E+001   1.74600E+001
   2.02050E-001   1.36800E+001   1.74600E+001
   2.02081E-001   1.36800E+001   1.74600E+001
   2.02112E-001   1.36800E+001   1.74600E+001
   2.02144E-001   1.36800E+001   1.74600E+001
   2.02175E-001   1.36800E+001   1.74600E+001
   2.02207E-001   1.36800E+001   1.74600E+001
   2.02238E-001   1.36800E+001   1.74600E+001
   2.02269E-001   1.36800E+001   1.74600E+001
   2.02301E-001   1.36800E+001   1.74600E+001
   2.02332E-001   1.36800E+001   1.74600E+001
   2.02363E-001   1.36800E+001   1.74600E+001
   2.02395E-001   1.36800E+001   1.74600E+001
   2.02426E-001   1.36800E+001   1.74600E+001
   2.02458E-001   1.36800E+001   1.74600E+001
   2.02489E-001   1.36800E+001   1.74600E+001
   2.02520E-001   1.36800E+001   1.74600E+001
   2.02552E-001   1.36800E+001   1.74600E+001
   2.02583E-001   1.36800E+001   1.74600E+001
   2.02615E-001   1.36800E+001   1.74600E+001
   2.02646E-001   1.36800E+001   1.74600E+001
   2.02677E-001   1.36800E+001   1.74600E+001
   2.02709E-001   1.36800E+001   1.74600E+001
   2.02740E-001   1.36800E+001   1.74600E+001
   2.02772E-001   1.36800E+001   1.74600E+001
   2.02803E-001   1.36800E+001   1.74600E+001
   2.02834E-001   1.36800E+001   1.74600E+001
   2.02866E-001   1.36800E+001   1.74600E+001
   2.02897E-001   1.36800E+001   1.74600E+001
   2.02928E-001   1.36800E+001   1.74600E+001
   2.02960E-001   1.36800E+001   1.74600E+001
   2.02991E-001   1.36800E+001   1.74600E+001
   2.03023E-001   1.36800E+001   1.74600E+001
   2.03054E-001   1.36800E+001   1.74600E+001
   2.03085E-001   1.36800E+001   1.74600E+001
   2.03117E-001   1.36800E+001   1.74600E+001
   2.03148E-001   1.36800E+001   1.74600E+001
   2.03180E-001   1.36800E+001   1.74600E+001
   2.03211E-001   1.36800E+001   1.74600E+001
   2.03242E-001   1.36800E+001   1.74600E+001
   2.03274E-001   1.36800E+001   1.74600E+001
   2.03305E-001   1.36800E+001   1.74600E+001
   2.03337E-001   1.36800E+001   1.74600E+001
   2.03368E-001   1.36800E+001   1.74600E+001
   2.03399E-001   1.36800E+001   1.74600E+001
   2.03431E-001   1.36800E+001   1.74600E+001
   2.03462E-001   1.36800E+001   1.74600E+001
   2.03493E-001   1.36800E+001   1.76400E+001
   2.03525E-001   1.36800E+001   1.76400E+001
   2.03556E-001   1.36800E+001   1.76400E+001
   2.03588E-001   1.36800E+001   1.76400E+001
   2.03619E-001   1.36800E+001   1.76400E+001
   2.03650E-001   1.36800E+001   1.76400E+001
   2.03682E-001   1.36800E+001   1.76400E+001
   2.03713E-001   1.36800E+001   1.76400E+001
   2.03745E-001   1.36800E+001   1.76400E+001
   2.03776E-001   1.36800E+001   1.76400E+001
   2.03807E-001   1.36800E+001   1.76400E+001
   2.03839E-001   1.36800E+001   1.76400E+001
   2.03870E-001   1.36800E+001   1.76400E+001
   2.03902E-001   1.36800E+001   1.76400E+001
   2.03933E-001   1.36800E+001   1.76400E+001
   2.03964E-001   1.36800E+001   1.76400E+001
   2.03996E-001   1.36800E+001   1.76400E+001
   2.04027E-001   1.36800E+001   1.76400E+001
   2.04058E-001   1.36800E+001   1.76400E+001
   2.04090E-001   1.36800E+001   1.76400E+001
   2.04121E-001   1.36800E+001   1.76400E+001
   2.04153E-001   1.36800E+001   1.76400E+001
   2.04184E-001   1.36800E+001   1.76400E+001
   2.04215E-001   1.36800E+001   1.76400E+001
   2.04247E-001   1.36800E+001   1.76400E+001
   2.04278E-001   1.36800E+001   1.76400E+001
   2.04310E-001   1.36800E+001   1.76400E+001
   2.04341E-001   1.36800E+001   1.76400E+001
   2.04372E-001   1.36800E+001   1.76400E+001
   2.04404E-001   1.36800E+001   1.76400E+001
   2.04435E-001   1.36800E+001   1.76400E+001
   2.04467E-001   1.36800E+001   1.76400E+001
   2.04498E-001   1.36800E+001   1.76400E+001
   2.04529E-001   1.36800E+001   1.76400E+001
   2.04561E-001   1.36800E+001   1.76400E+001
   2.04592E-001   1.36800E+001   1.76400E+001
   2.04623E-001   1.36800E+001   1.76400E+001
   2.04655E-001   1.36800E+001   1.76400E+001
   2.04686E-001   1.36800E+001   1.76400E+001
   2.04718E-001   1.36800E+001   1.76400E+001
   2.04749E-001   1.36800E+001   1.76400E+001
   2.04780E-001   1.36800E+001   1.76400E+001
   2.04812E-001   1.36800E+001   1.76400E+001
   2.04843E-001   1.36800E+001   1.76400E+001
   2.04875E-001   1.36800E+001   1.76400E+001
   2.04906E-001   1.36800E+001   1.76400E+001
   2.04937E-001   1.36800E+001   1.76400E+001
   2.04969E-001   1.36800E+001   1.76400E+001
   2.05000E-001   1.36800E+001   1.76400E+001
   2.05032E-001   1.36800E+001   1.76400E+001
   2.05063E-001   1.36800E+001   1.76400E+001
   2.05094E-001   1.36800E+001   1.76400E+001
   2.05126E-001   1.36800E+001   1.76400E+001
   2.05157E-001   1.36800E+001   1.76400E+001
   2.05188E-001   1.36800E+001   1.76400E+001
   2.05220E-001   1.36800E+001   1.76400E+001
   2.05251E-001   1.36800E+001   1.76400E+001
   2.05283E-001   1.36800E+001   1.76400E+001
   2.05314E-001   1.36800E+001   1.76400E+001
   2.05345E-001   1.36800E+001   1.76400E+001
   2.05377E-001   1.36800E+001   1.76400E+001
   2.05408E-001   1.36800E+001   1.76400E+001
   2.05440E-001   1.36800E+001   1.76400E+001
   2.05471E-001   1.36800E+001   1.76400E+001
   2.05502E-001   1.36800E+001   1.76400E+001
   2.05534E-001   1.36800E+001   1.76400E+001
   2.05565E-001   1.36800E+001   1.76400E+001
   2.05597E-001   1.36800E+001   1.76400E+001
   2.05628E-001   1.36800E+001   1.76400E+001
   2.05659E-001   1.36800E+001   1.76400E+001
   2.05691E-001   1.36800E+001   1.76400E+001
   2.05722E-001   1.36800E+001   1.76400E+001
   2.05753E-001   1.36800E+001   1.76400E+001
   2.05785E-001   1.36800E+001   1.76400E+001
   2.05816E-001   1.36800E+001   1.76400E+001
   2.05848E-001   1.36800E+001   1.76400E+001
   2.05879E-001   1.36800E+001   1.76400E+001
   2.05910E-001   1.36800E+001   1.76400E+001
   2.05942E-001   1.36800E+001   1.76400E+001
   2.05973E-001   1.36800E+001   1.76400E+001
   2.06005E-001   1.36800E+001   1.76400E+001
   2.06036E-001   1.36800E+001   1.76400E+001
   2.06067E-001   1.36800E+001   1.76400E+001
   2.06099E-001   1.36800E+001   1.76400E+001
   2.06130E-001   1.36800E+001   1.76400E+001
   2.06162E-001   1.36800E+001   1.76400E+001
   2.06193E-001   1.36800E+001   1.76400E+001
   2.06224E-001   1.36800E+001   1.76400E+001
   2.06256E-001   1.36800E+001   1.76400E+001
   2.06287E-001   1.36800E+001   1.76400E+001
   2.06318E-001   1.36800E+001   1.76400E+001
   2.06350E-001   1.36800E+001   1.76400E+001
   2.06381E-001   1.36800E+001   1.76400E+001
   2.06413E-001   1.36800E+001   1.76400E+001
   2.06444E-001   1.36800E+001   1.76400E+001
   2.06475E-001   1.36800E+001   1.76400E+001
   2.06507E-001   1.36800E+001   1.76400E+001
   2.06538E-001   1.36800E+001   1.76400E+001
   2.06570E-001   1.36800E+001   1.76400E+001
   2.06601E-001   1.36800E+001   1.76400E+001
   2.06632E-001   1.36800E+001   1.76400E+001
   2.06664E-001   1.36800E+001   1.76400E+001
   2.06695E-001   1.36800E+001   1.76400E+001
   2.06727E-001   1.36800E+001   1.76400E+001
   2.06758E-001   1.36800E+001   1.76400E+001
   2.06789E-001   1.36800E+001   1.76400E+001
   2.06821E-001   1.36800E+001   1.76400E+001
   2.06852E-001   1.36800E+001   1.76400E+001
   2.06883E-001   1.36800E+001   1.76400E+001
   2.06915E-001   1.36800E+001   1.76400E+001
   2.06946E-001   1.36800E+001   1.76400E+001
   2.06978E-001   1.36800E+001   1.76400E+001
   2.07009E-001   1.36800E+001   1.76400E+001
   2.07040E-001   1.36800E+001   1.76400E+001
   2.07072E-001   1.36800E+001   1.76400E+001
   2.07103E-001   1.36800E+001   1.76400E+001
   2.07135E-001   1.36800E+001   1.76400E+001
   2.07166E-001   1.36800E+001   1.76400E+001
   2.07197E-001   1.36800E+001   1.76400E+001
   2.07229E-001   1.36800E+001   1.76400E+001
   2.07260E-001   1.36800E+001   1.76400E+001
   2.07292E-001   1.36800E+001   1.76400E+001
   2.07323E-001   1.36800E+001   1.76400E+001
   2.07354E-001   1.36800E+001   1.76400E+001
   2.07386E-001   1.36800E+001   1.76400E+001
   2.07417E-001   1.36800E+001   1.76400E+001
   2.07448E-001   1.36800E+001   1.76400E+001
   2.07480E-001   1.36800E+001   1.76400E+001
   2.07511E-001   1.36800E+001   1.76400E+001
   2.07543E-001   1.36800E+001   1.76400E+001
   2.07574E-001   1.36800E+001   1.76400E+001
   2.07605E-001   1.36800E+001   1.76400E+001
   2.07637E-001   1.36800E+001   1.76400E+001
   2.07668E-001   1.36800E+001   1.76400E+001
   2.07700E-001   1.36800E+001   1.76400E+001
   2.07731E-001   1.36800E+001   1.76400E+001
   2.07762E-001   1.36800E+001   1.76400E+001
   2.07794E-001   1.36800E+001   1.76400E+001
   2.07825E-001   1.36800E+001   1.76400E+001
   2.07857E-001   1.36800E+001   1.76400E+001
   2.07888E-001   1.36800E+001   1.76400E+001
   2.07919E-001   1.36800E+001   1.76400E+001
   2.07951E-001   1.36800E+001   1.76400E+001
   2.07982E-001   1.36800E+001   1.76400E+001
   2.08014E-001   1.36800E+001   1.76400E+001
   2.08045E-001   1.36800E+001   1.76400E+001
   2.08076E-001   1.36800E+001   1.76400E+001
   2.08108E-001   1.36800E+001   1.76400E+001
   2.08139E-001   1.36800E+001   1.76400E+001
   2.08170E-001   1.36800E+001   1.76400E+001
   2.08202E-001   1.36800E+001   1.76400E+001
   2.08233E-001   1.36800E+001   1.76400E+001
   2.08265E-001   1.36800E+001   1.78200E+001
   2.08296E-001   1.36800E+001   1.78200E+001
   2.08327E-001   1.36800E+001   1.78200E+001
   2.08359E-001   1.36800E+001   1.78200E+001
   2.08390E-001   1.36800E+001   1.78200E+001
   2.08422E-001   1.36800E+001   1.78200E+001
   2.08453E-001   1.36800E+001   1.78200E+001
   2.08484E-001   1.36800E+001   1.78200E+001
   2.08516E-001   1.36800E+001   1.78200E+001
   2.08547E-001   1.36800E+001   1.78200E+001
   2.08579E-001   1.36800E+001   1.78200E+001
   2.08610E-001   1.36800E+001   1.78200E+001
   2.08641E-001   1.36800E+001   1.78200E+001
   2.08673E-001   1.36800E+001   1.78200E+001
   2.08704E-001   1.36800E+001   1.78200E+001
   2.08735E-001   1.36800E+001   1.78200E+001
   2.08767E-001   1.36800E+001   1.78200E+001
   2.08798E-001   1.36800E+001   1.78200E+001
   2.08830E-001   1.36800E+001   1.78200E+001
   2.08861E-001   1.36800E+001   1.78200E+001
   2.08892E-001   1.36800E+001   1.78200E+001
   2.08924E-001   1.36800E+001   1.78200E+001
   2.08955E-001   1.36800E+001   1.78200E+001
   2.08987E-001   1.36800E+001   1.78200E+001
   2.09018E-001   1.36800E+001   1.78200E+001
   2.09049E-001   1.36800E+001   1.78200E+001
   2.09081E-001   1.36800E+001   1.78200E+001
   2.09112E-001   1.36800E+001   1.78200E+001
   2.09144E-001   1.36800E+001   1.78200E+001
   2.09175E-001   1.36800E+001   1.78200E+001
   2.09206E-001   1.36800E+001   1.78200E+001
   2.09238E-001   1.36800E+001   1.78200E+001
   2.09269E-001   1.36800E+001   1.78200E+001
   2.09300E-001   1.36800E+001   1.78200E+001
   2.09332E-001   1.36800E+001   1.78200E+001
   2.09363E-001   1.36800E+001   1.78200E+001
   2.09395E-001   1.36800E+001   1.78200E+001
   2.09426E-001   1.36800E+001   1.78200E+001
   2.09457E-001   1.36800E+001   1.78200E+001
   2.09489E-001   1.36800E+001   1.78200E+001
   2.09520E-001   1.36800E+001   1.78200E+001
   2.09552E-001   1.36800E+001   1.78200E+001
   2.09583E-001   1.36800E+001   1.78200E+001
   2.09614E-001   1.36800E+001   1.78200E+001
   2.09646E-001   1.36800E+001   1.78200E+001
   2.09677E-001   1.36800E+001   1.78200E+001
   2.09709E-001   1.36800E+001   1.78200E+001
   2.09740E-001   1.36800E+001   1.78200E+001
   2.09771E-001   1.36800E+001   1.78200E+001
   2.09803E-001   1.36800E+001   1.78200E+001
   2.09834E-001   1.36800E+001   1.78200E+001
   2.09865E-001   1.36800E+001   1.78200E+001
   2.09897E-001   1.36800E+001   1.78200E+001
   2.09928E-001   1.36800E+001   1.78200E+001
   2.09960E-001   1.36800E+001   1.78200E+001
   2.09991E-001   1.36800E+001   1.78200E+001
   2.10022E-001   1.36800E+001   1.78200E+001
   2.10054E-001   1.36800E+001   1.78200E+001
   2.10085E-001   1.36800E+001   1.78200E+001
   2.10117E-001   1.36800E+001   1.78200E+001
   2.10148E-001   1.36800E+001   1.78200E+001
   2.10179E-001   1.36800E+001   1.78200E+001
   2.10211E-001   1.36800E+001   1.78200E+001
   2.10242E-001   1.36800E+001   1.78200E+001
   2.10274E-001   1.36800E+001   1.78200E+001
   2.10305E-001   1.36800E+001   1.78200E+001
   2.10336E-001   1.36800E+001   1.78200E+001
   2.10368E-001   1.36800E+001   1.78200E+001
   2.10399E-001   1.36800E+001   1.78200E+001
   2.10430E-001   1.36800E+001   1.78200E+001
   2.10462E-001   1.36800E+001   1.78200E+001
   2.10493E-001   1.36800E+001   1.78200E+001
   2.10525E-001   1.36800E+001   1.78200E+001
   2.10556E-001   1.36800E+001   1.78200E+001
   2.10587E-001   1.36800E+001   1.78200E+001
   2.10619E-001   1.36800E+001   1.78200E+001
   2.10650E-001   1.36800E+001   1.78200E+001
   2.10682E-001   1.36800E+001   1.78200E+001
   2.10713E-001   1.36800E+001   1.78200E+001
   2.10744E-001   1.36800E+001   1.78200E+001
   2.10776E-001   1.36800E+001   1.78200E+001
   2.10807E-001   1.36800E+001   1.78200E+001
   2.10839E-001   1.36800E+001   1.78200E+001
   2.10870E-001   1.36800E+001   1.78200E+001
   2.10901E-001   1.36800E+001   1.78200E+001
   2.10933E-001   1.36800E+001   1.78200E+001
   2.10964E-001   1.36800E+001   1.78200E+001
   2.10995E-001   1.36800E+001   1.78200E+001
   2.11027E-001   1.36800E+001   1.78200E+001
   2.11058E-001   1.36800E+001   1.78200E+001
   2.11090E-001   1.36800E+001   1.78200E+001
   2.11121E-001   1.36800E+001   1.78200E+001
   2.11152E-001   1.36800E+001   1.78200E+001
   2.11184E-001   1.36800E+001   1.78200E+001
   2.11215E-001   1.36800E+001   1.78200E+001
   2.11247E-001   1.36800E+001   1.78200E+001
   2.11278E-001   1.36800E+001   1.78200E+001
   2.11309E-001   1.36800E+001   1.78200E+001
   2.11341E-001   1.36800E+001   1.78200E+001
   2.11372E-001   1.36800E+001   1.78200E+001
   2.11404E-001   1.36800E+001   1.78200E+001
   2.11435E-001   1.36800E+001   1.78200E+001
   2.11466E-001   1.36800E+001   1.78200E+001
   2.11498E-001   1.36800E+001   1.78200E+001
   2.11529E-001   1.36800E+001   1.78200E+001
   2.11560E-001   1.36800E+001   1.78200E+001
   2.11592E-001   1.36800E+001   1.78200E+001
   2.11623E-001   1.36800E+001   1.78200E+001
   2.11655E-001   1.36800E+001   1.78200E+001
   2.11686E-001   1.36800E+001   1.78200E+001
   2.11717E-001   1.36800E+001   1.78200E+001
   2.11749E-001   1.36800E+001   1.78200E+001
   2.11780E-001   1.36800E+001   1.78200E+001
   2.11812E-001   1.36800E+001   1.78200E+001
   2.11843E-001   1.36800E+001   1.78200E+001
   2.11874E-001   1.36800E+001   1.78200E+001
   2.11906E-001   1.36800E+001   1.78200E+001
   2.11937E-001   1.36800E+001   1.78200E+001
   2.11969E-001   1.36800E+001   1.78200E+001
   2.12000E-001   1.36800E+001   1.78200E+001
   2.12031E-001   1.36800E+001   1.78200E+001
   2.12063E-001   1.36800E+001   1.78200E+001
   2.12094E-001   1.36800E+001   1.78200E+001
   2.12125E-001   1.36800E+001   1.78200E+001
   2.12157E-001   1.36800E+001   1.78200E+001
   2.12188E-001   1.36800E+001   1.78200E+001
   2.12220E-001   1.36800E+001   1.78200E+001
   2.12251E-001   1.36800E+001   1.78200E+001
   2.12282E-001   1.36800E+001   1.78200E+001
   2.12314E-001   1.36800E+001   1.78200E+001
   2.12345E-001   1.36800E+001   1.78200E+001
   2.12377E-001   1.36800E+001   1.78200E+001
   2.12408E-001   1.36800E+001   1.78200E+001
   2.12439E-001   1.36800E+001   1.78200E+001
   2.12471E-001   1.36800E+001   1.78200E+001
   2.12502E-001   1.36800E+001   1.78200E+001
   2.12534E-001   1.36800E+001   1.78200E+001
   2.12565E-001   1.36800E+001   1.78200E+001
   2.12596E-001   1.36800E+001   1.78200E+001
   2.12628E-001   1.36800E+001   1.78200E+001
   2.12659E-001   1.36800E+001   1.78200E+001
   2.12690E-001   1.36800E+001   1.78200E+001
   2.12722E-001   1.36800E+001   1.78200E+001
   2.12753E-001   1.36800E+001   1.78200E+001
   2.12785E-001   1.36800E+001   1.78200E+001
   2.12816E-001   1.36800E+001   1.78200E+001
   2.12847E-001   1.36800E+001   1.78200E+001
   2.12879E-001   1.36800E+001   1.78200E+001
   2.12910E-001   1.36800E+001   1.78200E+001
   2.12942E-001   1.36800E+001   1.78200E+001
   2.12973E-001   1.36800E+001   1.78200E+001
   2.13004E-001   1.36800E+001   1.78200E+001
   2.13036E-001   1.36800E+001   1.80000E+001
   2.13067E-001   1.36800E+001   1.80000E+001
   2.13099E-001   1.36800E+001   1.80000E+001
   2.13130E-001   1.36800E+001   1.80000E+001
   2.13161E-001   1.36800E+001   1.80000E+001
   2.13193E-001   1.36800E+001   1.80000E+001
   2.13224E-001   1.36800E+001   1.80000E+001
   2.13255E-001   1.36800E+001   1.80000E+001
   2.13287E-001   1.36800E+001   1.80000E+001
   2.13318E-001   1.36800E+001   1.80000E+001
   2.13350E-001   1.36800E+001   1.80000E+001
   2.13381E-001   1.36800E+001   1.80000E+001
   2.13412E-001   1.36800E+001   1.80000E+001
   2.13444E-001   1.36800E+001   1.80000E+001
   2.13475E-001   1.36800E+001   1.80000E+001
   2.13507E-001   1.36800E+001   1.80000E+001
   2.13538E-001   1.36800E+001   1.80000E+001
   2.13569E-001   1.36800E+001   1.80000E+001
   2.13601E-001   1.36800E+001   1.80000E+001
   2.13632E-001   1.36800E+001   1.80000E+001
   2.13664E-001   1.36800E+001   1.80000E+001
   2.13695E-001   1.36800E+001   1.80000E+001
   2.13726E-001   1.36800E+001   1.80000E+001
   2.13758E-001   1.36800E+001   1.80000E+001
   2.13789E-001   1.36800E+001   1.80000E+001
   2.13820E-001   1.36800E+001   1.80000E+001
   2.13852E-001   1.36800E+001   1.80000E+001
   2.13883E-001   1.36800E+001   1.80000E+001
   2.13915E-001   1.36800E+001   1.80000E+001
   2.13946E-001   1.36800E+001   1.80000E+001
   2.13977E-001   1.36800E+001   1.80000E+001
   2.14009E-001   1.36800E+001   1.80000E+001
   2.14040E-001   1.36800E+001   1.80000E+001
   2.14072E-001   1.36800E+001   1.80000E+001
   2.14103E-001   1.36800E+001   1.80000E+001
   2.14134E-001   1.36800E+001   1.80000E+001
   2.14166E-001   1.36800E+001   1.80000E+001
   2.14197E-001   1.36800E+001   1.80000E+001
   2.14229E-001   1.36800E+001   1.80000E+001
   2.14260E-001   1.36800E+001   1.80000E+001
   2.14291E-001   1.36800E+001   1.80000E+001
   2.14323E-001   1.36800E+001   1.80000E+001
   2.14354E-001   1.36800E+001   1.80000E+001
   2.14386E-001   1.36800E+001   1.80000E+001
   2.14417E-001   1.36800E+001   1.80000E+001
   2.14448E-001   1.36800E+001   1.80000E+001
   2.14480E-001   1.36800E+001   1.80000E+001
   2.14511E-001   1.36800E+001   1.80000E+001
   2.14542E-001   1.36800E+001   1.80000E+001
   2.14574E-001   1.36800E+001   1.80000E+001
   2.14605E-001   1.36800E+001   1.80000E+001
   2.14637E-001   1.36800E+001   1.80000E+001
   2.14668E-001   1.36800E+001   1.80000E+001
   2.14699E-001   1.36800E+001   1.80000E+001
   2.14731E-001   1.36800E+001   1.80000E+001
   2.14762E-001   1.36800E+001   1.80000E+001
   2.14794E-001   1.36800E+001   1.80000E+001
   2.14825E-001   1.36800E+001   1.80000E+001
   2.14856E-001   1.36800E+001   1.80000E+001
   2.14888E-001   1.36800E+001   1.80000E+001
   2.14919E-001   1.36800E+001   1.80000E+001
   2.14951E-001   1.36800E+001   1.80000E+001
   2.14982E-001   1.36800E+001   1.80000E+001
   2.15013E-001   1.36800E+001   1.80000E+001
   2.15045E-001   1.36800E+001   1.80000E+001
   2.15076E-001   1.36800E+001   1.80000E+001
   2.15107E-001   1.36800E+001   1.80000E+001
   2.15139E-001   1.36800E+001   1.80000E+001
   2.15170E-001   1.36800E+001   1.80000E+001
   2.15202E-001   1.36800E+001   1.80000E+001
   2.15233E-001   1.36800E+001   1.80000E+001
   2.15264E-001   1.36800E+001   1.80000E+001
   2.15296E-001   1.36800E+001   1.80000E+001
   2.15327E-001   1.36800E+001   1.80000E+001
   2.15359E-001   1.36800E+001   1.80000E+001
   2.15390E-001   1.36800E+001   1.80000E+001
   2.15421E-001   1.36800E+001   1.80000E+001
   2.15453E-001   1.36800E+001   1.80000E+001
   2.15484E-001   1.36800E+001   1.80000E+001
   2.15516E-001   1.36800E+001   1.80000E+001
   2.15547E-001   1.36800E+001   1.80000E+001
   2.15578E-001   1.36800E+001   1.80000E+001
   2.15610E-001   1.36800E+001   1.80000E+001
   2.15641E-001   1.36800E+001   1.80000E+001
   2.15672E-001   1.36800E+001   1.80000E+001
   2.15704E-001   1.36800E+001   1.80000E+001
   2.15735E-001   1.36800E+001   1.80000E+001
   2.15767E-001   1.36800E+001   1.80000E+001
   2.15798E-001   1.36800E+001   1.80000E+001
   2.15829E-001   1.36800E+001   1.80000E+001
   2.15861E-001   1.36800E+001   1.80000E+001
   2.15892E-001   1.36800E+001   1.80000E+001
   2.15924E-001   1.36800E+001   1.80000E+001
   2.15955E-001   1.36800E+001   1.80000E+001
   2.15986E-001   1.36800E+001   1.80000E+001
   2.16018E-001   1.36800E+001   1.80000E+001
   2.16049E-001   1.36800E+001   1.80000E+001
   2.16081E-001   1.36800E+001   1.80000E+001
   2.16112E-001   1.36800E+001   1.80000E+001
   2.16143E-001   1.36800E+001   1.80000E+001
   2.16175E-001   1.36800E+001   1.80000E+001
   2.16206E-001   1.36800E+001   1.80000E+001
   2.16237E-001   1.36800E+001   1.80000E+001
   2.16269E-001   1.36800E+001   1.80000E+001
   2.16300E-001   1.36800E+001   1.80000E+001
   2.16332E-001   1.36800E+001   1.80000E+001
   2.16363E-001   1.36800E+001   1.80000E+001
   2.16394E-001   1.36800E+001   1.80000E+001
   2.16426E-001   1.36800E+001   1.80000E+001
   2.16457E-001   1.36800E+001   1.80000E+001
   2.16489E-001   1.36800E+001   1.80000E+001
   2.16520E-001   1.36800E+001   1.80000E+001
   2.16551E-001   1.36800E+001   1.80000E+001
   2.16583E-001   1.36800E+001   1.80000E+001
   2.16614E-001   1.36800E+001   1.80000E+001
   2.16646E-001   1.36800E+001   1.80000E+001
   2.16677E-001   1.36800E+001   1.80000E+001
   2.16708E-001   1.36800E+001   1.80000E+001
   2.16740E-001   1.36800E+001   1.80000E+001
   2.16771E-001   1.36800E+001   1.80000E+001
   2.16802E-001   1.36800E+001   1.80000E+001
   2.16834E-001   1.36800E+001   1.80000E+001
   2.16865E-001   1.36800E+001   1.80000E+001
   2.16897E-001   1.36800E+001   1.80000E+001
   2.16928E-001   1.36800E+001   1.80000E+001
   2.16959E-001   1.36800E+001   1.80000E+001
   2.16991E-001   1.36800E+001   1.80000E+001
   2.17022E-001   1.36800E+001   1.80000E+001
   2.17054E-001   1.36800E+001   1.80000E+001
   2.17085E-001   1.36800E+001   1.80000E+001
   2.17116E-001   1.36800E+001   1.80000E+001
   2.17148E-001   1.36800E+001   1.80000E+001
   2.17179E-001   1.36800E+001   1.80000E+001
   2.17211E-001   1.36800E+001   1.80000E+001
   2.17242E-001   1.36800E+001   1.80000E+001
   2.17273E-001   1.36800E+001   1.80000E+001
   2.17305E-001   1.36800E+001   1.80000E+001
   2.17336E-001   1.36800E+001   1.80000E+001
   2.17367E-001   1.36800E+001   1.80000E+001
   2.17399E-001   1.36800E+001   1.80000E+001
   2.17430E-001   1.36800E+001   1.80000E+001
   2.17462E-001   1.36800E+001   1.80000E+001
   2.17493E-001   1.36800E+001   1.80000E+001
   2.17524E-001   1.36800E+001   1.80000E+001
   2.17556E-001   1.36800E+001   1.80000E+001
   2.17587E-001   1.36800E+001   1.80000E+001
   2.17619E-001   1.36800E+001   1.80000E+001
   2.17650E-001   1.36800E+001   1.80000E+001
   2.17681E-001   1.36800E+001   1.80000E+001
   2.17713E-001   1.36800E+001   1.80000E+001
   2.17744E-001   1.36800E+001   1.80000E+001
   2.17776E-001   1.36800E+001   1.80000E+001
   2.17807E-001   1.36800E+001   1.80000E+001
   2.17838E-001   1.36800E+001   1.80000E+001
   2.17870E-001   1.36800E+001   1.81800E+001
   2.17901E-001   1.36800E+001   1.81800E+001
   2.17932E-001   1.36800E+001   1.81800E+001
   2.17964E-001   1.36800E+001   1.81800E+001
   2.17995E-001   1.36800E+001   1.81800E+001
   2.18027E-001   1.36800E+001   1.81800E+001
   2.18058E-001   1.36800E+001   1.81800E+001
   2.18089E-001   1.36800E+001   1.81800E+001
   2.18121E-001   1.36800E+001   1.81800E+001
   2.18152E-001   1.36800E+001   1.81800E+001
   2.18184E-001   1.36800E+001   1.81800E+001
   2.18215E-001   1.36800E+001   1.81800E+001
   2.18246E-001   1.36800E+001   1.81800E+001
   2.18278E-001   1.36800E+001   1.81800E+001
   2.18309E-001   1.36800E+001   1.81800E+001
   2.18341E-001   1.36800E+001   1.81800E+001
   2.18372E-001   1.36800E+001   1.81800E+001
   2.18403E-001   1.36800E+001   1.81800E+001
   2.18435E-001   1.36800E+001   1.81800E+001
   2.18466E-001   1.36800E+001   1.81800E+001
   2.18497E-001   1.36800E+001   1.81800E+001
   2.18529E-001   1.36800E+001   1.81800E+001
   2.18560E-001   1.36800E+001   1.81800E+001
   2.18592E-001   1.36800E+001   1.81800E+001
   2.18623E-001   1.36800E+001   1.81800E+001
   2.18654E-001   1.36800E+001   1.81800E+001
   2.18686E-001   1.36800E+001   1.81800E+001
   2.18717E-001   1.36800E+001   1.81800E+001
   2.18749E-001   1.36800E+001   1.81800E+001
   2.18780E-001   1.36800E+001   1.81800E+001
   2.18811E-001   1.36800E+001   1.81800E+001
   2.18843E-001   1.36800E+001   1.81800E+001
   2.18874E-001   1.36800E+001   1.81800E+001
   2.18906E-001   1.36800E+001   1.81800E+001
   2.18937E-001   1.36800E+001   1.81800E+001
   2.18968E-001   1.36800E+001   1.81800E+001
   2.19000E-001   1.36800E+001   1.81800E+001
   2.19031E-001   1.36800E+001   1.81800E+001
   2.19062E-001   1.36800E+001   1.81800E+001
   2.19094E-001   1.36800E+001   1.81800E+001
   2.19125E-001   1.36800E+001   1.81800E+001
   2.19157E-001   1.36800E+001   1.81800E+001
   2.19188E-001   1.36800E+001   1.81800E+001
   2.19219E-001   1.36800E+001   1.81800E+001
   2.19251E-001   1.36800E+001   1.81800E+001
   2.19282E-001   1.36800E+001   1.81800E+001
   2.19314E-001   1.36800E+001   1.81800E+001
   2.19345E-001   1.36800E+001   1.81800E+001
   2.19376E-001   1.36800E+001   1.81800E+001
   2.19408E-001   1.36800E+001   1.81800E+001
   2.19439E-001   1.36800E+001   1.81800E+001
   2.19471E-001   1.36800E+001   1.81800E+001
   2.19502E-001   1.36800E+001   1.81800E+001
   2.19533E-001   1.36800E+001   1.81800E+001
   2.19565E-001   1.36800E+001   1.81800E+001
   2.19596E-001   1.36800E+001   1.81800E+001
   2.19627E-001   1.36800E+001   1.81800E+001
   2.19659E-001   1.36800E+001   1.81800E+001
   2.19690E-001   1.36800E+001   1.81800E+001
   2.19722E-001   1.36800E+001   1.81800E+001
   2.19753E-001   1.36800E+001   1.81800E+001
   2.19784E-001   1.36800E+001   1.81800E+001
   2.19816E-001   1.36800E+001   1.81800E+001
   2.19847E-001   1.36800E+001   1.81800E+001
   2.19879E-001   1.36800E+001   1.81800E+001
   2.19910E-001   1.36800E+001   1.81800E+001
   2.19941E-001   1.36800E+001   1.81800E+001
   2.19973E-001   1.36800E+001   1.81800E+001
   2.20004E-001   1.36800E+001   1.81800E+001
   2.20036E-001   1.36800E+001   1.81800E+001
   2.20067E-001   1.36800E+001   1.81800E+001
   2.20098E-001   1.36800E+001   1.81800E+001
   2.20130E-001   1.36800E+001   1.81800E+001
   2.20161E-001   1.36800E+001   1.81800E+001
   2.20193E-001   1.36800E+001   1.81800E+001
   2.20224E-001   1.36800E+001   1.81800E+001
   2.20255E-001   1.36800E+001   1.81800E+001
   2.20287E-001   1.36800E+001   1.81800E+001
   2.20318E-001   1.36800E+001   1.81800E+001
   2.20349E-001   1.36800E+001   1.81800E+001
   2.20381E-001   1.36800E+001   1.81800E+001
   2.20412E-001   1.36800E+001   1.81800E+001
   2.20444E-001   1.36800E+001   1.81800E+001
   2.20475E-001   1.36800E+001   1.81800E+001
   2.20506E-001   1.36800E+001   1.81800E+001
   2.20538E-001   1.36800E+001   1.81800E+001
   2.20569E-001   1.36800E+001   1.81800E+001
   2.20601E-001   1.36800E+001   1.81800E+001
   2.20632E-001   1.36800E+001   1.81800E+001
   2.20663E-001   1.36800E+001   1.81800E+001
   2.20695E-001   1.36800E+001   1.81800E+001
   2.20726E-001   1.36800E+001   1.81800E+001
   2.20758E-001   1.36800E+001   1.81800E+001
   2.20789E-001   1.36800E+001   1.81800E+001
   2.20820E-001   1.36800E+001   1.81800E+001
   2.20852E-001   1.36800E+001   1.81800E+001
   2.20883E-001   1.36800E+001   1.81800E+001
   2.20914E-001   1.36800E+001   1.81800E+001
   2.20946E-001   1.36800E+001   1.81800E+001
   2.20977E-001   1.36800E+001   1.81800E+001
   2.21009E-001   1.36800E+001   1.81800E+001
   2.21040E-001   1.36800E+001   1.81800E+001
   2.21071E-001   1.36800E+001   1.81800E+001
   2.21103E-001   1.36800E+001   1.81800E+001
   2.21134E-001   1.36800E+001   1.81800E+001
   2.21166E-001   1.36800E+001   1.81800E+001
   2.21197E-001   1.36800E+001   1.81800E+001
   2.21228E-001   1.36800E+001   1.81800E+001
   2.21260E-001   1.36800E+001   1.81800E+001
   2.21291E-001   1.36800E+001   1.81800E+001
   2.21323E-001   1.36800E+001   1.81800E+001
   2.21354E-001   1.36800E+001   1.81800E+001
   2.21385E-001   1.36800E+001   1.81800E+001
   2.21417E-001   1.36800E+001   1.81800E+001
   2.21448E-001   1.36800E+001   1.81800E+001
   2.21479E-001   1.36800E+001   1.81800E+001
   2.21511E-001   1.36800E+001   1.81800E+001
   2.21542E-001   1.36800E+001   1.81800E+001
   2.21574E-001   1.36800E+001   1.81800E+001
   2.21605E-001   1.36800E+001   1.81800E+001
   2.21636E-001   1.36800E+001   1.81800E+001
   2.21668E-001   1.36800E+001   1.81800E+001
   2.21699E-001   1.36800E+001   1.81800E+001
   2.21731E-001   1.36800E+001   1.81800E+001
   2.21762E-001   1.36800E+001   1.81800E+001
   2.21793E-001   1.36800E+001   1.81800E+001
   2.21825E-001   1.36800E+001   1.81800E+001
   2.21856E-001   1.36800E+001   1.81800E+001
   2.21888E-001   1.36800E+001   1.81800E+001
   2.21919E-001   1.36800E+001   1.81800E+001
   2.21950E-001   1.36800E+001   1.81800E+001
   2.21982E-001   1.36800E+001   1.81800E+001
   2.22013E-001   1.36800E+001   1.81800E+001
   2.22044E-001   1.36800E+001   1.81800E+001
   2.22076E-001   1.36800E+001   1.81800E+001
   2.22107E-001   1.36800E+001   1.81800E+001
   2.22139E-001   1.36800E+001   1.81800E+001
   2.22170E-001   1.36800E+001   1.81800E+001
   2.22201E-001   1.36800E+001   1.81800E+001
   2.22233E-001   1.36800E+001   1.81800E+001
   2.22264E-001   1.36800E+001   1.81800E+001
   2.22296E-001   1.36800E+001   1.81800E+001
   2.22327E-001   1.36800E+001   1.81800E+001
   2.22358E-001   1.36800E+001   1.81800E+001
   2.22390E-001   1.36800E+001   1.81800E+001
   2.22421E-001   1.36800E+001   1.81800E+001
   2.22453E-001   1.36800E+001   1.81800E+001
   2.22484E-001   1.36800E+001   1.81800E+001
   2.22515E-001   1.36800E+001   1.81800E+001
   2.22547E-001   1.36800E+001   1.81800E+001
   2.22578E-001   1.36800E+001   1.81800E+001
   2.22609E-001   1.36800E+001   1.81800E+001
   2.22641E-001   1.36800E+001   1.81800E+001
   2.22672E-001   1.36800E+001   1.81800E+001
   2.22704E-001   1.36800E+001   1.81800E+001
   2.22735E-001   1.36800E+001   1.81800E+001
   2.22766E-001   1.36800E+001   1.83600E+001
   2.22798E-001   1.36800E+001   1.83600E+001
   2.22829E-001   1.36800E+001   1.83600E+001
   2.22861E-001   1.36800E+001   1.83600E+001
   2.22892E-001   1.36800E+001   1.83600E+001
   2.22923E-001   1.36800E+001   1.83600E+001
   2.22955E-001   1.36800E+001   1.83600E+001
   2.22986E-001   1.36800E+001   1.83600E+001
   2.23018E-001   1.36800E+001   1.83600E+001
   2.23049E-001   1.36800E+001   1.83600E+001
   2.23080E-001   1.36800E+001   1.83600E+001
   2.23112E-001   1.36800E+001   1.83600E+001
   2.23143E-001   1.36800E+001   1.83600E+001
   2.23174E-001   1.36800E+001   1.83600E+001
   2.23206E-001   1.36800E+001   1.83600E+001
   2.23237E-001   1.36800E+001   1.83600E+001
   2.23269E-001   1.36800E+001   1.83600E+001
   2.23300E-001   1.36800E+001   1.83600E+001
   2.23331E-001   1.36800E+001   1.83600E+001
   2.23363E-001   1.36800E+001   1.83600E+001
   2.23394E-001   1.36800E+001   1.83600E+001
   2.23426E-001   1.36800E+001   1.83600E+001
   2.23457E-001   1.36800E+001   1.83600E+001
   2.23488E-001   1.36800E+001   1.83600E+001
   2.23520E-001   1.36800E+001   1.83600E+001
   2.23551E-001   1.36800E+001   1.83600E+001
   2.23583E-001   1.36800E+001   1.83600E+001
   2.23614E-001   1.36800E+001   1.83600E+001
   2.23645E-001   1.36800E+001   1.83600E+001
   2.23677E-001   1.36800E+001   1.83600E+001
   2.23708E-001   1.36800E+001   1.83600E+001
   2.23739E-001   1.36800E+001   1.83600E+001
   2.23771E-001   1.36800E+001   1.83600E+001
   2.23802E-001   1.36800E+001   1.83600E+001
   2.23834E-001   1.36800E+001   1.83600E+001
   2.23865E-001   1.36800E+001   1.83600E+001
   2.23896E-001   1.36800E+001   1.83600E+001
   2.23928E-001   1.36800E+001   1.83600E+001
   2.23959E-001   1.36800E+001   1.83600E+001
   2.23991E-001   1.36800E+001   1.83600E+001
   2.24022E-001   1.36800E+001   1.83600E+001
   2.24053E-001   1.36800E+001   1.83600E+001
   2.24085E-001   1.36800E+001   1.83600E+001
   2.24116E-001   1.36800E+001   1.83600E+001
   2.24148E-001   1.36800E+001   1.83600E+001
   2.24179E-001   1.36800E+001   1.83600E+001
   2.24210E-001   1.36800E+001   1.83600E+001
   2.24242E-001   1.36800E+001   1.83600E+001
   2.24273E-001   1.36800E+001   1.83600E+001
   2.24304E-001   1.36800E+001   1.83600E+001
   2.24336E-001   1.36800E+001   1.83600E+001
   2.24367E-001   1.36800E+001   1.83600E+001
   2.24399E-001   1.36800E+001   1.83600E+001
   2.24430E-001   1.36800E+001   1.83600E+001
   2.24461E-001   1.36800E+001   1.83600E+001
   2.24493E-001   1.36800E+001   1.83600E+001
   2.24524E-001   1.36800E+001   1.83600E+001
   2.24556E-001   1.36800E+001   1.83600E+001
   2.24587E-001   1.36800E+001   1.83600E+001
   2.24618E-001   1.36800E+001   1.83600E+001
   2.24650E-001   1.36800E+001   1.83600E+001
   2.24681E-001   1.36800E+001   1.83600E+001
   2.24713E-001   1.36800E+001   1.83600E+001
   2.24744E-001   1.36800E+001   1.83600E+001
   2.24775E-001   1.36800E+001   1.83600E+001
   2.24807E-001   1.36800E+001   1.83600E+001
   2.24838E-001   1.36800E+001   1.83600E+001
   2.24869E-001   1.36800E+001   1.83600E+001
   2.24901E-001   1.36800E+001   1.83600E+001
   2.24932E-001   1.36800E+001   1.83600E+001
   2.24964E-001   1.36800E+001   1.83600E+001
   2.24995E-001   1.36800E+001   1.83600E+001
   2.25026E-001   1.36800E+001   1.83600E+001
   2.25058E-001   1.36800E+001   1.83600E+001
   2.25089E-001   1.36800E+001   1.83600E+001
   2.25121E-001   1.36800E+001   1.83600E+001
   2.25152E-001   1.36800E+001   1.83600E+001
   2.25183E-001   1.36800E+001   1.83600E+001
   2.25215E-001   1.36800E+001   1.83600E+001
   2.25246E-001   1.36800E+001   1.83600E+001
   2.25278E-001   1.36800E+001   1.83600E+001
   2.25309E-001   1.36800E+001   1.83600E+001
   2.25340E-001   1.36800E+001   1.83600E+001
   2.25372E-001   1.36800E+001   1.83600E+001
   2.25403E-001   1.36800E+001   1.83600E+001
   2.25434E-001   1.36800E+001   1.83600E+001
   2.25466E-001   1.36800E+001   1.83600E+001
   2.25497E-001   1.36800E+001   1.83600E+001
   2.25529E-001   1.36800E+001   1.83600E+001
   2.25560E-001   1.36800E+001   1.83600E+001
   2.25591E-001   1.36800E+001   1.83600E+001
   2.25623E-001   1.36800E+001   1.83600E+001
   2.25654E-001   1.36800E+001   1.83600E+001
   2.25686E-001   1.36800E+001   1.83600E+001
   2.25717E-001   1.36800E+001   1.83600E+001
   2.25748E-001   1.36800E+001   1.83600E+001
   2.25780E-001   1.36800E+001   1.83600E+001
   2.25811E-001   1.36800E+001   1.83600E+001
   2.25843E-001   1.36800E+001   1.83600E+001
   2.25874E-001   1.36800E+001   1.83600E+001
   2.25905E-001   1.36800E+001   1.83600E+001
   2.25937E-001   1.36800E+001   1.83600E+001
   2.25968E-001   1.36800E+001   1.83600E+001
   2.26000E-001   1.36800E+001   1.83600E+001
   2.26031E-001   1.36800E+001   1.83600E+001
   2.26062E-001   1.36800E+001   1.83600E+001
   2.26094E-001   1.36800E+001   1.83600E+001
   2.26125E-001   1.36800E+001   1.83600E+001
   2.26156E-001   1.36800E+001   1.83600E+001
   2.26188E-001   1.36800E+001   1.83600E+001
   2.26219E-001   1.36800E+001   1.83600E+001
   2.26251E-001   1.36800E+001   1.83600E+001
   2.26282E-001   1.36800E+001   1.83600E+001
   2.26313E-001   1.36800E+001   1.83600E+001
   2.26345E-001   1.36800E+001   1.83600E+001
   2.26376E-001   1.36800E+001   1.83600E+001
   2.26408E-001   1.36800E+001   1.83600E+001
   2.26439E-001   1.36800E+001   1.83600E+001
   2.26470E-001   1.36800E+001   1.83600E+001
   2.26502E-001   1.36800E+001   1.83600E+001
   2.26533E-001   1.36800E+001   1.83600E+001
   2.26565E-001   1.36800E+001   1.83600E+001
   2.26596E-001   1.36800E+001   1.83600E+001
   2.26627E-001   1.36800E+001   1.83600E+001
   2.26659E-001   1.36800E+001   1.83600E+001
   2.26690E-001   1.36800E+001   1.83600E+001
   2.26721E-001   1.36800E+001   1.83600E+001
   2.26753E-001   1.36800E+001   1.83600E+001
   2.26784E-001   1.36800E+001   1.83600E+001
   2.26816E-001   1.36800E+001   1.83600E+001
   2.26847E-001   1.36800E+001   1.83600E+001
   2.26878E-001   1.36800E+001   1.83600E+001
   2.26910E-001   1.36800E+001   1.83600E+001
   2.26941E-001   1.36800E+001   1.83600E+001
   2.26973E-001   1.36800E+001   1.83600E+001
   2.27004E-001   1.36800E+001   1.83600E+001
   2.27035E-001   1.36800E+001   1.83600E+001
   2.27067E-001   1.36800E+001   1.83600E+001
   2.27098E-001   1.36800E+001   1.83600E+001
   2.27130E-001   1.36800E+001   1.83600E+001
   2.27161E-001   1.36800E+001   1.83600E+001
   2.27192E-001   1.36800E+001   1.83600E+001
   2.27224E-001   1.36800E+001   1.83600E+001
   2.27255E-001   1.36800E+001   1.83600E+001
   2.27286E-001   1.36800E+001   1.83600E+001
   2.27318E-001   1.36800E+001   1.83600E+001
   2.27349E-001   1.36800E+001   1.83600E+001
   2.27381E-001   1.36800E+001   1.83600E+001
   2.27412E-001   1.36800E+001   1.83600E+001
   2.27443E-001   1.36800E+001   1.83600E+001
   2.27475E-001   1.36800E+001   1.83600E+001
   2.27506E-001   1.36800E+001   1.83600E+001
   2.27538E-001   1.36800E+001   1.83600E+001
   2.27569E-001   1.36800E+001   1.83600E+001
   2.27600E-001   1.36800E+001   1.83600E+001
   2.27632E-001   1.36800E+001   1.83600E+001
   2.27663E-001   1.36800E+001   1.83600E+001
   2.27695E-001   1.36800E+001   1.85400E+001
   2.27726E-001   1.36800E+001   1.85400E+001
   2.27757E-001   1.36800E+001   1.85400E+001
   2.27789E-001   1.36800E+001   1.85400E+001
   2.27820E-001   1.36800E+001   1.85400E+001
   2.27851E-001   1.36800E+001   1.85400E+001
   2.27883E-001   1.36800E+001   1.85400E+001
   2.27914E-001   1.36800E+001   1.85400E+001
   2.27946E-001   1.36800E+001   1.85400E+001
   2.27977E-001   1.36800E+001   1.85400E+001
   2.28008E-001   1.36800E+001   1.85400E+001
   2.28040E-001   1.36800E+001   1.85400E+001
   2.28071E-001   1.36800E+001   1.85400E+001
   2.28103E-001   1.36800E+001   1.85400E+001
   2.28134E-001   1.36800E+001   1.85400E+001
   2.28165E-001   1.36800E+001   1.85400E+001
   2.28197E-001   1.36800E+001   1.85400E+001
   2.28228E-001   1.36800E+001   1.85400E+001
   2.28260E-001   1.36800E+001   1.85400E+001
   2.28291E-001   1.36800E+001   1.85400E+001
   2.28322E-001   1.36800E+001   1.85400E+001
   2.28354E-001   1.36800E+001   1.85400E+001
   2.28385E-001   1.36800E+001   1.85400E+001
   2.28416E-001   1.36800E+001   1.85400E+001
   2.28448E-001   1.36800E+001   1.85400E+001
   2.28479E-001   1.36800E+001   1.85400E+001
   2.28511E-001   1.36800E+001   1.85400E+001
   2.28542E-001   1.36800E+001   1.85400E+001
   2.28573E-001   1.36800E+001   1.85400E+001
   2.28605E-001   1.36800E+001   1.85400E+001
   2.28636E-001   1.36800E+001   1.85400E+001
   2.28668E-001   1.36800E+001   1.85400E+001
   2.28699E-001   1.36800E+001   1.85400E+001
   2.28730E-001   1.36800E+001   1.85400E+001
   2.28762E-001   1.36800E+001   1.85400E+001
   2.28793E-001   1.36800E+001   1.85400E+001
   2.28825E-001   1.36800E+001   1.85400E+001
   2.28856E-001   1.36800E+001   1.85400E+001
   2.28887E-001   1.36800E+001   1.85400E+001
   2.28919E-001   1.36800E+001   1.85400E+001
   2.28950E-001   1.36800E+001   1.85400E+001
   2.28981E-001   1.36800E+001   1.85400E+001
   2.29013E-001   1.36800E+001   1.85400E+001
   2.29044E-001   1.36800E+001   1.85400E+001
   2.29076E-001   1.36800E+001   1.85400E+001
   2.29107E-001   1.36800E+001   1.85400E+001
   2.29138E-001   1.36800E+001   1.85400E+001
   2.29170E-001   1.36800E+001   1.85400E+001
   2.29201E-001   1.36800E+001   1.85400E+001
   2.29233E-001   1.36800E+001   1.85400E+001
   2.29264E-001   1.36800E+001   1.85400E+001
   2.29295E-001   1.36800E+001   1.85400E+001
   2.29327E-001   1.36800E+001   1.85400E+001
   2.29358E-001   1.36800E+001   1.85400E+001
   2.29390E-001   1.36800E+001   1.85400E+001
   2.29421E-001   1.36800E+001   1.85400E+001
   2.29452E-001   1.36800E+001   1.85400E+001
   2.29484E-001   1.36800E+001   1.85400E+001
   2.29515E-001   1.36800E+001   1.85400E+001
   2.29546E-001   1.36800E+001   1.85400E+001
   2.29578E-001   1.36800E+001   1.85400E+001
   2.29609E-001   1.36800E+001   1.85400E+001
   2.29641E-001   1.36800E+001   1.85400E+001
   2.29672E-001   1.36800E+001   1.85400E+001
   2.29703E-001   1.36800E+001   1.85400E+001
   2.29735E-001   1.36800E+001   1.85400E+001
   2.29766E-001   1.36800E+001   1.85400E+001
   2.29798E-001   1.36800E+001   1.85400E+001
   2.29829E-001   1.36800E+001   1.85400E+001
   2.29860E-001   1.36800E+001   1.85400E+001
   2.29892E-001   1.36800E+001   1.85400E+001
   2.29923E-001   1.36800E+001   1.85400E+001
   2.29955E-001   1.36800E+001   1.85400E+001
   2.29986E-001   1.36800E+001   1.85400E+001
   2.30017E-001   1.36800E+001   1.85400E+001
   2.30049E-001   1.36800E+001   1.85400E+001
   2.30080E-001   1.36800E+001   1.85400E+001
   2.30111E-001   1.36800E+001   1.85400E+001
   2.30143E-001   1.36800E+001   1.85400E+001
   2.30174E-001   1.36800E+001   1.85400E+001
   2.30206E-001   1.36800E+001   1.85400E+001
   2.30237E-001   1.36800E+001   1.85400E+001
   2.30268E-001   1.36800E+001   1.85400E+001
   2.30300E-001   1.36800E+001   1.85400E+001
   2.30331E-001   1.36800E+001   1.85400E+001
   2.30363E-001   1.36800E+001   1.85400E+001
   2.30394E-001   1.36800E+001   1.85400E+001
   2.30425E-001   1.36800E+001   1.85400E+001
   2.30457E-001   1.36800E+001   1.85400E+001
   2.30488E-001   1.36800E+001   1.85400E+001
   2.30520E-001   1.36800E+001   1.85400E+001
   2.30551E-001   1.36800E+001   1.85400E+001
   2.30582E-001   1.36800E+001   1.85400E+001
   2.30614E-001   1.36800E+001   1.85400E+001
   2.30645E-001   1.36800E+001   1.85400E+001
   2.30676E-001   1.36800E+001   1.85400E+001
   2.30708E-001   1.36800E+001   1.85400E+001
   2.30739E-001   1.36800E+001   1.85400E+001
   2.30771E-001   1.36800E+001   1.85400E+001
   2.30802E-001   1.36800E+001   1.85400E+001
   2.30833E-001   1.36800E+001   1.85400E+001
   2.30865E-001   1.36800E+001   1.85400E+001
   2.30896E-001   1.36800E+001   1.85400E+001
   2.30928E-001   1.36800E+001   1.85400E+001
   2.30959E-001   1.36800E+001   1.85400E+001
   2.30990E-001   1.36800E+001   1.85400E+001
   2.31022E-001   1.36800E+001   1.85400E+001
   2.31053E-001   1.36800E+001   1.85400E+001
   2.31085E-001   1.36800E+001   1.85400E+001
   2.31116E-001   1.36800E+001   1.85400E+001
   2.31147E-001   1.36800E+001   1.85400E+001
   2.31179E-001   1.36800E+001   1.85400E+001
   2.31210E-001   1.36800E+001   1.85400E+001
   2.31241E-001   1.36800E+001   1.85400E+001
   2.31273E-001   1.36800E+001   1.85400E+001
   2.31304E-001   1.36800E+001   1.85400E+001
   2.31336E-001   1.36800E+001   1.85400E+001
   2.31367E-001   1.36800E+001   1.85400E+001
   2.31398E-001   1.36800E+001   1.85400E+001
   2.31430E-001   1.36800E+001   1.85400E+001
   2.31461E-001   1.36800E+001   1.85400E+001
   2.31493E-001   1.36800E+001   1.85400E+001
   2.31524E-001   1.36800E+001   1.85400E+001
   2.31555E-001   1.36800E+001   1.85400E+001
   2.31587E-001   1.36800E+001   1.85400E+001
   2.31618E-001   1.36800E+001   1.85400E+001
   2.31650E-001   1.36800E+001   1.85400E+001
   2.31681E-001   1.36800E+001   1.85400E+001
   2.31712E-001   1.36800E+001   1.85400E+001
   2.31744E-001   1.36800E+001   1.85400E+001
   2.31775E-001   1.36800E+001   1.85400E+001
   2.31806E-001   1.36800E+001   1.85400E+001
   2.31838E-001   1.36800E+001   1.85400E+001
   2.31869E-001   1.36800E+001   1.85400E+001
   2.31901E-001   1.36800E+001   1.85400E+001
   2.31932E-001   1.36800E+001   1.85400E+001
   2.31963E-001   1.36800E+001   1.85400E+001
   2.31995E-001   1.36800E+001   1.85400E+001
   2.32026E-001   1.36800E+001   1.85400E+001
   2.32058E-001   1.36800E+001   1.85400E+001
   2.32089E-001   1.36800E+001   1.85400E+001
   2.32120E-001   1.36800E+001   1.85400E+001
   2.32152E-001   1.36800E+001   1.85400E+001
   2.32183E-001   1.36800E+001   1.85400E+001
   2.32215E-001   1.36800E+001   1.85400E+001
   2.32246E-001   1.36800E+001   1.85400E+001
   2.32277E-001   1.36800E+001   1.85400E+001
   2.32309E-001   1.36800E+001   1.85400E+001
   2.32340E-001   1.36800E+001   1.85400E+001
   2.32372E-001   1.36800E+001   1.85400E+001
   2.32403E-001   1.36800E+001   1.85400E+001
   2.32434E-001   1.36800E+001   1.85400E+001
   2.32466E-001   1.36800E+001   1.85400E+001
   2.32497E-001   1.36800E+001   1.85400E+001
   2.32528E-001   1.36800E+001   1.85400E+001
   2.32560E-001   1.36800E+001   1.85400E+001
   2.32591E-001   1.36800E+001   1.85400E+001
   2.32623E-001   1.36800E+001   1.85400E+001
   2.32654E-001   1.36800E+001   1.85400E+001
   2.32685E-001   1.36800E+001   1.87200E+001
   2.32717E-001   1.36800E+001   1.87200E+001
   2.32748E-001   1.36800E+001   1.87200E+001
   2.32780E-001   1.36800E+001   1.87200E+001
   2.32811E-001   1.36800E+001   1.87200E+001
   2.32842E-001   1.36800E+001   1.87200E+001
   2.32874E-001   1.36800E+001   1.87200E+001
   2.32905E-001   1.36800E+001   1.87200E+001
   2.32937E-001   1.36800E+001   1.87200E+001
   2.32968E-001   1.36800E+001   1.87200E+001
   2.32999E-001   1.36800E+001   1.87200E+001
   2.33031E-001   1.36800E+001   1.87200E+001
   2.33062E-001   1.36800E+001   1.87200E+001
   2.33093E-001   1.36800E+001   1.87200E+001
   2.33125E-001   1.36800E+001   1.87200E+001
   2.33156E-001   1.36800E+001   1.87200E+001
   2.33188E-001   1.36800E+001   1.87200E+001
   2.33219E-001   1.36800E+001   1.87200E+001
   2.33250E-001   1.36800E+001   1.87200E+001
   2.33282E-001   1.36800E+001   1.87200E+001
   2.33313E-001   1.36800E+001   1.87200E+001
   2.33345E-001   1.36800E+001   1.87200E+001
   2.33376E-001   1.36800E+001   1.87200E+001
   2.33407E-001   1.36800E+001   1.87200E+001
   2.33439E-001   1.36800E+001   1.87200E+001
   2.33470E-001   1.36800E+001   1.87200E+001
   2.33502E-001   1.36800E+001   1.87200E+001
   2.33533E-001   1.36800E+001   1.87200E+001
   2.33564E-001   1.36800E+001   1.87200E+001
   2.33596E-001   1.36800E+001   1.87200E+001
   2.33627E-001   1.36800E+001   1.87200E+001
   2.33658E-001   1.36800E+001   1.87200E+001
   2.33690E-001   1.36800E+001   1.87200E+001
   2.33721E-001   1.36800E+001   1.87200E+001
   2.33753E-001   1.36800E+001   1.87200E+001
   2.33784E-001   1.36800E+001   1.87200E+001
   2.33815E-001   1.36800E+001   1.87200E+001
   2.33847E-001   1.36800E+001   1.87200E+001
   2.33878E-001   1.36800E+001   1.87200E+001
   2.33910E-001   1.36800E+001   1.87200E+001
   2.33941E-001   1.36800E+001   1.87200E+001
   2.33972E-001   1.36800E+001   1.87200E+001
   2.34004E-001   1.36800E+001   1.87200E+001
   2.34035E-001   1.36800E+001   1.87200E+001
   2.34067E-001   1.36800E+001   1.87200E+001
   2.34098E-001   1.36800E+001   1.87200E+001
   2.34129E-001   1.36800E+001   1.87200E+001
   2.34161E-001   1.36800E+001   1.87200E+001
   2.34192E-001   1.36800E+001   1.87200E+001
   2.34223E-001   1.36800E+001   1.87200E+001
   2.34255E-001   1.36800E+001   1.87200E+001
   2.34286E-001   1.36800E+001   1.87200E+001
   2.34318E-001   1.36800E+001   1.87200E+001
   2.34349E-001   1.36800E+001   1.87200E+001
   2.34380E-001   1.36800E+001   1.87200E+001
   2.34412E-001   1.36800E+001   1.87200E+001
   2.34443E-001   1.36800E+001   1.87200E+001
   2.34475E-001   1.36800E+001   1.87200E+001
   2.34506E-001   1.36800E+001   1.87200E+001
   2.34537E-001   1.36800E+001   1.87200E+001
   2.34569E-001   1.36800E+001   1.87200E+001
   2.34600E-001   1.36800E+001   1.87200E+001
   2.34632E-001   1.36800E+001   1.87200E+001
   2.34663E-001   1.36800E+001   1.87200E+001
   2.34694E-001   1.36800E+001   1.87200E+001
   2.34726E-001   1.36800E+001   1.87200E+001
   2.34757E-001   1.36800E+001   1.87200E+001
   2.34788E-001   1.36800E+001   1.87200E+001
   2.34820E-001   1.36800E+001   1.87200E+001
   2.34851E-001   1.36800E+001   1.87200E+001
   2.34883E-001   1.36800E+001   1.87200E+001
   2.34914E-001   1.36800E+001   1.87200E+001
   2.34945E-001   1.36800E+001   1.87200E+001
   2.34977E-001   1.36800E+001   1.87200E+001
   2.35008E-001   1.36800E+001   1.87200E+001
   2.35040E-001   1.36800E+001   1.87200E+001
   2.35071E-001   1.36800E+001   1.87200E+001
   2.35102E-001   1.36800E+001   1.87200E+001
   2.35134E-001   1.36800E+001   1.87200E+001
   2.35165E-001   1.36800E+001   1.87200E+001
   2.35197E-001   1.36800E+001   1.87200E+001
   2.35228E-001   1.36800E+001   1.87200E+001
   2.35259E-001   1.36800E+001   1.87200E+001
   2.35291E-001   1.36800E+001   1.87200E+001
   2.35322E-001   1.36800E+001   1.87200E+001
   2.35353E-001   1.36800E+001   1.87200E+001
   2.35385E-001   1.36800E+001   1.87200E+001
   2.35416E-001   1.36800E+001   1.87200E+001
   2.35448E-001   1.36800E+001   1.87200E+001
   2.35479E-001   1.36800E+001   1.87200E+001
   2.35510E-001   1.36800E+001   1.87200E+001
   2.35542E-001   1.36800E+001   1.87200E+001
   2.35573E-001   1.36800E+001   1.87200E+001
   2.35605E-001   1.36800E+001   1.87200E+001
   2.35636E-001   1.36800E+001   1.87200E+001
   2.35667E-001   1.36800E+001   1.87200E+001
   2.35699E-001   1.36800E+001   1.87200E+001
   2.35730E-001   1.36800E+001   1.87200E+001
   2.35762E-001   1.36800E+001   1.87200E+001
   2.35793E-001   1.36800E+001   1.87200E+001
   2.35824E-001   1.36800E+001   1.87200E+001
   2.35856E-001   1.36800E+001   1.87200E+001
   2.35887E-001   1.36800E+001   1.87200E+001
   2.35918E-001   1.36800E+001   1.87200E+001
   2.35950E-001   1.36800E+001   1.87200E+001
   2.35981E-001   1.36800E+001   1.87200E+001
   2.36013E-001   1.36800E+001   1.87200E+001
   2.36044E-001   1.36800E+001   1.87200E+001
   2.36075E-001   1.36800E+001   1.87200E+001
   2.36107E-001   1.36800E+001   1.87200E+001
   2.36138E-001   1.36800E+001   1.87200E+001
   2.36170E-001   1.36800E+001   1.87200E+001
   2.36201E-001   1.36800E+001   1.87200E+001
   2.36232E-001   1.36800E+001   1.87200E+001
   2.36264E-001   1.36800E+001   1.87200E+001
   2.36295E-001   1.36800E+001   1.87200E+001
   2.36327E-001   1.36800E+001   1.87200E+001
   2.36358E-001   1.36800E+001   1.87200E+001
   2.36389E-001   1.36800E+001   1.87200E+001
   2.36421E-001   1.36800E+001   1.87200E+001
   2.36452E-001   1.36800E+001   1.87200E+001
   2.36483E-001   1.36800E+001   1.87200E+001
   2.36515E-001   1.36800E+001   1.87200E+001
   2.36546E-001   1.36800E+001   1.87200E+001
   2.36578E-001   1.36800E+001   1.87200E+001
   2.36609E-001   1.36800E+001   1.87200E+001
   2.36640E-001   1.36800E+001   1.87200E+001
   2.36672E-001   1.36800E+001   1.87200E+001
   2.36703E-001   1.36800E+001   1.87200E+001
   2.36735E-001   1.36800E+001   1.87200E+001
   2.36766E-001   1.36800E+001   1.87200E+001
   2.36797E-001   1.36800E+001   1.87200E+001
   2.36829E-001   1.36800E+001   1.87200E+001
   2.36860E-001   1.36800E+001   1.87200E+001
   2.36892E-001   1.36800E+001   1.87200E+001
   2.36923E-001   1.36800E+001   1.87200E+001
   2.36954E-001   1.36800E+001   1.87200E+001
   2.36986E-001   1.36800E+001   1.87200E+001
   2.37017E-001   1.36800E+001   1.87200E+001
   2.37048E-001   1.36800E+001   1.87200E+001
   2.37080E-001   1.36800E+001   1.87200E+001
   2.37111E-001   1.36800E+001   1.87200E+001
   2.37143E-001   1.36800E+001   1.87200E+001
   2.37174E-001   1.36800E+001   1.87200E+001
   2.37205E-001   1.36800E+001   1.87200E+001
   2.37237E-001   1.36800E+001   1.87200E+001
   2.37268E-001   1.36800E+001   1.87200E+001
   2.37300E-001   1.36800E+001   1.87200E+001
   2.37331E-001   1.36800E+001   1.87200E+001
   2.37362E-001   1.36800E+001   1.87200E+001
   2.37394E-001   1.36800E+001   1.87200E+001
   2.37425E-001   1.36800E+001   1.87200E+001
   2.37457E-001   1.36800E+001   1.87200E+001
   2.37488E-001   1.36800E+001   1.87200E+001
   2.37519E-001   1.36800E+001   1.87200E+001
   2.37551E-001   1.36800E+001   1.87200E+001
   2.37582E-001   1.36800E+001   1.87200E+001
   2.37613E-001   1.36800E+001   1.87200E+001
   2.37645E-001   1.36800E+001   1.87200E+001
   2.37676E-001   1.36800E+001   1.87200E+001
   2.37708E-001   1.36800E+001   1.89000E+001
   2.37739E-001   1.36800E+001   1.89000E+001
   2.37770E-001   1.36800E+001   1.89000E+001
   2.37802E-001   1.36800E+001   1.89000E+001
   2.37833E-001   1.36800E+001   1.89000E+001
   2.37865E-001   1.36800E+001   1.89000E+001
   2.37896E-001   1.36800E+001   1.89000E+001
   2.37927E-001   1.36800E+001   1.89000E+001
   2.37959E-001   1.36800E+001   1.89000E+001
   2.37990E-001   1.36800E+001   1.89000E+001
   2.38022E-001   1.36800E+001   1.89000E+001
   2.38053E-001   1.36800E+001   1.89000E+001
   2.38084E-001   1.36800E+001   1.89000E+001
   2.38116E-001   1.36800E+001   1.89000E+001
   2.38147E-001   1.36800E+001   1.89000E+001
   2.38179E-001   1.36800E+001   1.89000E+001
   2.38210E-001   1.36800E+001   1.89000E+001
   2.38241E-001   1.36800E+001   1.89000E+001
   2.38273E-001   1.36800E+001   1.89000E+001
   2.38304E-001   1.36800E+001   1.89000E+001
   2.38335E-001   1.36800E+001   1.89000E+001
   2.38367E-001   1.36800E+001   1.89000E+001
   2.38398E-001   1.36800E+001   1.89000E+001
   2.38430E-001   1.36800E+001   1.89000E+001
   2.38461E-001   1.36800E+001   1.89000E+001
   2.38492E-001   1.36800E+001   1.89000E+001
   2.38524E-001   1.36800E+001   1.89000E+001
   2.38555E-001   1.36800E+001   1.89000E+001
   2.38587E-001   1.36800E+001   1.89000E+001
   2.38618E-001   1.36800E+001   1.89000E+001
   2.38649E-001   1.36800E+001   1.89000E+001
   2.38681E-001   1.36800E+001   1.89000E+001
   2.38712E-001   1.36800E+001   1.89000E+001
   2.38744E-001   1.36800E+001   1.89000E+001
   2.38775E-001   1.36800E+001   1.89000E+001
   2.38806E-001   1.36800E+001   1.89000E+001
   2.38838E-001   1.36800E+001   1.89000E+001
   2.38869E-001   1.36800E+001   1.89000E+001
   2.38900E-001   1.36800E+001   1.89000E+001
   2.38932E-001   1.36800E+001   1.89000E+001
   2.38963E-001   1.36800E+001   1.89000E+001
   2.38995E-001   1.36800E+001   1.89000E+001
   2.39026E-001   1.36800E+001   1.89000E+001
   2.39057E-001   1.36800E+001   1.89000E+001
   2.39089E-001   1.36800E+001   1.89000E+001
   2.39120E-001   1.36800E+001   1.89000E+001
   2.39152E-001   1.36800E+001   1.89000E+001
   2.39183E-001   1.36800E+001   1.89000E+001
   2.39214E-001   1.36800E+001   1.89000E+001
   2.39246E-001   1.36800E+001   1.89000E+001
   2.39277E-001   1.36800E+001   1.89000E+001
   2.39309E-001   1.36800E+001   1.89000E+001
   2.39340E-001   1.36800E+001   1.89000E+001
   2.39371E-001   1.36800E+001   1.89000E+001
   2.39403E-001   1.36800E+001   1.89000E+001
   2.39434E-001   1.36800E+001   1.89000E+001
   2.39465E-001   1.36800E+001   1.89000E+001
   2.39497E-001   1.36800E+001   1.89000E+001
   2.39528E-001   1.36800E+001   1.89000E+001
   2.39560E-001   1.36800E+001   1.89000E+001
   2.39591E-001   1.36800E+001   1.89000E+001
   2.39622E-001   1.36800E+001   1.89000E+001
   2.39654E-001   1.36800E+001   1.89000E+001
   2.39685E-001   1.36800E+001   1.89000E+001
   2.39717E-001   1.36800E+001   1.89000E+001
   2.39748E-001   1.36800E+001   1.89000E+001
   2.39779E-001   1.36800E+001   1.89000E+001
   2.39811E-001   1.36800E+001   1.89000E+001
   2.39842E-001   1.36800E+001   1.89000E+001
   2.39874E-001   1.36800E+001   1.89000E+001
   2.39905E-001   1.36800E+001   1.89000E+001
   2.39936E-001   1.36800E+001   1.89000E+001
   2.39968E-001   1.36800E+001   1.89000E+001
   2.39999E-001   1.36800E+001   1.89000E+001
   2.40030E-001   1.36800E+001   1.89000E+001
   2.40062E-001   1.36800E+001   1.89000E+001
   2.40093E-001   1.36800E+001   1.89000E+001
   2.40125E-001   1.36800E+001   1.89000E+001
   2.40156E-001   1.36800E+001   1.89000E+001
   2.40187E-001   1.36800E+001   1.89000E+001
   2.40219E-001   1.36800E+001   1.89000E+001
   2.40250E-001   1.36800E+001   1.89000E+001
   2.40282E-001   1.36800E+001   1.89000E+001
   2.40313E-001   1.36800E+001   1.89000E+001
   2.40344E-001   1.36800E+001   1.89000E+001
   2.40376E-001   1.36800E+001   1.89000E+001
   2.40407E-001   1.36800E+001   1.89000E+001
   2.40439E-001   1.36800E+001   1.89000E+001
   2.40470E-001   1.36800E+001   1.89000E+001
   2.40501E-001   1.36800E+001   1.89000E+001
   2.40533E-001   1.36800E+001   1.89000E+001
   2.40564E-001   1.36800E+001   1.89000E+001
   2.40595E-001   1.36800E+001   1.89000E+001
   2.40627E-001   1.36800E+001   1.89000E+001
   2.40658E-001   1.36800E+001   1.89000E+001
   2.40690E-001   1.36800E+001   1.89000E+001
   2.40721E-001   1.36800E+001   1.89000E+001
   2.40752E-001   1.36800E+001   1.89000E+001
   2.40784E-001   1.36800E+001   1.89000E+001
   2.40815E-001   1.36800E+001   1.89000E+001
   2.40847E-001   1.36800E+001   1.89000E+001
   2.40878E-001   1.36800E+001   1.89000E+001
   2.40909E-001   1.36800E+001   1.89000E+001
   2.40941E-001   1.36800E+001   1.89000E+001
   2.40972E-001   1.36800E+001   1.89000E+001
   2.41004E-001   1.36800E+001   1.89000E+001
   2.41035E-001   1.36800E+001   1.89000E+001
   2.41066E-001   1.36800E+001   1.89000E+001
   2.41098E-001   1.36800E+001   1.89000E+001
   2.41129E-001   1.36800E+001   1.89000E+001
   2.41160E-001   1.36800E+001   1.89000E+001
   2.41192E-001   1.36800E+001   1.89000E+001
   2.41223E-001   1.36800E+001   1.89000E+001
   2.41255E-001   1.36800E+001   1.89000E+001
   2.41286E-001   1.36800E+001   1.89000E+001
   2.41317E-001   1.36800E+001   1.89000E+001
   2.41349E-001   1.36800E+001   1.89000E+001
   2.41380E-001   1.36800E+001   1.89000E+001
   2.41412E-001   1.36800E+001   1.89000E+001
   2.41443E-001   1.36800E+001   1.89000E+001
   2.41474E-001   1.36800E+001   1.89000E+001
   2.41506E-001   1.36800E+001   1.89000E+001
   2.41537E-001   1.36800E+001   1.89000E+001
   2.41569E-001   1.36800E+001   1.89000E+001
   2.41600E-001   1.36800E+001   1.89000E+001
   2.41631E-001   1.36800E+001   1.89000E+001
   2.41663E-001   1.36800E+001   1.89000E+001
   2.41694E-001   1.36800E+001   1.89000E+001
   2.41725E-001   1.36800E+001   1.89000E+001
   2.41757E-001   1.36800E+001   1.89000E+001
   2.41788E-001   1.36800E+001   1.89000E+001
   2.41820E-001   1.36800E+001   1.89000E+001
   2.41851E-001   1.36800E+001   1.89000E+001
   2.41882E-001   1.36800E+001   1.89000E+001
   2.41914E-001   1.36800E+001   1.89000E+001
   2.41945E-001   1.36800E+001   1.89000E+001
   2.41977E-001   1.36800E+001   1.89000E+001
   2.42008E-001   1.36800E+001   1.89000E+001
   2.42039E-001   1.36800E+001   1.89000E+001
   2.42071E-001   1.36800E+001   1.89000E+001
   2.42102E-001   1.36800E+001   1.89000E+001
   2.42134E-001   1.36800E+001   1.89000E+001
   2.42165E-001   1.36800E+001   1.89000E+001
   2.42196E-001   1.36800E+001   1.89000E+001
   2.42228E-001   1.36800E+001   1.89000E+001
   2.42259E-001   1.36800E+001   1.89000E+001
   2.42290E-001   1.36800E+001   1.89000E+001
   2.42322E-001   1.36800E+001   1.89000E+001
   2.42353E-001   1.36800E+001   1.89000E+001
   2.42385E-001   1.36800E+001   1.89000E+001
   2.42416E-001   1.36800E+001   1.89000E+001
   2.42447E-001   1.36800E+001   1.89000E+001
   2.42479E-001   1.36800E+001   1.89000E+001
   2.42510E-001   1.36800E+001   1.89000E+001
   2.42542E-001   1.36800E+001   1.89000E+001
   2.42573E-001   1.36800E+001   1.89000E+001
   2.42604E-001   1.36800E+001   1.89000E+001
   2.42636E-001   1.36800E+001   1.89000E+001
   2.42667E-001   1.36800E+001   1.89000E+001
   2.42699E-001   1.36800E+001   1.89000E+001
   2.42730E-001   1.36800E+001   1.89000E+001
   2.42761E-001   1.36800E+001   1.89000E+001
   2.42793E-001   1.36800E+001   1.90800E+001
   2.42824E-001   1.36800E+001   1.90800E+001
   2.42855E-001   1.36800E+001   1.90800E+001
   2.42887E-001   1.36800E+001   1.90800E+001
   2.42918E-001   1.36800E+001   1.90800E+001
   2.42950E-001   1.36800E+001   1.90800E+001
   2.42981E-001   1.36800E+001   1.90800E+001
   2.43012E-001   1.36800E+001   1.90800E+001
   2.43044E-001   1.36800E+001   1.90800E+001
   2.43075E-001   1.36800E+001   1.90800E+001
   2.43107E-001   1.36800E+001   1.90800E+001
   2.43138E-001   1.36800E+001   1.90800E+001
   2.43169E-001   1.36800E+001   1.90800E+001
   2.43201E-001   1.36800E+001   1.90800E+001
   2.43232E-001   1.36800E+001   1.90800E+001
   2.43264E-001   1.36800E+001   1.90800E+001
   2.43295E-001   1.36800E+001   1.90800E+001
   2.43326E-001   1.36800E+001   1.90800E+001
   2.43358E-001   1.36800E+001   1.90800E+001
   2.43389E-001   1.36800E+001   1.90800E+001
   2.43420E-001   1.36800E+001   1.90800E+001
   2.43452E-001   1.36800E+001   1.90800E+001
   2.43483E-001   1.36800E+001   1.90800E+001
   2.43515E-001   1.36800E+001   1.90800E+001
   2.43546E-001   1.36800E+001   1.90800E+001
   2.43577E-001   1.36800E+001   1.90800E+001
   2.43609E-001   1.36800E+001   1.90800E+001
   2.43640E-001   1.36800E+001   1.90800E+001
   2.43672E-001   1.36800E+001   1.90800E+001
   2.43703E-001   1.36800E+001   1.90800E+001
   2.43734E-001   1.36800E+001   1.90800E+001
   2.43766E-001   1.36800E+001   1.90800E+001
   2.43797E-001   1.36800E+001   1.90800E+001
   2.43829E-001   1.36800E+001   1.90800E+001
   2.43860E-001   1.36800E+001   1.90800E+001
   2.43891E-001   1.36800E+001   1.90800E+001
   2.43923E-001   1.36800E+001   1.90800E+001
   2.43954E-001   1.36800E+001   1.90800E+001
   2.43986E-001   1.36800E+001   1.90800E+001
   2.44017E-001   1.36800E+001   1.90800E+001
   2.44048E-001   1.36800E+001   1.90800E+001
   2.44080E-001   1.36800E+001   1.90800E+001
   2.44111E-001   1.36800E+001   1.90800E+001
   2.44142E-001   1.36800E+001   1.90800E+001
   2.44174E-001   1.36800E+001   1.90800E+001
   2.44205E-001   1.36800E+001   1.90800E+001
   2.44237E-001   1.36800E+001   1.90800E+001
   2.44268E-001   1.36800E+001   1.90800E+001
   2.44299E-001   1.36800E+001   1.90800E+001
   2.44331E-001   1.36800E+001   1.90800E+001
   2.44362E-001   1.36800E+001   1.90800E+001
   2.44394E-001   1.36800E+001   1.90800E+001
   2.44425E-001   1.36800E+001   1.90800E+001
   2.44456E-001   1.36800E+001   1.90800E+001
   2.44488E-001   1.36800E+001   1.90800E+001
   2.44519E-001   1.36800E+001   1.90800E+001
   2.44551E-001   1.36800E+001   1.90800E+001
   2.44582E-001   1.36800E+001   1.90800E+001
   2.44613E-001   1.36800E+001   1.90800E+001
   2.44645E-001   1.36800E+001   1.90800E+001
   2.44676E-001   1.36800E+001   1.90800E+001
   2.44707E-001   1.36800E+001   1.90800E+001
   2.44739E-001   1.36800E+001   1.90800E+001
   2.44770E-001   1.36800E+001   1.90800E+001
   2.44802E-001   1.36800E+001   1.90800E+001
   2.44833E-001   1.36800E+001   1.90800E+001
   2.44864E-001   1.36800E+001   1.90800E+001
   2.44896E-001   1.36800E+001   1.90800E+001
   2.44927E-001   1.36800E+001   1.90800E+001
   2.44959E-001   1.36800E+001   1.90800E+001
   2.44990E-001   1.36800E+001   1.90800E+001
   2.45021E-001   1.36800E+001   1.90800E+001
   2.45053E-001   1.36800E+001   1.90800E+001
   2.45084E-001   1.36800E+001   1.90800E+001
   2.45116E-001   1.36800E+001   1.90800E+001
   2.45147E-001   1.36800E+001   1.90800E+001
   2.45178E-001   1.36800E+001   1.90800E+001
   2.45210E-001   1.36800E+001   1.90800E+001
   2.45241E-001   1.36800E+001   1.90800E+001
   2.45272E-001   1.36800E+001   1.90800E+001
   2.45304E-001   1.36800E+001   1.90800E+001
   2.45335E-001   1.36800E+001   1.90800E+001
   2.45367E-001   1.36800E+001   1.90800E+001
   2.45398E-001   1.36800E+001   1.90800E+001
   2.45429E-001   1.36800E+001   1.90800E+001
   2.45461E-001   1.36800E+001   1.90800E+001
   2.45492E-001   1.36800E+001   1.90800E+001
   2.45524E-001   1.36800E+001   1.90800E+001
   2.45555E-001   1.36800E+001   1.90800E+001
   2.45586E-001   1.36800E+001   1.90800E+001
   2.45618E-001   1.36800E+001   1.90800E+001
   2.45649E-001   1.36800E+001   1.90800E+001
   2.45681E-001   1.36800E+001   1.90800E+001
   2.45712E-001   1.36800E+001   1.90800E+001
   2.45743E-001   1.36800E+001   1.90800E+001
   2.45775E-001   1.36800E+001   1.90800E+001
   2.45806E-001   1.36800E+001   1.90800E+001
   2.45837E-001   1.36800E+001   1.90800E+001
   2.45869E-001   1.36800E+001   1.90800E+001
   2.45900E-001   1.36800E+001   1.90800E+001
   2.45932E-001   1.36800E+001   1.90800E+001
   2.45963E-001   1.36800E+001   1.90800E+001
   2.45994E-001   1.36800E+001   1.90800E+001
   2.46026E-001   1.36800E+001   1.90800E+001
   2.46057E-001   1.36800E+001   1.90800E+001
   2.46089E-001   1.36800E+001   1.90800E+001
   2.46120E-001   1.36800E+001   1.90800E+001
   2.46151E-001   1.36800E+001   1.90800E+001
   2.46183E-001   1.36800E+001   1.90800E+001
   2.46214E-001   1.36800E+001   1.90800E+001
