   0.0000000000000000e+00	   0.0000000000000000e+00	
   2.0000000000000002e-07	   9.5837009290400000e-06	
   4.0000000000000003e-07	   1.9166299929999998e-05	
   5.9999999999999997e-07	   2.8747808724099997e-05	
   8.0000000000000007e-07	   3.8328239058499995e-05	
   9.9999999999999995e-07	   4.7907602706200005e-05	
   1.1999999999999999e-06	   5.7485911465399998e-05	
   1.3999999999999999e-06	   6.7063177159100003e-05	
   1.6000000000000001e-06	   7.6639411635299993e-05	
   1.7999999999999999e-06	   8.6214626765900002e-05	
   1.9999999999999999e-06	   9.5788834446900004e-05	
   2.2000000000000001e-06	   1.0536204659799999e-04	
   2.3999999999999999e-06	   1.1493427516099999e-04	
   2.6000000000000001e-06	   1.2450553210300000e-04	
   2.7999999999999999e-06	   1.3407582941100000e-04	
   3.0000000000000001e-06	   1.4364517909599999e-04	
   3.2000000000000003e-06	   1.5321359318900001e-04	
   3.4000000000000001e-06	   1.6278108374399999e-04	
   3.5999999999999998e-06	   1.7234766283499999e-04	
   3.8000000000000000e-06	   1.8191334255800002e-04	
   3.9999999999999998e-06	   1.9147813502900000e-04	
   4.1999999999999996e-06	   2.0104205238300000e-04	
   4.4000000000000002e-06	   2.1060510677500000e-04	
   4.6000000000000000e-06	   2.2016731037900002e-04	
   4.7999999999999998e-06	   2.2972867539000001e-04	
   5.0000000000000004e-06	   2.3928921402000000e-04	
   5.2000000000000002e-06	   2.4884893849799999e-04	
   5.4000000000000008e-06	   2.5840786107300001e-04	
   5.5999999999999997e-06	   2.6796599401100003e-04	
   5.7999999999999995e-06	   2.7752334959400002e-04	
   6.0000000000000002e-06	   2.8707994012200003e-04	
   6.1999999999999999e-06	   2.9663577791000004e-04	
   6.4000000000000006e-06	   3.0619087529099997e-04	
   6.6000000000000003e-06	   3.1574524461200001e-04	
   6.8000000000000001e-06	   3.2529889823600003e-04	
   6.9999999999999999e-06	   3.3485184854200001e-04	
   7.1999999999999997e-06	   3.4440410792100002e-04	
   7.4000000000000003e-06	   3.5395568878099999e-04	
   7.6000000000000001e-06	   3.6350660354100004e-04	
   7.7999999999999999e-06	   3.7305686463600003e-04	
   7.9999999999999996e-06	   3.8260648451300000e-04	
   8.2000000000000011e-06	   3.9215547563199997e-04	
   8.3999999999999992e-06	   4.0170385046599998e-04	
   8.6000000000000007e-06	   4.1125162149700003e-04	
   8.8000000000000004e-06	   4.2079880122300001e-04	
   9.0000000000000002e-06	   4.3034540215100000e-04	
   9.2000000000000000e-06	   4.3989143679800004e-04	
   9.3999999999999998e-06	   4.4943691769400000e-04	
   9.5999999999999996e-06	   4.5898185737699998e-04	
   9.7999999999999993e-06	   4.6852626839600001e-04	
   1.0000000000000001e-05	   4.7807016330899999e-04	
   1.0200000000000001e-05	   4.8761355468300002e-04	
   1.0400000000000000e-05	   4.9715645509400004e-04	
   1.0600000000000000e-05	   5.0669887712600007e-04	
   1.0800000000000002e-05	   5.1624083337099998e-04	
   1.1000000000000000e-05	   5.2578233642799996e-04	
   1.1199999999999999e-05	   5.3532339890600001e-04	
   1.1400000000000001e-05	   5.4486403341700001e-04	
   1.1599999999999999e-05	   5.5440425258100005e-04	
   1.1800000000000001e-05	   5.6394406902500005e-04	
   1.2000000000000000e-05	   5.7348349538099996e-04	
   1.2200000000000002e-05	   5.8302254428599994e-04	
   1.2400000000000000e-05	   5.9256122838299992e-04	
   1.2600000000000000e-05	   6.0209956031800004e-04	
   1.2800000000000001e-05	   6.1163755274200001e-04	
   1.2999999999999999e-05	   6.2117521831099999e-04	
   1.3200000000000001e-05	   6.3071256968199999e-04	
   1.3400000000000000e-05	   6.4024961951800001e-04	
   1.3600000000000000e-05	   6.4978638048299999e-04	
   1.3800000000000000e-05	   6.5932286524300002e-04	
   1.4000000000000000e-05	   6.6885908646699996e-04	
   1.4200000000000001e-05	   6.7839505682500004e-04	
   1.4399999999999999e-05	   6.8793078898900001e-04	
   1.4600000000000001e-05	   6.9746629563199999e-04	
   1.4800000000000001e-05	   7.0700158942500009e-04	
   1.5000000000000000e-05	   7.1653668304200006e-04	
   1.5200000000000000e-05	   7.2607158915600004e-04	
   1.5400000000000002e-05	   7.3560632043899996e-04	
   1.5600000000000000e-05	   7.4514088956099999e-04	
   1.5800000000000001e-05	   7.5467530919200003e-04	
   1.5999999999999999e-05	   7.6420959200200001e-04	
   1.6200000000000001e-05	   7.7374375065400003e-04	
   1.6400000000000002e-05	   7.8327779781200003e-04	
   1.6600000000000000e-05	   7.9281174613800005e-04	
   1.6799999999999998e-05	   8.0234560828799993e-04	
   1.7000000000000003e-05	   8.1187939691500005e-04	
   1.7200000000000001e-05	   8.2141312466899995e-04	
   1.7399999999999999e-05	   8.3094680419500003e-04	
   1.7600000000000001e-05	   8.4048044813400007e-04	
   1.7799999999999999e-05	   8.5001406912100000e-04	
   1.8000000000000000e-05	   8.5954767978600006e-04	
   1.8200000000000002e-05	   8.6908129275200001e-04	
   1.8400000000000000e-05	   8.7861492063799997e-04	
   1.8599999999999998e-05	   8.8814857605300007e-04	
   1.8800000000000000e-05	   8.9768227160400005e-04	
   1.9000000000000001e-05	   9.0721601988499997e-04	
   1.9199999999999999e-05	   9.1674983348600007e-04	
   1.9400000000000001e-05	   9.2628372498900001e-04	
   1.9599999999999999e-05	   9.3581770696400007e-04	
   1.9800000000000004e-05	   9.4535179197600006e-04	
   2.0000000000000002e-05	   9.5488599258000001e-04	
   2.0200000000000000e-05	   9.6442032131900007e-04	
   2.0400000000000001e-05	   9.7395479072900004e-04	
   2.0599999999999999e-05	   9.8348941333299992e-04	
   2.0800000000000001e-05	   9.9302420164600015e-04	
   2.1000000000000002e-05	   1.0025591681699999e-03	
   2.1200000000000000e-05	   1.0120943254000002e-03	
   2.1399999999999998e-05	   1.0216296858000001e-03	
   2.1600000000000003e-05	   1.0311652618599999e-03	
   2.1800000000000001e-05	   1.0407010660200000e-03	
   2.1999999999999999e-05	   1.0502371107199999e-03	
   2.2200000000000001e-05	   1.0597734084000000e-03	
   2.2399999999999999e-05	   1.0693099714600002e-03	
   2.2600000000000000e-05	   1.0788468123099999e-03	
   2.2800000000000002e-05	   1.0883839433399999e-03	
   2.3000000000000000e-05	   1.0979213769100001e-03	
   2.3199999999999998e-05	   1.1074591253799999e-03	
   2.3400000000000000e-05	   1.1169972010999999e-03	
   2.3600000000000001e-05	   1.1265356163800001e-03	
   2.3800000000000003e-05	   1.1360743835400000e-03	
   2.4000000000000001e-05	   1.1456135148600001e-03	
   2.4199999999999999e-05	   1.1551530226300000e-03	
   2.4400000000000004e-05	   1.1646929190900000e-03	
   2.4600000000000002e-05	   1.1742332165000000e-03	
   2.4800000000000000e-05	   1.1837739270700001e-03	
   2.5000000000000001e-05	   1.1933150630000001e-03	
   2.5199999999999999e-05	   1.2028566364800000e-03	
   2.5400000000000001e-05	   1.2123986596800000e-03	
   2.5600000000000002e-05	   1.2219411447400000e-03	
   2.5800000000000000e-05	   1.2314841037799999e-03	
   2.5999999999999998e-05	   1.2410275489099999e-03	
   2.6200000000000003e-05	   1.2505714922200000e-03	
   2.6400000000000001e-05	   1.2601159457700001e-03	
   2.6599999999999999e-05	   1.2696609216100001e-03	
   2.6800000000000001e-05	   1.2792064317500001e-03	
   2.6999999999999999e-05	   1.2887524881900001e-03	
   2.7200000000000000e-05	   1.2982991029099999e-03	
   2.7400000000000002e-05	   1.3078462878599998e-03	
   2.7600000000000000e-05	   1.3173940549800001e-03	
   2.7799999999999998e-05	   1.3269424161700002e-03	
   2.8000000000000000e-05	   1.3364913833100000e-03	
   2.8200000000000001e-05	   1.3460409682600001e-03	
   2.8400000000000003e-05	   1.3555911828600001e-03	
   2.8600000000000001e-05	   1.3651420389200000e-03	
   2.8799999999999999e-05	   1.3746935482200000e-03	
   2.9000000000000004e-05	   1.3842457225100001e-03	
   2.9200000000000002e-05	   1.3937985735400001e-03	
   2.9400000000000000e-05	   1.4033521130000001e-03	
   2.9600000000000001e-05	   1.4129063525800001e-03	
   2.9799999999999999e-05	   1.4224613039300000e-03	
   3.0000000000000001e-05	   1.4320169786700002e-03	
   3.0200000000000002e-05	   1.4415733883999999e-03	
   3.0400000000000000e-05	   1.4511305447000001e-03	
   3.0599999999999998e-05	   1.4606884590900001e-03	
   3.0800000000000003e-05	   1.4702471431000000e-03	
   3.1000000000000001e-05	   1.4798066082000001e-03	
   3.1199999999999999e-05	   1.4893668658500002e-03	
   3.1399999999999998e-05	   1.4989279274700000e-03	
   3.1600000000000002e-05	   1.5084898044599999e-03	
   3.1800000000000000e-05	   1.5180525081700000e-03	
   3.1999999999999999e-05	   1.5276160499500000e-03	
   3.2200000000000003e-05	   1.5371804410800002e-03	
   3.2400000000000001e-05	   1.5467456928500000e-03	
   3.2600000000000000e-05	   1.5563118164700000e-03	
   3.2800000000000004e-05	   1.5658788231700000e-03	
   3.3000000000000003e-05	   1.5754310405400001e-03	
   3.3200000000000001e-05	   1.5849767014000000e-03	
   3.3399999999999999e-05	   1.5944624692200001e-03	
   3.3599999999999997e-05	   1.6039048763999998e-03	
   3.3799999999999995e-05	   1.6132528037099999e-03	
   3.4000000000000007e-05	   1.6225051494800000e-03	
   3.4200000000000005e-05	   1.6316454114600001e-03	
   3.4400000000000003e-05	   1.6406264296499999e-03	
   3.4600000000000001e-05	   1.6495019305300001e-03	
   3.4799999999999999e-05	   1.6581401928100000e-03	
   3.5000000000000004e-05	   1.6667135770599998e-03	
   3.5200000000000002e-05	   1.6749507146300001e-03	
   3.5400000000000000e-05	   1.6831888288100002e-03	
   3.5599999999999998e-05	   1.6910002859000001e-03	
   3.5799999999999996e-05	   1.6987937916800001e-03	
   3.6000000000000001e-05	   1.7062691185500002e-03	
   3.6200000000000006e-05	   1.7135897919400001e-03	
   3.6400000000000004e-05	   1.7207708517700000e-03	
   3.6600000000000002e-05	   1.7276048689000001e-03	
   3.6800000000000000e-05	   1.7344398661700000e-03	
   3.6999999999999998e-05	   1.7408914563399999e-03	
   3.7199999999999996e-05	   1.7472386050199999e-03	
   3.7400000000000001e-05	   1.7535175787899999e-03	
   3.7599999999999999e-05	   1.7593860633800000e-03	
   3.7800000000000004e-05	   1.7652555190700000e-03	
   3.8000000000000002e-05	   1.7709657554500001e-03	
   3.8200000000000000e-05	   1.7763736753300000e-03	
   3.8399999999999998e-05	   1.7817825615000001e-03	
   3.8600000000000003e-05	   1.7870290975800002e-03	
   3.8800000000000001e-05	   1.7919992221800002e-03	
   3.8999999999999999e-05	   1.7969703063299999e-03	
   3.9199999999999997e-05	   1.8018597676500000e-03	
   3.9399999999999995e-05	   1.8064184834300002e-03	
   3.9600000000000007e-05	   1.8109781505399999e-03	
   3.9800000000000005e-05	   1.8155387729100001e-03	
   4.0000000000000003e-05	   1.8197867950400001e-03	
   4.0200000000000001e-05	   1.8239633758900000e-03	
   4.0399999999999999e-05	   1.8281409021299998e-03	
   4.0599999999999998e-05	   1.8322513889000001e-03	
   4.0800000000000002e-05	   1.8360738557200000e-03	
   4.1000000000000000e-05	   1.8398972573400001e-03	
   4.1199999999999999e-05	   1.8437215966100001e-03	
   4.1400000000000003e-05	   1.8474437982700001e-03	
   4.1600000000000002e-05	   1.8509417234600001e-03	
   4.1800000000000000e-05	   1.8544405747600000e-03	
   4.2000000000000004e-05	   1.8579403545300000e-03	
   4.2200000000000003e-05	   1.8613918917900001e-03	
   4.2400000000000001e-05	   1.8645929051600001e-03	
   4.2599999999999999e-05	   1.8677948347800000e-03	
   4.2799999999999997e-05	   1.8709976826000001e-03	
   4.2999999999999995e-05	   1.8742014505300001e-03	
   4.3200000000000007e-05	   1.8772086291100002e-03	
   4.3400000000000005e-05	   1.8801398267100000e-03	
   4.3600000000000003e-05	   1.8830719313600000e-03	
   4.3800000000000001e-05	   1.8860049445700001e-03	
   4.3999999999999999e-05	   1.8889388678000002e-03	
   4.4200000000000004e-05	   1.8916330174300001e-03	
   4.4400000000000002e-05	   1.8943188714800002e-03	
   4.4600000000000000e-05	   1.8970056219300001e-03	
   4.4799999999999998e-05	   1.8996932698700001e-03	
   4.4999999999999996e-05	   1.9023818164000000e-03	
   4.5200000000000001e-05	   1.9048726207600000e-03	
   4.5400000000000006e-05	   1.9073357814200001e-03	
   4.5600000000000004e-05	   1.9097998266400002e-03	
   4.5800000000000002e-05	   1.9122647571500001e-03	
   4.6000000000000000e-05	   1.9147305736600000e-03	
   4.6199999999999998e-05	   1.9171077455900000e-03	
   4.6399999999999996e-05	   1.9193690147100001e-03	
   4.6600000000000001e-05	   1.9216311555700001e-03	
   4.6799999999999999e-05	   1.9238941685800000e-03	
   4.7000000000000004e-05	   1.9261580541200000e-03	
   4.7200000000000002e-05	   1.9284228125500001e-03	
   4.7400000000000000e-05	   1.9305718854000001e-03	
   4.7600000000000005e-05	   1.9326511136500001e-03	
   4.7800000000000003e-05	   1.9347312001400001e-03	
   4.8000000000000001e-05	   1.9368121449499999e-03	
   4.8199999999999999e-05	   1.9388939481400000e-03	
   4.8399999999999997e-05	   1.9409766097300001e-03	
   4.8599999999999995e-05	   1.9429886883200000e-03	
   4.8800000000000007e-05	   1.9449031113999999e-03	
   4.9000000000000005e-05	   1.9468183779899999e-03	
   4.9200000000000003e-05	   1.9487344878700000e-03	
   4.9400000000000001e-05	   1.9506514407900001e-03	
   4.9599999999999999e-05	   1.9525692364800000e-03	
   4.9799999999999998e-05	   1.9544878746500000e-03	
   5.0000000000000002e-05	   1.9562826591400001e-03	
   5.0200000000000000e-05	   1.9580487161799998e-03	
   5.0399999999999999e-05	   1.9598156004600000e-03	
   5.0600000000000003e-05	   1.9615833114500002e-03	
   5.0800000000000002e-05	   1.9633518485899998e-03	
   5.1000000000000000e-05	   1.9651212113100001e-03	
   5.1200000000000004e-05	   1.9668913990500002e-03	
   5.1400000000000003e-05	   1.9685549814199999e-03	
   5.1600000000000001e-05	   1.9701867451000000e-03	
   5.1799999999999999e-05	   1.9718193182999997e-03	
   5.1999999999999997e-05	   1.9734527002099999e-03	
   5.2200000000000002e-05	   1.9750868900100002e-03	
   5.2400000000000007e-05	   1.9767218868600002e-03	
   5.2600000000000005e-05	   1.9783576898799999e-03	
   5.2800000000000003e-05	   1.9799590691400000e-03	
   5.3000000000000001e-05	   1.9814692284699999e-03	
   5.3199999999999999e-05	   1.9829801783700003e-03	
   5.3400000000000004e-05	   1.9844919177600001e-03	
   5.3600000000000002e-05	   1.9860044455600003e-03	
   5.3800000000000000e-05	   1.9875177606699999e-03	
   5.3999999999999998e-05	   1.9890318619800000e-03	
   5.4199999999999996e-05	   1.9905467483600000e-03	
   5.4400000000000001e-05	   1.9920255753799999e-03	
   5.4600000000000006e-05	   1.9934263295100000e-03	
   5.4800000000000004e-05	   1.9948278528400002e-03	
   5.5000000000000002e-05	   1.9962301440600004e-03	
   5.5200000000000000e-05	   1.9976332018300002e-03	
   5.5399999999999998e-05	   1.9990370247899999e-03	
   5.5599999999999996e-05	   2.0004416115800001e-03	
   5.5800000000000001e-05	   2.0018469608100000e-03	
   5.5999999999999999e-05	   2.0032530710700001e-03	
   5.6200000000000004e-05	   2.0045680951999998e-03	
   5.6400000000000002e-05	   2.0058704335300004e-03	
   5.6600000000000000e-05	   2.0071735167300001e-03	
   5.6800000000000005e-05	   2.0084773432400001e-03	
   5.7000000000000003e-05	   2.0097819114700002e-03	
   5.7200000000000001e-05	   2.0110872197999998e-03	
   5.7399999999999999e-05	   2.0123932666200003e-03	
   5.7599999999999997e-05	   2.0137000502900002e-03	
   5.7799999999999995e-05	   2.0150075691499998e-03	
   5.8000000000000007e-05	   2.0162276721700000e-03	
   5.8200000000000005e-05	   2.0174407537099999e-03	
   5.8400000000000003e-05	   2.0186545540699999e-03	
   5.8600000000000001e-05	   2.0198690714599999e-03	
   5.8799999999999999e-05	   2.0210843040600001e-03	
   5.8999999999999998e-05	   2.0223002500100000e-03	
   5.9200000000000002e-05	   2.0235169074599999e-03	
   5.9400000000000000e-05	   2.0247342745500002e-03	
   5.9599999999999999e-05	   2.0259523493799999e-03	
   5.9800000000000003e-05	   2.0271326977100001e-03	
   6.0000000000000002e-05	   2.0282647467300000e-03	
   6.0200000000000000e-05	   2.0293974869900005e-03	
   6.0400000000000004e-05	   2.0305309164900002e-03	
   6.0600000000000003e-05	   2.0316650331799998e-03	
   6.0800000000000001e-05	   2.0327998350100000e-03	
   6.0999999999999999e-05	   2.0339353198900001e-03	
   6.1199999999999997e-05	   2.0350714857400001e-03	
   6.1400000000000002e-05	   2.0362083304599999e-03	
   6.1600000000000007e-05	   2.0373458519299999e-03	
   6.1799999999999998e-05	   2.0384510140700001e-03	
   6.2000000000000003e-05	   2.0395100776400004e-03	
   6.2199999999999994e-05	   2.0405698013000002e-03	
   6.2399999999999999e-05	   2.0416301828100002e-03	
   6.2600000000000004e-05	   2.0426912198900000e-03	
   6.2799999999999995e-05	   2.0437529102899999e-03	
   6.3000000000000000e-05	   2.0448152517099998e-03	
   6.3200000000000005e-05	   2.0458782418500002e-03	
   6.3399999999999996e-05	   2.0469418783900001e-03	
   6.3600000000000001e-05	   2.0480061590000000e-03	
   6.3799999999999992e-05	   2.0490710813300000e-03	
   6.3999999999999997e-05	   2.0500766356199998e-03	
   6.4199999999999988e-05	   2.0510699100399999e-03	
   6.4400000000000007e-05	   2.0520638093199997e-03	
   6.4600000000000012e-05	   2.0530583309999999e-03	
   6.4800000000000003e-05	   2.0540534726000001e-03	
   6.5000000000000008e-05	   2.0550492316399999e-03	
   6.5199999999999999e-05	   2.0560456056200002e-03	
   6.5400000000000004e-05	   2.0570425920200001e-03	
   6.5600000000000009e-05	   2.0580401883100001e-03	
   6.5800000000000000e-05	   2.0590383919600001e-03	
   6.6000000000000005e-05	   2.0600372004000002e-03	
   6.6199999999999996e-05	   2.0609934461699999e-03	
   6.6400000000000001e-05	   2.0619267505500001e-03	
   6.6600000000000006e-05	   2.0628606427200002e-03	
   6.6799999999999997e-05	   2.0637951200300000e-03	
   6.7000000000000002e-05	   2.0647301798200003e-03	
   6.7199999999999994e-05	   2.0656658193899998e-03	
   6.7399999999999998e-05	   2.0666020360599999e-03	
   6.7599999999999990e-05	   2.0675388271199999e-03	
   6.7799999999999995e-05	   2.0684761898500004e-03	
   6.8000000000000013e-05	   2.0694141215099999e-03	
   6.8200000000000004e-05	   2.0703526193600000e-03	
   6.8400000000000009e-05	   2.0712916806300001e-03	
   6.8600000000000000e-05	   2.0721783374800001e-03	
   6.8800000000000005e-05	   2.0730574275200004e-03	
   6.9000000000000010e-05	   2.0739370638500000e-03	
   6.9200000000000002e-05	   2.0748172436000000e-03	
   6.9400000000000006e-05	   2.0756979639200003e-03	
   6.9599999999999998e-05	   2.0765792219400001e-03	
   6.9800000000000003e-05	   2.0774610147799998e-03	
   7.0000000000000007e-05	   2.0783433395200001e-03	
   7.0199999999999999e-05	   2.0792261932799996e-03	
   7.0400000000000004e-05	   2.0801095731100001e-03	
   7.0599999999999995e-05	   2.0809934761000003e-03	
   7.0800000000000000e-05	   2.0818778992999997e-03	
   7.0999999999999991e-05	   2.0827368898900002e-03	
   7.1199999999999996e-05	   2.0835663404700001e-03	
   7.1400000000000001e-05	   2.0843962940300001e-03	
   7.1599999999999992e-05	   2.0852267475500001e-03	
   7.1800000000000011e-05	   2.0860576979900001e-03	
   7.2000000000000002e-05	   2.0868891423099999e-03	
   7.2200000000000007e-05	   2.0877210774499998e-03	
   7.2400000000000012e-05	   2.0885535003500001e-03	
   7.2600000000000003e-05	   2.0893864079200002e-03	
   7.2800000000000008e-05	   2.0902197970700002e-03	
   7.2999999999999999e-05	   2.0910536647000002e-03	
   7.3200000000000004e-05	   2.0918880077100003e-03	
   7.3400000000000009e-05	   2.0927228229699999e-03	
   7.3600000000000000e-05	   2.0935366959700004e-03	
   7.3800000000000005e-05	   2.0943210445399998e-03	
   7.3999999999999996e-05	   2.0951058480500003e-03	
   7.4200000000000001e-05	   2.0958911033200000e-03	
   7.4399999999999992e-05	   2.0966768071500001e-03	
   7.4599999999999997e-05	   2.0974629563100000e-03	
   7.4800000000000002e-05	   2.0982495475900002e-03	
   7.4999999999999993e-05	   2.0990365777600003e-03	
   7.5199999999999998e-05	   2.0998240435800000e-03	
   7.5399999999999990e-05	   2.1006119417900002e-03	
   7.5600000000000008e-05	   2.1014002691300002e-03	
   7.5800000000000013e-05	   2.1021890223400000e-03	
   7.6000000000000004e-05	   2.1029781981300004e-03	
   7.6200000000000009e-05	   2.1037677932099997e-03	
   7.6400000000000000e-05	   2.1045244036800000e-03	
   7.6600000000000005e-05	   2.1052675953900000e-03	
   7.6799999999999997e-05	   2.1060111890300001e-03	
   7.7000000000000001e-05	   2.1067551812499999e-03	
   7.7200000000000006e-05	   2.1074995686900001e-03	
   7.7399999999999998e-05	   2.1082443479700000e-03	
   7.7600000000000002e-05	   2.1089895157299999e-03	
   7.7799999999999994e-05	   2.1097350685900002e-03	
   7.7999999999999999e-05	   2.1104810031400000e-03	
   7.8200000000000003e-05	   2.1112273159799998e-03	
   7.8399999999999995e-05	   2.1119740037099997e-03	
   7.8600000000000000e-05	   2.1127210629099998e-03	
   7.8799999999999991e-05	   2.1134684901400001e-03	
   7.8999999999999996e-05	   2.1142162819600000e-03	
   7.9200000000000014e-05	   2.1149507102900000e-03	
   7.9400000000000006e-05	   2.1156557781400001e-03	
   7.9600000000000010e-05	   2.1163611932299999e-03	
   7.9800000000000002e-05	   2.1170669520800003e-03	
   8.0000000000000007e-05	   2.1177730511900000e-03	
   8.0199999999999998e-05	   2.1184794870700002e-03	
   8.0400000000000003e-05	   2.1191862561900001e-03	
   8.0600000000000008e-05	   2.1198933550599999e-03	
   8.0799999999999999e-05	   2.1206007801300004e-03	
   8.1000000000000004e-05	   2.1213085278800003e-03	
   8.1199999999999995e-05	   2.1220165947699998e-03	
   8.1400000000000000e-05	   2.1227249772500000e-03	
   8.1600000000000005e-05	   2.1234336717600001e-03	
   8.1799999999999996e-05	   2.1241426747500001e-03	
   8.2000000000000001e-05	   2.1248519826400003e-03	
   8.2199999999999992e-05	   2.1255526614000000e-03	
   8.2399999999999997e-05	   2.1262225666400002e-03	
   8.2600000000000002e-05	   2.1268927594600001e-03	
   8.2800000000000007e-05	   2.1275632362600001e-03	
   8.3000000000000012e-05	   2.1282339934299999e-03	
   8.3200000000000003e-05	   2.1289050273400000e-03	
   8.3400000000000008e-05	   2.1295763343699998e-03	
   8.3599999999999999e-05	   2.1302479108700001e-03	
   8.3800000000000004e-05	   2.1309197532000004e-03	
   8.4000000000000009e-05	   2.1315918577300003e-03	
   8.4200000000000000e-05	   2.1322642207800002e-03	
   8.4400000000000005e-05	   2.1329368387100001e-03	
   8.4599999999999996e-05	   2.1336097078499998e-03	
   8.4800000000000001e-05	   2.1342828245100001e-03	
   8.5000000000000006e-05	   2.1349561850299999e-03	
   8.5199999999999997e-05	   2.1356297857199999e-03	
   8.5400000000000002e-05	   2.1362885151400002e-03	
   8.5599999999999994e-05	   2.1369257122900000e-03	
   8.5799999999999998e-05	   2.1375631323699998e-03	
   8.5999999999999990e-05	   2.1382007716899999e-03	
   8.6199999999999995e-05	   2.1388386265000000e-03	
   8.6400000000000013e-05	   2.1394766931000001e-03	
   8.6600000000000004e-05	   2.1401149677400004e-03	
   8.6800000000000009e-05	   2.1407534466999999e-03	
   8.7000000000000001e-05	   2.1413921262199999e-03	
   8.7200000000000005e-05	   2.1420310025700002e-03	
   8.7400000000000010e-05	   2.1426700719999999e-03	
   8.7600000000000002e-05	   2.1433093307400004e-03	
   8.7800000000000006e-05	   2.1439487750300004e-03	
   8.7999999999999998e-05	   2.1445884011200003e-03	
   8.8200000000000003e-05	   2.1452282052200002e-03	
   8.8400000000000007e-05	   2.1458681835800002e-03	
   8.8599999999999999e-05	   2.1465083324000000e-03	
   8.8800000000000004e-05	   2.1471195269400002e-03	
   8.8999999999999995e-05	   2.1477259813199997e-03	
   8.9200000000000000e-05	   2.1483325890799998e-03	
   8.9399999999999991e-05	   2.1489393464300000e-03	
   8.9599999999999996e-05	   2.1495462495600003e-03	
   8.9800000000000001e-05	   2.1501532946699999e-03	
   8.9999999999999992e-05	   2.1507604779300001e-03	
   9.0200000000000011e-05	   2.1513677955400001e-03	
   9.0400000000000002e-05	   2.1519752436700000e-03	
   9.0600000000000007e-05	   2.1525828185099999e-03	
   9.0800000000000012e-05	   2.1531905162200000e-03	
   9.1000000000000003e-05	   2.1537983329800001e-03	
   9.1200000000000008e-05	   2.1544062649599999e-03	
   9.1399999999999999e-05	   2.1550143083100002e-03	
   9.1600000000000004e-05	   2.1556224591999999e-03	
   9.1800000000000009e-05	   2.1562307137799998e-03	
   9.2000000000000000e-05	   2.1568390682100000e-03	
   9.2200000000000005e-05	   2.1574304713800002e-03	
   9.2399999999999996e-05	   2.1580075924700001e-03	
   9.2600000000000001e-05	   2.1585847965600001e-03	
   9.2799999999999992e-05	   2.1591620797900002e-03	
   9.2999999999999997e-05	   2.1597394382900001e-03	
   9.3200000000000002e-05	   2.1603168682200000e-03	
   9.3399999999999993e-05	   2.1608943656999998e-03	
   9.3599999999999998e-05	   2.1614719268600001e-03	
   9.3800000000000003e-05	   2.1620495478300002e-03	
   9.4000000000000008e-05	   2.1626272247500002e-03	
   9.4200000000000013e-05	   2.1632049537300001e-03	
   9.4400000000000004e-05	   2.1637827309100000e-03	
   9.4600000000000009e-05	   2.1643605524000000e-03	
   9.4800000000000000e-05	   2.1649384143299999e-03	
   9.5000000000000005e-05	   2.1655163128000000e-03	
   9.5200000000000010e-05	   2.1660942439499999e-03	
   9.5400000000000001e-05	   2.1666722038800003e-03	
   9.5600000000000006e-05	   2.1672501887100002e-03	
   9.5799999999999998e-05	   2.1678151232400003e-03	
   9.6000000000000002e-05	   2.1683641003499999e-03	
   9.6199999999999994e-05	   2.1689130858199997e-03	
   9.6399999999999999e-05	   2.1694620757500001e-03	
   9.6600000000000003e-05	   2.1700110662399999e-03	
   9.6799999999999995e-05	   2.1705600534200000e-03	
   9.7000000000000000e-05	   2.1711090333900000e-03	
   9.7199999999999991e-05	   2.1716580022500000e-03	
   9.7399999999999996e-05	   2.1722069561100001e-03	
   9.7600000000000014e-05	   2.1727558910700001e-03	
   9.7800000000000006e-05	   2.1733048032400002e-03	
   9.8000000000000010e-05	   2.1738536887300000e-03	
   9.8200000000000002e-05	   2.1744025436400000e-03	
   9.8400000000000007e-05	   2.1749513640600001e-03	
   9.8599999999999998e-05	   2.1755001461100003e-03	
   9.8800000000000003e-05	   2.1760488858899997e-03	
   9.9000000000000008e-05	   2.1765975794900000e-03	
   9.9199999999999999e-05	   2.1771462230299999e-03	
   9.9400000000000004e-05	   2.1776948125999999e-03	
   9.9599999999999995e-05	   2.1782283231100001e-03	
   9.9800000000000000e-05	   2.1787499187600002e-03	
   1.0000000000000000e-04	   2.1792714443000000e-03	
   1.0020000000000000e-04	   2.1797928958200001e-03	
   1.0040000000000000e-04	   2.1803142694500001e-03	
   1.0059999999999999e-04	   2.1808355612799998e-03	
   1.0080000000000000e-04	   2.1813567674299999e-03	
   1.0100000000000000e-04	   2.1818778840200000e-03	
   1.0120000000000001e-04	   2.1823989071400002e-03	
   1.0140000000000001e-04	   2.1829198329200001e-03	
   1.0160000000000000e-04	   2.1834406574699999e-03	
   1.0180000000000001e-04	   2.1839613769000002e-03	
   1.0200000000000000e-04	   2.1844819873199999e-03	
   1.0220000000000000e-04	   2.1850024848700002e-03	
   1.0240000000000001e-04	   2.1855228656500001e-03	
   1.0260000000000000e-04	   2.1860431257800001e-03	
   1.0280000000000001e-04	   2.1865632613899998e-03	
   1.0300000000000000e-04	   2.1870832685899999e-03	
   1.0320000000000000e-04	   2.1876031435199999e-03	
   1.0340000000000001e-04	   2.1881228823000002e-03	
   1.0360000000000000e-04	   2.1886213310099998e-03	
   1.0380000000000000e-04	   2.1891158993799999e-03	
   1.0399999999999999e-04	   2.1896103159499999e-03	
   1.0420000000000000e-04	   2.1901045768400003e-03	
   1.0440000000000000e-04	   2.1905986782000003e-03	
   1.0459999999999999e-04	   2.1910926161800002e-03	
   1.0480000000000001e-04	   2.1915863869200001e-03	
   1.0500000000000000e-04	   2.1920799865800000e-03	
   1.0520000000000001e-04	   2.1925734113100001e-03	
   1.0540000000000000e-04	   2.1930666572500001e-03	
   1.0560000000000001e-04	   2.1935597205700002e-03	
   1.0580000000000001e-04	   2.1940525974199999e-03	
   1.0600000000000000e-04	   2.1945452839800001e-03	
   1.0620000000000001e-04	   2.1950377764000002e-03	
   1.0640000000000000e-04	   2.1955300708499997e-03	
   1.0660000000000000e-04	   2.1960221635100000e-03	
   1.0680000000000001e-04	   2.1965140505399998e-03	
   1.0700000000000000e-04	   2.1970057281300000e-03	
   1.0720000000000000e-04	   2.1974971924600003e-03	
   1.0739999999999999e-04	   2.1979884397099999e-03	
   1.0760000000000000e-04	   2.1984724663500002e-03	
   1.0780000000000000e-04	   2.1989402074400004e-03	
   1.0800000000000000e-04	   2.1994077163700002e-03	
   1.0820000000000000e-04	   2.1998749893600003e-03	
   1.0839999999999999e-04	   2.2003420226100003e-03	
   1.0860000000000001e-04	   2.2008088123400002e-03	
   1.0880000000000000e-04	   2.2012753547699998e-03	
   1.0900000000000001e-04	   2.2017416461200001e-03	
   1.0920000000000001e-04	   2.2022076826200003e-03	
   1.0940000000000000e-04	   2.2026734604899999e-03	
   1.0960000000000001e-04	   2.2031389759700000e-03	
   1.0980000000000000e-04	   2.2036042253000001e-03	
   1.1000000000000000e-04	   2.2040692047200000e-03	
   1.1020000000000001e-04	   2.2045339104799998e-03	
   1.1040000000000000e-04	   2.2049983388299998e-03	
   1.1060000000000000e-04	   2.2054624860300001e-03	
   1.1080000000000000e-04	   2.2059263483399996e-03	
   1.1100000000000000e-04	   2.2063899220200003e-03	
   1.1119999999999999e-04	   2.2068532033500000e-03	
   1.1140000000000000e-04	   2.2073161886000002e-03	
   1.1160000000000000e-04	   2.2077788740400002e-03	
   1.1179999999999999e-04	   2.2082412559799999e-03	
   1.1200000000000000e-04	   2.2086840774000003e-03	
   1.1220000000000000e-04	   2.2091244532200000e-03	
   1.1240000000000001e-04	   2.2095645111700002e-03	
   1.1260000000000001e-04	   2.2100042475700003e-03	
   1.1280000000000000e-04	   2.2104436587500002e-03	
   1.1300000000000001e-04	   2.2108827410299999e-03	
   1.1320000000000000e-04	   2.2113214907599999e-03	
   1.1340000000000001e-04	   2.2117599042500002e-03	
   1.1360000000000001e-04	   2.2121979778699998e-03	
   1.1380000000000000e-04	   2.2126357079500000e-03	
   1.1400000000000001e-04	   2.2130730908599999e-03	
   1.1420000000000000e-04	   2.2135101229600000e-03	
   1.1440000000000000e-04	   2.2139468006200000e-03	
   1.1459999999999999e-04	   2.2143831202000000e-03	
   1.1480000000000000e-04	   2.2148190781000002e-03	
   1.1500000000000000e-04	   2.2152546706899999e-03	
   1.1519999999999999e-04	   2.2156898943700002e-03	
   1.1540000000000000e-04	   2.2161247455400003e-03	
   1.1559999999999999e-04	   2.2165592206100002e-03	
   1.1580000000000000e-04	   2.2169933159800000e-03	
   1.1600000000000001e-04	   2.2174270280700000e-03	
   1.1620000000000001e-04	   2.2178603533199999e-03	
   1.1640000000000001e-04	   2.2182809679600003e-03	
   1.1660000000000000e-04	   2.2186936615700001e-03	
   1.1680000000000001e-04	   2.2191059548199998e-03	
   1.1700000000000001e-04	   2.2195178441499997e-03	
   1.1720000000000000e-04	   2.2199293260499998e-03	
   1.1740000000000001e-04	   2.2203403969900002e-03	
   1.1760000000000000e-04	   2.2207510534599999e-03	
   1.1780000000000000e-04	   2.2211612919500003e-03	
   1.1800000000000000e-04	   2.2215711089600002e-03	
   1.1820000000000000e-04	   2.2219805009900001e-03	
   1.1840000000000000e-04	   2.2223894645700001e-03	
   1.1860000000000000e-04	   2.2227979962200000e-03	
   1.1880000000000000e-04	   2.2232060924599999e-03	
   1.1899999999999999e-04	   2.2236137498400001e-03	
   1.1920000000000000e-04	   2.2240209648899997e-03	
   1.1940000000000000e-04	   2.2244277341899998e-03	
   1.1960000000000001e-04	   2.2248340542700001e-03	
   1.1980000000000001e-04	   2.2252399217300000e-03	
   1.2000000000000000e-04	   2.2256453331200000e-03	
   1.2020000000000001e-04	   2.2260502850499999e-03	
   1.2040000000000000e-04	   2.2264547740900001e-03	
   1.2060000000000000e-04	   2.2268587968600003e-03	
   1.2080000000000001e-04	   2.2272623499700003e-03	
   1.2100000000000000e-04	   2.2276572181200000e-03	
   1.2120000000000001e-04	   2.2280413928000000e-03	
   1.2140000000000000e-04	   2.2284250852400000e-03	
   1.2160000000000000e-04	   2.2288082921100003e-03	
   1.2180000000000001e-04	   2.2291910100700001e-03	
   1.2200000000000000e-04	   2.2295732357800004e-03	
   1.2220000000000002e-04	   2.2299549659400004e-03	
   1.2239999999999999e-04	   2.2303361972400002e-03	
   1.2260000000000000e-04	   2.2307169263700000e-03	
   1.2280000000000000e-04	   2.2310971500500002e-03	
   1.2300000000000001e-04	   2.2314768650000000e-03	
   1.2320000000000001e-04	   2.2318560679399999e-03	
   1.2339999999999999e-04	   2.2322347556100000e-03	
   1.2360000000000000e-04	   2.2326129247600001e-03	
   1.2380000000000000e-04	   2.2329905721400001e-03	
   1.2400000000000001e-04	   2.2333676945299999e-03	
   1.2420000000000001e-04	   2.2337442886800002e-03	
   1.2439999999999999e-04	   2.2341203514000003e-03	
   1.2459999999999999e-04	   2.2344958794699998e-03	
   1.2480000000000000e-04	   2.2348708696900000e-03	
   1.2500000000000000e-04	   2.2352453188799999e-03	
   1.2520000000000001e-04	   2.2356192238600003e-03	
   1.2540000000000001e-04	   2.2359925814700002e-03	
   1.2559999999999999e-04	   2.2363653885399998e-03	
   1.2579999999999999e-04	   2.2367315583799998e-03	
   1.2600000000000000e-04	   2.2370861334900000e-03	
   1.2620000000000000e-04	   2.2374401465800001e-03	
   1.2640000000000001e-04	   2.2377935945500000e-03	
   1.2659999999999999e-04	   2.2381464743100000e-03	
   1.2679999999999999e-04	   2.2384987827699997e-03	
   1.2700000000000000e-04	   2.2388505168599998e-03	
   1.2720000000000000e-04	   2.2392016735300001e-03	
   1.2740000000000001e-04	   2.2395522497100002e-03	
   1.2759999999999998e-04	   2.2399022423700002e-03	
   1.2779999999999999e-04	   2.2402516484700003e-03	
   1.2799999999999999e-04	   2.2406004650000000e-03	
   1.2820000000000000e-04	   2.2409486889400001e-03	
   1.2839999999999998e-04	   2.2412963172999999e-03	
   1.2859999999999998e-04	   2.2416433471000000e-03	
   1.2880000000000001e-04	   2.2419897753399999e-03	
   1.2900000000000002e-04	   2.2423355990800003e-03	
   1.2920000000000002e-04	   2.2426808153500001e-03	
   1.2940000000000000e-04	   2.2430254212000003e-03	
   1.2960000000000001e-04	   2.2433694137199999e-03	
   1.2980000000000001e-04	   2.2437127899700001e-03	
   1.3000000000000002e-04	   2.2440555470499999e-03	
   1.3020000000000002e-04	   2.2443976820499998e-03	
   1.3040000000000000e-04	   2.2447391920999999e-03	
   1.3060000000000000e-04	   2.2450800743000002e-03	
   1.3080000000000001e-04	   2.2454150663500003e-03	
   1.3100000000000001e-04	   2.2457387699899999e-03	
   1.3120000000000002e-04	   2.2460618355299999e-03	
   1.3140000000000000e-04	   2.2463842601700003e-03	
   1.3160000000000000e-04	   2.2467060410900001e-03	
   1.3180000000000001e-04	   2.2470271754999999e-03	
   1.3200000000000001e-04	   2.2473476606300002e-03	
   1.3220000000000001e-04	   2.2476674936999998e-03	
   1.3239999999999999e-04	   2.2479866719700000e-03	
   1.3260000000000000e-04	   2.2483051926700001e-03	
   1.3280000000000000e-04	   2.2486230530900002e-03	
   1.3300000000000001e-04	   2.2489402505100000e-03	
   1.3320000000000001e-04	   2.2492567822099997e-03	
   1.3339999999999999e-04	   2.2495726454900000e-03	
   1.3359999999999999e-04	   2.2498878376899997e-03	
   1.3380000000000000e-04	   2.2502023561200000e-03	
   1.3400000000000000e-04	   2.2505161981200002e-03	
   1.3420000000000001e-04	   2.2508293610500000e-03	
   1.3439999999999999e-04	   2.2511418422900002e-03	
   1.3459999999999999e-04	   2.2514536391900000e-03	
   1.3480000000000000e-04	   2.2517647491599999e-03	
   1.3500000000000000e-04	   2.2520751696099997e-03	
   1.3519999999999998e-04	   2.2523848979399998e-03	
   1.3539999999999998e-04	   2.2526939315800003e-03	
   1.3559999999999999e-04	   2.2530022679900000e-03	
   1.3579999999999999e-04	   2.2533099046100000e-03	
   1.3600000000000003e-04	   2.2536116347200001e-03	
   1.3620000000000000e-04	   2.2539030660499999e-03	
   1.3640000000000001e-04	   2.2541937886899998e-03	
   1.3660000000000001e-04	   2.2544838001700000e-03	
   1.3680000000000002e-04	   2.2547730980199999e-03	
   1.3700000000000002e-04	   2.2550616797999998e-03	
   1.3720000000000000e-04	   2.2553495430499997e-03	
   1.3740000000000001e-04	   2.2556366853700000e-03	
   1.3760000000000001e-04	   2.2559231043299999e-03	
   1.3780000000000002e-04	   2.2562087975299999e-03	
   1.3800000000000002e-04	   2.2564937626000001e-03	
   1.3820000000000000e-04	   2.2567779971499999e-03	
   1.3840000000000000e-04	   2.2570614988300002e-03	
   1.3860000000000001e-04	   2.2573442653000000e-03	
   1.3880000000000001e-04	   2.2576262942199999e-03	
   1.3900000000000002e-04	   2.2579075832800002e-03	
   1.3920000000000000e-04	   2.2581881301700002e-03	
   1.3940000000000000e-04	   2.2584679325999999e-03	
   1.3960000000000001e-04	   2.2587469882900000e-03	
   1.3980000000000001e-04	   2.2590252949899999e-03	
   1.4000000000000001e-04	   2.2593028504400000e-03	
   1.4019999999999999e-04	   2.2595796524100000e-03	
   1.4040000000000000e-04	   2.2598556986800000e-03	
   1.4060000000000000e-04	   2.2601309870400000e-03	
   1.4080000000000001e-04	   2.2604055153000002e-03	
   1.4099999999999998e-04	   2.2606792812800000e-03	
   1.4119999999999999e-04	   2.2609522828200002e-03	
   1.4139999999999999e-04	   2.2612190192300000e-03	
   1.4160000000000000e-04	   2.2614767208600003e-03	
   1.4180000000000000e-04	   2.2617336506300001e-03	
   1.4199999999999998e-04	   2.2619898064700000e-03	
   1.4219999999999999e-04	   2.2622451862800001e-03	
   1.4239999999999999e-04	   2.2624997880199998e-03	
   1.4260000000000000e-04	   2.2627536096200000e-03	
   1.4280000000000000e-04	   2.2630066490500001e-03	
   1.4299999999999998e-04	   2.2632589042900003e-03	
   1.4319999999999998e-04	   2.2635103733399998e-03	
   1.4340000000000002e-04	   2.2637610542100002e-03	
   1.4360000000000002e-04	   2.2640109449100000e-03	
   1.4380000000000003e-04	   2.2642600434800001e-03	
   1.4400000000000000e-04	   2.2645083479900002e-03	
   1.4420000000000001e-04	   2.2647558564899998e-03	
   1.4440000000000001e-04	   2.2650025670699998e-03	
   1.4460000000000002e-04	   2.2652484778200002e-03	
   1.4480000000000002e-04	   2.2654935868599998e-03	
   1.4500000000000000e-04	   2.2657378923199999e-03	
   1.4520000000000001e-04	   2.2659813923400001e-03	
   1.4540000000000001e-04	   2.2662240850700004e-03	
   1.4560000000000002e-04	   2.2664659686800000e-03	
   1.4580000000000002e-04	   2.2667070413700001e-03	
   1.4600000000000000e-04	   2.2669473013400003e-03	
   1.4620000000000000e-04	   2.2671867468000003e-03	
   1.4640000000000001e-04	   2.2674253759799997e-03	
   1.4660000000000001e-04	   2.2676631871500000e-03	
   1.4680000000000002e-04	   2.2679001785500001e-03	
   1.4700000000000000e-04	   2.2681305289400000e-03	
   1.4720000000000000e-04	   2.2683530694799997e-03	
   1.4740000000000000e-04	   2.2685747844800003e-03	
   1.4760000000000001e-04	   2.2687956722599999e-03	
   1.4779999999999999e-04	   2.2690157311900001e-03	
   1.4799999999999999e-04	   2.2692349596299998e-03	
   1.4820000000000000e-04	   2.2694533559800001e-03	
   1.4840000000000000e-04	   2.2696709186200001e-03	
   1.4860000000000001e-04	   2.2698876459799999e-03	
   1.4879999999999998e-04	   2.2701035365000001e-03	
   1.4899999999999999e-04	   2.2703185886100001e-03	
   1.4919999999999999e-04	   2.2705328007800001e-03	
   1.4940000000000000e-04	   2.2707461715000001e-03	
   1.4960000000000000e-04	   2.2709586992499999e-03	
   1.4979999999999998e-04	   2.2711703825400000e-03	
   1.4999999999999999e-04	   2.2713812199099998e-03	
   1.5019999999999999e-04	   2.2715912099000000e-03	
   1.5040000000000000e-04	   2.2718003510600001e-03	
   1.5060000000000000e-04	   2.2720086419700000e-03	
   1.5079999999999998e-04	   2.2722160812299998e-03	
   1.5100000000000001e-04	   2.2724226674200000e-03	
   1.5120000000000002e-04	   2.2726283991799999e-03	
   1.5140000000000002e-04	   2.2728332751500002e-03	
   1.5160000000000003e-04	   2.2730372939800000e-03	
   1.5180000000000000e-04	   2.2732404543400002e-03	
   1.5200000000000001e-04	   2.2734427549200003e-03	
   1.5220000000000001e-04	   2.2736441944200001e-03	
   1.5240000000000002e-04	   2.2738447715499998e-03	
   1.5260000000000002e-04	   2.2740444850600002e-03	
   1.5280000000000000e-04	   2.2742374097200002e-03	
   1.5300000000000001e-04	   2.2744234759800000e-03	
   1.5320000000000001e-04	   2.2746086745599999e-03	
   1.5340000000000002e-04	   2.2747930042600001e-03	
   1.5359999999999999e-04	   2.2749764639199998e-03	
   1.5380000000000000e-04	   2.2751590523799998e-03	
   1.5400000000000000e-04	   2.2753407685100003e-03	
   1.5420000000000001e-04	   2.2755216111900001e-03	
   1.5440000000000001e-04	   2.2757015793100003e-03	
   1.5459999999999999e-04	   2.2758806717800002e-03	
   1.5480000000000000e-04	   2.2760588875300001e-03	
   1.5500000000000000e-04	   2.2762362255100001e-03	
   1.5520000000000000e-04	   2.2764126846699997e-03	
   1.5540000000000001e-04	   2.2765882639999998e-03	
   1.5559999999999999e-04	   2.2767629624999997e-03	
   1.5579999999999999e-04	   2.2769367791600002e-03	
   1.5600000000000000e-04	   2.2771097130200001e-03	
   1.5620000000000000e-04	   2.2772817631300001e-03	
   1.5640000000000001e-04	   2.2774529285300000e-03	
   1.5659999999999998e-04	   2.2776232083200000e-03	
   1.5679999999999999e-04	   2.2777926015899999e-03	
   1.5699999999999999e-04	   2.2779611074399998e-03	
   1.5720000000000000e-04	   2.2781287250100003e-03	
   1.5740000000000000e-04	   2.2782954534400000e-03	
   1.5759999999999998e-04	   2.2784612918800001e-03	
   1.5779999999999999e-04	   2.2786262395299997e-03	
   1.5799999999999999e-04	   2.2787902955599998e-03	
   1.5820000000000002e-04	   2.2789534591999999e-03	
   1.5840000000000003e-04	   2.2791157296800000e-03	
   1.5860000000000001e-04	   2.2792771062299997e-03	
   1.5880000000000001e-04	   2.2794319533100001e-03	
   1.5900000000000002e-04	   2.2795804509300002e-03	
   1.5920000000000002e-04	   2.2797280523899999e-03	
   1.5940000000000000e-04	   2.2798747570100001e-03	
   1.5960000000000000e-04	   2.2800205641400001e-03	
   1.5980000000000001e-04	   2.2801654731299998e-03	
   1.6000000000000001e-04	   2.2803094833599999e-03	
   1.6020000000000002e-04	   2.2804525942299999e-03	
   1.6040000000000000e-04	   2.2805948051399997e-03	
   1.6060000000000000e-04	   2.2807361155200000e-03	
   1.6080000000000001e-04	   2.2808765248300000e-03	
   1.6100000000000001e-04	   2.2810160325100002e-03	
   1.6120000000000002e-04	   2.2811546380399998e-03	
   1.6139999999999999e-04	   2.2812923409299998e-03	
   1.6160000000000000e-04	   2.2814291406899998e-03	
   1.6180000000000000e-04	   2.2815650368400000e-03	
   1.6200000000000001e-04	   2.2817000289300001e-03	
   1.6220000000000001e-04	   2.2818341165300000e-03	
   1.6239999999999999e-04	   2.2819672992100003e-03	
   1.6259999999999999e-04	   2.2820995765800000e-03	
   1.6280000000000000e-04	   2.2822309482499999e-03	
   1.6300000000000000e-04	   2.2823614138500000e-03	
   1.6320000000000001e-04	   2.2824909730299998e-03	
   1.6339999999999999e-04	   2.2826196254600003e-03	
   1.6359999999999999e-04	   2.2827473708200000e-03	
   1.6380000000000000e-04	   2.2828742088200002e-03	
   1.6400000000000000e-04	   2.2830001391599998e-03	
   1.6420000000000001e-04	   2.2831251615900001e-03	
   1.6439999999999998e-04	   2.2832492758600000e-03	
   1.6459999999999999e-04	   2.2833724817400000e-03	
   1.6479999999999999e-04	   2.2834947790100002e-03	
   1.6500000000000000e-04	   2.2836113378500002e-03	
   1.6520000000000000e-04	   2.2837214985699998e-03	
   1.6539999999999998e-04	   2.2838307503300001e-03	
   1.6560000000000001e-04	   2.2839390930000001e-03	
   1.6580000000000002e-04	   2.2840465264700001e-03	
   1.6600000000000002e-04	   2.2841530506200001e-03	
   1.6620000000000000e-04	   2.2842586653999998e-03	
   1.6640000000000001e-04	   2.2843633707299998e-03	
   1.6660000000000001e-04	   2.2844671665599998e-03	
   1.6680000000000002e-04	   2.2845700528700001e-03	
   1.6700000000000002e-04	   2.2846720296399998e-03	
   1.6720000000000000e-04	   2.2847730968899999e-03	
   1.6740000000000000e-04	   2.2848732546399998e-03	
   1.6760000000000001e-04	   2.2849725029100002e-03	
   1.6780000000000001e-04	   2.2850708417900003e-03	
   1.6800000000000002e-04	   2.2851682713299999e-03	
   1.6820000000000000e-04	   2.2852647916299998e-03	
   1.6840000000000000e-04	   2.2853604028000001e-03	
   1.6860000000000001e-04	   2.2854551049599999e-03	
   1.6880000000000001e-04	   2.2855488982700001e-03	
   1.6900000000000002e-04	   2.2856417828800001e-03	
   1.6919999999999999e-04	   2.2857337589600002e-03	
   1.6940000000000000e-04	   2.2858248267300001e-03	
   1.6960000000000000e-04	   2.2859149863799998e-03	
   1.6980000000000001e-04	   2.2860042381500001e-03	
   1.7000000000000001e-04	   2.2860925822799998e-03	
   1.7019999999999999e-04	   2.2861800190500004e-03	
   1.7039999999999999e-04	   2.2862665487300001e-03	
   1.7060000000000000e-04	   2.2863521716200001e-03	
   1.7080000000000000e-04	   2.2864368880399998e-03	
   1.7100000000000001e-04	   2.2865206983200001e-03	
   1.7119999999999999e-04	   2.2866036028100002e-03	
   1.7139999999999999e-04	   2.2866821705499999e-03	
   1.7160000000000000e-04	   2.2867536633699999e-03	
   1.7180000000000000e-04	   2.2868242519600004e-03	
   1.7199999999999998e-04	   2.2868939367700000e-03	
   1.7219999999999998e-04	   2.2869627182400000e-03	
   1.7239999999999999e-04	   2.2870305968300001e-03	
   1.7259999999999999e-04	   2.2870975730300003e-03	
   1.7280000000000003e-04	   2.2871636473399998e-03	
   1.7300000000000000e-04	   2.2872288202700000e-03	
   1.7320000000000001e-04	   2.2872930923700002e-03	
   1.7340000000000001e-04	   2.2873564641700001e-03	
   1.7360000000000002e-04	   2.2874189362599999e-03	
   1.7380000000000002e-04	   2.2874805092000000e-03	
   1.7400000000000000e-04	   2.2875411836200000e-03	
   1.7420000000000001e-04	   2.2876009601199999e-03	
   1.7440000000000001e-04	   2.2876598393499997e-03	
   1.7460000000000002e-04	   2.2877178219599999e-03	
   1.7480000000000002e-04	   2.2877749086199998e-03	
   1.7500000000000000e-04	   2.2878311000100000e-03	
   1.7520000000000000e-04	   2.2878863968499997e-03	
   1.7540000000000001e-04	   2.2879407998500001e-03	
   1.7560000000000001e-04	   2.2879943097700002e-03	
   1.7580000000000002e-04	   2.2880469273400001e-03	
   1.7600000000000000e-04	   2.2880986533500001e-03	
   1.7620000000000000e-04	   2.2881494885800000e-03	
   1.7640000000000001e-04	   2.2881994338500001e-03	
   1.7660000000000001e-04	   2.2882484899799998e-03	
   1.7680000000000001e-04	   2.2882966578100000e-03	
   1.7699999999999999e-04	   2.2883439382000003e-03	
   1.7720000000000000e-04	   2.2883903320200000e-03	
   1.7740000000000000e-04	   2.2884358401700001e-03	
   1.7760000000000001e-04	   2.2884804635499999e-03	
   1.7780000000000001e-04	   2.2885242031000000e-03	
   1.7799999999999999e-04	   2.2885656597500001e-03	
   1.7819999999999999e-04	   2.2885987023700000e-03	
   1.7840000000000000e-04	   2.2886308646400001e-03	
   1.7860000000000000e-04	   2.2886621475700004e-03	
   1.7879999999999998e-04	   2.2886925521700000e-03	
   1.7899999999999999e-04	   2.2887220794999999e-03	
   1.7919999999999999e-04	   2.2887507305899999e-03	
   1.7940000000000000e-04	   2.2887785065299998e-03	
   1.7960000000000000e-04	   2.2888054084000001e-03	
   1.7979999999999998e-04	   2.2888314372999999e-03	
   1.7999999999999998e-04	   2.2888565943599997e-03	
   1.8020000000000002e-04	   2.2888808807099998e-03	
   1.8040000000000002e-04	   2.2889042975099997e-03	
   1.8060000000000003e-04	   2.2889268459299998e-03	
   1.8080000000000000e-04	   2.2889485271500002e-03	
   1.8100000000000001e-04	   2.2889693423900001e-03	
   1.8120000000000001e-04	   2.2889892928700003e-03	
   1.8140000000000002e-04	   2.2890083798099998e-03	
   1.8160000000000002e-04	   2.2890266044900002e-03	
   1.8180000000000000e-04	   2.2890439681500000e-03	
   1.8200000000000001e-04	   2.2890604721100003e-03	
   1.8220000000000001e-04	   2.2890761176500001e-03	
   1.8240000000000002e-04	   2.2890909060900005e-03	
   1.8260000000000002e-04	   2.2891048387900003e-03	
   1.8280000000000000e-04	   2.2891179170799998e-03	
   1.8300000000000000e-04	   2.2891301423399999e-03	
   1.8320000000000001e-04	   2.2891415159499999e-03	
   1.8340000000000001e-04	   2.2891520393200004e-03	
   1.8360000000000002e-04	   2.2891617138700001e-03	
   1.8380000000000000e-04	   2.2891705410199997e-03	
   1.8400000000000000e-04	   2.2891785222399997e-03	
   1.8420000000000001e-04	   2.2891856589800003e-03	
   1.8440000000000001e-04	   2.2891919527400001e-03	
   1.8459999999999999e-04	   2.2891974050100001e-03	
   1.8479999999999999e-04	   2.2892020173100000e-03	
   1.8500000000000000e-04	   2.2891987572400000e-03	
   1.8520000000000000e-04	   2.2891933872700001e-03	
   1.8540000000000001e-04	   2.2891871827600001e-03	
   1.8559999999999998e-04	   2.2891801452999999e-03	
   1.8579999999999999e-04	   2.2891722764999999e-03	
   1.8599999999999999e-04	   2.2891635779800001e-03	
   1.8620000000000000e-04	   2.2891540513800004e-03	
   1.8640000000000000e-04	   2.2891436983400004e-03	
   1.8659999999999998e-04	   2.2891325205400001e-03	
   1.8679999999999999e-04	   2.2891205196700001e-03	
   1.8699999999999999e-04	   2.2891076974200001e-03	
   1.8720000000000000e-04	   2.2890940555100000e-03	
   1.8740000000000000e-04	   2.2890795956800000e-03	
   1.8760000000000001e-04	   2.2890643196700000e-03	
   1.8780000000000001e-04	   2.2890482292399999e-03	
   1.8800000000000002e-04	   2.2890313261899999e-03	
   1.8820000000000002e-04	   2.2890136122999997e-03	
   1.8840000000000003e-04	   2.2889950893800002e-03	
   1.8860000000000000e-04	   2.2889757592599999e-03	
   1.8880000000000001e-04	   2.2889556237900002e-03	
   1.8900000000000001e-04	   2.2889346848200000e-03	
   1.8920000000000002e-04	   2.2889129442299999e-03	
   1.8940000000000002e-04	   2.2888904038999998e-03	
   1.8960000000000000e-04	   2.2888670657300000e-03	
   1.8980000000000001e-04	   2.2888429316600001e-03	
   1.9000000000000001e-04	   2.2888180036100001e-03	
   1.9020000000000002e-04	   2.2887922835400001e-03	
   1.9040000000000002e-04	   2.2887657734000002e-03	
   1.9060000000000000e-04	   2.2887384751900004e-03	
   1.9080000000000000e-04	   2.2887103909000001e-03	
   1.9100000000000001e-04	   2.2886815225400003e-03	
   1.9120000000000001e-04	   2.2886518721300002e-03	
   1.9139999999999999e-04	   2.2886214417200002e-03	
   1.9160000000000000e-04	   2.2885902333700000e-03	
   1.9180000000000000e-04	   2.2885582491499997e-03	
   1.9200000000000000e-04	   2.2885223411500000e-03	
   1.9220000000000001e-04	   2.2884810875600002e-03	
   1.9239999999999999e-04	   2.2884390653299998e-03	
   1.9259999999999999e-04	   2.2883962765899999e-03	
   1.9280000000000000e-04	   2.2883527234999999e-03	
   1.9300000000000000e-04	   2.2883084082299999e-03	
   1.9320000000000001e-04	   2.2882633329700001e-03	
   1.9339999999999998e-04	   2.2882174999000002e-03	
   1.9359999999999999e-04	   2.2881709112499999e-03	
   1.9379999999999999e-04	   2.2881235692400002e-03	
   1.9400000000000000e-04	   2.2880754761199999e-03	
   1.9420000000000000e-04	   2.2880266341399999e-03	
   1.9439999999999998e-04	   2.2879770455799999e-03	
   1.9459999999999999e-04	   2.2879267127200002e-03	
   1.9479999999999999e-04	   2.2878756378600000e-03	
   1.9500000000000002e-04	   2.2878238233200003e-03	
   1.9520000000000003e-04	   2.2877712714300001e-03	
   1.9540000000000001e-04	   2.2877179845400002e-03	
   1.9560000000000001e-04	   2.2876639650000002e-03	
   1.9580000000000002e-04	   2.2876092151800000e-03	
   1.9600000000000002e-04	   2.2875537374700003e-03	
   1.9620000000000003e-04	   2.2874975342799999e-03	
   1.9640000000000000e-04	   2.2874406080099999e-03	
   1.9660000000000001e-04	   2.2873829611000001e-03	
   1.9680000000000001e-04	   2.2873245959899998e-03	
   1.9700000000000002e-04	   2.2872655151400002e-03	
   1.9720000000000000e-04	   2.2872057210199998e-03	
   1.9740000000000000e-04	   2.2871452161100001e-03	
   1.9760000000000001e-04	   2.2870840029200002e-03	
   1.9780000000000001e-04	   2.2870220839600001e-03	
   1.9800000000000002e-04	   2.2869594617500001e-03	
   1.9819999999999999e-04	   2.2868961388300001e-03	
   1.9840000000000000e-04	   2.2868321177600000e-03	
   1.9860000000000000e-04	   2.2867674011100001e-03	
   1.9880000000000001e-04	   2.2867019914600004e-03	
   1.9900000000000001e-04	   2.2866358914000002e-03	
   1.9919999999999999e-04	   2.2865691035500002e-03	
   1.9940000000000000e-04	   2.2864957388699998e-03	
   1.9960000000000000e-04	   2.2864204048299998e-03	
   1.9980000000000000e-04	   2.2863443919100002e-03	
   2.0000000000000001e-04	   2.2862677027999999e-03	
   2.0019999999999999e-04	   2.2861903401600000e-03	
   2.0039999999999999e-04	   2.2861123067000003e-03	
   2.0060000000000000e-04	   2.2860336051300002e-03	
   2.0080000000000000e-04	   2.2859542381600002e-03	
   2.0100000000000001e-04	   2.2858742085400002e-03	
   2.0119999999999998e-04	   2.2857935190000000e-03	
   2.0139999999999999e-04	   2.2857121722999999e-03	
   2.0159999999999999e-04	   2.2856301712299997e-03	
   2.0180000000000000e-04	   2.2855475185600002e-03	
   2.0200000000000000e-04	   2.2854642170999999e-03	
   2.0219999999999998e-04	   2.2853802696500003e-03	
   2.0240000000000001e-04	   2.2852956790399997e-03	
   2.0260000000000002e-04	   2.2852104481099998e-03	
   2.0280000000000002e-04	   2.2851245797100004e-03	
   2.0300000000000003e-04	   2.2850380766899999e-03	
   2.0320000000000001e-04	   2.2849509419400000e-03	
   2.0340000000000001e-04	   2.2848631783400001e-03	
   2.0360000000000002e-04	   2.2847747887900002e-03	
   2.0380000000000002e-04	   2.2846857761999999e-03	
   2.0400000000000000e-04	   2.2845961434900001e-03	
   2.0420000000000000e-04	   2.2845058936099998e-03	
   2.0440000000000001e-04	   2.2844150294900000e-03	
   2.0460000000000001e-04	   2.2843235541100001e-03	
   2.0480000000000002e-04	   2.2842314704299999e-03	
   2.0500000000000000e-04	   2.2841387814299999e-03	
   2.0520000000000000e-04	   2.2840454901199999e-03	
   2.0540000000000001e-04	   2.2839515995100000e-03	
   2.0560000000000001e-04	   2.2838571125999999e-03	
   2.0580000000000002e-04	   2.2837620324500001e-03	
   2.0599999999999999e-04	   2.2836663620799998e-03	
   2.0620000000000000e-04	   2.2835701045599999e-03	
   2.0640000000000000e-04	   2.2834732629499997e-03	
   2.0660000000000001e-04	   2.2833758403300003e-03	
   2.0680000000000001e-04	   2.2832774010400000e-03	
   2.0699999999999999e-04	   2.2831721556100001e-03	
   2.0719999999999999e-04	   2.2830663395700000e-03	
   2.0740000000000000e-04	   2.2829599560300002e-03	
   2.0760000000000000e-04	   2.2828530081500003e-03	
   2.0780000000000001e-04	   2.2827454990799996e-03	
   2.0799999999999999e-04	   2.2826374319800001e-03	
   2.0819999999999999e-04	   2.2825288100200001e-03	
   2.0840000000000000e-04	   2.2824196363899997e-03	
   2.0860000000000000e-04	   2.2823099142800000e-03	
   2.0880000000000001e-04	   2.2821996469100003e-03	
   2.0899999999999998e-04	   2.2820888374899999e-03	
   2.0919999999999999e-04	   2.2819774892500000e-03	
   2.0939999999999999e-04	   2.2818656054400003e-03	
   2.0960000000000003e-04	   2.2817531892999998e-03	
   2.0980000000000000e-04	   2.2816402440900001e-03	
   2.1000000000000001e-04	   2.2815267730800001e-03	
   2.1020000000000001e-04	   2.2814127795700002e-03	
   2.1040000000000002e-04	   2.2812982668300001e-03	
   2.1060000000000002e-04	   2.2811832381900003e-03	
   2.1080000000000000e-04	   2.2810676969400000e-03	
   2.1100000000000001e-04	   2.2809516464100000e-03	
   2.1120000000000001e-04	   2.2808350899400000e-03	
   2.1140000000000002e-04	   2.2807180308700003e-03	
   2.1160000000000002e-04	   2.2806004725600001e-03	
   2.1180000000000000e-04	   2.2804824183800003e-03	
   2.1200000000000000e-04	   2.2803638716900002e-03	
   2.1220000000000001e-04	   2.2802448358700002e-03	
   2.1240000000000001e-04	   2.2801253143400002e-03	
   2.1260000000000002e-04	   2.2800053104899999e-03	
   2.1280000000000000e-04	   2.2798848277300002e-03	
   2.1300000000000000e-04	   2.2797638694799999e-03	
   2.1320000000000001e-04	   2.2796424391999998e-03	
   2.1340000000000001e-04	   2.2795205403000002e-03	
   2.1360000000000001e-04	   2.2793981762500000e-03	
   2.1379999999999999e-04	   2.2792753505200001e-03	
   2.1400000000000000e-04	   2.2791520665600001e-03	
   2.1420000000000000e-04	   2.2790283278700000e-03	
   2.1440000000000001e-04	   2.2789041379200001e-03	
   2.1460000000000001e-04	   2.2787787333399998e-03	
   2.1479999999999999e-04	   2.2786474570100001e-03	
   2.1499999999999999e-04	   2.2785157410700001e-03	
   2.1520000000000000e-04	   2.2783835890400001e-03	
   2.1540000000000000e-04	   2.2782510044799999e-03	
   2.1560000000000001e-04	   2.2781179909300000e-03	
   2.1579999999999999e-04	   2.2779845519400000e-03	
   2.1599999999999999e-04	   2.2778506910799998e-03	
   2.1620000000000000e-04	   2.2777164119200002e-03	
   2.1640000000000000e-04	   2.2775817180500000e-03	
   2.1659999999999998e-04	   2.2774466130600001e-03	
   2.1679999999999998e-04	   2.2773111005400001e-03	
   2.1700000000000002e-04	   2.2771751841100000e-03	
   2.1720000000000002e-04	   2.2770388673699999e-03	
   2.1740000000000003e-04	   2.2769021539600000e-03	
   2.1760000000000000e-04	   2.2767650475100003e-03	
   2.1780000000000001e-04	   2.2766275516499998e-03	
   2.1800000000000001e-04	   2.2764896700400001e-03	
   2.1820000000000002e-04	   2.2763514063400001e-03	
   2.1840000000000002e-04	   2.2762127641999998e-03	
   2.1860000000000000e-04	   2.2760737473000001e-03	
   2.1880000000000001e-04	   2.2759343593300001e-03	
   2.1900000000000001e-04	   2.2757946039600003e-03	
   2.1920000000000002e-04	   2.2756544848899999e-03	
   2.1940000000000002e-04	   2.2755140058400001e-03	
   2.1960000000000000e-04	   2.2753731705000002e-03	
   2.1980000000000000e-04	   2.2752319826000000e-03	
   2.2000000000000001e-04	   2.2750904458700002e-03	
   2.2020000000000001e-04	   2.2749485640299999e-03	
   2.2040000000000002e-04	   2.2748063408200001e-03	
   2.2060000000000000e-04	   2.2746637800000000e-03	
   2.2080000000000000e-04	   2.2745208853200000e-03	
   2.2100000000000001e-04	   2.2743776605400000e-03	
   2.2120000000000001e-04	   2.2742341094300002e-03	
   2.2140000000000001e-04	   2.2740902357700002e-03	
   2.2159999999999999e-04	   2.2739460433300000e-03	
   2.2180000000000000e-04	   2.2738015359100002e-03	
   2.2200000000000000e-04	   2.2736567173000004e-03	
   2.2220000000000001e-04	   2.2735115913100003e-03	
   2.2239999999999998e-04	   2.2733661617400001e-03	
   2.2259999999999999e-04	   2.2732204324200003e-03	
   2.2279999999999999e-04	   2.2730687989700000e-03	
   2.2300000000000000e-04	   2.2729167321900003e-03	
   2.2320000000000000e-04	   2.2727643782500004e-03	
   2.2339999999999998e-04	   2.2726117409900002e-03	
   2.2359999999999999e-04	   2.2724588242600003e-03	
   2.2379999999999999e-04	   2.2723056319200003e-03	
   2.2400000000000000e-04	   2.2721521678200000e-03	
   2.2420000000000003e-04	   2.2719984358400003e-03	
   2.2440000000000001e-04	   2.2718444398500000e-03	
   2.2460000000000001e-04	   2.2716901837300002e-03	
   2.2480000000000002e-04	   2.2715356713600000e-03	
   2.2500000000000002e-04	   2.2713809066300002e-03	
   2.2520000000000003e-04	   2.2712258934399999e-03	
   2.2540000000000000e-04	   2.2710706356900002e-03	
   2.2560000000000001e-04	   2.2709151372899998e-03	
   2.2580000000000001e-04	   2.2707594021399999e-03	
   2.2600000000000002e-04	   2.2706034341800001e-03	
   2.2620000000000002e-04	   2.2704472373099999e-03	
   2.2640000000000000e-04	   2.2702908154700000e-03	
   2.2660000000000001e-04	   2.2701341725800002e-03	
   2.2680000000000001e-04	   2.2699773126000000e-03	
   2.2700000000000002e-04	   2.2698202394600001e-03	
   2.2720000000000002e-04	   2.2696629570999999e-03	
   2.2740000000000000e-04	   2.2695054694900000e-03	
   2.2760000000000000e-04	   2.2693477805699998e-03	
   2.2780000000000001e-04	   2.2691898943200000e-03	
   2.2800000000000001e-04	   2.2690318146899998e-03	
   2.2819999999999999e-04	   2.2688735456600001e-03	
   2.2840000000000000e-04	   2.2687150912000000e-03	
   2.2860000000000000e-04	   2.2685564552900003e-03	
   2.2880000000000000e-04	   2.2683976419199999e-03	
   2.2900000000000001e-04	   2.2682386550800003e-03	
   2.2919999999999999e-04	   2.2680794987500002e-03	
   2.2939999999999999e-04	   2.2679201769300003e-03	
   2.2960000000000000e-04	   2.2677606936300000e-03	
   2.2980000000000000e-04	   2.2676010528500001e-03	
   2.3000000000000001e-04	   2.2674412585999997e-03	
   2.3019999999999998e-04	   2.2672813148800000e-03	
   2.3039999999999999e-04	   2.2671212257200000e-03	
   2.3059999999999999e-04	   2.2669609951299998e-03	
   2.3080000000000000e-04	   2.2668006271300001e-03	
   2.3100000000000000e-04	   2.2666369200399997e-03	
   2.3119999999999998e-04	   2.2664709537199997e-03	
   2.3139999999999999e-04	   2.2663048631599999e-03	
   2.3159999999999999e-04	   2.2661386523999999e-03	
   2.3180000000000002e-04	   2.2659723254700001e-03	
   2.3200000000000003e-04	   2.2658058864200000e-03	
   2.3220000000000001e-04	   2.2656393392999998e-03	
   2.3240000000000001e-04	   2.2654726881500002e-03	
   2.3260000000000002e-04	   2.2653059370300000e-03	
   2.3280000000000002e-04	   2.2651390899900000e-03	
   2.3300000000000003e-04	   2.2649721510900000e-03	
   2.3320000000000000e-04	   2.2648051243900000e-03	
   2.3340000000000001e-04	   2.2646380139499998e-03	
   2.3360000000000001e-04	   2.2644708238399999e-03	
   2.3380000000000002e-04	   2.2643035581199999e-03	
   2.3400000000000002e-04	   2.2641362208800004e-03	
   2.3420000000000000e-04	   2.2639688161700000e-03	
   2.3440000000000001e-04	   2.2638013480700001e-03	
   2.3460000000000001e-04	   2.2636338206700000e-03	
   2.3480000000000002e-04	   2.2634662380299998e-03	
   2.3499999999999999e-04	   2.2632986042500003e-03	
   2.3520000000000000e-04	   2.2631309233899998e-03	
   2.3540000000000000e-04	   2.2629631995600002e-03	
   2.3560000000000001e-04	   2.2627954368200000e-03	
   2.3580000000000001e-04	   2.2626276392800002e-03	
   2.3599999999999999e-04	   2.2624598110199999e-03	
   2.3620000000000000e-04	   2.2622919561299999e-03	
   2.3640000000000000e-04	   2.2621240787099998e-03	
   2.3660000000000000e-04	   2.2619561828399999e-03	
   2.3680000000000001e-04	   2.2617882726300000e-03	
   2.3699999999999999e-04	   2.2616203521600002e-03	
   2.3719999999999999e-04	   2.2614524255499999e-03	
   2.3740000000000000e-04	   2.2612844968799999e-03	
   2.3760000000000000e-04	   2.2611165702500001e-03	
   2.3780000000000001e-04	   2.2609486497800002e-03	
   2.3799999999999998e-04	   2.2607807395499998e-03	
   2.3819999999999999e-04	   2.2606128436700001e-03	
   2.3839999999999999e-04	   2.2604449662500001e-03	
   2.3860000000000000e-04	   2.2602771113800000e-03	
   2.3880000000000000e-04	   2.2601092831800000e-03	
   2.3899999999999998e-04	   2.2599414857400004e-03	
   2.3920000000000001e-04	   2.2597737231700001e-03	
   2.3940000000000002e-04	   2.2596059995800004e-03	
   2.3960000000000002e-04	   2.2594334639999998e-03	
   2.3980000000000003e-04	   2.2592608814399999e-03	
   2.4000000000000001e-04	   2.2590883511900001e-03	
   2.4020000000000001e-04	   2.2589158773300001e-03	
   2.4040000000000002e-04	   2.2587434639900002e-03	
   2.4060000000000002e-04	   2.2585711152500001e-03	
   2.4080000000000000e-04	   2.2583988352400000e-03	
   2.4100000000000000e-04	   2.2582266280499999e-03	
   2.4120000000000001e-04	   2.2580544977900000e-03	
   2.4140000000000001e-04	   2.2578824485600005e-03	
   2.4160000000000002e-04	   2.2577104844700002e-03	
   2.4180000000000000e-04	   2.2575386096100000e-03	
   2.4200000000000000e-04	   2.2573668280999998e-03	
   2.4220000000000001e-04	   2.2571951440300002e-03	
   2.4240000000000001e-04	   2.2570235615000001e-03	
   2.4260000000000002e-04	   2.2568520846200004e-03	
   2.4279999999999999e-04	   2.2566807174700001e-03	
   2.4300000000000000e-04	   2.2565094641700000e-03	
   2.4320000000000000e-04	   2.2563383288100002e-03	
   2.4340000000000001e-04	   2.2561673154699998e-03	
   2.4360000000000001e-04	   2.2559964282600001e-03	
   2.4379999999999999e-04	   2.2558256712700005e-03	
   2.4399999999999999e-04	   2.2556550486000000e-03	
   2.4420000000000003e-04	   2.2554845643200003e-03	
   2.4440000000000003e-04	   2.2553142225300001e-03	
   2.4460000000000004e-04	   2.2551440273100003e-03	
   2.4479999999999999e-04	   2.2549739827600001e-03	
   2.4499999999999999e-04	   2.2548040929500001e-03	
   2.4520000000000000e-04	   2.2546343619700001e-03	
   2.4540000000000000e-04	   2.2544647938900000e-03	
   2.4560000000000001e-04	   2.2542953927900001e-03	
   2.4580000000000001e-04	   2.2541261627500001e-03	
   2.4600000000000002e-04	   2.2539571078400000e-03	
   2.4620000000000002e-04	   2.2537882321299997e-03	
   2.4640000000000003e-04	   2.2536195397000001e-03	
   2.4660000000000003e-04	   2.2534510346000000e-03	
   2.4679999999999998e-04	   2.2532827209000004e-03	
   2.4699999999999999e-04	   2.2531146026600001e-03	
   2.4719999999999999e-04	   2.2529466839399997e-03	
   2.4740000000000000e-04	   2.2527789687999998e-03	
   2.4760000000000000e-04	   2.2526114612900000e-03	
   2.4780000000000001e-04	   2.2524441654600000e-03	
   2.4800000000000001e-04	   2.2522770853599999e-03	
   2.4820000000000002e-04	   2.2521097843100002e-03	
   2.4840000000000002e-04	   2.2519385568999998e-03	
   2.4859999999999997e-04	   2.2517675582400002e-03	
   2.4879999999999998e-04	   2.2515967923800000e-03	
   2.4899999999999998e-04	   2.2514262633399999e-03	
   2.4919999999999999e-04	   2.2512559751500000e-03	
   2.4939999999999999e-04	   2.2510859318300002e-03	
   2.4960000000000000e-04	   2.2509161374100000e-03	
   2.4980000000000000e-04	   2.2507465959000000e-03	
   2.5000000000000001e-04	   2.2505773113199999e-03	
   2.5020000000000001e-04	   2.2504082876600002e-03	
   2.5040000000000001e-04	   2.2502395289499999e-03	
   2.5060000000000002e-04	   2.2500710391699999e-03	
   2.5080000000000002e-04	   2.2499028223300003e-03	
   2.5100000000000003e-04	   2.2497348824200001e-03	
   2.5119999999999998e-04	   2.2495672234300003e-03	
   2.5140000000000004e-04	   2.2493998493400003e-03	
   2.5159999999999999e-04	   2.2492327641399999e-03	
   2.5180000000000005e-04	   2.2490659718000000e-03	
   2.5200000000000000e-04	   2.2488994762900000e-03	
   2.5220000000000000e-04	   2.2487332815899997e-03	
   2.5240000000000001e-04	   2.2485673916500001e-03	
   2.5260000000000001e-04	   2.2484018104299997e-03	
   2.5280000000000002e-04	   2.2482365418799999e-03	
   2.5300000000000002e-04	   2.2480715899699999e-03	
   2.5319999999999997e-04	   2.2479069586199998e-03	
   2.5340000000000003e-04	   2.2477426517799998e-03	
   2.5359999999999998e-04	   2.2475786733800003e-03	
   2.5380000000000004e-04	   2.2474150273600001e-03	
   2.5399999999999999e-04	   2.2472517176300002e-03	
   2.5420000000000000e-04	   2.2470887481199999e-03	
   2.5440000000000000e-04	   2.2469261227400002e-03	
   2.5460000000000001e-04	   2.2467638453899999e-03	
   2.5480000000000001e-04	   2.2466019199900000e-03	
   2.5500000000000002e-04	   2.2464403504200000e-03	
   2.5519999999999997e-04	   2.2462791405800002e-03	
   2.5540000000000003e-04	   2.2461182943600000e-03	
   2.5559999999999998e-04	   2.2459578156300004e-03	
   2.5580000000000004e-04	   2.2457977082800001e-03	
   2.5599999999999999e-04	   2.2456379761699998e-03	
   2.5619999999999999e-04	   2.2454786231600001e-03	
   2.5640000000000000e-04	   2.2453196531100001e-03	
   2.5660000000000000e-04	   2.2451610698699998e-03	
   2.5679999999999995e-04	   2.2450028772900000e-03	
   2.5700000000000001e-04	   2.2448450791999999e-03	
   2.5719999999999996e-04	   2.2446876794500002e-03	
   2.5740000000000002e-04	   2.2445267357100000e-03	
   2.5760000000000003e-04	   2.2443658875999999e-03	
   2.5779999999999998e-04	   2.2442054500600001e-03	
   2.5800000000000004e-04	   2.2440454268900000e-03	
   2.5819999999999999e-04	   2.2438858219100003e-03	
   2.5840000000000005e-04	   2.2437266388900001e-03	
   2.5860000000000000e-04	   2.2435678816200002e-03	
   2.5880000000000000e-04	   2.2434095538800001e-03	
   2.5900000000000001e-04	   2.2432516594399999e-03	
   2.5920000000000001e-04	   2.2430942020600000e-03	
   2.5940000000000002e-04	   2.2429371855000003e-03	
   2.5960000000000002e-04	   2.2427806135100000e-03	
   2.5979999999999997e-04	   2.2426244898400001e-03	
   2.6000000000000003e-04	   2.2424688182099998e-03	
   2.6019999999999998e-04	   2.2423136023499999e-03	
   2.6040000000000004e-04	   2.2421588459800002e-03	
   2.6059999999999999e-04	   2.2420045528300002e-03	
   2.6080000000000000e-04	   2.2418507265800003e-03	
   2.6100000000000000e-04	   2.2416973709499998e-03	
   2.6120000000000001e-04	   2.2415444896099999e-03	
   2.6140000000000001e-04	   2.2413920862600000e-03	
   2.6160000000000002e-04	   2.2412401645600004e-03	
   2.6179999999999997e-04	   2.2410887281900001e-03	
   2.6200000000000003e-04	   2.2409377807999999e-03	
   2.6219999999999998e-04	   2.2407873260399998e-03	
   2.6240000000000004e-04	   2.2406373675500002e-03	
   2.6259999999999999e-04	   2.2404879089800000e-03	
   2.6279999999999999e-04	   2.2403389539400000e-03	
   2.6300000000000000e-04	   2.2401905060599999e-03	
   2.6320000000000000e-04	   2.2400425689400000e-03	
   2.6340000000000001e-04	   2.2398951461899998e-03	
   2.6360000000000001e-04	   2.2397482413900002e-03	
   2.6379999999999996e-04	   2.2396018581400000e-03	
   2.6400000000000002e-04	   2.2394560000100002e-03	
   2.6419999999999997e-04	   2.2393106705600003e-03	
   2.6440000000000003e-04	   2.2391658733500004e-03	
   2.6459999999999998e-04	   2.2390216119400003e-03	
   2.6479999999999999e-04	   2.2388778898600002e-03	
   2.6500000000000004e-04	   2.2387347106500003e-03	
   2.6520000000000000e-04	   2.2385920778300000e-03	
   2.6540000000000005e-04	   2.2384499949099999e-03	
   2.6560000000000000e-04	   2.2383084653999998e-03	
   2.6580000000000001e-04	   2.2381674927900003e-03	
   2.6600000000000001e-04	   2.2380270805700004e-03	
   2.6620000000000002e-04	   2.2378872322199998e-03	
   2.6640000000000002e-04	   2.2377479511999998e-03	
   2.6660000000000003e-04	   2.2376074480600001e-03	
   2.6679999999999998e-04	   2.2374653647200000e-03	
   2.6700000000000004e-04	   2.2373238597100001e-03	
   2.6719999999999999e-04	   2.2371829364499999e-03	
   2.6740000000000005e-04	   2.2370425983700001e-03	
   2.6760000000000000e-04	   2.2369028488699997e-03	
   2.6780000000000000e-04	   2.2367636913400001e-03	
   2.6800000000000001e-04	   2.2366251291800004e-03	
   2.6820000000000001e-04	   2.2364871657600000e-03	
   2.6840000000000002e-04	   2.2363498044500000e-03	
   2.6860000000000002e-04	   2.2362130485999998e-03	
   2.6879999999999997e-04	   2.2360769015700001e-03	
   2.6900000000000003e-04	   2.2359413666899999e-03	
   2.6919999999999998e-04	   2.2358064472799998e-03	
   2.6939999999999999e-04	   2.2356721466699997e-03	
   2.6959999999999999e-04	   2.2355384681500001e-03	
   2.6980000000000000e-04	   2.2354054150299997e-03	
   2.7000000000000000e-04	   2.2352729905900002e-03	
   2.7020000000000001e-04	   2.2351411980999999e-03	
   2.7039999999999996e-04	   2.2350100408200001e-03	
   2.7060000000000002e-04	   2.2348795220200001e-03	
   2.7079999999999997e-04	   2.2347496449200001e-03	
   2.7100000000000003e-04	   2.2346204127700001e-03	
   2.7119999999999998e-04	   2.2344918287900001e-03	
   2.7139999999999998e-04	   2.2343638961700002e-03	
   2.7159999999999999e-04	   2.2342366181300004e-03	
   2.7179999999999999e-04	   2.2341099978500003e-03	
   2.7200000000000005e-04	   2.2339840385099999e-03	
   2.7220000000000000e-04	   2.2338587432600000e-03	
   2.7240000000000001e-04	   2.2337341152799998e-03	
   2.7260000000000001e-04	   2.2336101576900000e-03	
   2.7280000000000002e-04	   2.2334868736300002e-03	
   2.7300000000000002e-04	   2.2333642662200003e-03	
   2.7320000000000003e-04	   2.2332423385700005e-03	
   2.7339999999999998e-04	   2.2331210937800001e-03	
   2.7360000000000004e-04	   2.2330005349200000e-03	
   2.7379999999999999e-04	   2.2328806650900000e-03	
   2.7400000000000005e-04	   2.2327614873299999e-03	
   2.7420000000000000e-04	   2.2326430046999998e-03	
   2.7440000000000000e-04	   2.2325252202399998e-03	
   2.7460000000000001e-04	   2.2324081369800002e-03	
   2.7480000000000001e-04	   2.2322917579200002e-03	
   2.7500000000000002e-04	   2.2321760860800001e-03	
   2.7520000000000002e-04	   2.2320611244400000e-03	
   2.7539999999999997e-04	   2.2319468759799998e-03	
   2.7560000000000003e-04	   2.2318333436800002e-03	
   2.7579999999999998e-04	   2.2317205304800002e-03	
   2.7600000000000004e-04	   2.2316084393299998e-03	
   2.7619999999999999e-04	   2.2314946632399999e-03	
   2.7640000000000000e-04	   2.2313803642400000e-03	
   2.7660000000000000e-04	   2.2312667965400002e-03	
   2.7680000000000001e-04	   2.2311539630400002e-03	
   2.7700000000000001e-04	   2.2310418666000001e-03	
   2.7720000000000002e-04	   2.2309305100900001e-03	
   2.7739999999999997e-04	   2.2308198963700001e-03	
   2.7760000000000003e-04	   2.2307100282799998e-03	
   2.7779999999999998e-04	   2.2306009086299999e-03	
   2.7800000000000004e-04	   2.2304925402500003e-03	
   2.7819999999999999e-04	   2.2303849259300004e-03	
   2.7839999999999999e-04	   2.2302780684700001e-03	
   2.7860000000000000e-04	   2.2301719706300000e-03	
   2.7880000000000000e-04	   2.2300666351900002e-03	
   2.7900000000000001e-04	   2.2299620648800001e-03	
   2.7920000000000001e-04	   2.2298582624500000e-03	
   2.7939999999999996e-04	   2.2297552306200000e-03	
   2.7960000000000002e-04	   2.2296529720900000e-03	
   2.7980000000000002e-04	   2.2295514895700002e-03	
   2.8000000000000003e-04	   2.2294507857300002e-03	
   2.8020000000000003e-04	   2.2293508632500003e-03	
   2.8039999999999999e-04	   2.2292517247800001e-03	
   2.8060000000000004e-04	   2.2291533729700001e-03	
   2.8079999999999999e-04	   2.2290558104499998e-03	
   2.8100000000000005e-04	   2.2289590398300000e-03	
   2.8120000000000000e-04	   2.2288630637100001e-03	
   2.8140000000000001e-04	   2.2287678846799998e-03	
   2.8160000000000001e-04	   2.2286735053300001e-03	
   2.8180000000000002e-04	   2.2285799282000000e-03	
   2.8199999999999997e-04	   2.2284871558499999e-03	
   2.8220000000000003e-04	   2.2283951908100004e-03	
   2.8239999999999998e-04	   2.2283040355999999e-03	
   2.8260000000000004e-04	   2.2282136927299998e-03	
   2.8279999999999999e-04	   2.2281241646900001e-03	
   2.8299999999999999e-04	   2.2280354539600000e-03	
   2.8320000000000000e-04	   2.2279475630000000e-03	
   2.8340000000000000e-04	   2.2278604942600005e-03	
   2.8360000000000001e-04	   2.2277742501800001e-03	
   2.8380000000000001e-04	   2.2276888331700002e-03	
   2.8399999999999996e-04	   2.2276042456599999e-03	
   2.8420000000000002e-04	   2.2275204900200000e-03	
   2.8439999999999997e-04	   2.2274375686500000e-03	
   2.8460000000000003e-04	   2.2273554838999998e-03	
   2.8479999999999998e-04	   2.2272742381200003e-03	
   2.8499999999999999e-04	   2.2271938336499999e-03	
   2.8519999999999999e-04	   2.2271142728200002e-03	
   2.8540000000000000e-04	   2.2270355579199997e-03	
   2.8560000000000000e-04	   2.2269576912499998e-03	
   2.8580000000000001e-04	   2.2268806750900001e-03	
   2.8599999999999996e-04	   2.2268027464200004e-03	
   2.8620000000000002e-04	   2.2267240420500000e-03	
   2.8639999999999997e-04	   2.2266461952799997e-03	
   2.8660000000000003e-04	   2.2265692083200000e-03	
   2.8680000000000003e-04	   2.2264930833799999e-03	
   2.8699999999999998e-04	   2.2264178226300002e-03	
   2.8720000000000004e-04	   2.2263434282500001e-03	
   2.8739999999999999e-04	   2.2262699023899999e-03	
   2.8760000000000005e-04	   2.2261972472000001e-03	
   2.8780000000000000e-04	   2.2261254647999999e-03	
   2.8800000000000001e-04	   2.2260545572999999e-03	
   2.8820000000000001e-04	   2.2259845267899999e-03	
   2.8840000000000002e-04	   2.2259153753600002e-03	
   2.8860000000000002e-04	   2.2258471050600002e-03	
   2.8880000000000003e-04	   2.2257797179600003e-03	
   2.8899999999999998e-04	   2.2257132160800001e-03	
   2.8920000000000004e-04	   2.2256476014400001e-03	
   2.8939999999999999e-04	   2.2255828760499997e-03	
   2.8960000000000005e-04	   2.2255190418900002e-03	
   2.8980000000000000e-04	   2.2254561009399996e-03	
   2.9000000000000000e-04	   2.2253940551500003e-03	
   2.9020000000000001e-04	   2.2253329064699998e-03	
   2.9040000000000001e-04	   2.2252726568200002e-03	
   2.9060000000000002e-04	   2.2252133081199998e-03	
   2.9080000000000002e-04	   2.2251548622500002e-03	
   2.9099999999999997e-04	   2.2250973211099998e-03	
   2.9120000000000003e-04	   2.2250406865399999e-03	
   2.9139999999999998e-04	   2.2249849604100000e-03	
   2.9160000000000004e-04	   2.2249301445500000e-03	
   2.9179999999999999e-04	   2.2248762407600002e-03	
   2.9200000000000000e-04	   2.2248232508600002e-03	
   2.9220000000000000e-04	   2.2247711766200003e-03	
   2.9240000000000001e-04	   2.2247200198200002e-03	
   2.9260000000000001e-04	   2.2246697822099998e-03	
   2.9280000000000002e-04	   2.2246204655300000e-03	
   2.9299999999999997e-04	   2.2245720714899999e-03	
   2.9320000000000003e-04	   2.2245246018199999e-03	
   2.9339999999999998e-04	   2.2244780581800001e-03	
   2.9360000000000003e-04	   2.2244324422699998e-03	
   2.9379999999999999e-04	   2.2243877557300003e-03	
   2.9399999999999999e-04	   2.2243440002100000e-03	
   2.9420000000000005e-04	   2.2243011773300002e-03	
   2.9440000000000000e-04	   2.2242592887100000e-03	
   2.9460000000000001e-04	   2.2242183359199997e-03	
   2.9480000000000001e-04	   2.2241783205600003e-03	
   2.9500000000000001e-04	   2.2241392441800000e-03	
   2.9520000000000002e-04	   2.2241011083300004e-03	
   2.9540000000000002e-04	   2.2240639145300000e-03	
   2.9559999999999998e-04	   2.2240276642999999e-03	
   2.9580000000000003e-04	   2.2239923591200000e-03	
   2.9599999999999998e-04	   2.2239579396300000e-03	
   2.9620000000000004e-04	   2.2239213772399999e-03	
   2.9639999999999999e-04	   2.2238857644799998e-03	
   2.9660000000000000e-04	   2.2238511027899998e-03	
   2.9680000000000000e-04	   2.2238173935700003e-03	
   2.9700000000000001e-04	   2.2237846382200002e-03	
   2.9720000000000001e-04	   2.2237528381099997e-03	
   2.9740000000000002e-04	   2.2237219946099999e-03	
   2.9759999999999997e-04	   2.2236921090399999e-03	
   2.9780000000000003e-04	   2.2236631827400001e-03	
   2.9799999999999998e-04	   2.2236352170300002e-03	
   2.9820000000000004e-04	   2.2236082131799999e-03	
   2.9839999999999999e-04	   2.2235821724799999e-03	
   2.9859999999999999e-04	   2.2235570961799999e-03	
   2.9880000000000000e-04	   2.2235329855299999e-03	
   2.9900000000000000e-04	   2.2235098417600001e-03	
   2.9920000000000001e-04	   2.2234876660600002e-03	
   2.9940000000000001e-04	   2.2234664596400000e-03	
   2.9959999999999996e-04	   2.2234462236700001e-03	
   2.9980000000000002e-04	   2.2234269592999998e-03	
   2.9999999999999997e-04	   2.2234086676899997e-03	
   3.0020000000000003e-04	   2.2233913499400001e-03	
   3.0039999999999998e-04	   2.2233750071699999e-03	
   3.0059999999999999e-04	   2.2233596404800000e-03	
   3.0079999999999999e-04	   2.2233452509199999e-03	
   3.0100000000000000e-04	   2.2233318395700002e-03	
   3.0120000000000000e-04	   2.2233194074500000e-03	
   3.0140000000000001e-04	   2.2233079556000001e-03	
   3.0159999999999996e-04	   2.2232974850100000e-03	
   3.0180000000000002e-04	   2.2232879966700000e-03	
   3.0200000000000002e-04	   2.2232794915600000e-03	
   3.0220000000000003e-04	   2.2232719706300002e-03	
   3.0240000000000003e-04	   2.2232654348200002e-03	
   3.0259999999999998e-04	   2.2232598850500003e-03	
   3.0280000000000004e-04	   2.2232553222099999e-03	
   3.0299999999999999e-04	   2.2232517471899998e-03	
   3.0320000000000005e-04	   2.2232491608700001e-03	
   3.0340000000000000e-04	   2.2232475640899998e-03	
   3.0360000000000001e-04	   2.2232469576899997e-03	
   3.0380000000000001e-04	   2.2232473424800003e-03	
   3.0400000000000002e-04	   2.2232487192700000e-03	
   3.0420000000000002e-04	   2.2232510888300001e-03	
   3.0440000000000003e-04	   2.2232544519300000e-03	
   3.0459999999999998e-04	   2.2232588093099998e-03	
   3.0480000000000004e-04	   2.2232641617100000e-03	
   3.0499999999999999e-04	   2.2232705098399999e-03	
   3.0520000000000005e-04	   2.2232778544000000e-03	
   3.0540000000000000e-04	   2.2232861960600004e-03	
   3.0560000000000000e-04	   2.2232955354800003e-03	
   3.0580000000000001e-04	   2.2233058733000001e-03	
   3.0600000000000001e-04	   2.2233172101599999e-03	
   3.0620000000000002e-04	   2.2233295466600003e-03	
   3.0640000000000002e-04	   2.2233424812400002e-03	
   3.0659999999999997e-04	   2.2233538923100002e-03	
   3.0680000000000003e-04	   2.2233663047899997e-03	
   3.0699999999999998e-04	   2.2233797192099999e-03	
   3.0719999999999999e-04	   2.2233941360900000e-03	
   3.0739999999999999e-04	   2.2234095559200001e-03	
   3.0760000000000000e-04	   2.2234259791900001e-03	
   3.0780000000000000e-04	   2.2234434063700000e-03	
   3.0800000000000001e-04	   2.2234618379000002e-03	
   3.0819999999999996e-04	   2.2234812742100000e-03	
   3.0840000000000002e-04	   2.2235017157199999e-03	
   3.0859999999999997e-04	   2.2235231628099997e-03	
   3.0880000000000002e-04	   2.2235456158699999e-03	
   3.0900000000000003e-04	   2.2235690752599999e-03	
   3.0919999999999998e-04	   2.2235935413100001e-03	
   3.0940000000000004e-04	   2.2236190143600002e-03	
   3.0959999999999999e-04	   2.2236454946999999e-03	
   3.0980000000000005e-04	   2.2236729826400001e-03	
   3.1000000000000000e-04	   2.2237014784300003e-03	
   3.1020000000000000e-04	   2.2237309823400003e-03	
   3.1040000000000001e-04	   2.2237614946000002e-03	
   3.1060000000000001e-04	   2.2237930154300001e-03	
   3.1080000000000002e-04	   2.2238255450299999e-03	
   3.1100000000000002e-04	   2.2238590835899998e-03	
   3.1119999999999997e-04	   2.2238936312700000e-03	
   3.1140000000000003e-04	   2.2239291882200003e-03	
   3.1159999999999998e-04	   2.2239657545699999e-03	
   3.1180000000000004e-04	   2.2240033304400000e-03	
   3.1199999999999999e-04	   2.2240419159200000e-03	
   3.1220000000000000e-04	   2.2240815110800001e-03	
   3.1240000000000000e-04	   2.2241221160000002e-03	
   3.1260000000000001e-04	   2.2241637307099998e-03	
   3.1280000000000001e-04	   2.2242063552400004e-03	
   3.1300000000000002e-04	   2.2242499896000002e-03	
   3.1319999999999997e-04	   2.2242946337699999e-03	
   3.1340000000000003e-04	   2.2243402877300000e-03	
   3.1359999999999998e-04	   2.2243869514300000e-03	
   3.1380000000000004e-04	   2.2244346248100001e-03	
   3.1399999999999999e-04	   2.2244833078000001e-03	
   3.1419999999999999e-04	   2.2245330002800003e-03	
   3.1440000000000000e-04	   2.2245837021599999e-03	
   3.1460000000000000e-04	   2.2246354132900003e-03	
   3.1480000000000001e-04	   2.2246881335200000e-03	
   3.1500000000000001e-04	   2.2247418626800000e-03	
   3.1519999999999996e-04	   2.2247966005899998e-03	
   3.1540000000000002e-04	   2.2248523470500001e-03	
   3.1559999999999997e-04	   2.2249091018299999e-03	
   3.1580000000000003e-04	   2.2249668647000001e-03	
   3.1599999999999998e-04	   2.2250256353900004e-03	
   3.1619999999999999e-04	   2.2250854136400002e-03	
   3.1640000000000005e-04	   2.2251461991500002e-03	
   3.1660000000000000e-04	   2.2252079916200000e-03	
   3.1680000000000006e-04	   2.2252707907099998e-03	
   3.1700000000000001e-04	   2.2253345960800003e-03	
   3.1720000000000001e-04	   2.2253970835999998e-03	
   3.1740000000000002e-04	   2.2254601814600001e-03	
   3.1760000000000002e-04	   2.2255242843700002e-03	
   3.1780000000000003e-04	   2.2255893919099997e-03	
   3.1800000000000003e-04	   2.2256555036500002e-03	
   3.1819999999999998e-04	   2.2257226191300002e-03	
   3.1840000000000004e-04	   2.2257907378900000e-03	
   3.1859999999999999e-04	   2.2258598594300000e-03	
   3.1880000000000000e-04	   2.2259299832499998e-03	
   3.1900000000000000e-04	   2.2260011088299997e-03	
   3.1920000000000001e-04	   2.2260732356199999e-03	
   3.1940000000000001e-04	   2.2261463630699999e-03	
   3.1960000000000002e-04	   2.2262204906000000e-03	
   3.1979999999999997e-04	   2.2262956176199999e-03	
   3.2000000000000003e-04	   2.2263717435100001e-03	
   3.2019999999999998e-04	   2.2264488676600001e-03	
   3.2040000000000004e-04	   2.2265269893999998e-03	
   3.2059999999999999e-04	   2.2266061080900000e-03	
   3.2079999999999999e-04	   2.2266862230400004e-03	
   3.2100000000000000e-04	   2.2267673335499998e-03	
   3.2120000000000000e-04	   2.2268494389099999e-03	
   3.2140000000000001e-04	   2.2269325383799999e-03	
   3.2160000000000001e-04	   2.2270166312200004e-03	
   3.2179999999999996e-04	   2.2271017166600000e-03	
   3.2200000000000002e-04	   2.2271877939100001e-03	
   3.2219999999999997e-04	   2.2272748621699999e-03	
   3.2240000000000003e-04	   2.2273629206200000e-03	
   3.2259999999999998e-04	   2.2274519684299999e-03	
   3.2279999999999999e-04	   2.2275420047500002e-03	
   3.2299999999999999e-04	   2.2276330286900002e-03	
   3.2320000000000000e-04	   2.2277250393800000e-03	
   3.2340000000000005e-04	   2.2278180359100001e-03	
   3.2360000000000001e-04	   2.2279120173500002e-03	
   3.2380000000000001e-04	   2.2280069827700002e-03	
   3.2400000000000001e-04	   2.2281029312100002e-03	
   3.2420000000000002e-04	   2.2281998616999997e-03	
   3.2440000000000002e-04	   2.2282977732300002e-03	
   3.2460000000000003e-04	   2.2283966648199999e-03	
   3.2479999999999998e-04	   2.2284965354300002e-03	
   3.2500000000000004e-04	   2.2285973840100001e-03	
   3.2519999999999999e-04	   2.2286992095099998e-03	
   3.2540000000000005e-04	   2.2288020108600002e-03	
   3.2560000000000000e-04	   2.2289057869500002e-03	
   3.2580000000000000e-04	   2.2290105366800004e-03	
   3.2600000000000001e-04	   2.2291162589200002e-03	
   3.2620000000000001e-04	   2.2292229525299996e-03	
   3.2640000000000002e-04	   2.2293306163400002e-03	
   3.2660000000000002e-04	   2.2294392491800001e-03	
   3.2679999999999997e-04	   2.2295488498499999e-03	
   3.2700000000000003e-04	   2.2296594171300004e-03	
   3.2719999999999998e-04	   2.2297709498100000e-03	
   3.2740000000000004e-04	   2.2298834466300001e-03	
   3.2759999999999999e-04	   2.2299969063299999e-03	
   3.2780000000000000e-04	   2.2301113276299999e-03	
   3.2800000000000000e-04	   2.2302263259399999e-03	
   3.2820000000000001e-04	   2.2303401389299998e-03	
   3.2840000000000001e-04	   2.2304549093600003e-03	
   3.2860000000000002e-04	   2.2305706359099999e-03	
   3.2879999999999997e-04	   2.2306873172000001e-03	
   3.2900000000000003e-04	   2.2308049518400003e-03	
   3.2919999999999998e-04	   2.2309235384500000e-03	
   3.2940000000000004e-04	   2.2310430756000000e-03	
   3.2959999999999999e-04	   2.2311635618500001e-03	
   3.2979999999999999e-04	   2.2312849957699999e-03	
   3.3000000000000000e-04	   2.2314073758799998e-03	
   3.3020000000000000e-04	   2.2315307007100002e-03	
   3.3040000000000001e-04	   2.2316549687499999e-03	
   3.3060000000000001e-04	   2.2317801784800004e-03	
   3.3079999999999996e-04	   2.2319063283900002e-03	
   3.3100000000000002e-04	   2.2320334169100000e-03	
   3.3120000000000003e-04	   2.2321614424899998e-03	
   3.3139999999999998e-04	   2.2322904035400001e-03	
   3.3160000000000004e-04	   2.2324202984700002e-03	
   3.3179999999999999e-04	   2.2325511256600004e-03	
   3.3200000000000005e-04	   2.2326828834900001e-03	
   3.3220000000000000e-04	   2.2328155703100002e-03	
   3.3240000000000000e-04	   2.2329491844499997e-03	
   3.3260000000000001e-04	   2.2330837242500001e-03	
   3.3280000000000001e-04	   2.2332191879999999e-03	
   3.3300000000000002e-04	   2.2333555739899999e-03	
   3.3320000000000002e-04	   2.2334928805100001e-03	
   3.3339999999999997e-04	   2.2336311057999996e-03	
   3.3360000000000003e-04	   2.2337702481000001e-03	
   3.3379999999999998e-04	   2.2339103056599999e-03	
   3.3400000000000004e-04	   2.2340512766599999e-03	
   3.3419999999999999e-04	   2.2341931593200001e-03	
   3.3440000000000000e-04	   2.2343359518000000e-03	
   3.3460000000000000e-04	   2.2344796522700003e-03	
   3.3480000000000001e-04	   2.2346242588800001e-03	
   3.3500000000000001e-04	   2.2347697697500005e-03	
   3.3520000000000002e-04	   2.2349161830000001e-03	
   3.3539999999999997e-04	   2.2350634967300003e-03	
   3.3560000000000003e-04	   2.2352117090300000e-03	
   3.3579999999999998e-04	   2.2353608179500003e-03	
   3.3600000000000004e-04	   2.2355108215700000e-03	
   3.3619999999999999e-04	   2.2356617178999998e-03	
   3.3639999999999999e-04	   2.2358135049700000e-03	
   3.3660000000000000e-04	   2.2359661808000002e-03	
   3.3680000000000000e-04	   2.2361197433600002e-03	
   3.3700000000000001e-04	   2.2362741906400002e-03	
   3.3720000000000001e-04	   2.2364295205900002e-03	
   3.3739999999999996e-04	   2.2365857311500001e-03	
   3.3760000000000002e-04	   2.2367428202699998e-03	
   3.3779999999999997e-04	   2.2369007858400003e-03	
   3.3800000000000003e-04	   2.2370596257800003e-03	
   3.3819999999999998e-04	   2.2372193379499999e-03	
   3.3839999999999999e-04	   2.2373799202399999e-03	
   3.3860000000000004e-04	   2.2375413704899998e-03	
   3.3880000000000000e-04	   2.2377036865400004e-03	
   3.3900000000000005e-04	   2.2378668662200001e-03	
   3.3920000000000000e-04	   2.2380308863699998e-03	
   3.3940000000000001e-04	   2.2381934357100001e-03	
   3.3960000000000001e-04	   2.2383568417499999e-03	
   3.3980000000000002e-04	   2.2385211022600002e-03	
   3.4000000000000002e-04	   2.2386862149800001e-03	
   3.4020000000000003e-04	   2.2388521776500001e-03	
   3.4039999999999998e-04	   2.2390189879700003e-03	
   3.4060000000000004e-04	   2.2391866436600001e-03	
   3.4079999999999999e-04	   2.2393551423900001e-03	
   3.4100000000000005e-04	   2.2395244818500001e-03	
   3.4120000000000000e-04	   2.2396946596800003e-03	
   3.4140000000000000e-04	   2.2398656735300002e-03	
   3.4160000000000001e-04	   2.2400375210300002e-03	
   3.4180000000000001e-04	   2.2402101997999998e-03	
   3.4200000000000002e-04	   2.2403837074299999e-03	
   3.4220000000000002e-04	   2.2405580415000002e-03	
   3.4239999999999997e-04	   2.2407331996000001e-03	
   3.4260000000000003e-04	   2.2409091792700000e-03	
   3.4279999999999998e-04	   2.2410859780600000e-03	
   3.4300000000000004e-04	   2.2412635934999999e-03	
   3.4319999999999999e-04	   2.2414420231000000e-03	
   3.4340000000000000e-04	   2.2416212643699999e-03	
   3.4360000000000000e-04	   2.2418013147800001e-03	
   3.4380000000000001e-04	   2.2419821718100003e-03	
   3.4399999999999996e-04	   2.2421638329200000e-03	
   3.4420000000000002e-04	   2.2423462955499999e-03	
   3.4439999999999997e-04	   2.2425295571400000e-03	
   3.4460000000000003e-04	   2.2427136150900001e-03	
   3.4479999999999998e-04	   2.2428984668100001e-03	
   3.4499999999999998e-04	   2.2430841096999997e-03	
   3.4519999999999999e-04	   2.2432705411299996e-03	
   3.4539999999999999e-04	   2.2434577584500002e-03	
   3.4560000000000005e-04	   2.2436457590199999e-03	
   3.4580000000000000e-04	   2.2438345401700000e-03	
   3.4600000000000001e-04	   2.2440240992199997e-03	
   3.4620000000000001e-04	   2.2442144334799997e-03	
   3.4640000000000002e-04	   2.2444055402499998e-03	
   3.4660000000000002e-04	   2.2445974168000000e-03	
   3.4680000000000003e-04	   2.2447900604100003e-03	
   3.4699999999999998e-04	   2.2449834683200003e-03	
   3.4720000000000004e-04	   2.2451776377799999e-03	
   3.4739999999999999e-04	   2.2453725660199998e-03	
   3.4760000000000005e-04	   2.2455682502499998e-03	
   3.4780000000000000e-04	   2.2457646876800001e-03	
   3.4800000000000000e-04	   2.2459618754899998e-03	
   3.4820000000000001e-04	   2.2461598108500002e-03	
   3.4840000000000001e-04	   2.2463584909500002e-03	
   3.4860000000000002e-04	   2.2465579129100004e-03	
   3.4880000000000002e-04	   2.2467580738800004e-03	
   3.4899999999999997e-04	   2.2469589709900001e-03	
   3.4920000000000003e-04	   2.2471606013500000e-03	
   3.4939999999999998e-04	   2.2473629620500001e-03	
   3.4960000000000004e-04	   2.2475660501900000e-03	
   3.4979999999999999e-04	   2.2477698628399997e-03	
   3.5000000000000000e-04	   2.2479743970600001e-03	
   3.5020000000000000e-04	   2.2481796499000000e-03	
   3.5040000000000001e-04	   2.2483856183900001e-03	
   3.5060000000000001e-04	   2.2485922995700001e-03	
   3.5080000000000002e-04	   2.2487988000900001e-03	
   3.5099999999999997e-04	   2.2490047099700001e-03	
   3.5120000000000003e-04	   2.2492113231600002e-03	
   3.5139999999999998e-04	   2.2494186366500001e-03	
   3.5160000000000004e-04	   2.2496266474000002e-03	
   3.5179999999999999e-04	   2.2498353523600001e-03	
   3.5199999999999999e-04	   2.2500447484600002e-03	
   3.5220000000000000e-04	   2.2502548326300002e-03	
   3.5240000000000000e-04	   2.2504656017900003e-03	
   3.5260000000000001e-04	   2.2506770528400001e-03	
   3.5280000000000001e-04	   2.2508891826700001e-03	
   3.5299999999999996e-04	   2.2511019881599997e-03	
   3.5320000000000002e-04	   2.2513154661799998e-03	
   3.5340000000000002e-04	   2.2515296135899999e-03	
   3.5360000000000003e-04	   2.2517444272300000e-03	
   3.5380000000000003e-04	   2.2519599039299999e-03	
   3.5399999999999999e-04	   2.2521760405200004e-03	
   3.5420000000000004e-04	   2.2523928338000002e-03	
   3.5439999999999999e-04	   2.2526102805800001e-03	
   3.5460000000000005e-04	   2.2528283776500004e-03	
   3.5480000000000000e-04	   2.2530471217799999e-03	
   3.5500000000000001e-04	   2.2532665097400001e-03	
   3.5520000000000001e-04	   2.2534865382899997e-03	
   3.5540000000000002e-04	   2.2537072041700001e-03	
   3.5560000000000002e-04	   2.2539285041100004e-03	
   3.5580000000000003e-04	   2.2541504348400003e-03	
   3.5599999999999998e-04	   2.2543729930700001e-03	
   3.5620000000000004e-04	   2.2545961755000002e-03	
   3.5639999999999999e-04	   2.2548199788200002e-03	
   3.5659999999999999e-04	   2.2550443997100002e-03	
   3.5680000000000000e-04	   2.2552694348400002e-03	
   3.5700000000000000e-04	   2.2554950808700001e-03	
   3.5720000000000001e-04	   2.2557213344600001e-03	
   3.5740000000000001e-04	   2.2559481922300000e-03	
   3.5759999999999996e-04	   2.2561756508100001e-03	
   3.5780000000000002e-04	   2.2564037068300001e-03	
   3.5799999999999997e-04	   2.2566323568899999e-03	
   3.5820000000000003e-04	   2.2568615976000001e-03	
   3.5839999999999998e-04	   2.2570914255300003e-03	
   3.5859999999999999e-04	   2.2573218372600001e-03	
   3.5879999999999999e-04	   2.2575528293699997e-03	
   3.5900000000000000e-04	   2.2577843984100000e-03	
   3.5920000000000000e-04	   2.2580165409299999e-03	
   3.5940000000000001e-04	   2.2582492534699997e-03	
   3.5959999999999996e-04	   2.2584825325500002e-03	
   3.5980000000000002e-04	   2.2587163747100000e-03	
   3.5999999999999997e-04	   2.2589507764299997e-03	
   3.6020000000000003e-04	   2.2591857342399999e-03	
   3.6040000000000003e-04	   2.2594212446100000e-03	
   3.6059999999999998e-04	   2.2596573040400002e-03	
   3.6080000000000004e-04	   2.2598939089800000e-03	
   3.6099999999999999e-04	   2.2601310559100000e-03	
   3.6120000000000005e-04	   2.2603687412800001e-03	
   3.6140000000000000e-04	   2.2606069615300002e-03	
   3.6160000000000001e-04	   2.2608457131000001e-03	
   3.6180000000000001e-04	   2.2610849924199999e-03	
   3.6200000000000002e-04	   2.2613247959099997e-03	
   3.6220000000000002e-04	   2.2615651199700002e-03	
   3.6240000000000003e-04	   2.2618059610000000e-03	
   3.6259999999999998e-04	   2.2620466506400000e-03	
   3.6280000000000004e-04	   2.2622864790100001e-03	
   3.6299999999999999e-04	   2.2625268131000000e-03	
   3.6320000000000005e-04	   2.2627676492800002e-03	
   3.6340000000000000e-04	   2.2630089839000000e-03	
   3.6360000000000000e-04	   2.2632508133200000e-03	
   3.6380000000000001e-04	   2.2634931338699998e-03	
   3.6400000000000001e-04	   2.2637359418899998e-03	
   3.6420000000000002e-04	   2.2639792336900002e-03	
   3.6440000000000002e-04	   2.2642230055999997e-03	
   3.6459999999999997e-04	   2.2644672539200001e-03	
   3.6480000000000003e-04	   2.2647119749500001e-03	
   3.6499999999999998e-04	   2.2649571649900001e-03	
   3.6520000000000004e-04	   2.2652028203100001e-03	
   3.6539999999999999e-04	   2.2654489371899999e-03	
   3.6560000000000000e-04	   2.2656955119000001e-03	
   3.6580000000000000e-04	   2.2659425407099997e-03	
   3.6600000000000001e-04	   2.2661900198599999e-03	
   3.6620000000000001e-04	   2.2664379455999998e-03	
   3.6640000000000002e-04	   2.2666863141700003e-03	
   3.6659999999999997e-04	   2.2669351217900003e-03	
   3.6680000000000003e-04	   2.2671843647099998e-03	
   3.6699999999999998e-04	   2.2674340391199998e-03	
   3.6720000000000004e-04	   2.2676841412400000e-03	
   3.6739999999999999e-04	   2.2679346672700002e-03	
   3.6759999999999999e-04	   2.2681856134199999e-03	
   3.6780000000000005e-04	   2.2684369758499997e-03	
   3.6800000000000000e-04	   2.2686887507700000e-03	
   3.6820000000000006e-04	   2.2689409343400004e-03	
   3.6840000000000001e-04	   2.2691935227200002e-03	
   3.6860000000000001e-04	   2.2694465121000000e-03	
   3.6880000000000002e-04	   2.2696998986000000e-03	
   3.6900000000000002e-04	   2.2699536783999997e-03	
   3.6919999999999998e-04	   2.2702078476200000e-03	
   3.6940000000000003e-04	   2.2704624024000000e-03	
   3.6959999999999998e-04	   2.2707173388799998e-03	
   3.6980000000000004e-04	   2.2709726531800001e-03	
   3.6999999999999999e-04	   2.2712283414100002e-03	
   3.7020000000000000e-04	   2.2714843996799999e-03	
   3.7040000000000000e-04	   2.2717408241000000e-03	
   3.7060000000000001e-04	   2.2719976107700001e-03	
   3.7080000000000001e-04	   2.2722547557800002e-03	
   3.7100000000000002e-04	   2.2725122552200001e-03	
   3.7119999999999997e-04	   2.2727701051700002e-03	
   3.7140000000000003e-04	   2.2730283017000003e-03	
   3.7159999999999998e-04	   2.2732868408900002e-03	
   3.7180000000000004e-04	   2.2735457188099999e-03	
   3.7199999999999999e-04	   2.2738049315100001e-03	
   3.7219999999999999e-04	   2.2740644750400001e-03	
   3.7240000000000000e-04	   2.2743243454500001e-03	
   3.7260000000000000e-04	   2.2745845388000003e-03	
   3.7280000000000001e-04	   2.2748450511099996e-03	
   3.7300000000000001e-04	   2.2751058784199999e-03	
   3.7319999999999996e-04	   2.2753670167600004e-03	
   3.7340000000000002e-04	   2.2756284621499997e-03	
   3.7359999999999997e-04	   2.2758902106100000e-03	
   3.7380000000000003e-04	   2.2761522581500001e-03	
   3.7399999999999998e-04	   2.2764146007899998e-03	
   3.7419999999999999e-04	   2.2766772345300004e-03	
   3.7439999999999999e-04	   2.2769401553700002e-03	
   3.7460000000000000e-04	   2.2772033592900003e-03	
   3.7480000000000000e-04	   2.2774654255799998e-03	
   3.7500000000000001e-04	   2.2777272896000000e-03	
   3.7520000000000001e-04	   2.2779894242599998e-03	
   3.7540000000000002e-04	   2.2782518255500001e-03	
   3.7560000000000002e-04	   2.2785144894300001e-03	
   3.7580000000000003e-04	   2.2787774118800002e-03	
   3.7600000000000003e-04	   2.2790405888600002e-03	
   3.7619999999999998e-04	   2.2793040163299996e-03	
   3.7640000000000004e-04	   2.2795676902500001e-03	
   3.7659999999999999e-04	   2.2798316065700003e-03	
   3.7680000000000005e-04	   2.2800957612400001e-03	
   3.7700000000000000e-04	   2.2803601502200000e-03	
   3.7720000000000001e-04	   2.2806247694400002e-03	
   3.7740000000000001e-04	   2.2808896148499998e-03	
   3.7760000000000002e-04	   2.2811546823700000e-03	
   3.7780000000000002e-04	   2.2814199679399997e-03	
   3.7800000000000003e-04	   2.2816854675000000e-03	
   3.7819999999999998e-04	   2.2819511769699998e-03	
   3.7840000000000004e-04	   2.2822170922699998e-03	
   3.7859999999999999e-04	   2.2824832093300000e-03	
   3.7880000000000005e-04	   2.2827495240600004e-03	
   3.7900000000000000e-04	   2.2830160323700000e-03	
   3.7920000000000000e-04	   2.2832827301800000e-03	
   3.7940000000000001e-04	   2.2835496133999998e-03	
   3.7960000000000001e-04	   2.2838166779300000e-03	
   3.7980000000000002e-04	   2.2840839196800002e-03	
   3.8000000000000002e-04	   2.2843513345500001e-03	
   3.8019999999999997e-04	   2.2846189184400002e-03	
   3.8040000000000003e-04	   2.2848866672400001e-03	
   3.8059999999999998e-04	   2.2851545768600001e-03	
   3.8080000000000004e-04	   2.2854226431800002e-03	
   3.8099999999999999e-04	   2.2856908620900000e-03	
   3.8120000000000000e-04	   2.2859592294799998e-03	
   3.8140000000000000e-04	   2.2862277412499998e-03	
   3.8160000000000001e-04	   2.2864963932600004e-03	
   3.8179999999999996e-04	   2.2867651814099999e-03	
   3.8200000000000002e-04	   2.2870341015800003e-03	
   3.8219999999999997e-04	   2.2873031496400001e-03	
   3.8240000000000003e-04	   2.2875723214800000e-03	
   3.8260000000000003e-04	   2.2878416129600001e-03	
   3.8279999999999998e-04	   2.2881110199700003e-03	
   3.8300000000000004e-04	   2.2883805383800003e-03	
   3.8319999999999999e-04	   2.2886501640499999e-03	
   3.8340000000000005e-04	   2.2889198928700001e-03	
   3.8360000000000000e-04	   2.2891897206899999e-03	
   3.8380000000000000e-04	   2.2894596433999997e-03	
   3.8400000000000001e-04	   2.2897296568500001e-03	
   3.8420000000000001e-04	   2.2899997569199998e-03	
   3.8440000000000002e-04	   2.2902699394600000e-03	
   3.8460000000000002e-04	   2.2905402003500002e-03	
   3.8479999999999997e-04	   2.2908105354499998e-03	
   3.8500000000000003e-04	   2.2910809406200003e-03	
   3.8519999999999998e-04	   2.2913514117300000e-03	
   3.8540000000000004e-04	   2.2916219446300003e-03	
   3.8559999999999999e-04	   2.2918925352000000e-03	
   3.8580000000000000e-04	   2.2921631793000000e-03	
   3.8600000000000000e-04	   2.2924338727800002e-03	
   3.8620000000000001e-04	   2.2927046115000000e-03	
   3.8640000000000001e-04	   2.2929753913400004e-03	
   3.8660000000000002e-04	   2.2932462081499999e-03	
   3.8679999999999997e-04	   2.2935170578000002e-03	
   3.8700000000000003e-04	   2.2937879361400004e-03	
   3.8719999999999998e-04	   2.2940576908900001e-03	
   3.8740000000000004e-04	   2.2943268535799998e-03	
   3.8759999999999999e-04	   2.2945960321700000e-03	
   3.8779999999999999e-04	   2.2948652225100001e-03	
   3.8800000000000000e-04	   2.2951344204700003e-03	
   3.8820000000000000e-04	   2.2954036219099997e-03	
   3.8840000000000001e-04	   2.2956728227099999e-03	
   3.8860000000000001e-04	   2.2959420187200000e-03	
   3.8879999999999996e-04	   2.2962112058100004e-03	
   3.8900000000000002e-04	   2.2964803798500005e-03	
   3.8919999999999997e-04	   2.2967495367100001e-03	
   3.8940000000000003e-04	   2.2970186722600003e-03	
   3.8959999999999998e-04	   2.2972877823700002e-03	
   3.8979999999999999e-04	   2.2975568629100000e-03	
   3.9000000000000005e-04	   2.2978259097599998e-03	
   3.9020000000000000e-04	   2.2980949187800001e-03	
   3.9040000000000006e-04	   2.2983638858700001e-03	
   3.9060000000000001e-04	   2.2986328068800004e-03	
   3.9080000000000001e-04	   2.2989016777100000e-03	
   3.9100000000000002e-04	   2.2991704942300004e-03	
   3.9120000000000002e-04	   2.2994392523399999e-03	
   3.9140000000000003e-04	   2.2997079479000000e-03	
   3.9160000000000003e-04	   2.2999765768100000e-03	
   3.9179999999999998e-04	   2.3002451349500002e-03	
   3.9200000000000004e-04	   2.3005136182300003e-03	
   3.9219999999999999e-04	   2.3007820225200001e-03	
   3.9240000000000005e-04	   2.3010503437300000e-03	
   3.9260000000000000e-04	   2.3013185777500003e-03	
   3.9280000000000001e-04	   2.3015867204799999e-03	
   3.9300000000000001e-04	   2.3018547678200002e-03	
   3.9320000000000002e-04	   2.3021227156799998e-03	
   3.9340000000000002e-04	   2.3023905599700001e-03	
   3.9360000000000003e-04	   2.3026582965800001e-03	
   3.9379999999999998e-04	   2.3029259214500000e-03	
   3.9400000000000004e-04	   2.3031934304700002e-03	
   3.9419999999999999e-04	   2.3034608195800000e-03	
   3.9439999999999999e-04	   2.3037280846800001e-03	
   3.9460000000000000e-04	   2.3039952217000000e-03	
   3.9480000000000000e-04	   2.3042622265800001e-03	
   3.9500000000000001e-04	   2.3045290952400000e-03	
   3.9520000000000001e-04	   2.3047958236100002e-03	
   3.9539999999999996e-04	   2.3050624076300001e-03	
   3.9560000000000002e-04	   2.3053288432400001e-03	
   3.9579999999999997e-04	   2.3055951263900002e-03	
   3.9600000000000003e-04	   2.3058612530199997e-03	
   3.9619999999999998e-04	   2.3061272190800001e-03	
   3.9639999999999999e-04	   2.3063930205200001e-03	
   3.9659999999999999e-04	   2.3066586533099999e-03	
   3.9680000000000000e-04	   2.3069241134100003e-03	
   3.9700000000000005e-04	   2.3071893967800002e-03	
   3.9720000000000001e-04	   2.3074544993899999e-03	
   3.9740000000000001e-04	   2.3077194172099998e-03	
   3.9760000000000002e-04	   2.3079841462299998e-03	
   3.9780000000000002e-04	   2.3082486824299998e-03	
   3.9800000000000002e-04	   2.3085130217800000e-03	
   3.9820000000000003e-04	   2.3087771602900002e-03	
   3.9839999999999998e-04	   2.3090410939500001e-03	
   3.9860000000000004e-04	   2.3093048187599998e-03	
   3.9879999999999999e-04	   2.3095683307200001e-03	
   3.9900000000000005e-04	   2.3098316258399997e-03	
   3.9920000000000000e-04	   2.3100947001299999e-03	
   3.9940000000000000e-04	   2.3103575496200000e-03	
   3.9960000000000001e-04	   2.3106201703200001e-03	
   3.9980000000000001e-04	   2.3108825264199998e-03	
   4.0000000000000002e-04	   2.3111430434999999e-03	
   4.0020000000000002e-04	   2.3114033195400000e-03	
   4.0039999999999997e-04	   2.3116633505999998e-03	
   4.0060000000000003e-04	   2.3119231327100001e-03	
   4.0079999999999998e-04	   2.3121826619400001e-03	
   4.0100000000000004e-04	   2.3124419343399996e-03	
   4.0119999999999999e-04	   2.3127009459800001e-03	
   4.0140000000000000e-04	   2.3129596929299997e-03	
   4.0160000000000000e-04	   2.3132181712599998e-03	
   4.0180000000000001e-04	   2.3134763770700003e-03	
   4.0200000000000001e-04	   2.3137343064200001e-03	
   4.0220000000000002e-04	   2.3139919554300004e-03	
   4.0239999999999997e-04	   2.3142493201899999e-03	
   4.0260000000000003e-04	   2.3145063968000000e-03	
   4.0279999999999998e-04	   2.3147631813700002e-03	
   4.0300000000000004e-04	   2.3150196700300000e-03	
   4.0319999999999999e-04	   2.3152758588900002e-03	
   4.0339999999999999e-04	   2.3155317440899997e-03	
   4.0360000000000000e-04	   2.3157873217599999e-03	
   4.0380000000000000e-04	   2.3160425880500001e-03	
   4.0400000000000001e-04	   2.3162975391000000e-03	
   4.0420000000000001e-04	   2.3165521710600003e-03	
   4.0439999999999996e-04	   2.3168064801099997e-03	
   4.0460000000000002e-04	   2.3170604624100002e-03	
   4.0480000000000003e-04	   2.3173141141400004e-03	
   4.0500000000000003e-04	   2.3175674314700003e-03	
   4.0520000000000004e-04	   2.3178204105899999e-03	
   4.0539999999999999e-04	   2.3180730477099999e-03	
   4.0560000000000005e-04	   2.3183253390299998e-03	
   4.0580000000000000e-04	   2.3185772807500001e-03	
   4.0600000000000006e-04	   2.3188288690899998e-03	
   4.0620000000000001e-04	   2.3190801002799999e-03	
   4.0640000000000001e-04	   2.3193309705499998e-03	
   4.0660000000000002e-04	   2.3195814761300003e-03	
   4.0680000000000002e-04	   2.3198316132799998e-03	
   4.0699999999999997e-04	   2.3200813782400000e-03	
   4.0720000000000003e-04	   2.3203307672900004e-03	
   4.0739999999999998e-04	   2.3205797766800000e-03	
   4.0760000000000004e-04	   2.3208284027000001e-03	
   4.0779999999999999e-04	   2.3210766416199998e-03	
   4.0800000000000000e-04	   2.3213244897499997e-03	
   4.0820000000000000e-04	   2.3215719433800001e-03	
   4.0840000000000001e-04	   2.3218189988200000e-03	
   4.0860000000000001e-04	   2.3220656523800002e-03	
   4.0880000000000002e-04	   2.3223119003999999e-03	
   4.0899999999999997e-04	   2.3225577392000001e-03	
   4.0920000000000003e-04	   2.3228031651199997e-03	
   4.0939999999999998e-04	   2.3230481745099996e-03	
   4.0960000000000004e-04	   2.3232927637300001e-03	
   4.0979999999999999e-04	   2.3235369291499997e-03	
   4.0999999999999999e-04	   2.3237806671299998e-03	
   4.1020000000000000e-04	   2.3240239740700002e-03	
   4.1040000000000000e-04	   2.3242668463500002e-03	
   4.1060000000000001e-04	   2.3245092803700000e-03	
   4.1080000000000001e-04	   2.3247512725499998e-03	
   4.1099999999999996e-04	   2.3249928192899997e-03	
   4.1120000000000002e-04	   2.3252339170399998e-03	
   4.1139999999999997e-04	   2.3254745622100000e-03	
   4.1160000000000003e-04	   2.3257147512599999e-03	
   4.1180000000000003e-04	   2.3259544806400003e-03	
   4.1199999999999999e-04	   2.3261937468100000e-03	
   4.1220000000000004e-04	   2.3264325462400001e-03	
   4.1240000000000000e-04	   2.3266708754200002e-03	
   4.1260000000000005e-04	   2.3269087308400000e-03	
   4.1280000000000001e-04	   2.3271461089900002e-03	
   4.1300000000000001e-04	   2.3273817491800000e-03	
   4.1320000000000001e-04	   2.3276166482099998e-03	
   4.1340000000000002e-04	   2.3278510592399998e-03	
   4.1360000000000002e-04	   2.3280849788100003e-03	
   4.1380000000000003e-04	   2.3283184034699998e-03	
   4.1399999999999998e-04	   2.3285513297799996e-03	
   4.1420000000000004e-04	   2.3287837543099999e-03	
   4.1439999999999999e-04	   2.3290156736299997e-03	
   4.1460000000000005e-04	   2.3292470843399998e-03	
   4.1480000000000000e-04	   2.3294779830400000e-03	
   4.1500000000000000e-04	   2.3297083663199997e-03	
   4.1520000000000001e-04	   2.3299382308099997e-03	
   4.1540000000000001e-04	   2.3301675731499999e-03	
   4.1560000000000002e-04	   2.3303963899600003e-03	
   4.1580000000000002e-04	   2.3306246778999999e-03	
   4.1599999999999997e-04	   2.3308524336300000e-03	
   4.1620000000000003e-04	   2.3310796538099999e-03	
   4.1639999999999998e-04	   2.3313063351400000e-03	
   4.1660000000000004e-04	   2.3315324742899999e-03	
   4.1679999999999999e-04	   2.3317580679800003e-03	
   4.1700000000000000e-04	   2.3319831129200003e-03	
   4.1720000000000000e-04	   2.3322076058199998e-03	
   4.1740000000000001e-04	   2.3324315434300000e-03	
   4.1760000000000001e-04	   2.3326549224900002e-03	
   4.1780000000000002e-04	   2.3328777397499997e-03	
   4.1799999999999997e-04	   2.3330999919900001e-03	
   4.1820000000000003e-04	   2.3333216759800000e-03	
   4.1839999999999998e-04	   2.3335427885100000e-03	
   4.1860000000000004e-04	   2.3337633263900001e-03	
   4.1879999999999999e-04	   2.3339832864100003e-03	
   4.1899999999999999e-04	   2.3342026654200000e-03	
   4.1920000000000005e-04	   2.3344214602300001e-03	
   4.1940000000000000e-04	   2.3346396677100000e-03	
   4.1960000000000001e-04	   2.3348572847000002e-03	
   4.1980000000000001e-04	   2.3350743080799998e-03	
   4.2000000000000002e-04	   2.3352907347200000e-03	
   4.2020000000000002e-04	   2.3355065615200000e-03	
   4.2040000000000003e-04	   2.3357217853800000e-03	
   4.2059999999999998e-04	   2.3359364032199998e-03	
   4.2080000000000004e-04	   2.3361504119699997e-03	
   4.2099999999999999e-04	   2.3363638085599999e-03	
   4.2120000000000005e-04	   2.3365765899400000e-03	
   4.2140000000000000e-04	   2.3367887530899999e-03	
   4.2160000000000000e-04	   2.3370002949800002e-03	
   4.2180000000000001e-04	   2.3372112125800001e-03	
   4.2200000000000001e-04	   2.3374215029099998e-03	
   4.2220000000000002e-04	   2.3376311629700001e-03	
   4.2240000000000002e-04	   2.3378401898000003e-03	
   4.2259999999999997e-04	   2.3380485804100001e-03	
   4.2280000000000003e-04	   2.3382563318800000e-03	
   4.2299999999999998e-04	   2.3384634412400001e-03	
   4.2320000000000004e-04	   2.3386699055900004e-03	
   4.2339999999999999e-04	   2.3388757220000000e-03	
   4.2360000000000000e-04	   2.3390808875800003e-03	
   4.2380000000000000e-04	   2.3392853994400001e-03	
   4.2400000000000001e-04	   2.3394892546900001e-03	
   4.2420000000000001e-04	   2.3396924504800001e-03	
   4.2440000000000002e-04	   2.3398949839599998e-03	
   4.2459999999999997e-04	   2.3400968522899997e-03	
   4.2480000000000003e-04	   2.3402980526400002e-03	
   4.2499999999999998e-04	   2.3404985822100001e-03	
   4.2520000000000004e-04	   2.3406984381899999e-03	
   4.2539999999999999e-04	   2.3408976178000002e-03	
   4.2559999999999999e-04	   2.3410961182700001e-03	
   4.2580000000000000e-04	   2.3412939368400000e-03	
   4.2600000000000000e-04	   2.3414910707600001e-03	
   4.2620000000000001e-04	   2.3416874254100000e-03	
   4.2640000000000001e-04	   2.3418817831499998e-03	
   4.2659999999999996e-04	   2.3420754478700001e-03	
   4.2680000000000002e-04	   2.3422684168700001e-03	
   4.2700000000000002e-04	   2.3424606874700000e-03	
   4.2720000000000003e-04	   2.3426522570200001e-03	
   4.2740000000000003e-04	   2.3428431228500004e-03	
   4.2759999999999999e-04	   2.3430332823399999e-03	
   4.2780000000000004e-04	   2.3432227328500001e-03	
   4.2800000000000000e-04	   2.3434114717900000e-03	
   4.2820000000000005e-04	   2.3435994965400001e-03	
   4.2840000000000000e-04	   2.3437868045400002e-03	
   4.2860000000000001e-04	   2.3439733932000004e-03	
   4.2880000000000001e-04	   2.3441592599900002e-03	
   4.2900000000000002e-04	   2.3443444023500000e-03	
   4.2920000000000002e-04	   2.3445288177500003e-03	
   4.2940000000000003e-04	   2.3447125036999998e-03	
   4.2959999999999998e-04	   2.3448954576799999e-03	
   4.2980000000000004e-04	   2.3450776772100000e-03	
   4.2999999999999999e-04	   2.3452591598300001e-03	
   4.3020000000000005e-04	   2.3454399030699998e-03	
   4.3040000000000000e-04	   2.3456199044999998e-03	
   4.3060000000000000e-04	   2.3457991616800001e-03	
   4.3080000000000001e-04	   2.3459776722100003e-03	
   4.3100000000000001e-04	   2.3461554336799998e-03	
   4.3120000000000002e-04	   2.3463324437100002e-03	
   4.3140000000000002e-04	   2.3465086999300004e-03	
   4.3159999999999997e-04	   2.3466841999799999e-03	
   4.3180000000000003e-04	   2.3468589415300001e-03	
   4.3199999999999998e-04	   2.3470329222399998e-03	
   4.3219999999999999e-04	   2.3472061398100001e-03	
   4.3239999999999999e-04	   2.3473785919400003e-03	
   4.3260000000000000e-04	   2.3475502763399998e-03	
   4.3280000000000000e-04	   2.3477211907600003e-03	
   4.3300000000000001e-04	   2.3478913329200001e-03	
   4.3319999999999996e-04	   2.3480607006100000e-03	
   4.3340000000000002e-04	   2.3482292915900003e-03	
   4.3359999999999997e-04	   2.3483971036600002e-03	
   4.3380000000000003e-04	   2.3485641346200001e-03	
   4.3400000000000003e-04	   2.3487303823000001e-03	
   4.3419999999999998e-04	   2.3488958445400001e-03	
   4.3440000000000004e-04	   2.3490605191700000e-03	
   4.3459999999999999e-04	   2.3492244040799999e-03	
   4.3480000000000005e-04	   2.3493874971500001e-03	
   4.3500000000000000e-04	   2.3495497962699998e-03	
   4.3520000000000001e-04	   2.3497112993500001e-03	
   4.3540000000000001e-04	   2.3498720043299997e-03	
   4.3560000000000002e-04	   2.3500319091400001e-03	
   4.3580000000000002e-04	   2.3501910117500000e-03	
   4.3600000000000003e-04	   2.3503493101399999e-03	
   4.3619999999999998e-04	   2.3505068022799998e-03	
   4.3640000000000004e-04	   2.3506634861900004e-03	
   4.3659999999999999e-04	   2.3508193598800000e-03	
   4.3680000000000005e-04	   2.3509744214000000e-03	
   4.3700000000000000e-04	   2.3511286687900000e-03	
   4.3720000000000000e-04	   2.3512821001200001e-03	
   4.3740000000000001e-04	   2.3514347134800002e-03	
   4.3760000000000001e-04	   2.3515865069600001e-03	
   4.3780000000000002e-04	   2.3517374786800002e-03	
   4.3800000000000002e-04	   2.3518876267700000e-03	
   4.3819999999999997e-04	   2.3520369493700002e-03	
   4.3840000000000003e-04	   2.3521854446500001e-03	
   4.3859999999999998e-04	   2.3523331107900003e-03	
   4.3880000000000004e-04	   2.3524799459700000e-03	
   4.3899999999999999e-04	   2.3526259484100000e-03	
   4.3920000000000000e-04	   2.3527711163400002e-03	
   4.3940000000000000e-04	   2.3529154479900003e-03	
   4.3960000000000001e-04	   2.3530589416200002e-03	
   4.3980000000000001e-04	   2.3532015955099999e-03	
   4.4000000000000002e-04	   2.3533424990200003e-03	
   4.4019999999999997e-04	   2.3534821803899999e-03	
   4.4040000000000003e-04	   2.3536210167900001e-03	
   4.4059999999999998e-04	   2.3537590065599999e-03	
   4.4080000000000004e-04	   2.3538961480599999e-03	
   4.4099999999999999e-04	   2.3540324396600001e-03	
   4.4119999999999999e-04	   2.3541678797399999e-03	
   4.4140000000000005e-04	   2.3543024667200003e-03	
   4.4160000000000000e-04	   2.3544361990100000e-03	
   4.4180000000000006e-04	   2.3545690750500000e-03	
   4.4200000000000001e-04	   2.3547010932999999e-03	
   4.4220000000000001e-04	   2.3548322522199999e-03	
   4.4240000000000002e-04	   2.3549625503000000e-03	
   4.4260000000000002e-04	   2.3550919860400002e-03	
   4.4280000000000003e-04	   2.3552205579699999e-03	
   4.4300000000000003e-04	   2.3553482646200001e-03	
   4.4319999999999999e-04	   2.3554751045300002e-03	
   4.4340000000000004e-04	   2.3556010762900001e-03	
   4.4359999999999999e-04	   2.3557261784800001e-03	
   4.4380000000000000e-04	   2.3558504096899999e-03	
   4.4400000000000000e-04	   2.3559737685600003e-03	
   4.4420000000000001e-04	   2.3560962537000000e-03	
   4.4440000000000001e-04	   2.3562178637899999e-03	
   4.4460000000000002e-04	   2.3563385974800003e-03	
   4.4479999999999997e-04	   2.3564584534600001e-03	
   4.4500000000000003e-04	   2.3565774304299997e-03	
   4.4519999999999998e-04	   2.3566955271199998e-03	
   4.4540000000000004e-04	   2.3568127422599998e-03	
   4.4559999999999999e-04	   2.3569290746000000e-03	
   4.4579999999999999e-04	   2.3570445229199998e-03	
   4.4600000000000000e-04	   2.3571590859999998e-03	
   4.4620000000000000e-04	   2.3572727626400003e-03	
   4.4640000000000001e-04	   2.3573855516600003e-03	
   4.4660000000000001e-04	   2.3574974519099999e-03	
   4.4679999999999996e-04	   2.3576084622399999e-03	
   4.4700000000000002e-04	   2.3577185815200001e-03	
   4.4719999999999997e-04	   2.3578278086300000e-03	
   4.4740000000000003e-04	   2.3579361424900000e-03	
   4.4759999999999998e-04	   2.3580435820100003e-03	
   4.4779999999999999e-04	   2.3581501261500000e-03	
   4.4799999999999999e-04	   2.3582557738400000e-03	
   4.4820000000000000e-04	   2.3583605240800002e-03	
   4.4840000000000006e-04	   2.3584643758400000e-03	
   4.4860000000000001e-04	   2.3585673281500000e-03	
   4.4880000000000001e-04	   2.3586693800099999e-03	
   4.4900000000000002e-04	   2.3587705304900001e-03	
   4.4920000000000002e-04	   2.3588707786300002e-03	
   4.4940000000000003e-04	   2.3589701235099997e-03	
   4.4960000000000003e-04	   2.3590685642400004e-03	
   4.4979999999999998e-04	   2.3591660999099998e-03	
   4.5000000000000004e-04	   2.3592627296700002e-03	
   4.5019999999999999e-04	   2.3593584526500001e-03	
   4.5040000000000005e-04	   2.3594532680200004e-03	
   4.5060000000000000e-04	   2.3595471749600001e-03	
   4.5080000000000001e-04	   2.3596401726699999e-03	
   4.5100000000000001e-04	   2.3597322603700001e-03	
   4.5120000000000002e-04	   2.3598234372800004e-03	
   4.5140000000000002e-04	   2.3599137026700003e-03	
   4.5160000000000003e-04	   2.3600030557900001e-03	
   4.5179999999999998e-04	   2.3600914959300001e-03	
   4.5200000000000004e-04	   2.3601790223900000e-03	
   4.5219999999999999e-04	   2.3602656345000001e-03	
   4.5240000000000005e-04	   2.3603513316000002e-03	
   4.5260000000000000e-04	   2.3604361130299999e-03	
   4.5280000000000000e-04	   2.3605199781700000e-03	
   4.5300000000000001e-04	   2.3606029264099998e-03	
   4.5320000000000001e-04	   2.3606849571600002e-03	
   4.5340000000000002e-04	   2.3607660698399999e-03	
   4.5360000000000002e-04	   2.3608462639000002e-03	
   4.5379999999999997e-04	   2.3609255387900003e-03	
   4.5400000000000003e-04	   2.3610030304000002e-03	
   4.5419999999999998e-04	   2.3610792844800002e-03	
   4.5440000000000004e-04	   2.3611546178100001e-03	
   4.5459999999999999e-04	   2.3612290299199999e-03	
   4.5480000000000000e-04	   2.3613025203600003e-03	
   4.5500000000000000e-04	   2.3613750887100000e-03	
   4.5520000000000001e-04	   2.3614467345499999e-03	
   4.5540000000000001e-04	   2.3615174574700003e-03	
   4.5560000000000002e-04	   2.3615872571000002e-03	
   4.5579999999999997e-04	   2.3616561330700001e-03	
   4.5600000000000003e-04	   2.3617240850400002e-03	
   4.5620000000000003e-04	   2.3617911126900004e-03	
   4.5639999999999998e-04	   2.3618572156900003e-03	
   4.5660000000000004e-04	   2.3619223937699999e-03	
   4.5679999999999999e-04	   2.3619866466400002e-03	
   4.5700000000000005e-04	   2.3620499740500001e-03	
   4.5720000000000000e-04	   2.3621123757600004e-03	
   4.5740000000000000e-04	   2.3621738515400004e-03	
   4.5760000000000001e-04	   2.3622344011999998e-03	
   4.5780000000000001e-04	   2.3622940245400003e-03	
   4.5800000000000002e-04	   2.3623527214000004e-03	
   4.5820000000000002e-04	   2.3624104916299998e-03	
   4.5839999999999998e-04	   2.3624673350900001e-03	
   4.5860000000000003e-04	   2.3625232516700000e-03	
   4.5879999999999998e-04	   2.3625782412700002e-03	
   4.5900000000000004e-04	   2.3626323038100001e-03	
   4.5919999999999999e-04	   2.3626854392200000e-03	
   4.5940000000000000e-04	   2.3627376474700001e-03	
   4.5960000000000000e-04	   2.3627889285200003e-03	
   4.5980000000000001e-04	   2.3628392823700000e-03	
   4.6000000000000001e-04	   2.3628887090199999e-03	
   4.6020000000000002e-04	   2.3629372085000001e-03	
   4.6039999999999997e-04	   2.3629847808500004e-03	
   4.6060000000000003e-04	   2.3630314261300000e-03	
   4.6079999999999998e-04	   2.3630771444300000e-03	
   4.6100000000000004e-04	   2.3631219358300004e-03	
   4.6119999999999999e-04	   2.3631658004599999e-03	
   4.6139999999999999e-04	   2.3632087384400000e-03	
   4.6160000000000000e-04	   2.3632507499200001e-03	
   4.6180000000000000e-04	   2.3632918350799999e-03	
   4.6200000000000001e-04	   2.3633319940900002e-03	
   4.6220000000000001e-04	   2.3633712271600000e-03	
   4.6239999999999996e-04	   2.3634095345100000e-03	
   4.6260000000000002e-04	   2.3634469163800000e-03	
   4.6279999999999997e-04	   2.3634833730100005e-03	
   4.6300000000000003e-04	   2.3635189046899998e-03	
   4.6319999999999998e-04	   2.3635535117100003e-03	
   4.6339999999999999e-04	   2.3635871943700000e-03	
   4.6360000000000005e-04	   2.3636199530100003e-03	
   4.6380000000000000e-04	   2.3636517879500000e-03	
   4.6400000000000006e-04	   2.3636826995700002e-03	
   4.6420000000000001e-04	   2.3637126882400002e-03	
   4.6440000000000001e-04	   2.3637417543700000e-03	
   4.6460000000000002e-04	   2.3637698983600000e-03	
   4.6480000000000002e-04	   2.3637971206400001e-03	
   4.6500000000000003e-04	   2.3638234216699998e-03	
   4.6520000000000003e-04	   2.3638488019100002e-03	
   4.6539999999999998e-04	   2.3638732618400000e-03	
   4.6560000000000004e-04	   2.3638968019800001e-03	
   4.6579999999999999e-04	   2.3639194228300001e-03	
   4.6600000000000005e-04	   2.3639411249400002e-03	
   4.6620000000000000e-04	   2.3639619088500000e-03	
   4.6640000000000001e-04	   2.3639817751500000e-03	
   4.6660000000000001e-04	   2.3640007244100001e-03	
   4.6680000000000002e-04	   2.3640187572600002e-03	
   4.6700000000000002e-04	   2.3640358743000000e-03	
   4.6720000000000003e-04	   2.3640520761900002e-03	
   4.6739999999999998e-04	   2.3640673635899998e-03	
   4.6760000000000004e-04	   2.3640817371599998e-03	
   4.6779999999999999e-04	   2.3640951976100001e-03	
   4.6800000000000005e-04	   2.3641077456400001e-03	
   4.6820000000000000e-04	   2.3641192496299999e-03	
   4.6840000000000000e-04	   2.3641288972799999e-03	
   4.6860000000000001e-04	   2.3641376347600003e-03	
   4.6880000000000001e-04	   2.3641454628499999e-03	
   4.6899999999999996e-04	   2.3641523823399999e-03	
   4.6920000000000002e-04	   2.3641583940500000e-03	
   4.6939999999999997e-04	   2.3641634988300002e-03	
   4.6960000000000003e-04	   2.3641676975100002e-03	
   4.6979999999999998e-04	   2.3641709909800000e-03	
   4.6999999999999999e-04	   2.3641733801100001e-03	
   4.7019999999999999e-04	   2.3641748658099998e-03	
   4.7040000000000000e-04	   2.3641754490000004e-03	
   4.7060000000000005e-04	   2.3641751306200001e-03	
   4.7080000000000001e-04	   2.3641739116200002e-03	
   4.7100000000000001e-04	   2.3641717929800002e-03	
   4.7120000000000002e-04	   2.3641687756899999e-03	
   4.7140000000000002e-04	   2.3641648607500001e-03	
   4.7160000000000002e-04	   2.3641600491900003e-03	
   4.7180000000000003e-04	   2.3641543420399999e-03	
   4.7199999999999998e-04	   2.3641477403700002e-03	
   4.7220000000000004e-04	   2.3641402452600001e-03	
   4.7239999999999999e-04	   2.3641318577899998e-03	
   4.7260000000000005e-04	   2.3641225790700000e-03	
   4.7280000000000000e-04	   2.3641124102300004e-03	
   4.7300000000000000e-04	   2.3641013524200003e-03	
   4.7320000000000001e-04	   2.3640894067899999e-03	
   4.7340000000000001e-04	   2.3640765745199998e-03	
   4.7360000000000002e-04	   2.3640628568099998e-03	
   4.7380000000000002e-04	   2.3640482548600004e-03	
   4.7399999999999997e-04	   2.3640327699100002e-03	
   4.7420000000000003e-04	   2.3640164032100001e-03	
   4.7439999999999998e-04	   2.3639991560000001e-03	
   4.7460000000000004e-04	   2.3639810295700003e-03	
   4.7479999999999999e-04	   2.3639620252200004e-03	
   4.7500000000000000e-04	   2.3639421442600002e-03	
   4.7520000000000000e-04	   2.3639213880200000e-03	
   4.7540000000000001e-04	   2.3638997578400000e-03	
   4.7560000000000001e-04	   2.3638772550800000e-03	
   4.7580000000000002e-04	   2.3638538811300001e-03	
   4.7599999999999997e-04	   2.3638296373799999e-03	
   4.7620000000000003e-04	   2.3638045252499999e-03	
   4.7639999999999998e-04	   2.3637785461499998e-03	
   4.7660000000000004e-04	   2.3637517015500003e-03	
   4.7679999999999999e-04	   2.3637239928899997e-03	
   4.7699999999999999e-04	   2.3636954216600002e-03	
   4.7720000000000000e-04	   2.3636659893500000e-03	
   4.7740000000000000e-04	   2.3636356974799998e-03	
   4.7760000000000001e-04	   2.3636045475800001e-03	
   4.7780000000000001e-04	   2.3635725411800001e-03	
   4.7799999999999996e-04	   2.3635396798500001e-03	
   4.7820000000000002e-04	   2.3635059651599998e-03	
   4.7840000000000003e-04	   2.3634713987099997e-03	
   4.7860000000000003e-04	   2.3634359821200000e-03	
   4.7880000000000004e-04	   2.3633997169900003e-03	
   4.7899999999999999e-04	   2.3633626049899999e-03	
   4.7920000000000005e-04	   2.3633246477599997e-03	
   4.7940000000000000e-04	   2.3632858469800001e-03	
   4.7960000000000006e-04	   2.3632462043400001e-03	
   4.7980000000000001e-04	   2.3632057215500000e-03	
   4.8000000000000001e-04	   2.3631644003399999e-03	
   4.8020000000000002e-04	   2.3631222424299997e-03	
   4.8040000000000002e-04	   2.3630792495900003e-03	
   4.8060000000000003e-04	   2.3630354235799999e-03	
   4.8080000000000003e-04	   2.3629907661999999e-03	
   4.8099999999999998e-04	   2.3629452792499998e-03	
   4.8120000000000004e-04	   2.3628989645399999e-03	
   4.8139999999999999e-04	   2.3628518239099997e-03	
   4.8160000000000000e-04	   2.3628038592200000e-03	
   4.8180000000000000e-04	   2.3627550723200001e-03	
   4.8200000000000001e-04	   2.3627054650999998e-03	
   4.8220000000000001e-04	   2.3626550394599999e-03	
   4.8240000000000002e-04	   2.3626037973099997e-03	
   4.8259999999999997e-04	   2.3625517405799997e-03	
   4.8280000000000003e-04	   2.3624988712200000e-03	
   4.8299999999999998e-04	   2.3624443487800001e-03	
   4.8320000000000004e-04	   2.3623888815699997e-03	
   4.8339999999999999e-04	   2.3623326077000001e-03	
   4.8359999999999999e-04	   2.3622755291800002e-03	
   4.8380000000000000e-04	   2.3622176480400004e-03	
   4.8400000000000000e-04	   2.3621589663100000e-03	
   4.8420000000000001e-04	   2.3620994860500000e-03	
   4.8440000000000001e-04	   2.3620392093299998e-03	
   4.8459999999999996e-04	   2.3619781382400000e-03	
   4.8480000000000002e-04	   2.3619162748600001e-03	
   4.8499999999999997e-04	   2.3618536213299997e-03	
   4.8520000000000003e-04	   2.3617901797599998e-03	
   4.8540000000000003e-04	   2.3617259523000000e-03	
   4.8559999999999999e-04	   2.3616609411199999e-03	
   4.8580000000000004e-04	   2.3615951483900001e-03	
   4.8600000000000000e-04	   2.3615285763000002e-03	
   4.8620000000000005e-04	   2.3614612270600002e-03	
   4.8640000000000001e-04	   2.3613931028800004e-03	
   4.8660000000000001e-04	   2.3613242059999998e-03	
   4.8680000000000001e-04	   2.3612545386800000e-03	
   4.8700000000000002e-04	   2.3611841031700000e-03	
   4.8720000000000002e-04	   2.3611129017599999e-03	
   4.8740000000000003e-04	   2.3610409367399998e-03	
   4.8759999999999998e-04	   2.3609682104300000e-03	
   4.8780000000000004e-04	   2.3608947251300000e-03	
   4.8799999999999999e-04	   2.3608204832000000e-03	
   4.8820000000000005e-04	   2.3607454869900000e-03	
   4.8840000000000005e-04	   2.3606697388600002e-03	
   4.8859999999999995e-04	   2.3605932412000003e-03	
   4.8880000000000006e-04	   2.3605159963900001e-03	
   4.8899999999999996e-04	   2.3604380068599998e-03	
   4.8920000000000007e-04	   2.3603592750299999e-03	
   4.8939999999999997e-04	   2.3602798033400003e-03	
   4.8959999999999997e-04	   2.3601995942300002e-03	
   4.8979999999999998e-04	   2.3601186501900000e-03	
   4.8999999999999998e-04	   2.3600369736900004e-03	
   4.9019999999999999e-04	   2.3599545672200002e-03	
   4.9039999999999999e-04	   2.3598714333000000e-03	
   4.9060000000000000e-04	   2.3597875744500001e-03	
   4.9080000000000000e-04	   2.3597029932200001e-03	
   4.9100000000000001e-04	   2.3596176921400003e-03	
   4.9120000000000001e-04	   2.3595316737899997e-03	
   4.9140000000000002e-04	   2.3594449407500001e-03	
   4.9160000000000002e-04	   2.3593574956099999e-03	
   4.9180000000000003e-04	   2.3592693409800001e-03	
   4.9200000000000003e-04	   2.3591804794800002e-03	
   4.9220000000000004e-04	   2.3590909137399998e-03	
   4.9240000000000004e-04	   2.3590006464200004e-03	
   4.9259999999999994e-04	   2.3589096801699999e-03	
   4.9280000000000005e-04	   2.3588180176700000e-03	
   4.9300000000000006e-04	   2.3587256616099997e-03	
   4.9320000000000006e-04	   2.3586326146899997e-03	
   4.9340000000000007e-04	   2.3585388796300002e-03	
   4.9359999999999996e-04	   2.3584444591500000e-03	
   4.9380000000000008e-04	   2.3583493560000003e-03	
   4.9399999999999997e-04	   2.3582535729299997e-03	
   4.9419999999999998e-04	   2.3581571127200000e-03	
   4.9439999999999998e-04	   2.3580599781300002e-03	
   4.9459999999999999e-04	   2.3579621719800000e-03	
   4.9479999999999999e-04	   2.3578636970600000e-03	
   4.9500000000000000e-04	   2.3577645561899999e-03	
   4.9520000000000000e-04	   2.3576647522099998e-03	
   4.9540000000000001e-04	   2.3575642879699998e-03	
   4.9560000000000001e-04	   2.3574631663200001e-03	
   4.9580000000000002e-04	   2.3573613901399998e-03	
   4.9600000000000002e-04	   2.3572589623100000e-03	
   4.9620000000000003e-04	   2.3571558857300003e-03	
   4.9640000000000003e-04	   2.3570521633000004e-03	
   4.9660000000000004e-04	   2.3569477979500002e-03	
   4.9680000000000004e-04	   2.3568427926200001e-03	
   4.9700000000000005e-04	   2.3567371502499997e-03	
   4.9719999999999994e-04	   2.3566308738000000e-03	
   4.9740000000000006e-04	   2.3565239662400000e-03	
   4.9759999999999995e-04	   2.3564164305600000e-03	
   4.9780000000000007e-04	   2.3563082697600000e-03	
   4.9799999999999996e-04	   2.3561986686600001e-03	
   4.9819999999999997e-04	   2.3560883832599998e-03	
   4.9839999999999997e-04	   2.3559774818700000e-03	
   4.9859999999999998e-04	   2.3558659675500001e-03	
   4.9879999999999998e-04	   2.3557538433500000e-03	
   4.9899999999999999e-04	   2.3556411123499999e-03	
   4.9919999999999999e-04	   2.3555277776200001e-03	
   4.9940000000000000e-04	   2.3554138422500000e-03	
   4.9960000000000000e-04	   2.3552993093599998e-03	
   4.9980000000000001e-04	   2.3551841820499998e-03	
   5.0000000000000001e-04	   2.3550684634600001e-03	
   5.0020000000000002e-04	   2.3549521567200003e-03	
   5.0040000000000002e-04	   2.3548352649800002e-03	
   5.0060000000000002e-04	   2.3547177914100001e-03	
   5.0080000000000003e-04	   2.3545997391800004e-03	
   5.0100000000000003e-04	   2.3544811114700002e-03	
   5.0120000000000004e-04	   2.3543619114800001e-03	
   5.0139999999999994e-04	   2.3542421424099999e-03	
   5.0160000000000005e-04	   2.3541218074900000e-03	
   5.0180000000000005e-04	   2.3540009099399998e-03	
   5.0200000000000006e-04	   2.3538794530099999e-03	
   5.0219999999999996e-04	   2.3537574399400000e-03	
   5.0239999999999996e-04	   2.3536348739900000e-03	
   5.0260000000000007e-04	   2.3535117584499998e-03	
   5.0280000000000008e-04	   2.3533880965799997e-03	
   5.0299999999999997e-04	   2.3532638917000003e-03	
   5.0319999999999998e-04	   2.3531391470900001e-03	
   5.0339999999999998e-04	   2.3530138660800000e-03	
   5.0360000000000010e-04	   2.3528880519999998e-03	
   5.0379999999999999e-04	   2.3527617081700002e-03	
   5.0400000000000000e-04	   2.3526348379500003e-03	
   5.0420000000000000e-04	   2.3525074447000001e-03	
   5.0440000000000001e-04	   2.3523795317699999e-03	
   5.0460000000000001e-04	   2.3522511025499998e-03	
   5.0480000000000002e-04	   2.3521221604299999e-03	
   5.0500000000000002e-04	   2.3519927088100001e-03	
   5.0520000000000003e-04	   2.3518627510800000e-03	
   5.0539999999999992e-04	   2.3517322906799996e-03	
   5.0560000000000004e-04	   2.3516013310299999e-03	
   5.0580000000000004e-04	   2.3514698755600001e-03	
   5.0600000000000005e-04	   2.3513379277200000e-03	
   5.0619999999999994e-04	   2.3512054909700002e-03	
   5.0639999999999995e-04	   2.3510725687900000e-03	
   5.0660000000000006e-04	   2.3509391646300004e-03	
   5.0680000000000007e-04	   2.3508052820000003e-03	
   5.0699999999999996e-04	   2.3506709243700003e-03	
   5.0719999999999997e-04	   2.3505360952700001e-03	
   5.0739999999999997e-04	   2.3504007982100002e-03	
   5.0760000000000009e-04	   2.3502650367000001e-03	
   5.0780000000000009e-04	   2.3501288142800001e-03	
   5.0799999999999999e-04	   2.3499921344899998e-03	
   5.0819999999999999e-04	   2.3498550008799997e-03	
   5.0840000000000000e-04	   2.3497174170100002e-03	
   5.0860000000000011e-04	   2.3495793864599999e-03	
   5.0880000000000001e-04	   2.3494409128000000e-03	
   5.0900000000000001e-04	   2.3493019996000002e-03	
   5.0920000000000002e-04	   2.3491626504799999e-03	
   5.0940000000000002e-04	   2.3490228690400002e-03	
   5.0960000000000003e-04	   2.3488826588800001e-03	
   5.0980000000000003e-04	   2.3487420236299999e-03	
   5.1000000000000004e-04	   2.3486009669099997e-03	
   5.1020000000000004e-04	   2.3484594923700000e-03	
   5.1039999999999994e-04	   2.3483176036500002e-03	
   5.1060000000000005e-04	   2.3481753044100003e-03	
   5.1080000000000006e-04	   2.3480325983000002e-03	
   5.1100000000000006e-04	   2.3478894890100002e-03	
   5.1119999999999996e-04	   2.3477459802100000e-03	
   5.1139999999999996e-04	   2.3476020755800000e-03	
   5.1160000000000008e-04	   2.3474577788200001e-03	
   5.1180000000000008e-04	   2.3473130936300002e-03	
   5.1199999999999998e-04	   2.3471680237300003e-03	
   5.1219999999999998e-04	   2.3470225728299998e-03	
   5.1239999999999999e-04	   2.3468767446599998e-03	
   5.1259999999999999e-04	   2.3467305429600003e-03	
   5.1280000000000000e-04	   2.3465839714599999e-03	
   5.1300000000000000e-04	   2.3464370339100001e-03	
   5.1320000000000001e-04	   2.3462894969599997e-03	
   5.1340000000000001e-04	   2.3461410456300002e-03	
   5.1359999999999991e-04	   2.3459922396500002e-03	
   5.1380000000000002e-04	   2.3458430828000002e-03	
   5.1400000000000003e-04	   2.3456935788500003e-03	
   5.1420000000000003e-04	   2.3455437316000000e-03	
   5.1439999999999993e-04	   2.3453935448599999e-03	
   5.1459999999999993e-04	   2.3452430224300000e-03	
   5.1480000000000004e-04	   2.3450921681200001e-03	
   5.1500000000000005e-04	   2.3449409857500001e-03	
   5.1520000000000005e-04	   2.3447894791500004e-03	
   5.1539999999999995e-04	   2.3446376521499999e-03	
   5.1559999999999996e-04	   2.3444855085900003e-03	
   5.1580000000000007e-04	   2.3443330523200000e-03	
   5.1600000000000007e-04	   2.3441802871900000e-03	
   5.1619999999999997e-04	   2.3440272170699998e-03	
   5.1639999999999998e-04	   2.3438738458000001e-03	
   5.1659999999999998e-04	   2.3437201772799998e-03	
   5.1680000000000009e-04	   2.3435662153700001e-03	
   5.1699999999999999e-04	   2.3434119639600000e-03	
   5.1719999999999999e-04	   2.3432574269400003e-03	
   5.1740000000000000e-04	   2.3431026082000000e-03	
   5.1760000000000000e-04	   2.3429475116499999e-03	
   5.1780000000000001e-04	   2.3427921411900000e-03	
   5.1800000000000001e-04	   2.3426365007399997e-03	
   5.1820000000000002e-04	   2.3424805942200001e-03	
   5.1840000000000002e-04	   2.3423244255500004e-03	
   5.1859999999999992e-04	   2.3421679986500000e-03	
   5.1880000000000003e-04	   2.3420113174700001e-03	
   5.1900000000000004e-04	   2.3418543859500002e-03	
   5.1920000000000004e-04	   2.3416972080299997e-03	
   5.1939999999999994e-04	   2.3415397876700001e-03	
   5.1959999999999994e-04	   2.3413821288099999e-03	
   5.1980000000000006e-04	   2.3412242354300000e-03	
   5.2000000000000006e-04	   2.3410661114799999e-03	
   5.2019999999999996e-04	   2.3409077609400000e-03	
   5.2039999999999996e-04	   2.3407491877800004e-03	
   5.2059999999999997e-04	   2.3405903959899999e-03	
   5.2080000000000008e-04	   2.3404313895600002e-03	
   5.2099999999999998e-04	   2.3402721724600003e-03	
   5.2119999999999998e-04	   2.3401127487000001e-03	
   5.2139999999999999e-04	   2.3399531222800000e-03	
   5.2159999999999999e-04	   2.3397932971900002e-03	
   5.2180000000000011e-04	   2.3396332774499999e-03	
   5.2200000000000000e-04	   2.3394730670700001e-03	
   5.2220000000000001e-04	   2.3393126700700000e-03	
   5.2240000000000001e-04	   2.3391520904699997e-03	
   5.2260000000000002e-04	   2.3389913322799999e-03	
   5.2280000000000002e-04	   2.3388303995499999e-03	
   5.2300000000000003e-04	   2.3386692963000000e-03	
   5.2320000000000003e-04	   2.3385080265599999e-03	
   5.2340000000000004e-04	   2.3383465943900002e-03	
   5.2359999999999993e-04	   2.3381850038200003e-03	
   5.2380000000000005e-04	   2.3380232588999998e-03	
   5.2400000000000005e-04	   2.3378613636800003e-03	
   5.2420000000000006e-04	   2.3376993222100004e-03	
   5.2439999999999995e-04	   2.3375371385600001e-03	
   5.2459999999999996e-04	   2.3373748167800001e-03	
   5.2480000000000007e-04	   2.3372123609400001e-03	
   5.2500000000000008e-04	   2.3370497751100000e-03	
   5.2519999999999997e-04	   2.3368870633499999e-03	
   5.2539999999999998e-04	   2.3367242297400001e-03	
   5.2559999999999998e-04	   2.3365612783600000e-03	
   5.2580000000000010e-04	   2.3363982132799999e-03	
   5.2599999999999999e-04	   2.3362350385900000e-03	
   5.2620000000000000e-04	   2.3360717583700004e-03	
   5.2640000000000000e-04	   2.3359083767099998e-03	
   5.2660000000000001e-04	   2.3357448977100004e-03	
   5.2680000000000001e-04	   2.3355813254400002e-03	
   5.2700000000000002e-04	   2.3354176640100000e-03	
   5.2720000000000002e-04	   2.3352539175100001e-03	
   5.2740000000000003e-04	   2.3350900900500002e-03	
   5.2759999999999992e-04	   2.3349261857200003e-03	
   5.2780000000000004e-04	   2.3347622086300002e-03	
   5.2800000000000004e-04	   2.3345981628800001e-03	
   5.2820000000000005e-04	   2.3344340525899999e-03	
   5.2839999999999994e-04	   2.3342698818500001e-03	
   5.2859999999999995e-04	   2.3341056548000002e-03	
   5.2880000000000006e-04	   2.3339413755200000e-03	
   5.2900000000000006e-04	   2.3337763688100004e-03	
   5.2919999999999996e-04	   2.3336112900299998e-03	
   5.2939999999999997e-04	   2.3334461714900000e-03	
   5.2959999999999997e-04	   2.3332810173000000e-03	
   5.2980000000000008e-04	   2.3331158316000000e-03	
   5.3000000000000009e-04	   2.3329506184900000e-03	
   5.3019999999999999e-04	   2.3327853821000001e-03	
   5.3039999999999999e-04	   2.3326201265600004e-03	
   5.3060000000000000e-04	   2.3324548559900001e-03	
   5.3080000000000011e-04	   2.3322895745199997e-03	
   5.3100000000000000e-04	   2.3321242862800002e-03	
   5.3120000000000001e-04	   2.3319589953899999e-03	
   5.3140000000000001e-04	   2.3317937059800001e-03	
   5.3160000000000002e-04	   2.3316284221900001e-03	
   5.3180000000000002e-04	   2.3314631481300002e-03	
   5.3200000000000003e-04	   2.3312978879500000e-03	
   5.3220000000000003e-04	   2.3311326457700001e-03	
   5.3240000000000004e-04	   2.3309674257300001e-03	
   5.3259999999999994e-04	   2.3308022319499999e-03	
   5.3280000000000005e-04	   2.3306370685800002e-03	
   5.3300000000000005e-04	   2.3304719397300002e-03	
   5.3320000000000006e-04	   2.3303068495399998e-03	
   5.3339999999999995e-04	   2.3301418021500001e-03	
   5.3359999999999996e-04	   2.3299768016900001e-03	
   5.3380000000000007e-04	   2.3298118522800003e-03	
   5.3400000000000008e-04	   2.3296469580600001e-03	
   5.3419999999999997e-04	   2.3294821231700001e-03	
   5.3439999999999998e-04	   2.3293173517299997e-03	
   5.3459999999999998e-04	   2.3291526478600002e-03	
   5.3480000000000010e-04	   2.3289880157199997e-03	
   5.3499999999999999e-04	   2.3288234594100003e-03	
   5.3520000000000000e-04	   2.3286589830699999e-03	
   5.3540000000000000e-04	   2.3284945908300003e-03	
   5.3560000000000001e-04	   2.3283302868200000e-03	
   5.3580000000000001e-04	   2.3281660751600002e-03	
   5.3600000000000002e-04	   2.3280019599699999e-03	
   5.3620000000000002e-04	   2.3278379453800001e-03	
   5.3640000000000003e-04	   2.3276740355199998e-03	
   5.3659999999999992e-04	   2.3275102345000002e-03	
   5.3680000000000004e-04	   2.3273465464499999e-03	
   5.3700000000000004e-04	   2.3271829754799998e-03	
   5.3720000000000005e-04	   2.3270195257099999e-03	
   5.3740000000000005e-04	   2.3268562012500001e-03	
   5.3759999999999995e-04	   2.3266930062300004e-03	
   5.3779999999999995e-04	   2.3265299447499999e-03	
   5.3800000000000007e-04	   2.3263670209299997e-03	
   5.3820000000000007e-04	   2.3262042388800001e-03	
   5.3839999999999997e-04	   2.3260416026900004e-03	
   5.3859999999999997e-04	   2.3258791164800000e-03	
   5.3879999999999998e-04	   2.3257167843500001e-03	
   5.3900000000000009e-04	   2.3255546104000002e-03	
   5.3919999999999999e-04	   2.3253925987400002e-03	
   5.3939999999999999e-04	   2.3252307534500001e-03	
   5.3960000000000000e-04	   2.3250690786300000e-03	
   5.3980000000000000e-04	   2.3249075783700001e-03	
   5.4000000000000001e-04	   2.3247462567600003e-03	
   5.4020000000000001e-04	   2.3245851178999998e-03	
   5.4040000000000002e-04	   2.3244241658600001e-03	
   5.4060000000000002e-04	   2.3242634047200002e-03	
   5.4079999999999992e-04	   2.3241028385599998e-03	
   5.4100000000000003e-04	   2.3239424714600002e-03	
   5.4120000000000004e-04	   2.3237823075000002e-03	
   5.4140000000000004e-04	   2.3236223507400000e-03	
   5.4159999999999994e-04	   2.3234626052400001e-03	
   5.4179999999999994e-04	   2.3233030750800000e-03	
   5.4200000000000006e-04	   2.3231437643000002e-03	
   5.4220000000000006e-04	   2.3229846769800000e-03	
   5.4239999999999996e-04	   2.3228258171600000e-03	
   5.4259999999999996e-04	   2.3226671888900000e-03	
   5.4279999999999997e-04	   2.3225087962200001e-03	
   5.4300000000000008e-04	   2.3223506431900003e-03	
   5.4319999999999998e-04	   2.3221927338400003e-03	
   5.4339999999999998e-04	   2.3220350722099998e-03	
   5.4359999999999999e-04	   2.3218776623200000e-03	
   5.4379999999999999e-04	   2.3217205082099999e-03	
   5.4400000000000010e-04	   2.3215636138999999e-03	
   5.4420000000000000e-04	   2.3214069834100004e-03	
   5.4440000000000001e-04	   2.3212506207599998e-03	
   5.4460000000000001e-04	   2.3210945299499998e-03	
   5.4480000000000002e-04	   2.3209387149900002e-03	
   5.4500000000000002e-04	   2.3207826213699997e-03	
   5.4520000000000002e-04	   2.3206267427799999e-03	
   5.4540000000000003e-04	   2.3204711521200004e-03	
   5.4560000000000003e-04	   2.3203158533900000e-03	
   5.4579999999999993e-04	   2.3201608505600004e-03	
   5.4600000000000004e-04	   2.3200061476100001e-03	
   5.4620000000000005e-04	   2.3198517485300001e-03	
   5.4640000000000005e-04	   2.3196976572799999e-03	
   5.4659999999999995e-04	   2.3195438778200001e-03	
   5.4679999999999996e-04	   2.3193904141099999e-03	
   5.4700000000000007e-04	   2.3192372701199998e-03	
   5.4720000000000007e-04	   2.3190844497900003e-03	
   5.4739999999999997e-04	   2.3189319570600005e-03	
   5.4759999999999997e-04	   2.3187797958700001e-03	
   5.4779999999999998e-04	   2.3186279701700001e-03	
   5.4800000000000009e-04	   2.3184764838600001e-03	
   5.4819999999999999e-04	   2.3183253408899998e-03	
   5.4839999999999999e-04	   2.3181745451600001e-03	
   5.4860000000000000e-04	   2.3180241005900004e-03	
   5.4880000000000000e-04	   2.3178740110799999e-03	
   5.4900000000000001e-04	   2.3177242805300000e-03	
   5.4920000000000001e-04	   2.3175749128400000e-03	
   5.4940000000000002e-04	   2.3174259118900003e-03	
   5.4960000000000002e-04	   2.3172772815699999e-03	
   5.4979999999999992e-04	   2.3171290257599998e-03	
   5.5000000000000003e-04	   2.3169811483200000e-03	
   5.5020000000000004e-04	   2.3168336531100000e-03	
   5.5040000000000004e-04	   2.3166865440000001e-03	
   5.5059999999999994e-04	   2.3165398248300001e-03	
   5.5079999999999994e-04	   2.3163934994500004e-03	
   5.5100000000000006e-04	   2.3162475716999999e-03	
   5.5120000000000006e-04	   2.3161020454100000e-03	
   5.5139999999999996e-04	   2.3159569244100000e-03	
   5.5159999999999996e-04	   2.3158122125000002e-03	
   5.5179999999999997e-04	   2.3156679135100003e-03	
   5.5200000000000008e-04	   2.3155240312299997e-03	
   5.5220000000000009e-04	   2.3153805694699999e-03	
   5.5239999999999998e-04	   2.3152375320099998e-03	
   5.5259999999999999e-04	   2.3150949226400002e-03	
   5.5279999999999999e-04	   2.3149527451399999e-03	
   5.5300000000000011e-04	   2.3148110032700001e-03	
   5.5320000000000000e-04	   2.3146697007900003e-03	
   5.5340000000000001e-04	   2.3145288414700002e-03	
   5.5360000000000001e-04	   2.3143884290400003e-03	
   5.5380000000000002e-04	   2.3142484672500001e-03	
   5.5400000000000002e-04	   2.3141089598200000e-03	
   5.5420000000000003e-04	   2.3139699104799999e-03	
   5.5440000000000003e-04	   2.3138313229600000e-03	
   5.5460000000000004e-04	   2.3136932009500000e-03	
   5.5479999999999993e-04	   2.3135555481600002e-03	
   5.5500000000000005e-04	   2.3134183682800001e-03	
   5.5520000000000005e-04	   2.3132816649999999e-03	
   5.5540000000000006e-04	   2.3131454419900001e-03	
   5.5559999999999995e-04	   2.3130097029200000e-03	
   5.5579999999999996e-04	   2.3128744514500001e-03	
   5.5600000000000007e-04	   2.3127396912400000e-03	
   5.5620000000000008e-04	   2.3126054259300002e-03	
   5.5639999999999997e-04	   2.3124716591600000e-03	
   5.5659999999999998e-04	   2.3123383945399998e-03	
   5.5679999999999998e-04	   2.3122056357099997e-03	
   5.5700000000000009e-04	   2.3120733862699999e-03	
   5.5719999999999999e-04	   2.3119416498300002e-03	
   5.5740000000000000e-04	   2.3118104299700002e-03	
   5.5760000000000000e-04	   2.3116797302799997e-03	
   5.5780000000000001e-04	   2.3115495543400001e-03	
   5.5800000000000001e-04	   2.3114199057099999e-03	
   5.5820000000000002e-04	   2.3112907879500001e-03	
   5.5840000000000002e-04	   2.3111622046100002e-03	
   5.5860000000000003e-04	   2.3110341592300003e-03	
   5.5879999999999992e-04	   2.3109066553400003e-03	
   5.5900000000000004e-04	   2.3107796964600001e-03	
   5.5920000000000004e-04	   2.3106532860900000e-03	
   5.5940000000000004e-04	   2.3105274277599999e-03	
   5.5960000000000005e-04	   2.3104021249300000e-03	
   5.5979999999999995e-04	   2.3102773811100002e-03	
   5.6000000000000006e-04	   2.3101531997600003e-03	
   5.6020000000000006e-04	   2.3100295843500001e-03	
   5.6040000000000007e-04	   2.3099065383300000e-03	
   5.6059999999999997e-04	   2.3097840651500000e-03	
   5.6079999999999997e-04	   2.3096621682400001e-03	
   5.6100000000000008e-04	   2.3095408510300001e-03	
   5.6120000000000009e-04	   2.3094200784499999e-03	
   5.6139999999999998e-04	   2.3092993779899999e-03	
   5.6159999999999999e-04	   2.3091792675100000e-03	
   5.6179999999999999e-04	   2.3090597503799999e-03	
   5.6200000000000011e-04	   2.3089408299800003e-03	
   5.6220000000000000e-04	   2.3088225096800003e-03	
   5.6240000000000001e-04	   2.3087047928300000e-03	
   5.6260000000000001e-04	   2.3085876827699998e-03	
   5.6280000000000002e-04	   2.3084711828400000e-03	
   5.6299999999999992e-04	   2.3083552963499999e-03	
   5.6320000000000003e-04	   2.3082400266299999e-03	
   5.6340000000000003e-04	   2.3081253769800000e-03	
   5.6360000000000004e-04	   2.3080113506700004e-03	
   5.6379999999999993e-04	   2.3078979510000003e-03	
   5.6399999999999994e-04	   2.3077851812400001e-03	
   5.6420000000000005e-04	   2.3076730446299999e-03	
   5.6440000000000006e-04	   2.3075615444400001e-03	
   5.6459999999999995e-04	   2.3074506838900001e-03	
   5.6479999999999996e-04	   2.3073404662199998e-03	
   5.6499999999999996e-04	   2.3072308946299998e-03	
   5.6520000000000008e-04	   2.3071219723300000e-03	
   5.6539999999999997e-04	   2.3070137025099999e-03	
   5.6559999999999998e-04	   2.3069060883599999e-03	
   5.6579999999999998e-04	   2.3067991330400000e-03	
   5.6599999999999999e-04	   2.3066928397100003e-03	
   5.6620000000000010e-04	   2.3065872115100002e-03	
   5.6640000000000000e-04	   2.3064822515900000e-03	
   5.6660000000000000e-04	   2.3063779630700001e-03	
   5.6680000000000001e-04	   2.3062743490600002e-03	
   5.6700000000000001e-04	   2.3061714126499998e-03	
   5.6720000000000002e-04	   2.3060691569400001e-03	
   5.6740000000000002e-04	   2.3059675850100000e-03	
   5.6760000000000003e-04	   2.3058666999200002e-03	
   5.6780000000000003e-04	   2.3057665047200001e-03	
   5.6799999999999993e-04	   2.3056670024600000e-03	
   5.6820000000000004e-04	   2.3055681961499999e-03	
   5.6840000000000005e-04	   2.3054700888400000e-03	
   5.6860000000000005e-04	   2.3053726835000001e-03	
   5.6879999999999995e-04	   2.3052759831500001e-03	
   5.6899999999999995e-04	   2.3051799907500004e-03	
   5.6920000000000007e-04	   2.3050847092800000e-03	
   5.6940000000000007e-04	   2.3049901417000001e-03	
   5.6959999999999997e-04	   2.3048962909500001e-03	
   5.6979999999999997e-04	   2.3048031599500001e-03	
   5.6999999999999998e-04	   2.3047107516300002e-03	
   5.7020000000000009e-04	   2.3046190689000002e-03	
   5.7039999999999999e-04	   2.3045281146400003e-03	
   5.7059999999999999e-04	   2.3044378917400003e-03	
   5.7080000000000000e-04	   2.3043484030700000e-03	
   5.7100000000000000e-04	   2.3042596514799996e-03	
   5.7120000000000001e-04	   2.3041716398099999e-03	
   5.7140000000000001e-04	   2.3040843709000000e-03	
   5.7160000000000002e-04	   2.3039978475600000e-03	
   5.7180000000000002e-04	   2.3039120725900004e-03	
   5.7199999999999992e-04	   2.3038270487900003e-03	
   5.7220000000000003e-04	   2.3037427789399999e-03	
   5.7240000000000004e-04	   2.3036592657899998e-03	
   5.7260000000000004e-04	   2.3035765120999999e-03	
   5.7279999999999994e-04	   2.3034945206100001e-03	
   5.7299999999999994e-04	   2.3034132940499999e-03	
   5.7320000000000005e-04	   2.3033328351100002e-03	
   5.7340000000000006e-04	   2.3032531465099998e-03	
   5.7360000000000006e-04	   2.3031742309299998e-03	
   5.7379999999999996e-04	   2.3030960910399999e-03	
   5.7399999999999997e-04	   2.3030187294900001e-03	
   5.7420000000000008e-04	   2.3029421489400002e-03	
   5.7440000000000008e-04	   2.3028663520000001e-03	
   5.7459999999999998e-04	   2.3027913413100000e-03	
   5.7479999999999999e-04	   2.3027171194499999e-03	
   5.7499999999999999e-04	   2.3026436890299998e-03	
   5.7520000000000010e-04	   2.3025710526199997e-03	
   5.7540000000000000e-04	   2.3024992127699999e-03	
   5.7560000000000000e-04	   2.3024281720399999e-03	
   5.7580000000000001e-04	   2.3023579329600002e-03	
   5.7600000000000001e-04	   2.3022884980499997e-03	
   5.7620000000000002e-04	   2.3022198698099999e-03	
   5.7640000000000002e-04	   2.3021520507500001e-03	
   5.7660000000000003e-04	   2.3020850433299999e-03	
   5.7680000000000003e-04	   2.3020188500200000e-03	
   5.7699999999999993e-04	   2.3019534732600004e-03	
   5.7720000000000004e-04	   2.3018889155000002e-03	
   5.7740000000000005e-04	   2.3018251791600002e-03	
   5.7760000000000005e-04	   2.3017622666299999e-03	
   5.7779999999999995e-04	   2.3017001803200001e-03	
   5.7799999999999995e-04	   2.3016386907800000e-03	
   5.7820000000000007e-04	   2.3015777801100000e-03	
   5.7840000000000007e-04	   2.3015177027600003e-03	
   5.7859999999999997e-04	   2.3014584610800003e-03	
   5.7879999999999997e-04	   2.3014000573700001e-03	
   5.7899999999999998e-04	   2.3013424939400001e-03	
   5.7920000000000009e-04	   2.3012857730900001e-03	
   5.7939999999999999e-04	   2.3012298970799998e-03	
   5.7959999999999999e-04	   2.3011748681699999e-03	
   5.7980000000000000e-04	   2.3011206886100004e-03	
   5.8000000000000000e-04	   2.3010673606400000e-03	
   5.8020000000000001e-04	   2.3010148864600001e-03	
   5.8040000000000001e-04	   2.3009632682700000e-03	
   5.8060000000000002e-04	   2.3009125082700003e-03	
   5.8080000000000002e-04	   2.3008626086100004e-03	
   5.8099999999999992e-04	   2.3008135714600001e-03	
   5.8120000000000003e-04	   2.3007653989500000e-03	
   5.8140000000000004e-04	   2.3007180932099998e-03	
   5.8160000000000004e-04	   2.3006716563600000e-03	
   5.8180000000000005e-04	   2.3006260904700005e-03	
   5.8199999999999994e-04	   2.3005813976399998e-03	
   5.8220000000000006e-04	   2.3005375799200001e-03	
   5.8240000000000006e-04	   2.3004946393600000e-03	
   5.8260000000000007e-04	   2.3004525780000000e-03	
   5.8279999999999996e-04	   2.3004113978499999e-03	
   5.8299999999999997e-04	   2.3003711009200001e-03	
   5.8320000000000008e-04	   2.3003316891900003e-03	
   5.8340000000000009e-04	   2.3002931646400001e-03	
   5.8359999999999998e-04	   2.3002555292100002e-03	
   5.8379999999999999e-04	   2.3002187848500002e-03	
   5.8399999999999999e-04	   2.3001829334799999e-03	
   5.8420000000000011e-04	   2.3001479770100000e-03	
   5.8440000000000000e-04	   2.3001139173400003e-03	
   5.8460000000000001e-04	   2.3000807563299999e-03	
   5.8480000000000001e-04	   2.3000484958600000e-03	
   5.8500000000000002e-04	   2.3000171377599997e-03	
   5.8520000000000002e-04	   2.2999866838599998e-03	
   5.8540000000000003e-04	   2.2999571359900001e-03	
   5.8560000000000003e-04	   2.2999284959300003e-03	
   5.8580000000000004e-04	   2.2999007654700000e-03	
   5.8599999999999993e-04	   2.2998739463700002e-03	
   5.8620000000000005e-04	   2.2998480403900001e-03	
   5.8640000000000005e-04	   2.2998230492500002e-03	
   5.8660000000000006e-04	   2.2997989746799999e-03	
   5.8679999999999995e-04	   2.2997758183700002e-03	
   5.8699999999999996e-04	   2.2997535820100004e-03	
   5.8720000000000007e-04	   2.2997322672799999e-03	
   5.8740000000000007e-04	   2.2997118758099999e-03	
   5.8759999999999997e-04	   2.2996924092500001e-03	
   5.8779999999999998e-04	   2.2996738692300000e-03	
   5.8799999999999998e-04	   2.2996562573300004e-03	
   5.8819999999999999e-04	   2.2996395751599999e-03	
   5.8840000000000010e-04	   2.2996238242799999e-03	
   5.8860000000000000e-04	   2.2996090062400000e-03	
   5.8880000000000000e-04	   2.2995951226000002e-03	
   5.8900000000000001e-04	   2.2995821748500000e-03	
   5.8920000000000001e-04	   2.2995701645200000e-03	
   5.8940000000000002e-04	   2.2995590931000000e-03	
   5.8960000000000002e-04	   2.2995489620400000e-03	
   5.8980000000000002e-04	   2.2995397728200005e-03	
   5.9000000000000003e-04	   2.2995315268699999e-03	
   5.9019999999999993e-04	   2.2995242256100001e-03	
   5.9040000000000004e-04	   2.2995178704400001e-03	
   5.9060000000000004e-04	   2.2995124627700004e-03	
   5.9080000000000005e-04	   2.2995080039500001e-03	
   5.9099999999999995e-04	   2.2995044953599999e-03	
   5.9119999999999995e-04	   2.2995019383100002e-03	
   5.9140000000000006e-04	   2.2995003341500001e-03	
   5.9160000000000007e-04	   2.2994996841700002e-03	
   5.9179999999999996e-04	   2.2994999896600002e-03	
   5.9199999999999997e-04	   2.2995012519000002e-03	
   5.9219999999999997e-04	   2.2995034721300001e-03	
   5.9240000000000009e-04	   2.2995066516099997e-03	
   5.9259999999999998e-04	   2.2995107915400000e-03	
   5.9279999999999999e-04	   2.2995158931400001e-03	
   5.9299999999999999e-04	   2.2995219575900000e-03	
   5.9320000000000000e-04	   2.2995289860600000e-03	
   5.9340000000000000e-04	   2.2995369797000000e-03	
   5.9360000000000001e-04	   2.2995459396600000e-03	
   5.9380000000000001e-04	   2.2995558670499999e-03	
   5.9400000000000002e-04	   2.2995667629800002e-03	
   5.9419999999999991e-04	   2.2995786285200000e-03	
   5.9440000000000003e-04	   2.2995914647500003e-03	
   5.9460000000000003e-04	   2.2996052727100001e-03	
   5.9480000000000004e-04	   2.2996200534500001e-03	
   5.9499999999999993e-04	   2.2996357663799998e-03	
   5.9519999999999994e-04	   2.2996520754500001e-03	
   5.9540000000000005e-04	   2.2996693602899999e-03	
   5.9560000000000006e-04	   2.2996876218500002e-03	
   5.9580000000000006e-04	   2.2997068610900004e-03	
   5.9599999999999996e-04	   2.2997270789400000e-03	
   5.9619999999999996e-04	   2.2997482763100000e-03	
   5.9640000000000008e-04	   2.2997704540900000e-03	
   5.9660000000000008e-04	   2.2997936131700001e-03	
   5.9679999999999998e-04	   2.2998177543999999e-03	
   5.9699999999999998e-04	   2.2998428786299998e-03	
   5.9719999999999999e-04	   2.2998689866799999e-03	
   5.9740000000000010e-04	   2.2998960793699998e-03	
   5.9760000000000000e-04	   2.2999241574900003e-03	
   5.9780000000000000e-04	   2.2999532218000002e-03	
   5.9800000000000001e-04	   2.2999832730700000e-03	
   5.9820000000000001e-04	   2.3000143120400001e-03	
   5.9840000000000002e-04	   2.3000463394200004e-03	
   5.9860000000000002e-04	   2.3000793559200001e-03	
   5.9880000000000003e-04	   2.3001133622299998e-03	
   5.9900000000000003e-04	   2.3001483590200001e-03	
   5.9919999999999993e-04	   2.3001843469400000e-03	
   5.9940000000000004e-04	   2.3002213266300003e-03	
   5.9960000000000005e-04	   2.3002592986900001e-03	
   5.9980000000000005e-04	   2.3002982637400000e-03	
   5.9999999999999995e-04	   2.3003382223500003e-03	
   6.0019999999999995e-04	   2.3003791750799999e-03	
   6.0040000000000007e-04	   2.3004211224899999e-03	
   6.0060000000000007e-04	   2.3004640650999999e-03	
   6.0079999999999997e-04	   2.3005080034299999e-03	
   6.0099999999999997e-04	   2.3005529379600000e-03	
   6.0119999999999998e-04	   2.3005988691799997e-03	
   6.0140000000000009e-04	   2.3006457975400002e-03	
   6.0159999999999999e-04	   2.3006937234799998e-03	
   6.0179999999999999e-04	   2.3007426474399998e-03	
   6.0200000000000000e-04	   2.3007925698000000e-03	
   6.0220000000000000e-04	   2.3008434909700002e-03	
   6.0240000000000001e-04	   2.3008954113100002e-03	
   6.0260000000000001e-04	   2.3009483311799998e-03	
   6.0280000000000002e-04	   2.3010022509099997e-03	
   6.0300000000000002e-04	   2.3010571708200001e-03	
   6.0319999999999992e-04	   2.3011130911999998e-03	
   6.0340000000000003e-04	   2.3011700123500003e-03	
   6.0360000000000003e-04	   2.3012279345199999e-03	
   6.0380000000000004e-04	   2.3012868579600000e-03	
   6.0400000000000004e-04	   2.3013467829000002e-03	
   6.0419999999999994e-04	   2.3014077095599998e-03	
   6.0440000000000005e-04	   2.3014696381200000e-03	
   6.0460000000000006e-04	   2.3015325687700001e-03	
   6.0480000000000006e-04	   2.3015965016500001e-03	
   6.0499999999999996e-04	   2.3016614369200002e-03	
   6.0519999999999997e-04	   2.3017273746899999e-03	
   6.0540000000000008e-04	   2.3017943150699998e-03	
   6.0560000000000008e-04	   2.3018622581500001e-03	
   6.0579999999999998e-04	   2.3019312039900004e-03	
   6.0599999999999998e-04	   2.3020011526500000e-03	
   6.0619999999999999e-04	   2.3020721041699999e-03	
   6.0640000000000010e-04	   2.3021440585500002e-03	
   6.0660000000000000e-04	   2.3022170158000003e-03	
   6.0680000000000000e-04	   2.3022909758999999e-03	
   6.0700000000000001e-04	   2.3023659388100000e-03	
   6.0720000000000001e-04	   2.3024419044800001e-03	
   6.0740000000000002e-04	   2.3025188728300000e-03	
   6.0760000000000002e-04	   2.3025968437799999e-03	
   6.0780000000000003e-04	   2.3026758172200001e-03	
   6.0800000000000003e-04	   2.3027557930200004e-03	
   6.0819999999999993e-04	   2.3028367710400000e-03	
   6.0840000000000004e-04	   2.3029187511200001e-03	
   6.0860000000000005e-04	   2.3030017330699999e-03	
   6.0880000000000005e-04	   2.3030857167200000e-03	
   6.0899999999999995e-04	   2.3031707018300001e-03	
   6.0919999999999995e-04	   2.3032566881800000e-03	
   6.0940000000000007e-04	   2.3033436755099997e-03	
   6.0960000000000007e-04	   2.3034316635700000e-03	
   6.0979999999999997e-04	   2.3035206520699999e-03	
   6.0999999999999997e-04	   2.3036106407000002e-03	
   6.1019999999999998e-04	   2.3037016291400001e-03	
   6.1040000000000009e-04	   2.3037936170600000e-03	
   6.1060000000000010e-04	   2.3038866041000003e-03	
   6.1079999999999999e-04	   2.3039805898900003e-03	
   6.1100000000000000e-04	   2.3040755740400000e-03	
   6.1120000000000000e-04	   2.3041715561299999e-03	
   6.1140000000000012e-04	   2.3042685357400000e-03	
   6.1160000000000001e-04	   2.3043665124300003e-03	
   6.1180000000000002e-04	   2.3044654857400002e-03	
   6.1200000000000002e-04	   2.3045654551800002e-03	
   6.1220000000000003e-04	   2.3046664202699997e-03	
   6.1240000000000003e-04	   2.3047683804700001e-03	
   6.1260000000000004e-04	   2.3048710063700000e-03	
   6.1280000000000004e-04	   2.3049745937800000e-03	
   6.1300000000000005e-04	   2.3050791746299999e-03	
   6.1319999999999994e-04	   2.3051847483500001e-03	
   6.1339999999999995e-04	   2.3052913143199998e-03	
   6.1360000000000006e-04	   2.3053988719199999e-03	
   6.1380000000000007e-04	   2.3055074205300002e-03	
   6.1399999999999996e-04	   2.3056169594699999e-03	
   6.1419999999999997e-04	   2.3057274880900003e-03	
   6.1439999999999997e-04	   2.3058390056800004e-03	
   6.1460000000000009e-04	   2.3059515115499999e-03	
   6.1479999999999998e-04	   2.3060650049700005e-03	
   6.1499999999999999e-04	   2.3061794851800001e-03	
   6.1519999999999999e-04	   2.3062949514400001e-03	
   6.1540000000000000e-04	   2.3064114029699998e-03	
   6.1560000000000000e-04	   2.3065288389600000e-03	
   6.1580000000000001e-04	   2.3066472586099999e-03	
   6.1600000000000001e-04	   2.3067666610900000e-03	
   6.1620000000000002e-04	   2.3068870455500001e-03	
   6.1639999999999991e-04	   2.3070084111300000e-03	
   6.1660000000000003e-04	   2.3071307569300001e-03	
   6.1680000000000003e-04	   2.3072540820700000e-03	
   6.1700000000000004e-04	   2.3073783856299998e-03	
   6.1719999999999993e-04	   2.3075036666700003e-03	
   6.1739999999999994e-04	   2.3076299242399999e-03	
   6.1760000000000005e-04	   2.3077571573700004e-03	
   6.1780000000000005e-04	   2.3078853650800001e-03	
   6.1800000000000006e-04	   2.3080145463599999e-03	
   6.1819999999999996e-04	   2.3081447002000002e-03	
   6.1839999999999996e-04	   2.3082758255500001e-03	
   6.1860000000000007e-04	   2.3084079213600002e-03	
   6.1880000000000008e-04	   2.3085409865500001e-03	
   6.1899999999999998e-04	   2.3086750200499999e-03	
   6.1919999999999998e-04	   2.3088100207400001e-03	
   6.1939999999999999e-04	   2.3089459874999999e-03	
   6.1960000000000010e-04	   2.3090829191900002e-03	
   6.1980000000000000e-04	   2.3092208146500001e-03	
   6.2000000000000000e-04	   2.3093596727100001e-03	
   6.2020000000000000e-04	   2.3094994921700001e-03	
   6.2040000000000001e-04	   2.3096402718300003e-03	
   6.2060000000000001e-04	   2.3097820104600003e-03	
   6.2080000000000002e-04	   2.3099247068200002e-03	
   6.2100000000000002e-04	   2.3100683596499996e-03	
   6.2120000000000003e-04	   2.3102129676700000e-03	
   6.2139999999999993e-04	   2.3103585295900001e-03	
   6.2160000000000004e-04	   2.3105050441000002e-03	
   6.2180000000000004e-04	   2.3106525098700002e-03	
   6.2200000000000005e-04	   2.3108009255600002e-03	
   6.2219999999999994e-04	   2.3109502898100002e-03	
   6.2239999999999995e-04	   2.3111006012400000e-03	
   6.2260000000000006e-04	   2.3112518584500002e-03	
   6.2280000000000007e-04	   2.3114040600400003e-03	
   6.2299999999999996e-04	   2.3115572045800002e-03	
   6.2319999999999997e-04	   2.3117112906200000e-03	
   6.2339999999999997e-04	   2.3118663167100003e-03	
   6.2360000000000009e-04	   2.3120222813599999e-03	
   6.2379999999999998e-04	   2.3121791830800001e-03	
   6.2399999999999999e-04	   2.3123370203600004e-03	
   6.2419999999999999e-04	   2.3124957916699999e-03	
   6.2440000000000000e-04	   2.3126554954699999e-03	
   6.2460000000000000e-04	   2.3128161302100000e-03	
   6.2480000000000001e-04	   2.3129776942900004e-03	
   6.2500000000000001e-04	   2.3131401861300003e-03	
   6.2520000000000002e-04	   2.3133036041300000e-03	
   6.2540000000000002e-04	   2.3134679466499997e-03	
   6.2560000000000003e-04	   2.3136332120400000e-03	
   6.2580000000000003e-04	   2.3137993986700003e-03	
   6.2600000000000004e-04	   2.3139665048400003e-03	
   6.2620000000000004e-04	   2.3141345288599999e-03	
   6.2639999999999994e-04	   2.3143034690400002e-03	
   6.2660000000000005e-04	   2.3144733236400003e-03	
   6.2680000000000006e-04	   2.3146440909299999e-03	
   6.2700000000000006e-04	   2.3148157691500002e-03	
   6.2719999999999996e-04	   2.3149883565300000e-03	
   6.2739999999999996e-04	   2.3151618512800001e-03	
   6.2760000000000008e-04	   2.3153362515999998e-03	
   6.2780000000000008e-04	   2.3155115556700002e-03	
   6.2799999999999998e-04	   2.3156877616400001e-03	
   6.2819999999999998e-04	   2.3158648676800003e-03	
   6.2839999999999999e-04	   2.3160428719000000e-03	
   6.2860000000000010e-04	   2.3162217724300000e-03	
   6.2880000000000000e-04	   2.3164015673799998e-03	
   6.2900000000000000e-04	   2.3165822548100001e-03	
   6.2920000000000001e-04	   2.3167638328100001e-03	
   6.2940000000000001e-04	   2.3169462994199999e-03	
   6.2960000000000002e-04	   2.3171296526799997e-03	
   6.2980000000000002e-04	   2.3173138906200002e-03	
   6.3000000000000003e-04	   2.3174990112400000e-03	
   6.3020000000000003e-04	   2.3176850125300004e-03	
   6.3039999999999993e-04	   2.3178716185999998e-03	
   6.3060000000000004e-04	   2.3180590683800004e-03	
   6.3080000000000005e-04	   2.3182473926600003e-03	
   6.3100000000000005e-04	   2.3184365893600001e-03	
   6.3119999999999995e-04	   2.3186266564100004e-03	
   6.3139999999999995e-04	   2.3188175916899999e-03	
   6.3160000000000007e-04	   2.3190093930999999e-03	
   6.3180000000000007e-04	   2.3192020584900004e-03	
   6.3199999999999997e-04	   2.3193955857200004e-03	
   6.3219999999999997e-04	   2.3195899726300004e-03	
   6.3239999999999998e-04	   2.3197852170400001e-03	
   6.3260000000000009e-04	   2.3199813167500000e-03	
   6.3280000000000009e-04	   2.3201782695499999e-03	
   6.3299999999999999e-04	   2.3203760732199998e-03	
   6.3320000000000000e-04	   2.3205747255300004e-03	
   6.3340000000000000e-04	   2.3207742242100002e-03	
   6.3360000000000011e-04	   2.3209745669999999e-03	
   6.3380000000000001e-04	   2.3211757516099999e-03	
   6.3400000000000001e-04	   2.3213777757600000e-03	
   6.3420000000000002e-04	   2.3215806371099999e-03	
   6.3440000000000002e-04	   2.3217843333400000e-03	
   6.3460000000000003e-04	   2.3219888621200000e-03	
   6.3480000000000003e-04	   2.3221942210800003e-03	
   6.3500000000000004e-04	   2.3224004078600002e-03	
   6.3520000000000004e-04	   2.3226074200500004e-03	
   6.3539999999999994e-04	   2.3228152552700002e-03	
   6.3560000000000005e-04	   2.3230239110899999e-03	
   6.3580000000000006e-04	   2.3232333851000001e-03	
   6.3600000000000006e-04	   2.3234436748300002e-03	
   6.3619999999999996e-04	   2.3236547778299997e-03	
   6.3639999999999996e-04	   2.3238666916400000e-03	
   6.3660000000000008e-04	   2.3240794137499997e-03	
   6.3680000000000008e-04	   2.3242929416700002e-03	
   6.3699999999999998e-04	   2.3245072728900001e-03	
   6.3719999999999998e-04	   2.3247224048600001e-03	
   6.3739999999999999e-04	   2.3249383350600001e-03	
   6.3759999999999999e-04	   2.3251550609099999e-03	
   6.3780000000000000e-04	   2.3253725798399998e-03	
   6.3800000000000000e-04	   2.3255908892800001e-03	
   6.3820000000000001e-04	   2.3258099866100002e-03	
   6.3840000000000001e-04	   2.3260298692300003e-03	
   6.3859999999999991e-04	   2.3262505345100003e-03	
   6.3880000000000002e-04	   2.3264719797999999e-03	
   6.3900000000000003e-04	   2.3266942024400003e-03	
   6.3920000000000003e-04	   2.3269171997800002e-03	
   6.3939999999999993e-04	   2.3271409691199996e-03	
   6.3959999999999993e-04	   2.3273655077600004e-03	
   6.3980000000000005e-04	   2.3275908130100001e-03	
   6.4000000000000005e-04	   2.3278168821300000e-03	
   6.4020000000000006e-04	   2.3280437123900000e-03	
   6.4039999999999995e-04	   2.3282713010400000e-03	
   6.4059999999999996e-04	   2.3284996453099998e-03	
   6.4080000000000007e-04	   2.3287287424200000e-03	
   6.4100000000000008e-04	   2.3289585895900000e-03	
   6.4119999999999997e-04	   2.3291891840100001e-03	
   6.4139999999999998e-04	   2.3294205228699999e-03	
   6.4159999999999998e-04	   2.3296526033299999e-03	
   6.4180000000000010e-04	   2.3298854225599999e-03	
   6.4199999999999999e-04	   2.3301189776900001e-03	
   6.4220000000000000e-04	   2.3303532658499999e-03	
   6.4240000000000000e-04	   2.3305882841800000e-03	
   6.4260000000000001e-04	   2.3308240297600000e-03	
   6.4280000000000001e-04	   2.3310604996999999e-03	
   6.4300000000000002e-04	   2.3312976910700002e-03	
   6.4320000000000002e-04	   2.3315356009400000e-03	
   6.4340000000000003e-04	   2.3317742263700000e-03	
   6.4359999999999992e-04	   2.3320135643999998e-03	
   6.4380000000000004e-04	   2.3322536120500004e-03	
   6.4400000000000004e-04	   2.3324943663500003e-03	
   6.4420000000000005e-04	   2.3327358242899998e-03	
   6.4439999999999994e-04	   2.3329779828800000e-03	
   6.4459999999999995e-04	   2.3332208390900002e-03	
   6.4480000000000006e-04	   2.3334643898900000e-03	
   6.4500000000000007e-04	   2.3337086322300000e-03	
   6.4519999999999996e-04	   2.3339535630700001e-03	
   6.4539999999999997e-04	   2.3341991793200002e-03	
   6.4559999999999997e-04	   2.3344454779100003e-03	
   6.4580000000000008e-04	   2.3346924557400002e-03	
   6.4599999999999998e-04	   2.3349401097200002e-03	
   6.4619999999999999e-04	   2.3351884367300004e-03	
   6.4639999999999999e-04	   2.3354374336300001e-03	
   6.4660000000000000e-04	   2.3356870972900002e-03	
   6.4680000000000011e-04	   2.3359374245600002e-03	
   6.4700000000000001e-04	   2.3361884122699997e-03	
   6.4720000000000001e-04	   2.3364400572400000e-03	
   6.4740000000000002e-04	   2.3366923562999999e-03	
   6.4760000000000002e-04	   2.3369453062399999e-03	
   6.4780000000000003e-04	   2.3371989038600003e-03	
   6.4800000000000003e-04	   2.3374531459300000e-03	
   6.4820000000000003e-04	   2.3377080292299999e-03	
   6.4840000000000004e-04	   2.3379635433699998e-03	
   6.4859999999999994e-04	   2.3382194439600002e-03	
   6.4880000000000005e-04	   2.3384759759399998e-03	
   6.4900000000000005e-04	   2.3387331360600000e-03	
   6.4920000000000006e-04	   2.3389909210100000e-03	
   6.4939999999999996e-04	   2.3392493275100003e-03	
   6.4959999999999996e-04	   2.3395083522300001e-03	
   6.4980000000000007e-04	   2.3397679918800000e-03	
   6.5000000000000008e-04	   2.3400282430999998e-03	
   6.5019999999999998e-04	   2.3402891025599997e-03	
   6.5039999999999998e-04	   2.3405505669100001e-03	
   6.5059999999999998e-04	   2.3408126327899999e-03	
   6.5080000000000010e-04	   2.3410752968200002e-03	
   6.5099999999999999e-04	   2.3413385556200002e-03	
   6.5120000000000000e-04	   2.3416024057900000e-03	
   6.5140000000000000e-04	   2.3418668439300003e-03	
   6.5160000000000001e-04	   2.3421318666299999e-03	
   6.5180000000000001e-04	   2.3423974704500001e-03	
   6.5200000000000002e-04	   2.3426636519800004e-03	
   6.5220000000000002e-04	   2.3429304077500000e-03	
   6.5240000000000003e-04	   2.3431977343199998e-03	
   6.5259999999999992e-04	   2.3434656282200002e-03	
   6.5280000000000004e-04	   2.3437340859800001e-03	
   6.5300000000000004e-04	   2.3440031041100000e-03	
   6.5320000000000005e-04	   2.3442726791199999e-03	
   6.5339999999999994e-04	   2.3445428074900000e-03	
   6.5359999999999995e-04	   2.3448134857299999e-03	
   6.5380000000000006e-04	   2.3450847103000001e-03	
   6.5400000000000007e-04	   2.3453564776800004e-03	
   6.5419999999999996e-04	   2.3456287843200002e-03	
   6.5439999999999997e-04	   2.3459016266600000e-03	
   6.5459999999999997e-04	   2.3461750011600003e-03	
   6.5480000000000009e-04	   2.3464489042300000e-03	
   6.5500000000000009e-04	   2.3467233322999998e-03	
   6.5519999999999999e-04	   2.3469982817799998e-03	
   6.5539999999999999e-04	   2.3472737490700005e-03	
   6.5560000000000000e-04	   2.3475497305699999e-03	
   6.5580000000000011e-04	   2.3478262226600002e-03	
   6.5600000000000001e-04	   2.3481032217200003e-03	
   6.5620000000000001e-04	   2.3483807241100000e-03	
   6.5640000000000002e-04	   2.3486587261900001e-03	
   6.5660000000000002e-04	   2.3489372243100004e-03	
   6.5680000000000003e-04	   2.3492162148100004e-03	
   6.5700000000000003e-04	   2.3494956940299998e-03	
   6.5720000000000004e-04	   2.3497756582899999e-03	
   6.5740000000000004e-04	   2.3500561039000003e-03	
   6.5759999999999994e-04	   2.3503370271700003e-03	
   6.5780000000000005e-04	   2.3506184244099998e-03	
   6.5800000000000006e-04	   2.3509002918900000e-03	
   6.5820000000000006e-04	   2.3511826259099999e-03	
   6.5839999999999996e-04	   2.3514654227299999e-03	
   6.5859999999999996e-04	   2.3517486786300001e-03	
   6.5880000000000008e-04	   2.3520323898700004e-03	
   6.5900000000000008e-04	   2.3523165526800000e-03	
   6.5919999999999998e-04	   2.3526011633300003e-03	
   6.5939999999999998e-04	   2.3528862180400003e-03	
   6.5959999999999999e-04	   2.3531717130400001e-03	
   6.5980000000000010e-04	   2.3534576445500004e-03	
   6.6000000000000000e-04	   2.3537440087800002e-03	
   6.6020000000000000e-04	   2.3540308019400001e-03	
   6.6040000000000001e-04	   2.3543180202300002e-03	
   6.6060000000000001e-04	   2.3546056598400000e-03	
   6.6080000000000002e-04	   2.3548937169399998e-03	
   6.6100000000000002e-04	   2.3551821877200001e-03	
   6.6120000000000003e-04	   2.3554710683500002e-03	
   6.6140000000000003e-04	   2.3557603549800004e-03	
   6.6159999999999993e-04	   2.3560500437799997e-03	
   6.6180000000000004e-04	   2.3563401308800002e-03	
   6.6200000000000005e-04	   2.3566306124399999e-03	
   6.6220000000000005e-04	   2.3569214845799999e-03	
   6.6240000000000005e-04	   2.3572127434400001e-03	
   6.6259999999999995e-04	   2.3575043851299998e-03	
   6.6279999999999996e-04	   2.3577964057800000e-03	
   6.6300000000000007e-04	   2.3580888014800004e-03	
   6.6320000000000007e-04	   2.3583815683400002e-03	
   6.6339999999999997e-04	   2.3586747024500004e-03	
   6.6359999999999998e-04	   2.3589681999099999e-03	
   6.6379999999999998e-04	   2.3592620568000000e-03	
   6.6400000000000009e-04	   2.3595562691900002e-03	
   6.6419999999999999e-04	   2.3598508331599999e-03	
   6.6439999999999999e-04	   2.3601457447700001e-03	
   6.6460000000000000e-04	   2.3604410000700000e-03	
   6.6480000000000000e-04	   2.3607365951300000e-03	
   6.6500000000000001e-04	   2.3610325260000000e-03	
   6.6520000000000001e-04	   2.3613287887000001e-03	
   6.6540000000000002e-04	   2.3616253792799998e-03	
   6.6560000000000002e-04	   2.3619222937700003e-03	
   6.6579999999999992e-04	   2.3622195281900000e-03	
   6.6600000000000003e-04	   2.3625170785700001e-03	
   6.6620000000000004e-04	   2.3628149409100001e-03	
   6.6640000000000004e-04	   2.3631131112400003e-03	
   6.6659999999999994e-04	   2.3634115855400003e-03	
   6.6679999999999994e-04	   2.3637103598200004e-03	
   6.6700000000000006e-04	   2.3640093689300001e-03	
   6.6720000000000006e-04	   2.3643085243900000e-03	
   6.6739999999999996e-04	   2.3646079677500003e-03	
   6.6759999999999996e-04	   2.3649076949899999e-03	
   6.6779999999999997e-04	   2.3652077020700000e-03	
   6.6800000000000008e-04	   2.3655079849600000e-03	
   6.6819999999999998e-04	   2.3658085396400003e-03	
   6.6839999999999998e-04	   2.3661093620600000e-03	
   6.6859999999999999e-04	   2.3664104481900001e-03	
   6.6879999999999999e-04	   2.3667117939599998e-03	
   6.6900000000000011e-04	   2.3670133953299999e-03	
   6.6920000000000000e-04	   2.3673152482400002e-03	
   6.6940000000000001e-04	   2.3676173486300001e-03	
   6.6960000000000001e-04	   2.3679196924400003e-03	
   6.6980000000000002e-04	   2.3682222755900002e-03	
   6.7000000000000002e-04	   2.3685250940200003e-03	
   6.7020000000000003e-04	   2.3688281436400000e-03	
   6.7040000000000003e-04	   2.3691314203799999e-03	
   6.7060000000000004e-04	   2.3694349201499997e-03	
   6.7079999999999993e-04	   2.3697386388599998e-03	
   6.7100000000000005e-04	   2.3700425724200000e-03	
   6.7120000000000005e-04	   2.3703467167499998e-03	
   6.7140000000000006e-04	   2.3706510677199998e-03	
   6.7159999999999995e-04	   2.3709556212599997e-03	
   6.7179999999999996e-04	   2.3712603732400001e-03	
   6.7200000000000007e-04	   2.3715653195700002e-03	
   6.7220000000000008e-04	   2.3718704561300000e-03	
   6.7239999999999997e-04	   2.3721757788099998e-03	
   6.7259999999999998e-04	   2.3724812834800000e-03	
   6.7279999999999998e-04	   2.3727869660400002e-03	
   6.7300000000000010e-04	   2.3730928223500000e-03	
   6.7319999999999999e-04	   2.3733988482900000e-03	
   6.7340000000000000e-04	   2.3737050397299999e-03	
   6.7360000000000000e-04	   2.3740113925400002e-03	
   6.7380000000000001e-04	   2.3743179025800002e-03	
   6.7400000000000001e-04	   2.3746245657300003e-03	
   6.7420000000000002e-04	   2.3749313778400000e-03	
   6.7440000000000002e-04	   2.3752383347700004e-03	
   6.7460000000000003e-04	   2.3755454323800000e-03	
   6.7479999999999992e-04	   2.3758526665100003e-03	
   6.7500000000000004e-04	   2.3761600330400000e-03	
   6.7520000000000004e-04	   2.3764675278000000e-03	
   6.7540000000000005e-04	   2.3767751466399999e-03	
   6.7559999999999994e-04	   2.3770828854200003e-03	
   6.7579999999999995e-04	   2.3773907399700003e-03	
   6.7600000000000006e-04	   2.3776987061500002e-03	
   6.7620000000000006e-04	   2.3780067797800003e-03	
   6.7639999999999996e-04	   2.3783149567200004e-03	
   6.7659999999999997e-04	   2.3786232328000000e-03	
   6.7679999999999997e-04	   2.3789316038499999e-03	
   6.7700000000000008e-04	   2.3792400657299999e-03	
   6.7720000000000009e-04	   2.3795486142499998e-03	
   6.7739999999999999e-04	   2.3798572452500004e-03	
   6.7759999999999999e-04	   2.3801659545699999e-03	
   6.7780000000000000e-04	   2.3804747380400003e-03	
   6.7800000000000011e-04	   2.3807835914900002e-03	
   6.7820000000000001e-04	   2.3810925107500000e-03	
   6.7840000000000001e-04	   2.3814014916400000e-03	
   6.7860000000000001e-04	   2.3817105300000000e-03	
   6.7880000000000002e-04	   2.3820196216500001e-03	
   6.7900000000000002e-04	   2.3823287624199999e-03	
   6.7920000000000003e-04	   2.3826379481300002e-03	
   6.7940000000000003e-04	   2.3829471746200002e-03	
   6.7960000000000004e-04	   2.3832564377100000e-03	
   6.7979999999999994e-04	   2.3835657332300004e-03	
   6.8000000000000005e-04	   2.3838750569900001e-03	
   6.8020000000000005e-04	   2.3841844048299999e-03	
   6.8040000000000006e-04	   2.3844937725699998e-03	
   6.8059999999999996e-04	   2.3848031560299997e-03	
   6.8079999999999996e-04	   2.3851125510400001e-03	
   6.8100000000000007e-04	   2.3854219534400001e-03	
   6.8120000000000008e-04	   2.3857313590300005e-03	
   6.8139999999999997e-04	   2.3860407636500003e-03	
   6.8159999999999998e-04	   2.3863501631300001e-03	
   6.8179999999999998e-04	   2.3866595532899999e-03	
   6.8200000000000010e-04	   2.3869689299600002e-03	
   6.8219999999999999e-04	   2.3872782889700003e-03	
   6.8240000000000000e-04	   2.3875876261500004e-03	
   6.8260000000000000e-04	   2.3878969373300001e-03	
   6.8280000000000001e-04	   2.3882062183300003e-03	
   6.8300000000000001e-04	   2.3885154649900000e-03	
   6.8320000000000002e-04	   2.3888246731500000e-03	
   6.8340000000000002e-04	   2.3891338386300000e-03	
   6.8360000000000003e-04	   2.3894429572799999e-03	
   6.8379999999999992e-04	   2.3897520249199999e-03	
   6.8400000000000004e-04	   2.3900610374000004e-03	
   6.8420000000000004e-04	   2.3903699905499999e-03	
   6.8440000000000005e-04	   2.3906788802200000e-03	
   6.8460000000000005e-04	   2.3909877022399999e-03	
   6.8479999999999995e-04	   2.3912964524699996e-03	
   6.8500000000000006e-04	   2.3916051267400002e-03	
   6.8520000000000007e-04	   2.3919137209000001e-03	
   6.8540000000000007e-04	   2.3922222308099999e-03	
   6.8559999999999997e-04	   2.3925306523100002e-03	
   6.8579999999999997e-04	   2.3928389812600003e-03	
   6.8600000000000009e-04	   2.3931471541099999e-03	
   6.8620000000000009e-04	   2.3934551977599998e-03	
   6.8639999999999999e-04	   2.3937631364200000e-03	
   6.8659999999999999e-04	   2.3940709659300004e-03	
   6.8680000000000000e-04	   2.3943786821600003e-03	
   6.8700000000000011e-04	   2.3946862809799997e-03	
   6.8720000000000001e-04	   2.3949937582499999e-03	
   6.8740000000000001e-04	   2.3953011098600003e-03	
   6.8760000000000002e-04	   2.3956083316600003e-03	
   6.8780000000000002e-04	   2.3959154195500000e-03	
   6.8799999999999992e-04	   2.3962223694000001e-03	
   6.8820000000000003e-04	   2.3965291770800001e-03	
   6.8840000000000004e-04	   2.3968358384999998e-03	
   6.8860000000000004e-04	   2.3971423495400004e-03	
   6.8879999999999994e-04	   2.3974487060800000e-03	
   6.8899999999999994e-04	   2.3977549040300004e-03	
   6.8920000000000006e-04	   2.3980609392800002e-03	
   6.8940000000000006e-04	   2.3983668077400002e-03	
   6.8959999999999996e-04	   2.3986725053100001e-03	
   6.8979999999999996e-04	   2.3989780279000000e-03	
   6.8999999999999997e-04	   2.3992833714200001e-03	
   6.9020000000000008e-04	   2.3995885317800001e-03	
   6.9039999999999998e-04	   2.3998935049200001e-03	
   6.9059999999999998e-04	   2.4001982867399999e-03	
   6.9079999999999999e-04	   2.4005028731900004e-03	
   6.9099999999999999e-04	   2.4008072601800000e-03	
   6.9120000000000010e-04	   2.4011114436600003e-03	
   6.9140000000000000e-04	   2.4014154195700003e-03	
   6.9160000000000001e-04	   2.4017191838400002e-03	
   6.9180000000000001e-04	   2.4020227324300001e-03	
   6.9200000000000002e-04	   2.4023260612800004e-03	
   6.9220000000000002e-04	   2.4026291663600003e-03	
   6.9240000000000002e-04	   2.4029320436299998e-03	
   6.9260000000000003e-04	   2.4032346890500000e-03	
   6.9280000000000003e-04	   2.4035370985900002e-03	
   6.9299999999999993e-04	   2.4038392682299999e-03	
   6.9320000000000004e-04	   2.4041411939500000e-03	
   6.9340000000000005e-04	   2.4044428717200001e-03	
   6.9360000000000005e-04	   2.4047442975500002e-03	
   6.9379999999999995e-04	   2.4050454674200000e-03	
   6.9399999999999996e-04	   2.4053463773299998e-03	
   6.9420000000000007e-04	   2.4056470232999999e-03	
   6.9440000000000007e-04	   2.4059474013200001e-03	
   6.9459999999999997e-04	   2.4062475074099997e-03	
   6.9479999999999997e-04	   2.4065473376000002e-03	
   6.9499999999999998e-04	   2.4068468878999999e-03	
   6.9520000000000009e-04	   2.4071461543599998e-03	
   6.9539999999999999e-04	   2.4074451330000001e-03	
   6.9559999999999999e-04	   2.4077438198700000e-03	
   6.9580000000000000e-04	   2.4080422110200001e-03	
   6.9600000000000000e-04	   2.4083403025000000e-03	
   6.9620000000000001e-04	   2.4086380903700004e-03	
   6.9640000000000001e-04	   2.4089355706900001e-03	
   6.9660000000000002e-04	   2.4092327395500001e-03	
   6.9680000000000002e-04	   2.4095295929999999e-03	
   6.9699999999999992e-04	   2.4098261271500001e-03	
   6.9720000000000003e-04	   2.4101223380699997e-03	
   6.9740000000000004e-04	   2.4104182218700003e-03	
   6.9760000000000004e-04	   2.4107137746500001e-03	
   6.9779999999999994e-04	   2.4110089925100000e-03	
   6.9799999999999994e-04	   2.4113038715699998e-03	
   6.9820000000000006e-04	   2.4115984079600000e-03	
   6.9840000000000006e-04	   2.4118925977900003e-03	
   6.9860000000000007e-04	   2.4121864372200000e-03	
   6.9879999999999996e-04	   2.4124799223700002e-03	
   6.9899999999999997e-04	   2.4127730494000002e-03	
   6.9920000000000008e-04	   2.4130658144600001e-03	
   6.9940000000000009e-04	   2.4133582137200000e-03	
   6.9959999999999998e-04	   2.4136502433499997e-03	
   6.9979999999999999e-04	   2.4139418995100001e-03	
   6.9999999999999999e-04	   2.4142331784000001e-03	
   7.0020000000000011e-04	   2.4145240762100000e-03	
   7.0040000000000000e-04	   2.4148145891400002e-03	
   7.0060000000000001e-04	   2.4151047133800000e-03	
   7.0080000000000001e-04	   2.4153944451600000e-03	
   7.0100000000000002e-04	   2.4156837806999999e-03	
   7.0120000000000002e-04	   2.4159727162200001e-03	
   7.0140000000000003e-04	   2.4162612479500002e-03	
   7.0160000000000003e-04	   2.4165493721599999e-03	
   7.0180000000000004e-04	   2.4168370850800001e-03	
   7.0199999999999993e-04	   2.4171243829700000e-03	
   7.0220000000000005e-04	   2.4174112621000001e-03	
   7.0240000000000005e-04	   2.4176977187600002e-03	
   7.0260000000000006e-04	   2.4179837492099999e-03	
   7.0279999999999995e-04	   2.4182693497600003e-03	
   7.0299999999999996e-04	   2.4185545166900001e-03	
   7.0320000000000007e-04	   2.4188392463300001e-03	
   7.0340000000000008e-04	   2.4191235349900002e-03	
   7.0359999999999997e-04	   2.4194073789799999e-03	
   7.0379999999999998e-04	   2.4196907746499999e-03	
   7.0399999999999998e-04	   2.4199737183400001e-03	
   7.0420000000000009e-04	   2.4202562063900001e-03	
   7.0439999999999999e-04	   2.4205382351599998e-03	
   7.0460000000000000e-04	   2.4208198010300000e-03	
   7.0480000000000000e-04	   2.4211009003700002e-03	
   7.0500000000000001e-04	   2.4213815295700001e-03	
   7.0520000000000001e-04	   2.4216616850100000e-03	
   7.0540000000000002e-04	   2.4219413631100003e-03	
   7.0560000000000002e-04	   2.4222205602700002e-03	
   7.0580000000000003e-04	   2.4224992729100000e-03	
   7.0599999999999992e-04	   2.4227774974699997e-03	
   7.0620000000000004e-04	   2.4230552303900004e-03	
   7.0640000000000004e-04	   2.4233324681200001e-03	
   7.0660000000000004e-04	   2.4236092071100003e-03	
   7.0680000000000005e-04	   2.4238854438300003e-03	
   7.0699999999999995e-04	   2.4241611747600001e-03	
   7.0720000000000006e-04	   2.4244363963900001e-03	
   7.0740000000000006e-04	   2.4247111052100000e-03	
   7.0760000000000007e-04	   2.4249852977300001e-03	
   7.0779999999999997e-04	   2.4252589704599997e-03	
   7.0799999999999997e-04	   2.4255321199400004e-03	
   7.0820000000000008e-04	   2.4258047427000002e-03	
   7.0840000000000009e-04	   2.4260768352800002e-03	
   7.0859999999999999e-04	   2.4263483942400001e-03	
   7.0879999999999999e-04	   2.4266194161399997e-03	
   7.0899999999999999e-04	   2.4268898975700003e-03	
   7.0920000000000011e-04	   2.4271598351099997e-03	
   7.0940000000000000e-04	   2.4274292253400002e-03	
   7.0960000000000001e-04	   2.4276980648899999e-03	
   7.0980000000000001e-04	   2.4279663503700001e-03	
   7.1000000000000002e-04	   2.4282340784000001e-03	
   7.1020000000000002e-04	   2.4285012456300003e-03	
   7.1040000000000003e-04	   2.4287678487000001e-03	
   7.1060000000000003e-04	   2.4290338842699998e-03	
   7.1080000000000004e-04	   2.4292993490199997e-03	
   7.1099999999999994e-04	   2.4295642396099998e-03	
   7.1120000000000005e-04	   2.4298285527500000e-03	
   7.1140000000000005e-04	   2.4300922851400002e-03	
   7.1160000000000006e-04	   2.4303554334899999e-03	
   7.1179999999999995e-04	   2.4306179945200001e-03	
   7.1199999999999996e-04	   2.4308799649700001e-03	
   7.1220000000000007e-04	   2.4311413415900002e-03	
   7.1240000000000008e-04	   2.4314021211300002e-03	
   7.1259999999999997e-04	   2.4316623003700004e-03	
   7.1279999999999998e-04	   2.4319218760800003e-03	
   7.1299999999999998e-04	   2.4321808450500000e-03	
   7.1319999999999999e-04	   2.4324392040899999e-03	
   7.1340000000000010e-04	   2.4326969500100002e-03	
   7.1360000000000000e-04	   2.4329540796400001e-03	
   7.1380000000000000e-04	   2.4332105898200000e-03	
   7.1400000000000001e-04	   2.4334664773899999e-03	
   7.1420000000000001e-04	   2.4337217392100003e-03	
   7.1440000000000002e-04	   2.4339763721600003e-03	
   7.1460000000000002e-04	   2.4342303731200001e-03	
   7.1480000000000003e-04	   2.4344837389900001e-03	
   7.1500000000000003e-04	   2.4347364666800000e-03	
   7.1519999999999993e-04	   2.4349885531000002e-03	
   7.1540000000000004e-04	   2.4352399951899999e-03	
   7.1560000000000005e-04	   2.4354907898900000e-03	
   7.1580000000000005e-04	   2.4357409341600003e-03	
   7.1599999999999995e-04	   2.4359904249700000e-03	
   7.1619999999999995e-04	   2.4362392592900003e-03	
   7.1640000000000007e-04	   2.4364874341299999e-03	
   7.1660000000000007e-04	   2.4367349464700003e-03	
   7.1679999999999997e-04	   2.4369817933600000e-03	
   7.1699999999999997e-04	   2.4372279718000000e-03	
   7.1719999999999998e-04	   2.4374734788499999e-03	
   7.1740000000000009e-04	   2.4377183115700000e-03	
   7.1759999999999999e-04	   2.4379624670100002e-03	
   7.1779999999999999e-04	   2.4382059422600002e-03	
   7.1800000000000000e-04	   2.4384487344100000e-03	
   7.1820000000000000e-04	   2.4386908405800000e-03	
   7.1840000000000001e-04	   2.4389322578700001e-03	
   7.1860000000000001e-04	   2.4391729834200002e-03	
   7.1880000000000002e-04	   2.4394130143799999e-03	
   7.1900000000000002e-04	   2.4396523478900003e-03	
   7.1919999999999992e-04	   2.4398909811400001e-03	
   7.1940000000000003e-04	   2.4401289113099999e-03	
   7.1960000000000004e-04	   2.4403661355900004e-03	
   7.1980000000000004e-04	   2.4406026511900000e-03	
   7.1999999999999994e-04	   2.4408384553400004e-03	
   7.2019999999999994e-04	   2.4410735452699999e-03	
   7.2040000000000006e-04	   2.4413079182400003e-03	
   7.2060000000000006e-04	   2.4415415715000003e-03	
   7.2080000000000006e-04	   2.4417745023299999e-03	
   7.2099999999999996e-04	   2.4420067080300001e-03	
   7.2119999999999997e-04	   2.4422381859000000e-03	
   7.2140000000000008e-04	   2.4424689332599998e-03	
   7.2160000000000008e-04	   2.4426989474199997e-03	
   7.2179999999999998e-04	   2.4429282257499999e-03	
   7.2199999999999999e-04	   2.4431567656000002e-03	
   7.2219999999999999e-04	   2.4433845643399999e-03	
   7.2240000000000010e-04	   2.4436116193600000e-03	
   7.2260000000000000e-04	   2.4438379280600003e-03	
   7.2280000000000000e-04	   2.4440634878400000e-03	
   7.2300000000000001e-04	   2.4442882961500001e-03	
   7.2320000000000001e-04	   2.4445123504200001e-03	
   7.2340000000000002e-04	   2.4447356480999998e-03	
   7.2360000000000002e-04	   2.4449581866700003e-03	
   7.2380000000000003e-04	   2.4451799636100000e-03	
   7.2400000000000003e-04	   2.4454009764200003e-03	
   7.2419999999999993e-04	   2.4456212226199999e-03	
   7.2440000000000004e-04	   2.4458406997200002e-03	
   7.2460000000000005e-04	   2.4460594052700003e-03	
   7.2480000000000005e-04	   2.4462773368300003e-03	
   7.2499999999999995e-04	   2.4464944919599997e-03	
   7.2519999999999995e-04	   2.4467108682500001e-03	
   7.2540000000000007e-04	   2.4469264633000002e-03	
   7.2560000000000007e-04	   2.4471412747200001e-03	
   7.2579999999999997e-04	   2.4473553001499999e-03	
   7.2599999999999997e-04	   2.4475685372200000e-03	
   7.2619999999999998e-04	   2.4477809835800001e-03	
   7.2640000000000009e-04	   2.4479926369200002e-03	
   7.2659999999999999e-04	   2.4482034949199999e-03	
   7.2679999999999999e-04	   2.4484135552800003e-03	
   7.2700000000000000e-04	   2.4486228157199999e-03	
   7.2720000000000000e-04	   2.4488312739700002e-03	
   7.2740000000000001e-04	   2.4490389277700003e-03	
   7.2760000000000001e-04	   2.4492457748900003e-03	
   7.2780000000000002e-04	   2.4494518131100000e-03	
   7.2800000000000002e-04	   2.4496570402099999e-03	
   7.2819999999999992e-04	   2.4498614539900003e-03	
   7.2840000000000003e-04	   2.4500650522999998e-03	
   7.2860000000000004e-04	   2.4502678329500001e-03	
   7.2880000000000004e-04	   2.4504697937999999e-03	
   7.2900000000000005e-04	   2.4506709327200000e-03	
   7.2919999999999994e-04	   2.4508712475900000e-03	
   7.2940000000000006e-04	   2.4510707363100000e-03	
   7.2960000000000006e-04	   2.4512693967900000e-03	
   7.2980000000000007e-04	   2.4514672269600004e-03	
   7.2999999999999996e-04	   2.4516642247600002e-03	
   7.3019999999999997e-04	   2.4518603881600000e-03	
   7.3040000000000008e-04	   2.4520557151300002e-03	
   7.3060000000000009e-04	   2.4522502036499996e-03	
   7.3079999999999998e-04	   2.4524438517400000e-03	
   7.3099999999999999e-04	   2.4526366574199997e-03	
   7.3119999999999999e-04	   2.4528286187300002e-03	
   7.3140000000000011e-04	   2.4530197337000004e-03	
   7.3160000000000000e-04	   2.4532100004300002e-03	
   7.3180000000000001e-04	   2.4533994169900000e-03	
   7.3200000000000001e-04	   2.4535879814700000e-03	
   7.3220000000000002e-04	   2.4537756919999999e-03	
   7.3240000000000002e-04	   2.4539625467200001e-03	
   7.3260000000000003e-04	   2.4541485437600003e-03	
   7.3280000000000003e-04	   2.4543336812800002e-03	
   7.3300000000000004e-04	   2.4545179574800000e-03	
   7.3319999999999993e-04	   2.4547013705500001e-03	
   7.3340000000000005e-04	   2.4548839186900001e-03	
   7.3360000000000005e-04	   2.4550656001400004e-03	
   7.3380000000000006e-04	   2.4552464131299997e-03	
   7.3399999999999995e-04	   2.4554263559399998e-03	
   7.3419999999999996e-04	   2.4556054268300002e-03	
   7.3440000000000007e-04	   2.4557836241000000e-03	
   7.3460000000000007e-04	   2.4559609460600000e-03	
   7.3479999999999997e-04	   2.4561373910200000e-03	
   7.3499999999999998e-04	   2.4563129573400002e-03	
   7.3519999999999998e-04	   2.4564876433699999e-03	
   7.3540000000000009e-04	   2.4566614474800003e-03	
   7.3560000000000010e-04	   2.4568343680700000e-03	
   7.3580000000000000e-04	   2.4570064035300001e-03	
   7.3600000000000000e-04	   2.4571775523000001e-03	
   7.3620000000000001e-04	   2.4573478128100002e-03	
   7.3640000000000012e-04	   2.4575171835199998e-03	
   7.3660000000000002e-04	   2.4576856628900001e-03	
   7.3680000000000002e-04	   2.4578532494300000e-03	
   7.3700000000000002e-04	   2.4580199416300002e-03	
   7.3720000000000003e-04	   2.4581857380100002e-03	
   7.3740000000000003e-04	   2.4583506371200002e-03	
   7.3760000000000004e-04	   2.4585146375099998e-03	
   7.3780000000000004e-04	   2.4586777377500002e-03	
   7.3800000000000005e-04	   2.4588399364400002e-03	
   7.3819999999999995e-04	   2.4590012321600001e-03	
   7.3839999999999995e-04	   2.4591616235600001e-03	
   7.3860000000000006e-04	   2.4593211092599999e-03	
   7.3880000000000007e-04	   2.4594796879200001e-03	
   7.3899999999999997e-04	   2.4596373582200003e-03	
   7.3919999999999997e-04	   2.4597941188400003e-03	
   7.3939999999999997e-04	   2.4599499684800001e-03	
   7.3960000000000009e-04	   2.4601049058800002e-03	
   7.3979999999999998e-04	   2.4602589297800003e-03	
   7.3999999999999999e-04	   2.4604120389200000e-03	
   7.4019999999999999e-04	   2.4605630193899998e-03	
   7.4040000000000000e-04	   2.4607097073200000e-03	
   7.4060000000000000e-04	   2.4608554763200000e-03	
   7.4080000000000001e-04	   2.4610003252100001e-03	
   7.4100000000000001e-04	   2.4611442528300002e-03	
   7.4120000000000002e-04	   2.4612872580500001e-03	
   7.4139999999999991e-04	   2.4614293397599999e-03	
   7.4160000000000003e-04	   2.4615704968500001e-03	
   7.4180000000000003e-04	   2.4617107282299999e-03	
   7.4200000000000004e-04	   2.4618500328400001e-03	
   7.4219999999999993e-04	   2.4619884096199998e-03	
   7.4239999999999994e-04	   2.4621258575499997e-03	
   7.4260000000000005e-04	   2.4622623756099999e-03	
   7.4280000000000006e-04	   2.4623979627899999e-03	
   7.4300000000000006e-04	   2.4625326181200000e-03	
   7.4319999999999996e-04	   2.4626663406399998e-03	
   7.4339999999999996e-04	   2.4627991293899999e-03	
   7.4360000000000008e-04	   2.4629309834400003e-03	
   7.4380000000000008e-04	   2.4630619018900001e-03	
   7.4399999999999998e-04	   2.4631918838300001e-03	
   7.4419999999999998e-04	   2.4633209283999999e-03	
   7.4439999999999999e-04	   2.4634490347200002e-03	
   7.4460000000000010e-04	   2.4635762019600002e-03	
   7.4480000000000000e-04	   2.4637024292799999e-03	
   7.4500000000000000e-04	   2.4638277158900001e-03	
   7.4520000000000001e-04	   2.4639520609900001e-03	
   7.4540000000000001e-04	   2.4640754638100000e-03	
   7.4560000000000002e-04	   2.4641979235900001e-03	
   7.4580000000000002e-04	   2.4643194395800000e-03	
   7.4600000000000003e-04	   2.4644400110800002e-03	
   7.4620000000000003e-04	   2.4645596373799998e-03	
   7.4639999999999993e-04	   2.4646783177799999e-03	
   7.4660000000000004e-04	   2.4647960516300002e-03	
   7.4680000000000005e-04	   2.4649128382600001e-03	
   7.4700000000000005e-04	   2.4650286770500000e-03	
   7.4719999999999995e-04	   2.4651435673800001e-03	
   7.4739999999999995e-04	   2.4652575086500004e-03	
   7.4760000000000007e-04	   2.4653705002900001e-03	
   7.4780000000000007e-04	   2.4654825417100004e-03	
   7.4799999999999997e-04	   2.4655895332800003e-03	
   7.4819999999999997e-04	   2.4656902101300002e-03	
   7.4839999999999998e-04	   2.4657899343300000e-03	
   7.4860000000000009e-04	   2.4658887053799999e-03	
   7.4879999999999999e-04	   2.4659865228200003e-03	
   7.4899999999999999e-04	   2.4660833861999999e-03	
   7.4920000000000000e-04	   2.4661792950999998e-03	
   7.4940000000000000e-04	   2.4662742491000002e-03	
   7.4960000000000001e-04	   2.4663682478100004e-03	
   7.4980000000000001e-04	   2.4664612908500000e-03	
   7.5000000000000002e-04	   2.4665533778699998e-03	
   7.5020000000000002e-04	   2.4666445085100002e-03	
   7.5040000000000003e-04	   2.4667346824699997e-03	
   7.5060000000000003e-04	   2.4668238994300000e-03	
   7.5080000000000004e-04	   2.4669121591000000e-03	
   7.5100000000000004e-04	   2.4669994612100000e-03	
   7.5120000000000004e-04	   2.4670858055200000e-03	
   7.5139999999999994e-04	   2.4671711917800001e-03	
   7.5160000000000005e-04	   2.4672556197800001e-03	
   7.5180000000000006e-04	   2.4673390893099998e-03	
   7.5200000000000006e-04	   2.4674216002000000e-03	
   7.5219999999999996e-04	   2.4675031522899999e-03	
   7.5239999999999997e-04	   2.4675837454100000e-03	
   7.5260000000000008e-04	   2.4676633794600000e-03	
   7.5280000000000008e-04	   2.4677420543000000e-03	
   7.5299999999999998e-04	   2.4678197698600004e-03	
   7.5319999999999998e-04	   2.4678965260500002e-03	
   7.5339999999999999e-04	   2.4679723228200000e-03	
   7.5360000000000010e-04	   2.4680471601199998e-03	
   7.5380000000000000e-04	   2.4681210379400003e-03	
   7.5400000000000000e-04	   2.4681939562600000e-03	
   7.5420000000000001e-04	   2.4682659151099998e-03	
   7.5440000000000001e-04	   2.4683369145000003e-03	
   7.5460000000000002e-04	   2.4684069544999997e-03	
   7.5480000000000002e-04	   2.4684760351600002e-03	
   7.5500000000000003e-04	   2.4685441565700001e-03	
   7.5520000000000003e-04	   2.4686113188199998e-03	
   7.5539999999999993e-04	   2.4686775220500003e-03	
   7.5560000000000004e-04	   2.4687394184599999e-03	
   7.5580000000000005e-04	   2.4687938532499997e-03	
   7.5600000000000005e-04	   2.4688473288700000e-03	
   7.5619999999999995e-04	   2.4688998454900002e-03	
   7.5639999999999995e-04	   2.4689514033600004e-03	
   7.5660000000000007e-04	   2.4690020026899998e-03	
   7.5680000000000007e-04	   2.4690516437499998e-03	
   7.5699999999999997e-04	   2.4691003267999999e-03	
   7.5719999999999997e-04	   2.4691480521400002e-03	
   7.5739999999999998e-04	   2.4691948200699998e-03	
   7.5760000000000009e-04	   2.4692406309200000e-03	
   7.5780000000000010e-04	   2.4692854850300000e-03	
   7.5799999999999999e-04	   2.4693293827600001e-03	
   7.5820000000000000e-04	   2.4693723244900000e-03	
   7.5840000000000000e-04	   2.4694143105999998e-03	
   7.5860000000000012e-04	   2.4694553415299998e-03	
   7.5880000000000001e-04	   2.4694954176900001e-03	
   7.5900000000000002e-04	   2.4695345395300003e-03	
   7.5920000000000002e-04	   2.4695727075199998e-03	
   7.5940000000000003e-04	   2.4696099221400000e-03	
   7.5960000000000003e-04	   2.4696461839000001e-03	
   7.5980000000000004e-04	   2.4696814933100001e-03	
   7.6000000000000004e-04	   2.4697158509000001e-03	
   7.6020000000000005e-04	   2.4697492572400004e-03	
   7.6039999999999994e-04	   2.4697817128800001e-03	
   7.6060000000000006e-04	   2.4698132184300002e-03	
   7.6080000000000006e-04	   2.4698437744800003e-03	
   7.6100000000000007e-04	   2.4698733816600001e-03	
   7.6119999999999996e-04	   2.4699020406000003e-03	
   7.6139999999999997e-04	   2.4699297519800000e-03	
   7.6160000000000008e-04	   2.4699565164599999e-03	
   7.6180000000000009e-04	   2.4699823347300001e-03	
   7.6199999999999998e-04	   2.4700072075100003e-03	
   7.6219999999999999e-04	   2.4700311355200003e-03	
   7.6239999999999999e-04	   2.4700541195200000e-03	
   7.6260000000000000e-04	   2.4700761602600000e-03	
   7.6280000000000000e-04	   2.4700972585200002e-03	
   7.6300000000000001e-04	   2.4701174150899997e-03	
   7.6320000000000001e-04	   2.4701265349199998e-03	
   7.6340000000000002e-04	   2.4701345533799999e-03	
   7.6359999999999991e-04	   2.4701416323099998e-03	
   7.6380000000000003e-04	   2.4701477725999998e-03	
   7.6400000000000003e-04	   2.4701529751400002e-03	
   7.6420000000000004e-04	   2.4701572408400000e-03	
   7.6439999999999993e-04	   2.4701605706400000e-03	
   7.6459999999999994e-04	   2.4701629654800003e-03	
   7.6480000000000005e-04	   2.4701644263200001e-03	
   7.6500000000000005e-04	   2.4701649541499998e-03	
   7.6520000000000006e-04	   2.4701645499599998e-03	
   7.6539999999999996e-04	   2.4701632147799998e-03	
   7.6559999999999996e-04	   2.4701609496200001e-03	
   7.6580000000000007e-04	   2.4701577555599997e-03	
   7.6600000000000008e-04	   2.4701536336400000e-03	
   7.6619999999999998e-04	   2.4701485849599998e-03	
   7.6639999999999998e-04	   2.4701426106200001e-03	
   7.6659999999999999e-04	   2.4701357117300001e-03	
   7.6680000000000010e-04	   2.4701278894300000e-03	
   7.6700000000000000e-04	   2.4701191448699999e-03	
   7.6720000000000000e-04	   2.4701094792199999e-03	
   7.6740000000000000e-04	   2.4700988936700000e-03	
   7.6760000000000001e-04	   2.4700873894200003e-03	
   7.6780000000000001e-04	   2.4700749676800000e-03	
   7.6800000000000002e-04	   2.4700616297000000e-03	
   7.6820000000000002e-04	   2.4700473767300004e-03	
   7.6840000000000003e-04	   2.4700322100399998e-03	
   7.6859999999999993e-04	   2.4700161309199999e-03	
   7.6880000000000004e-04	   2.4699991406600002e-03	
   7.6900000000000004e-04	   2.4699812406000000e-03	
   7.6920000000000005e-04	   2.4699624320600002e-03	
   7.6939999999999995e-04	   2.4699427163999998e-03	
   7.6959999999999995e-04	   2.4699220949900001e-03	
   7.6980000000000006e-04	   2.4699005692200003e-03	
   7.7000000000000007e-04	   2.4698781405000001e-03	
   7.7019999999999996e-04	   2.4698548102300003e-03	
   7.7039999999999997e-04	   2.4698266646300000e-03	
   7.7059999999999997e-04	   2.4697908528300001e-03	
   7.7080000000000009e-04	   2.4697541437900001e-03	
   7.7099999999999998e-04	   2.4697165389900005e-03	
   7.7119999999999999e-04	   2.4696780399499998e-03	
   7.7139999999999999e-04	   2.4696386482200004e-03	
   7.7160000000000000e-04	   2.4695983653199999e-03	
   7.7180000000000011e-04	   2.4695571928300001e-03	
   7.7200000000000001e-04	   2.4695151323200003e-03	
   7.7220000000000001e-04	   2.4694721853900001e-03	
   7.7240000000000002e-04	   2.4694283536500000e-03	
   7.7260000000000002e-04	   2.4693836387300002e-03	
   7.7280000000000003e-04	   2.4693380422800000e-03	
   7.7300000000000003e-04	   2.4692915659600000e-03	
   7.7320000000000004e-04	   2.4692442114300000e-03	
   7.7340000000000004e-04	   2.4691959803999999e-03	
   7.7359999999999994e-04	   2.4691468745699999e-03	
   7.7380000000000005e-04	   2.4690968956799998e-03	
   7.7400000000000006e-04	   2.4690460454500000e-03	
   7.7420000000000006e-04	   2.4689943256400002e-03	
   7.7439999999999996e-04	   2.4689417380300001e-03	
   7.7459999999999996e-04	   2.4688882844100001e-03	
   7.7480000000000008e-04	   2.4688339665800002e-03	
   7.7500000000000008e-04	   2.4687787863600002e-03	
   7.7519999999999998e-04	   2.4687227455899999e-03	
   7.7539999999999998e-04	   2.4686658461200001e-03	
   7.7559999999999999e-04	   2.4686080898099999e-03	
   7.7580000000000010e-04	   2.4685494785500000e-03	
   7.7600000000000000e-04	   2.4684900142400001e-03	
   7.7620000000000000e-04	   2.4684296987900001e-03	
   7.7640000000000001e-04	   2.4683685341300001e-03	
   7.7660000000000001e-04	   2.4683065221999998e-03	
   7.7680000000000002e-04	   2.4682436649800001e-03	
   7.7700000000000002e-04	   2.4681799644200001e-03	
   7.7720000000000003e-04	   2.4681154225399998e-03	
   7.7740000000000003e-04	   2.4680500413200002e-03	
   7.7759999999999993e-04	   2.4679784082899999e-03	
   7.7780000000000004e-04	   2.4679002243900004e-03	
   7.7800000000000005e-04	   2.4678212075000001e-03	
   7.7820000000000005e-04	   2.4677413596700002e-03	
   7.7839999999999995e-04	   2.4676606830199999e-03	
   7.7859999999999995e-04	   2.4675791796400001e-03	
   7.7880000000000007e-04	   2.4674968516599999e-03	
   7.7900000000000007e-04	   2.4674137012300002e-03	
   7.7919999999999997e-04	   2.4673297304999998e-03	
   7.7939999999999997e-04	   2.4672449416300000e-03	
   7.7959999999999998e-04	   2.4671593368100000e-03	
   7.7980000000000009e-04	   2.4670729182500002e-03	
   7.8000000000000009e-04	   2.4669856881499998e-03	
   7.8019999999999999e-04	   2.4668976487400001e-03	
   7.8040000000000000e-04	   2.4668088022800003e-03	
   7.8060000000000000e-04	   2.4667191510100001e-03	
   7.8080000000000011e-04	   2.4666286972100000e-03	
   7.8100000000000001e-04	   2.4665374431700002e-03	
   7.8120000000000002e-04	   2.4664453911900004e-03	
   7.8140000000000002e-04	   2.4663525435899996e-03	
   7.8160000000000002e-04	   2.4662589026899998e-03	
   7.8180000000000003e-04	   2.4661644708499999e-03	
   7.8200000000000003e-04	   2.4660692504300001e-03	
   7.8220000000000004e-04	   2.4659732437900001e-03	
   7.8240000000000004e-04	   2.4658764533400002e-03	
   7.8259999999999994e-04	   2.4657788814600001e-03	
   7.8280000000000005e-04	   2.4656805305899999e-03	
   7.8300000000000006e-04	   2.4655814031399998e-03	
   7.8320000000000006e-04	   2.4654815015699998e-03	
   7.8339999999999996e-04	   2.4653808283400000e-03	
   7.8359999999999996e-04	   2.4652793859100000e-03	
   7.8380000000000008e-04	   2.4651771767900000e-03	
   7.8400000000000008e-04	   2.4650742034600000e-03	
   7.8419999999999998e-04	   2.4649704684499996e-03	
   7.8439999999999998e-04	   2.4648659742800001e-03	
   7.8459999999999999e-04	   2.4647567301199999e-03	
   7.8480000000000010e-04	   2.4646391239100001e-03	
   7.8500000000000000e-04	   2.4645207666900001e-03	
   7.8520000000000000e-04	   2.4644016610700001e-03	
   7.8540000000000001e-04	   2.4642818096400000e-03	
   7.8560000000000001e-04	   2.4641612150299998e-03	
   7.8580000000000002e-04	   2.4640398798700001e-03	
   7.8600000000000002e-04	   2.4639178068200001e-03	
   7.8620000000000003e-04	   2.4637949985400003e-03	
   7.8640000000000003e-04	   2.4636714577000000e-03	
   7.8659999999999993e-04	   2.4635471869900003e-03	
   7.8680000000000004e-04	   2.4634221891100001e-03	
   7.8700000000000005e-04	   2.4632964667900001e-03	
   7.8720000000000005e-04	   2.4631700227400002e-03	
   7.8740000000000006e-04	   2.4630428597099997e-03	
   7.8759999999999995e-04	   2.4629149804499999e-03	
   7.8779999999999996e-04	   2.4627863877300002e-03	
   7.8800000000000007e-04	   2.4626570843399999e-03	
   7.8820000000000008e-04	   2.4625270730500000e-03	
   7.8839999999999997e-04	   2.4623963566900000e-03	
   7.8859999999999998e-04	   2.4622649380700002e-03	
   7.8879999999999998e-04	   2.4621328200199999e-03	
   7.8900000000000010e-04	   2.4620000053800000e-03	
   7.8919999999999999e-04	   2.4618664970100001e-03	
   7.8940000000000000e-04	   2.4617322977799998e-03	
   7.8960000000000000e-04	   2.4615974105800000e-03	
   7.8980000000000001e-04	   2.4614618382900002e-03	
   7.9000000000000001e-04	   2.4613255838200000e-03	
   7.9020000000000002e-04	   2.4611886500999999e-03	
   7.9040000000000002e-04	   2.4610510400400001e-03	
   7.9060000000000003e-04	   2.4609127566000001e-03	
   7.9079999999999992e-04	   2.4607738027399998e-03	
   7.9100000000000004e-04	   2.4606341814100000e-03	
   7.9120000000000004e-04	   2.4604938956000002e-03	
   7.9140000000000005e-04	   2.4603529483000004e-03	
   7.9159999999999994e-04	   2.4601999724799999e-03	
   7.9179999999999995e-04	   2.4600456124900002e-03	
   7.9200000000000006e-04	   2.4598906007899999e-03	
   7.9220000000000007e-04	   2.4597349404400001e-03	
   7.9239999999999996e-04	   2.4595786345000003e-03	
   7.9259999999999997e-04	   2.4594216860500001e-03	
   7.9279999999999997e-04	   2.4592640981499999e-03	
   7.9300000000000009e-04	   2.4591058739200002e-03	
   7.9319999999999998e-04	   2.4589470164600000e-03	
   7.9339999999999999e-04	   2.4587875288699999e-03	
   7.9359999999999999e-04	   2.4586274143000002e-03	
   7.9380000000000000e-04	   2.4584666758900001e-03	
   7.9400000000000011e-04	   2.4583053167700005e-03	
   7.9420000000000001e-04	   2.4581433401300000e-03	
   7.9440000000000001e-04	   2.4579807491199998e-03	
   7.9460000000000002e-04	   2.4578175469400000e-03	
   7.9480000000000002e-04	   2.4576537367800005e-03	
   7.9500000000000003e-04	   2.4574893218500000e-03	
   7.9520000000000003e-04	   2.4573243053599998e-03	
   7.9540000000000003e-04	   2.4571586905400003e-03	
   7.9560000000000004e-04	   2.4569924806399999e-03	
   7.9579999999999994e-04	   2.4568256789000002e-03	
   7.9600000000000005e-04	   2.4566582885699999e-03	
   7.9620000000000005e-04	   2.4564903129400003e-03	
   7.9640000000000006e-04	   2.4563217552899998e-03	
   7.9659999999999996e-04	   2.4561526188900001e-03	
   7.9679999999999996e-04	   2.4559829070600002e-03	
   7.9700000000000007e-04	   2.4558126231100002e-03	
   7.9720000000000008e-04	   2.4556417703600003e-03	
   7.9739999999999998e-04	   2.4554703521399998e-03	
   7.9759999999999998e-04	   2.4552983718000004e-03	
   7.9779999999999998e-04	   2.4551258326799999e-03	
   7.9800000000000010e-04	   2.4549527381600000e-03	
   7.9819999999999999e-04	   2.4547756444300004e-03	
   7.9840000000000000e-04	   2.4545888225700001e-03	
   7.9860000000000000e-04	   2.4544014564299999e-03	
   7.9880000000000001e-04	   2.4542135494099999e-03	
   7.9900000000000001e-04	   2.4540251049499999e-03	
   7.9920000000000002e-04	   2.4538361264600001e-03	
   7.9940000000000002e-04	   2.4536466173799999e-03	
   7.9960000000000003e-04	   2.4534565811700003e-03	
   7.9979999999999993e-04	   2.4532660212800003e-03	
   8.0000000000000004e-04	   2.4530749411800002e-03	
   8.0020000000000004e-04	   2.4528833443500002e-03	
   8.0040000000000005e-04	   2.4526912342600002e-03	
   8.0059999999999994e-04	   2.4524986144200001e-03	
   8.0079999999999995e-04	   2.4523054883299998e-03	
   8.0100000000000006e-04	   2.4521118595000001e-03	
   8.0120000000000007e-04	   2.4519177314500000e-03	
   8.0139999999999996e-04	   2.4517231077100000e-03	
   8.0159999999999997e-04	   2.4515279918200000e-03	
   8.0179999999999997e-04	   2.4513323873199999e-03	
   8.0200000000000009e-04	   2.4511362977800003e-03	
   8.0220000000000009e-04	   2.4509397267600003e-03	
   8.0239999999999999e-04	   2.4507426778300001e-03	
   8.0259999999999999e-04	   2.4505451545699997e-03	
   8.0280000000000000e-04	   2.4503471605799997e-03	
   8.0300000000000011e-04	   2.4501486994400004e-03	
   8.0320000000000001e-04	   2.4499497747699998e-03	
   8.0340000000000001e-04	   2.4497503901800004e-03	
   8.0360000000000002e-04	   2.4495505493000000e-03	
   8.0380000000000002e-04	   2.4493502557500000e-03	
   8.0400000000000003e-04	   2.4491495131700003e-03	
   8.0420000000000003e-04	   2.4489483252099998e-03	
   8.0440000000000004e-04	   2.4487466955300003e-03	
   8.0460000000000004e-04	   2.4485446277800003e-03	
   8.0479999999999994e-04	   2.4483375884800001e-03	
   8.0500000000000005e-04	   2.4481214686300000e-03	
   8.0520000000000006e-04	   2.4479049229499997e-03	
   8.0540000000000006e-04	   2.4476879551400001e-03	
   8.0559999999999996e-04	   2.4474705689100000e-03	
   8.0579999999999996e-04	   2.4472527679599999e-03	
   8.0600000000000008e-04	   2.4470345560100000e-03	
   8.0620000000000008e-04	   2.4468159368100004e-03	
   8.0639999999999998e-04	   2.4465969140800002e-03	
   8.0659999999999998e-04	   2.4463774915599997e-03	
   8.0679999999999999e-04	   2.4461576729999999e-03	
   8.0700000000000010e-04	   2.4459374621600000e-03	
   8.0720000000000000e-04	   2.4457168628099998e-03	
   8.0740000000000000e-04	   2.4454958787000001e-03	
   8.0760000000000001e-04	   2.4452745136199997e-03	
   8.0780000000000001e-04	   2.4450527713599998e-03	
   8.0800000000000002e-04	   2.4448306556900004e-03	
   8.0820000000000002e-04	   2.4446081704099999e-03	
   8.0840000000000003e-04	   2.4443853193299998e-03	
   8.0860000000000003e-04	   2.4441621062600001e-03	
   8.0879999999999993e-04	   2.4439385350000001e-03	
   8.0900000000000004e-04	   2.4437146093900003e-03	
   8.0920000000000005e-04	   2.4434903332400002e-03	
   8.0940000000000005e-04	   2.4432657103899999e-03	
   8.0960000000000005e-04	   2.4430407446700002e-03	
   8.0979999999999995e-04	   2.4428154399399999e-03	
   8.1000000000000006e-04	   2.4425898000400002e-03	
   8.1020000000000007e-04	   2.4423638288300002e-03	
   8.1040000000000007e-04	   2.4421375301600001e-03	
   8.1059999999999997e-04	   2.4419109079200003e-03	
   8.1079999999999998e-04	   2.4416839659600000e-03	
   8.1100000000000009e-04	   2.4414567081600001e-03	
   8.1120000000000009e-04	   2.4412270311499999e-03	
   8.1139999999999999e-04	   2.4409853688199998e-03	
   8.1160000000000000e-04	   2.4407434037099999e-03	
   8.1180000000000000e-04	   2.4405011397300000e-03	
   8.1200000000000011e-04	   2.4402585807800003e-03	
   8.1220000000000001e-04	   2.4400157307899999e-03	
   8.1240000000000001e-04	   2.4397725936599998e-03	
   8.1260000000000002e-04	   2.4395291733299998e-03	
   8.1280000000000002e-04	   2.4392854737200001e-03	
   8.1299999999999992e-04	   2.4390414987600002e-03	
   8.1320000000000003e-04	   2.4387972524000001e-03	
   8.1340000000000004e-04	   2.4385527385799998e-03	
   8.1360000000000004e-04	   2.4383079612299999e-03	
   8.1379999999999994e-04	   2.4380629243200003e-03	
   8.1399999999999994e-04	   2.4378176317900002e-03	
   8.1420000000000006e-04	   2.4375720876100002e-03	
   8.1440000000000006e-04	   2.4373262957400003e-03	
   8.1459999999999996e-04	   2.4370802601400001e-03	
   8.1479999999999996e-04	   2.4368339848000000e-03	
   8.1499999999999997e-04	   2.4365874736700000e-03	
   8.1520000000000008e-04	   2.4363407307500000e-03	
   8.1539999999999998e-04	   2.4360937600199999e-03	
   8.1559999999999998e-04	   2.4358465654499999e-03	
   8.1579999999999999e-04	   2.4355991510499999e-03	
   8.1599999999999999e-04	   2.4353515208000000e-03	
   8.1620000000000011e-04	   2.4351036787100002e-03	
   8.1640000000000000e-04	   2.4348556287599999e-03	
   8.1660000000000001e-04	   2.4346073749800003e-03	
   8.1680000000000001e-04	   2.4343589213499999e-03	
   8.1700000000000002e-04	   2.4341102719000001e-03	
   8.1720000000000002e-04	   2.4338614306299998e-03	
   8.1740000000000003e-04	   2.4336124015700003e-03	
   8.1760000000000003e-04	   2.4333531001600002e-03	
   8.1780000000000004e-04	   2.4330892853799998e-03	
   8.1799999999999993e-04	   2.4328252964299999e-03	
   8.1820000000000005e-04	   2.4325611373200002e-03	
   8.1840000000000005e-04	   2.4322968120900003e-03	
   8.1860000000000006e-04	   2.4320323247900002e-03	
   8.1879999999999995e-04	   2.4317676794400000e-03	
   8.1899999999999996e-04	   2.4315028800899999e-03	
   8.1920000000000007e-04	   2.4312379307800001e-03	
   8.1940000000000008e-04	   2.4309728355499998e-03	
   8.1959999999999997e-04	   2.4307075984500003e-03	
   8.1979999999999998e-04	   2.4304422235400000e-03	
   8.1999999999999998e-04	   2.4301767148500000e-03	
   8.2020000000000010e-04	   2.4299110764499999e-03	
   8.2039999999999999e-04	   2.4296453123800001e-03	
   8.2060000000000000e-04	   2.4293794267100004e-03	
   8.2080000000000000e-04	   2.4291134234900001e-03	
   8.2100000000000001e-04	   2.4288473067799999e-03	
   8.2120000000000001e-04	   2.4285810806399999e-03	
   8.2140000000000002e-04	   2.4283147491300002e-03	
   8.2160000000000002e-04	   2.4280483163200001e-03	
   8.2180000000000003e-04	   2.4277817862700004e-03	
   8.2199999999999992e-04	   2.4275151630399998e-03	
   8.2220000000000004e-04	   2.4272484507100000e-03	
   8.2240000000000004e-04	   2.4269816533400001e-03	
   8.2260000000000005e-04	   2.4267147750000003e-03	
   8.2279999999999994e-04	   2.4264478197700001e-03	
   8.2299999999999995e-04	   2.4261807916999998e-03	
   8.2320000000000006e-04	   2.4259136948800004e-03	
   8.2340000000000007e-04	   2.4256465333700001e-03	
   8.2360000000000007e-04	   2.4253793112499998e-03	
   8.2379999999999997e-04	   2.4250971693200001e-03	
   8.2399999999999997e-04	   2.4248147320600003e-03	
   8.2420000000000008e-04	   2.4245322480900000e-03	
   8.2440000000000009e-04	   2.4242497214699999e-03	
   8.2459999999999999e-04	   2.4239671562999998e-03	
   8.2479999999999999e-04	   2.4236845566300001e-03	
   8.2500000000000000e-04	   2.4234019265499999e-03	
   8.2520000000000011e-04	   2.4231192701300000e-03	
   8.2540000000000001e-04	   2.4228365914499999e-03	
   8.2560000000000001e-04	   2.4225538945800000e-03	
   8.2580000000000001e-04	   2.4222711835900001e-03	
   8.2600000000000002e-04	   2.4219884625700000e-03	
   8.2620000000000002e-04	   2.4217057355799998e-03	
   8.2640000000000003e-04	   2.4214230067000002e-03	
   8.2660000000000003e-04	   2.4211402799899999e-03	
   8.2680000000000004e-04	   2.4208575595400001e-03	
   8.2699999999999994e-04	   2.4205748494099998e-03	
   8.2720000000000005e-04	   2.4202921536700000e-03	
   8.2740000000000005e-04	   2.4200094764000001e-03	
   8.2760000000000006e-04	   2.4197268216499999e-03	
   8.2779999999999996e-04	   2.4194441935000001e-03	
   8.2799999999999996e-04	   2.4191615960100000e-03	
   8.2820000000000007e-04	   2.4188790332400002e-03	
   8.2840000000000008e-04	   2.4185965092700002e-03	
   8.2859999999999997e-04	   2.4183140281500001e-03	
   8.2879999999999998e-04	   2.4180315939399998e-03	
   8.2899999999999998e-04	   2.4177492106999998e-03	
   8.2920000000000010e-04	   2.4174668824900000e-03	
   8.2939999999999999e-04	   2.4171846133600001e-03	
   8.2960000000000000e-04	   2.4169023131600000e-03	
   8.2980000000000000e-04	   2.4166043306600000e-03	
   8.3000000000000001e-04	   2.4163064211599997e-03	
   8.3020000000000001e-04	   2.4160085887099999e-03	
   8.3040000000000002e-04	   2.4157108373499998e-03	
   8.3060000000000002e-04	   2.4154131711299999e-03	
   8.3080000000000003e-04	   2.4151155940799998e-03	
   8.3099999999999992e-04	   2.4148181102400003e-03	
   8.3120000000000004e-04	   2.4145207236599998e-03	
   8.3140000000000004e-04	   2.4142234383500000e-03	
   8.3160000000000005e-04	   2.4139262583600003e-03	
   8.3180000000000005e-04	   2.4136291876999997e-03	
   8.3199999999999995e-04	   2.4133322304099999e-03	
   8.3220000000000006e-04	   2.4130353905100002e-03	
   8.3240000000000007e-04	   2.4127386720100004e-03	
   8.3260000000000007e-04	   2.4124420789300000e-03	
   8.3279999999999997e-04	   2.4121456152800002e-03	
   8.3299999999999997e-04	   2.4118492850800002e-03	
   8.3320000000000009e-04	   2.4115530923300003e-03	
   8.3340000000000009e-04	   2.4112570410399999e-03	
   8.3359999999999999e-04	   2.4109611351899999e-03	
   8.3379999999999999e-04	   2.4106653788000003e-03	
   8.3400000000000000e-04	   2.4103697758500000e-03	
   8.3420000000000011e-04	   2.4100743303300002e-03	
   8.3440000000000001e-04	   2.4097790462400000e-03	
   8.3460000000000001e-04	   2.4094839275400001e-03	
   8.3480000000000002e-04	   2.4091889782199998e-03	
   8.3500000000000002e-04	   2.4088942022599999e-03	
   8.3520000000000003e-04	   2.4085996036199999e-03	
   8.3540000000000003e-04	   2.4083051862800000e-03	
   8.3560000000000004e-04	   2.4079982125200000e-03	
   8.3580000000000004e-04	   2.4076875339200002e-03	
   8.3599999999999994e-04	   2.4073770502800003e-03	
   8.3620000000000005e-04	   2.4070667655600002e-03	
   8.3640000000000006e-04	   2.4067566836899999e-03	
   8.3660000000000006e-04	   2.4064468086200004e-03	
   8.3679999999999996e-04	   2.4061371442800003e-03	
   8.3699999999999996e-04	   2.4058276945900002e-03	
   8.3720000000000008e-04	   2.4055184634800002e-03	
   8.3740000000000008e-04	   2.4052094548699999e-03	
   8.3759999999999998e-04	   2.4049006726700002e-03	
   8.3779999999999998e-04	   2.4045921207799998e-03	
   8.3799999999999999e-04	   2.4042838031199999e-03	
   8.3819999999999999e-04	   2.4039757235700000e-03	
   8.3840000000000010e-04	   2.4036678860400000e-03	
   8.3860000000000000e-04	   2.4033602944100001e-03	
   8.3880000000000001e-04	   2.4030529525600002e-03	
   8.3900000000000001e-04	   2.4027458643700000e-03	
   8.3920000000000002e-04	   2.4024390337099998e-03	
   8.3940000000000002e-04	   2.4021324644500001e-03	
   8.3960000000000003e-04	   2.4018261604500002e-03	
   8.3980000000000003e-04	   2.4015201255500000e-03	
   8.4000000000000003e-04	   2.4012143636200000e-03	
   8.4019999999999993e-04	   2.4009088784900001e-03	
   8.4040000000000004e-04	   2.4006036740100000e-03	
   8.4060000000000005e-04	   2.4002987539900001e-03	
   8.4080000000000005e-04	   2.3999941222799998e-03	
   8.4099999999999995e-04	   2.3996897826799998e-03	
   8.4119999999999996e-04	   2.3993811285999999e-03	
   8.4140000000000007e-04	   2.3990598903499997e-03	
   8.4160000000000007e-04	   2.3987389574599998e-03	
   8.4179999999999997e-04	   2.3984183336800001e-03	
   8.4199999999999998e-04	   2.3980980228200002e-03	
   8.4219999999999998e-04	   2.3977780286500001e-03	
   8.4240000000000009e-04	   2.3974583549200000e-03	
   8.4259999999999999e-04	   2.3971390054100001e-03	
   8.4279999999999999e-04	   2.3968199838699999e-03	
   8.4300000000000000e-04	   2.3965012940400003e-03	
   8.4320000000000000e-04	   2.3961829396700000e-03	
   8.4340000000000001e-04	   2.3958649244800001e-03	
   8.4360000000000001e-04	   2.3955472522100003e-03	
   8.4380000000000002e-04	   2.3952299265700000e-03	
   8.4400000000000002e-04	   2.3949129512699997e-03	
   8.4419999999999992e-04	   2.3945963300300004e-03	
   8.4440000000000003e-04	   2.3942800665299998e-03	
   8.4460000000000004e-04	   2.3939641644699998e-03	
   8.4480000000000004e-04	   2.3936486275200003e-03	
   8.4499999999999994e-04	   2.3933334593700000e-03	
   8.4519999999999994e-04	   2.3930186636699998e-03	
   8.4540000000000006e-04	   2.3927042441000000e-03	
   8.4560000000000006e-04	   2.3923902042899997e-03	
   8.4580000000000007e-04	   2.3920765478899998e-03	
   8.4599999999999996e-04	   2.3917632785500002e-03	
   8.4619999999999997e-04	   2.3914503998800000e-03	
   8.4640000000000008e-04	   2.3911379154999998e-03	
   8.4660000000000009e-04	   2.3908258290400003e-03	
   8.4679999999999998e-04	   2.3905049507600001e-03	
   8.4699999999999999e-04	   2.3901752473900004e-03	
   8.4719999999999999e-04	   2.3898459544800001e-03	
   8.4740000000000011e-04	   2.3895170755800000e-03	
   8.4760000000000000e-04	   2.3891886142600001e-03	
   8.4780000000000001e-04	   2.3888605740700003e-03	
   8.4800000000000001e-04	   2.3885329585499999e-03	
   8.4820000000000002e-04	   2.3882057712399998e-03	
   8.4840000000000002e-04	   2.3878790156699999e-03	
   8.4860000000000003e-04	   2.3875526953400002e-03	
   8.4880000000000003e-04	   2.3872268137800001e-03	
   8.4900000000000004e-04	   2.3869013744700000e-03	
   8.4919999999999993e-04	   2.3865763809099998e-03	
   8.4940000000000005e-04	   2.3862518365800000e-03	
   8.4960000000000005e-04	   2.3859277449500001e-03	
   8.4980000000000006e-04	   2.3856041094899999e-03	
   8.4999999999999995e-04	   2.3852809336400000e-03	
   8.5019999999999996e-04	   2.3849582208500001e-03	
   8.5040000000000007e-04	   2.3846359745500001e-03	
   8.5060000000000008e-04	   2.3843141981800000e-03	
   8.5079999999999997e-04	   2.3839928951400000e-03	
   8.5099999999999998e-04	   2.3836720688400004e-03	
   8.5119999999999998e-04	   2.3833517226800002e-03	
   8.5140000000000010e-04	   2.3830318600400000e-03	
   8.5159999999999999e-04	   2.3827124842999998e-03	
   8.5180000000000000e-04	   2.3823935988299999e-03	
   8.5200000000000000e-04	   2.3820752069800004e-03	
   8.5220000000000001e-04	   2.3817481353100001e-03	
   8.5240000000000001e-04	   2.3814113069300000e-03	
   8.5260000000000002e-04	   2.3810749838500001e-03	
   8.5280000000000002e-04	   2.3807391693600002e-03	
   8.5300000000000003e-04	   2.3804038667700001e-03	
   8.5319999999999992e-04	   2.3800690793500004e-03	
   8.5340000000000004e-04	   2.3797348103800002e-03	
   8.5360000000000004e-04	   2.3794010631199999e-03	
   8.5380000000000005e-04	   2.3790678408300001e-03	
   8.5400000000000005e-04	   2.3787351467500000e-03	
   8.5419999999999995e-04	   2.3784029841000002e-03	
   8.5440000000000006e-04	   2.3780713561099998e-03	
   8.5460000000000006e-04	   2.3777402659900001e-03	
   8.5480000000000007e-04	   2.3774097169299998e-03	
   8.5499999999999997e-04	   2.3770797121300002e-03	
   8.5519999999999997e-04	   2.3767502547500001e-03	
   8.5540000000000008e-04	   2.3764213479700001e-03	
   8.5560000000000009e-04	   2.3760929949500002e-03	
   8.5579999999999999e-04	   2.3757651988099999e-03	
   8.5599999999999999e-04	   2.3754379627100000e-03	
   8.5619999999999999e-04	   2.3751112897500001e-03	
   8.5640000000000011e-04	   2.3747851830500004e-03	
   8.5660000000000000e-04	   2.3744596457000002e-03	
   8.5680000000000001e-04	   2.3741346808000001e-03	
   8.5700000000000001e-04	   2.3738102914099999e-03	
   8.5720000000000002e-04	   2.3734864806000001e-03	
   8.5740000000000002e-04	   2.3731594900600001e-03	
   8.5760000000000003e-04	   2.3728163106200005e-03	
   8.5780000000000003e-04	   2.3724737204099998e-03	
   8.5800000000000004e-04	   2.3721317224299999e-03	
   8.5819999999999994e-04	   2.3717903196600002e-03	
   8.5840000000000005e-04	   2.3714495150800002e-03	
   8.5860000000000005e-04	   2.3711093116700003e-03	
   8.5880000000000006e-04	   2.3707697123800000e-03	
   8.5899999999999995e-04	   2.3704307201399999e-03	
   8.5919999999999996e-04	   2.3700923378900001e-03	
   8.5940000000000007e-04	   2.3697545685500000e-03	
   8.5960000000000008e-04	   2.3694174150200001e-03	
   8.5979999999999997e-04	   2.3690808802000001e-03	
   8.5999999999999998e-04	   2.3687449669700000e-03	
   8.6019999999999998e-04	   2.3684096781900000e-03	
   8.6040000000000010e-04	   2.3680750167300001e-03	
   8.6060000000000010e-04	   2.3677409854200001e-03	
   8.6080000000000000e-04	   2.3674075871000003e-03	
   8.6100000000000000e-04	   2.3670748245800000e-03	
   8.6120000000000001e-04	   2.3667427006800004e-03	
   8.6140000000000012e-04	   2.3664112181800002e-03	
   8.6160000000000002e-04	   2.3660803798600002e-03	
   8.6180000000000002e-04	   2.3657501884999997e-03	
   8.6200000000000003e-04	   2.3654206468400000e-03	
   8.6220000000000003e-04	   2.3650917576400004e-03	
   8.6240000000000004e-04	   2.3647635236100002e-03	
   8.6260000000000004e-04	   2.3644222110599999e-03	
   8.6280000000000005e-04	   2.3640735588899998e-03	
   8.6300000000000005e-04	   2.3637255713199997e-03	
   8.6319999999999995e-04	   2.3633782510099999e-03	
   8.6339999999999995e-04	   2.3630316006099999e-03	
   8.6360000000000007e-04	   2.3626856227400000e-03	
   8.6380000000000007e-04	   2.3623403200200002e-03	
   8.6399999999999997e-04	   2.3619956950700002e-03	
   8.6419999999999997e-04	   2.3616517504700001e-03	
   8.6439999999999998e-04	   2.3613084887900001e-03	
   8.6460000000000009e-04	   2.3609659126100002e-03	
   8.6479999999999999e-04	   2.3606240244800000e-03	
   8.6499999999999999e-04	   2.3602828269299997e-03	
   8.6520000000000000e-04	   2.3599423224800000e-03	
   8.6540000000000000e-04	   2.3596025136500003e-03	
   8.6560000000000001e-04	   2.3592634029199998e-03	
   8.6580000000000001e-04	   2.3589249927900000e-03	
   8.6600000000000002e-04	   2.3585872857200003e-03	
   8.6620000000000002e-04	   2.3582502841700001e-03	
   8.6639999999999992e-04	   2.3579139905700003e-03	
   8.6660000000000003e-04	   2.3575784073500000e-03	
   8.6680000000000004e-04	   2.3572435369300002e-03	
   8.6700000000000004e-04	   2.3569093817000001e-03	
   8.6719999999999994e-04	   2.3565759440399999e-03	
   8.6739999999999994e-04	   2.3562432263300004e-03	
   8.6760000000000006e-04	   2.3558923623500003e-03	
   8.6780000000000006e-04	   2.3555380382900004e-03	
   8.6800000000000006e-04	   2.3551844422600001e-03	
   8.6819999999999996e-04	   2.3548315765500000e-03	
   8.6839999999999997e-04	   2.3544794434400000e-03	
   8.6860000000000008e-04	   2.3541280451900002e-03	
   8.6880000000000008e-04	   2.3537773840499997e-03	
   8.6899999999999998e-04	   2.3534274622499999e-03	
   8.6919999999999999e-04	   2.3530782820099998e-03	
   8.6939999999999999e-04	   2.3527298455400000e-03	
   8.6960000000000010e-04	   2.3523821550200000e-03	
   8.6980000000000000e-04	   2.3520352126400004e-03	
   8.7000000000000001e-04	   2.3516890205399999e-03	
   8.7020000000000001e-04	   2.3513435808800000e-03	
   8.7040000000000001e-04	   2.3509988957900003e-03	
   8.7060000000000002e-04	   2.3506549673700003e-03	
   8.7080000000000002e-04	   2.3503117977399998e-03	
   8.7100000000000003e-04	   2.3499693889800000e-03	
   8.7120000000000003e-04	   2.3496277431500003e-03	
   8.7139999999999993e-04	   2.3492868623200000e-03	
   8.7160000000000004e-04	   2.3489467485099998e-03	
   8.7180000000000005e-04	   2.3486074037700000e-03	
   8.7200000000000005e-04	   2.3482688300999997e-03	
   8.7219999999999995e-04	   2.3479310294900004e-03	
   8.7239999999999996e-04	   2.3475758067100002e-03	
   8.7260000000000007e-04	   2.3472150586199996e-03	
   8.7280000000000007e-04	   2.3468550902400001e-03	
   8.7299999999999997e-04	   2.3464959034900004e-03	
   8.7319999999999997e-04	   2.3461375002600000e-03	
   8.7339999999999998e-04	   2.3457798824200000e-03	
   8.7360000000000009e-04	   2.3454230518400003e-03	
   8.7379999999999999e-04	   2.3450670103800004e-03	
   8.7399999999999999e-04	   2.3447117598500000e-03	
   8.7420000000000000e-04	   2.3443573020800004e-03	
   8.7440000000000000e-04	   2.3440036388699998e-03	
   8.7460000000000001e-04	   2.3436507720000000e-03	
   8.7480000000000001e-04	   2.3432987032500001e-03	
   8.7500000000000002e-04	   2.3429474343700002e-03	
   8.7520000000000002e-04	   2.3425969671000001e-03	
   8.7540000000000003e-04	   2.3422473031600001e-03	
   8.7560000000000003e-04	   2.3418984442499999e-03	
   8.7580000000000004e-04	   2.3415503920799999e-03	
   8.7600000000000004e-04	   2.3412031483100002e-03	
   8.7620000000000005e-04	   2.3408567146000004e-03	
   8.7639999999999994e-04	   2.3405110926000001e-03	
   8.7660000000000006e-04	   2.3401662839399998e-03	
   8.7680000000000006e-04	   2.3398222902299998e-03	
   8.7700000000000007e-04	   2.3394685507300002e-03	
   8.7719999999999996e-04	   2.3391000994900002e-03	
   8.7739999999999997e-04	   2.3387324683400001e-03	
   8.7760000000000008e-04	   2.3383656587899998e-03	
   8.7780000000000009e-04	   2.3379996723600000e-03	
   8.7799999999999998e-04	   2.3376345105300001e-03	
   8.7819999999999999e-04	   2.3372701747800002e-03	
   8.7839999999999999e-04	   2.3369066665500002e-03	
   8.7860000000000011e-04	   2.3365439873000000e-03	
   8.7880000000000000e-04	   2.3361821384300001e-03	
   8.7900000000000001e-04	   2.3358211213700001e-03	
   8.7920000000000001e-04	   2.3354609374900003e-03	
   8.7940000000000002e-04	   2.3351015881800004e-03	
   8.7960000000000002e-04	   2.3347430747899999e-03	
   8.7980000000000003e-04	   2.3343853986699998e-03	
   8.8000000000000003e-04	   2.3340285611399996e-03	
   8.8020000000000004e-04	   2.3336725634999999e-03	
   8.8039999999999993e-04	   2.3333174070600000e-03	
   8.8060000000000005e-04	   2.3329630930800003e-03	
   8.8080000000000005e-04	   2.3326096228300001e-03	
   8.8100000000000006e-04	   2.3322569975500001e-03	
   8.8119999999999995e-04	   2.3319052184700003e-03	
   8.8139999999999996e-04	   2.3315542867899997e-03	
   8.8160000000000007e-04	   2.3311817938099998e-03	
   8.8180000000000008e-04	   2.3308047096700004e-03	
   8.8199999999999997e-04	   2.3304284764299999e-03	
   8.8219999999999998e-04	   2.3300530952099999e-03	
   8.8239999999999998e-04	   2.3296785671000002e-03	
   8.8260000000000009e-04	   2.3293048931799999e-03	
   8.8280000000000010e-04	   2.3289320745200001e-03	
   8.8300000000000000e-04	   2.3285601121600000e-03	
   8.8320000000000000e-04	   2.3281890071300002e-03	
   8.8340000000000001e-04	   2.3278187604500000e-03	
   8.8360000000000012e-04	   2.3274493731100000e-03	
   8.8380000000000002e-04	   2.3270808460899997e-03	
   8.8400000000000002e-04	   2.3267131803499999e-03	
   8.8420000000000002e-04	   2.3263463768500000e-03	
   8.8440000000000003e-04	   2.3259804365000003e-03	
   8.8460000000000003e-04	   2.3256153602200002e-03	
   8.8480000000000004e-04	   2.3252511489100002e-03	
   8.8500000000000004e-04	   2.3248878034399997e-03	
   8.8520000000000005e-04	   2.3245253246700001e-03	
   8.8539999999999995e-04	   2.3241637134600000e-03	
   8.8560000000000006e-04	   2.3238029706200000e-03	
   8.8580000000000006e-04	   2.3234430969800001e-03	
   8.8600000000000007e-04	   2.3230560154500002e-03	
   8.8619999999999997e-04	   2.3226680832600000e-03	
   8.8639999999999997e-04	   2.3222810220500001e-03	
   8.8660000000000008e-04	   2.3218948325500000e-03	
   8.8680000000000009e-04	   2.3215095154499998e-03	
   8.8699999999999998e-04	   2.3211250714100001e-03	
   8.8719999999999999e-04	   2.3207415011100001e-03	
   8.8739999999999999e-04	   2.3203588051700003e-03	
   8.8760000000000000e-04	   2.3199769842300001e-03	
   8.8780000000000000e-04	   2.3195960388899999e-03	
   8.8800000000000001e-04	   2.3192159697500003e-03	
   8.8820000000000001e-04	   2.3188367773700003e-03	
   8.8840000000000002e-04	   2.3184584623100004e-03	
   8.8859999999999992e-04	   2.3180810251100001e-03	
   8.8880000000000003e-04	   2.3177044662900000e-03	
   8.8900000000000003e-04	   2.3173287863600001e-03	
   8.8920000000000004e-04	   2.3169539858100001e-03	
   8.8939999999999993e-04	   2.3165800651000000e-03	
   8.8959999999999994e-04	   2.3162070246900003e-03	
   8.8980000000000005e-04	   2.3158348650199998e-03	
   8.9000000000000006e-04	   2.3154635864999999e-03	
   8.9020000000000006e-04	   2.3150670552300003e-03	
   8.9039999999999996e-04	   2.3146655755799999e-03	
   8.9059999999999996e-04	   2.3142649771700002e-03	
   8.9080000000000008e-04	   2.3138652603100001e-03	
   8.9100000000000008e-04	   2.3134664252900000e-03	
   8.9119999999999998e-04	   2.3130684723999999e-03	
   8.9139999999999998e-04	   2.3126714018900001e-03	
   8.9159999999999999e-04	   2.3122752140200000e-03	
   8.9180000000000010e-04	   2.3118799090099998e-03	
   8.9200000000000000e-04	   2.3114854870700001e-03	
   8.9220000000000000e-04	   2.3110919483900001e-03	
   8.9240000000000001e-04	   2.3106992931600000e-03	
   8.9260000000000001e-04	   2.3103075215299999e-03	
   8.9280000000000002e-04	   2.3099166336500001e-03	
   8.9300000000000002e-04	   2.3095266296300002e-03	
   8.9320000000000003e-04	   2.3091375096000004e-03	
   8.9340000000000003e-04	   2.3087492736400001e-03	
   8.9359999999999993e-04	   2.3083619218200002e-03	
   8.9380000000000004e-04	   2.3079754542000004e-03	
   8.9400000000000005e-04	   2.3075898708299998e-03	
   8.9420000000000005e-04	   2.3071903626900002e-03	
   8.9439999999999995e-04	   2.3067721689299997e-03	
   8.9459999999999995e-04	   2.3063548577400002e-03	
   8.9480000000000007e-04	   2.3059384290500000e-03	
   8.9500000000000007e-04	   2.3055228827800001e-03	
   8.9519999999999997e-04	   2.3051082188200000e-03	
   8.9539999999999997e-04	   2.3046944370500003e-03	
   8.9559999999999998e-04	   2.3042815373300000e-03	
   8.9580000000000009e-04	   2.3038695195100002e-03	
   8.9599999999999999e-04	   2.3034583834200002e-03	
   8.9619999999999999e-04	   2.3030481288700000e-03	
   8.9640000000000000e-04	   2.3026387556599999e-03	
   8.9660000000000000e-04	   2.3022302635599999e-03	
   8.9680000000000011e-04	   2.3018226523299997e-03	
   8.9700000000000001e-04	   2.3014159217099998e-03	
   8.9720000000000002e-04	   2.3010100714399998e-03	
   8.9740000000000002e-04	   2.3006051012200001e-03	
   8.9760000000000003e-04	   2.3002010107499998e-03	
   8.9780000000000003e-04	   2.2997977996999999e-03	
   8.9800000000000004e-04	   2.2993954677200004e-03	
   8.9820000000000004e-04	   2.2989650287800001e-03	
   8.9840000000000004e-04	   2.2985273711000000e-03	
   8.9859999999999994e-04	   2.2980905889499999e-03	
   8.9880000000000005e-04	   2.2976546818900003e-03	
   8.9900000000000006e-04	   2.2972196494600002e-03	
   8.9920000000000006e-04	   2.2967854911500000e-03	
   8.9939999999999996e-04	   2.2963522064800000e-03	
   8.9959999999999997e-04	   2.2959197949100002e-03	
   8.9980000000000008e-04	   2.2954882559200001e-03	
   9.0000000000000008e-04	   2.2950575889399997e-03	
   9.0019999999999998e-04	   2.2946277934100001e-03	
   9.0039999999999999e-04	   2.2941988687400000e-03	
   9.0059999999999999e-04	   2.2937708143200004e-03	
   9.0080000000000010e-04	   2.2933436295299999e-03	
   9.0100000000000000e-04	   2.2929173137399999e-03	
   9.0120000000000000e-04	   2.2924918662999999e-03	
   9.0140000000000001e-04	   2.2920672865200001e-03	
   9.0160000000000001e-04	   2.2916435737200002e-03	
   9.0180000000000002e-04	   2.2912207271999999e-03	
   9.0200000000000002e-04	   2.2907638279200003e-03	
   9.0220000000000003e-04	   2.2903025904500002e-03	
   9.0240000000000003e-04	   2.2898422138200002e-03	
   9.0259999999999993e-04	   2.2893826972300003e-03	
   9.0280000000000004e-04	   2.2889240398400001e-03	
   9.0300000000000005e-04	   2.2884662408000000e-03	
   9.0320000000000005e-04	   2.2880092992300003e-03	
   9.0339999999999995e-04	   2.2875532142700001e-03	
   9.0359999999999995e-04	   2.2870979849899998e-03	
   9.0380000000000007e-04	   2.2866436105000000e-03	
   9.0400000000000007e-04	   2.2861900898499998e-03	
   9.0419999999999997e-04	   2.2857374220999998e-03	
   9.0439999999999997e-04	   2.2852856062700001e-03	
   9.0459999999999998e-04	   2.2848346413900000e-03	
   9.0480000000000009e-04	   2.2843845264499999e-03	
   9.0500000000000010e-04	   2.2839352604500001e-03	
   9.0519999999999999e-04	   2.2834868423500000e-03	
   9.0540000000000000e-04	   2.2830392710900000e-03	
   9.0560000000000000e-04	   2.2825622002400001e-03	
   9.0580000000000012e-04	   2.2820727690400001e-03	
   9.0600000000000001e-04	   2.2815841773600001e-03	
   9.0620000000000002e-04	   2.2810964240199999e-03	
   9.0640000000000002e-04	   2.2806095078600000e-03	
   9.0660000000000003e-04	   2.2801234276800001e-03	
   9.0680000000000003e-04	   2.2796381822599997e-03	
   9.0700000000000004e-04	   2.2791537703800002e-03	
   9.0720000000000004e-04	   2.2786701908000004e-03	
   9.0740000000000005e-04	   2.2781874422500002e-03	
   9.0759999999999994e-04	   2.2777055234700001e-03	
   9.0780000000000006e-04	   2.2772244331499998e-03	
   9.0800000000000006e-04	   2.2767441700000004e-03	
   9.0820000000000007e-04	   2.2762647326900003e-03	
   9.0839999999999996e-04	   2.2757861198900000e-03	
   9.0859999999999997e-04	   2.2753083302300002e-03	
   9.0880000000000008e-04	   2.2748313623600002e-03	
   9.0900000000000009e-04	   2.2743428308800002e-03	
   9.0919999999999998e-04	   2.2738200641200003e-03	
   9.0939999999999999e-04	   2.2732981098600000e-03	
   9.0959999999999999e-04	   2.2727769666100002e-03	
   9.0980000000000011e-04	   2.2722566328700002e-03	
   9.1000000000000000e-04	   2.2717371071300000e-03	
   9.1020000000000001e-04	   2.2712183878399999e-03	
   9.1040000000000001e-04	   2.2707004734699998e-03	
   9.1060000000000002e-04	   2.2701833624400002e-03	
   9.1080000000000002e-04	   2.2696670531900001e-03	
   9.1100000000000003e-04	   2.2691515441100002e-03	
   9.1120000000000003e-04	   2.2686368335900001e-03	
   9.1140000000000004e-04	   2.2681229200100001e-03	
   9.1159999999999993e-04	   2.2676098017399998e-03	
   9.1180000000000005e-04	   2.2670974771200002e-03	
   9.1200000000000005e-04	   2.2665859444700003e-03	
   9.1220000000000006e-04	   2.2660752021100004e-03	
   9.1240000000000006e-04	   2.2655360417200001e-03	
   9.1259999999999996e-04	   2.2649749999800002e-03	
   9.1279999999999996e-04	   2.2644147371600003e-03	
   9.1300000000000007e-04	   2.2638552514599999e-03	
   9.1320000000000008e-04	   2.2632965410599999e-03	
   9.1339999999999998e-04	   2.2627386041199999e-03	
   9.1359999999999998e-04	   2.2621814388000001e-03	
   9.1379999999999999e-04	   2.2616250432399999e-03	
   9.1400000000000010e-04	   2.2610694155600001e-03	
   9.1420000000000000e-04	   2.2605145538700001e-03	
   9.1440000000000000e-04	   2.2599604562599999e-03	
   9.1460000000000000e-04	   2.2594071208300003e-03	
   9.1480000000000001e-04	   2.2588545456200004e-03	
   9.1500000000000001e-04	   2.2583027286999999e-03	
   9.1520000000000002e-04	   2.2577516680999999e-03	
   9.1540000000000002e-04	   2.2572013618500000e-03	
   9.1560000000000003e-04	   2.2566174730900002e-03	
   9.1579999999999993e-04	   2.2560117088500000e-03	
   9.1600000000000004e-04	   2.2554066854200000e-03	
   9.1620000000000004e-04	   2.2548024007000003e-03	
   9.1640000000000005e-04	   2.2541988525800003e-03	
   9.1659999999999995e-04	   2.2535960389500000e-03	
   9.1679999999999995e-04	   2.2529939576600004e-03	
   9.1700000000000006e-04	   2.2523926065599999e-03	
   9.1720000000000007e-04	   2.2517919834800001e-03	
   9.1739999999999996e-04	   2.2511920862500001e-03	
   9.1759999999999997e-04	   2.2505929126800002e-03	
   9.1779999999999997e-04	   2.2499944605599998e-03	
   9.1800000000000009e-04	   2.2493967276700001e-03	
   9.1819999999999998e-04	   2.2487997117800001e-03	
   9.1839999999999999e-04	   2.2482034106400001e-03	
   9.1859999999999999e-04	   2.2475839257899998e-03	
   9.1880000000000000e-04	   2.2469262204300000e-03	
   9.1900000000000011e-04	   2.2462692140299998e-03	
   9.1920000000000001e-04	   2.2456129042300000e-03	
   9.1940000000000001e-04	   2.2449572886400005e-03	
   9.1960000000000002e-04	   2.2443023648699998e-03	
   9.1980000000000002e-04	   2.2436481305200002e-03	
   9.2000000000000003e-04	   2.2429945831700000e-03	
   9.2020000000000003e-04	   2.2423417203799997e-03	
   9.2040000000000004e-04	   2.2416895397199999e-03	
   9.2060000000000004e-04	   2.2410380387300004e-03	
   9.2079999999999994e-04	   2.2403872149300004e-03	
   9.2100000000000005e-04	   2.2397370658600001e-03	
   9.2120000000000006e-04	   2.2390875890000001e-03	
   9.2140000000000006e-04	   2.2384387818699999e-03	
   9.2159999999999996e-04	   2.2377282650199999e-03	
   9.2179999999999996e-04	   2.2370111392499997e-03	
   9.2200000000000008e-04	   2.2362946648999999e-03	
   9.2220000000000008e-04	   2.2355788393600001e-03	
   9.2239999999999998e-04	   2.2348636599800000e-03	
   9.2259999999999998e-04	   2.2341491241100000e-03	
   9.2279999999999999e-04	   2.2334352290800000e-03	
   9.2300000000000010e-04	   2.2327219722299996e-03	
   9.2320000000000000e-04	   2.2320093508600000e-03	
   9.2340000000000000e-04	   2.2312973622699997e-03	
   9.2360000000000001e-04	   2.2305860037600002e-03	
   9.2380000000000001e-04	   2.2298752726100002e-03	
   9.2400000000000002e-04	   2.2291651660700002e-03	
   9.2420000000000002e-04	   2.2284441331600000e-03	
   9.2440000000000003e-04	   2.2276576421200000e-03	
   9.2460000000000003e-04	   2.2268717548499998e-03	
   9.2479999999999993e-04	   2.2260864684900002e-03	
   9.2500000000000004e-04	   2.2253017801700001e-03	
   9.2520000000000005e-04	   2.2245176870100002e-03	
   9.2540000000000005e-04	   2.2237341861300001e-03	
   9.2559999999999995e-04	   2.2229512746200003e-03	
   9.2579999999999995e-04	   2.2221689495799998e-03	
   9.2600000000000007e-04	   2.2213872080700000e-03	
   9.2620000000000007e-04	   2.2206060471799999e-03	
   9.2639999999999997e-04	   2.2198254639600001e-03	
   9.2659999999999997e-04	   2.2190454554500000e-03	
   9.2679999999999998e-04	   2.2182538640699999e-03	
   9.2700000000000009e-04	   2.2173879428099997e-03	
   9.2720000000000009e-04	   2.2165225724800003e-03	
   9.2739999999999999e-04	   2.2156577500100001e-03	
   9.2760000000000000e-04	   2.2147934723200000e-03	
   9.2780000000000000e-04	   2.2139297363000000e-03	
   9.2800000000000011e-04	   2.2130665388500003e-03	
   9.2820000000000001e-04	   2.2122038768599998e-03	
   9.2840000000000002e-04	   2.2113417471800001e-03	
   9.2860000000000002e-04	   2.2104801467000001e-03	
   9.2880000000000002e-04	   2.2096190722700002e-03	
   9.2900000000000003e-04	   2.2087585207200000e-03	
   9.2920000000000003e-04	   2.2078984889100004e-03	
   9.2940000000000004e-04	   2.2069536307200003e-03	
   9.2960000000000004e-04	   2.2059963206200002e-03	
   9.2979999999999994e-04	   2.2050395031000002e-03	
   9.3000000000000005e-04	   2.2040831748600001e-03	
   9.3020000000000006e-04	   2.2031273326199997e-03	
   9.3040000000000006e-04	   2.2021719730500001e-03	
   9.3059999999999996e-04	   2.2012170928499999e-03	
   9.3079999999999997e-04	   2.2002626886900001e-03	
   9.3100000000000008e-04	   2.1993087572299997e-03	
   9.3120000000000008e-04	   2.1983552951400000e-03	
   9.3139999999999998e-04	   2.1974022990600001e-03	
   9.3159999999999998e-04	   2.1964123386600002e-03	
   9.3179999999999999e-04	   2.1953484132200001e-03	
   9.3200000000000010e-04	   2.1942849229600000e-03	
   9.3220000000000000e-04	   2.1932218643799998e-03	
   9.3240000000000000e-04	   2.1921592339900001e-03	
   9.3260000000000001e-04	   2.1910970283100001e-03	
   9.3280000000000001e-04	   2.1900352438300004e-03	
   9.3300000000000002e-04	   2.1889738770400000e-03	
   9.3320000000000002e-04	   2.1879129244300002e-03	
   9.3340000000000003e-04	   2.1868523824700001e-03	
   9.3360000000000003e-04	   2.1857922476399999e-03	
   9.3379999999999993e-04	   2.1846633443300002e-03	
   9.3400000000000004e-04	   2.1834756173499999e-03	
   9.3420000000000005e-04	   2.1822882622200002e-03	
   9.3440000000000005e-04	   2.1811012752700003e-03	
   9.3460000000000006e-04	   2.1799146528200001e-03	
   9.3479999999999995e-04	   2.1787283911999999e-03	
   9.3500000000000007e-04	   2.1775424867300002e-03	
   9.3520000000000007e-04	   2.1763569357099999e-03	
   9.3540000000000008e-04	   2.1751717344600002e-03	
   9.3559999999999997e-04	   2.1739868792600000e-03	
   9.3579999999999998e-04	   2.1727308082999997e-03	
   9.3600000000000009e-04	   2.1713977674100000e-03	
   9.3620000000000010e-04	   2.1700650320400001e-03	
   9.3639999999999999e-04	   2.1687325983600000e-03	
   9.3660000000000000e-04	   2.1674004625099998e-03	
   9.3680000000000000e-04	   2.1660686206499999e-03	
   9.3700000000000012e-04	   2.1647370689200003e-03	
   9.3720000000000001e-04	   2.1634058034499999e-03	
   9.3740000000000002e-04	   2.1620748203900002e-03	
   9.3760000000000002e-04	   2.1607161005600000e-03	
   9.3780000000000003e-04	   2.1592110589700002e-03	
   9.3799999999999992e-04	   2.1577062528700002e-03	
   9.3820000000000004e-04	   2.1562016782200001e-03	
   9.3840000000000004e-04	   2.1546973310200002e-03	
   9.3860000000000005e-04	   2.1531932072300004e-03	
   9.3879999999999994e-04	   2.1516893028400001e-03	
   9.3899999999999995e-04	   2.1501856138100004e-03	
   9.3920000000000006e-04	   2.1486821361100003e-03	
   9.3940000000000007e-04	   2.1470588735399997e-03	
   9.3959999999999996e-04	   2.1453481517499998e-03	
   9.3979999999999997e-04	   2.1436375862300002e-03	
   9.3999999999999997e-04	   2.1419271728000001e-03	
   9.4020000000000009e-04	   2.1402169072400000e-03	
   9.4039999999999998e-04	   2.1385067853500004e-03	
   9.4059999999999999e-04	   2.1367968029500002e-03	
   9.4079999999999999e-04	   2.1350869558200000e-03	
   9.4100000000000000e-04	   2.1331932573799999e-03	
   9.4120000000000011e-04	   2.1312326870699997e-03	
   9.4140000000000001e-04	   2.1292721865400002e-03	
   9.4160000000000001e-04	   2.1273117514000002e-03	
   9.4180000000000002e-04	   2.1253513772799999e-03	
   9.4200000000000002e-04	   2.1233910597800000e-03	
   9.4220000000000003e-04	   2.1214307945200002e-03	
   9.4240000000000003e-04	   2.1192768934900001e-03	
   9.4260000000000004e-04	   2.1170073679199998e-03	
   9.4280000000000004e-04	   2.1147378152599999e-03	
   9.4299999999999994e-04	   2.1124682309299997e-03	
   9.4320000000000005e-04	   2.1101986103200000e-03	
   9.4340000000000005e-04	   2.1079289488600004e-03	
   9.4360000000000006e-04	   2.1055588630900001e-03	
   9.4379999999999996e-04	   2.1028984621000004e-03	
   9.4399999999999996e-04	   2.1002379219200000e-03	
   9.4420000000000007e-04	   2.0975772377099999e-03	
   9.4440000000000008e-04	   2.0949164046400004e-03	
   9.4459999999999998e-04	   2.0922554178900003e-03	
   9.4479999999999998e-04	   2.0892760588599999e-03	
   9.4499999999999998e-04	   2.0861059664299998e-03	
   9.4520000000000010e-04	   2.0829355943399997e-03	
   9.4539999999999999e-04	   2.0797649374699996e-03	
   9.4560000000000000e-04	   2.0765939906900004e-03	
   9.4580000000000000e-04	   2.0729179840600002e-03	
   9.4600000000000001e-04	   2.0690566282699999e-03	
   9.4620000000000001e-04	   2.0651948146099999e-03	
   9.4640000000000002e-04	   2.0613325375599999e-03	
   9.4660000000000002e-04	   2.0569008141299999e-03	
   9.4680000000000003e-04	   2.0520495789500002e-03	
   9.4699999999999993e-04	   2.0471976437100000e-03	
   9.4720000000000004e-04	   2.0421031493499998e-03	
   9.4740000000000004e-04	   2.0357174358000001e-03	
   9.4760000000000005e-04	   2.0293306608400001e-03	
   9.4779999999999994e-04	   2.0224017071100000e-03	
   9.4799999999999995e-04	   2.0148793653200002e-03	
   9.4820000000000006e-04	   2.0073556861600001e-03	
   9.4840000000000007e-04	   1.9998306620899998e-03	
   9.4860000000000007e-04	   1.9923042855899999e-03	
   9.4879999999999997e-04	   1.9847765491999999e-03	
   9.4899999999999997e-04	   1.9772474454800002e-03	
   9.4920000000000009e-04	   1.9697169670400000e-03	
   9.4940000000000009e-04	   1.9621851065100000e-03	
   9.4959999999999999e-04	   1.9546518565899998e-03	
   9.4979999999999999e-04	   1.9471172099800001e-03	
   9.5000000000000000e-04	   1.9395811594400002e-03	
   9.5020000000000011e-04	   1.9320436977700000e-03	
   9.5040000000000001e-04	   1.9245048177999999e-03	
   9.5060000000000001e-04	   1.9169645124000002e-03	
   9.5080000000000002e-04	   1.9094227744800001e-03	
   9.5100000000000002e-04	   1.9018795970000000e-03	
   9.5120000000000003e-04	   1.8943349729500002e-03	
   9.5140000000000003e-04	   1.8867888953500000e-03	
   9.5160000000000004e-04	   1.8792413572800001e-03	
   9.5180000000000004e-04	   1.8716923518399999e-03	
   9.5199999999999994e-04	   1.8641418721800000e-03	
   9.5220000000000005e-04	   1.8565899115000001e-03	
   9.5240000000000006e-04	   1.8490364630200000e-03	
   9.5260000000000006e-04	   1.8414815200200002e-03	
   9.5279999999999996e-04	   1.8339250758100001e-03	
   9.5299999999999996e-04	   1.8263671237400002e-03	
   9.5320000000000008e-04	   1.8188076572000001e-03	
   9.5340000000000008e-04	   1.8112466696400000e-03	
   9.5359999999999998e-04	   1.8036841545300000e-03	
   9.5379999999999998e-04	   1.7961201053900001e-03	
   9.5399999999999999e-04	   1.7885545157900000e-03	
   9.5420000000000010e-04	   1.7809873793100000e-03	
   9.5440000000000000e-04	   1.7734186896199999e-03	
   9.5460000000000000e-04	   1.7658484404000001e-03	
   9.5480000000000001e-04	   1.7582766253699999e-03	
   9.5500000000000001e-04	   1.7507032383200002e-03	
   9.5520000000000002e-04	   1.7431282730600000e-03	
   9.5540000000000002e-04	   1.7355517234400001e-03	
   9.5560000000000003e-04	   1.7279735833800002e-03	
   9.5580000000000003e-04	   1.7203938468199999e-03	
   9.5599999999999993e-04	   1.7128125077400002e-03	
   9.5620000000000004e-04	   1.7052295601800000e-03	
   9.5640000000000005e-04	   1.6976449982299999e-03	
   9.5660000000000005e-04	   1.6900588159900001e-03	
   9.5680000000000005e-04	   1.6824710076300000e-03	
   9.5699999999999995e-04	   1.6748815673700000e-03	
   9.5720000000000006e-04	   1.6672904894600000e-03	
   9.5740000000000007e-04	   1.6596977682000000e-03	
   9.5760000000000007e-04	   1.6521033979199999e-03	
   9.5779999999999997e-04	   1.6445073730300000e-03	
   9.5799999999999998e-04	   1.6369096879500001e-03	
   9.5820000000000009e-04	   1.6293103371599999e-03	
   9.5840000000000009e-04	   1.6217093151900000e-03	
   9.5859999999999999e-04	   1.6141066165999999e-03	
   9.5880000000000000e-04	   1.6065022360100001e-03	
   9.5900000000000000e-04	   1.5988961680900001e-03	
   9.5920000000000011e-04	   1.5912884075300001e-03	
   9.5940000000000001e-04	   1.5836789490900002e-03	
   9.5960000000000001e-04	   1.5760677875700001e-03	
   9.5980000000000002e-04	   1.5684549178200001e-03	
   9.6000000000000002e-04	   1.5608403347200000e-03	
   9.6020000000000003e-04	   1.5532240332200001e-03	
   9.6040000000000003e-04	   1.5456060083000002e-03	
   9.6060000000000004e-04	   1.5379862549900001e-03	
   9.6080000000000004e-04	   1.5303647683700000e-03	
   9.6099999999999994e-04	   1.5227415435700000e-03	
   9.6120000000000005e-04	   1.5151165757500001e-03	
   9.6140000000000006e-04	   1.5074898601499999e-03	
   9.6160000000000006e-04	   1.4998613920199999e-03	
   9.6179999999999996e-04	   1.4922311666900002e-03	
   9.6199999999999996e-04	   1.4845991795000000e-03	
   9.6220000000000008e-04	   1.4769654258900001e-03	
   9.6240000000000008e-04	   1.4693299013000000e-03	
   9.6259999999999998e-04	   1.4616926012400000e-03	
   9.6279999999999998e-04	   1.4540535212600001e-03	
   9.6299999999999999e-04	   1.4464126569799999e-03	
   9.6319999999999999e-04	   1.4387700040300001e-03	
   9.6340000000000011e-04	   1.4311255581200000e-03	
   9.6360000000000000e-04	   1.4234793150000001e-03	
   9.6380000000000001e-04	   1.4158312704700001e-03	
   9.6400000000000001e-04	   1.4081814203700000e-03	
   9.6420000000000002e-04	   1.4005297605900000e-03	
   9.6440000000000002e-04	   1.3928762870800001e-03	
   9.6460000000000003e-04	   1.3852209958300000e-03	
   9.6480000000000003e-04	   1.3775638828900001e-03	
   9.6500000000000004e-04	   1.3699049443400000e-03	
   9.6519999999999993e-04	   1.3622441763299999e-03	
   9.6540000000000005e-04	   1.3545815750500001e-03	
   9.6560000000000005e-04	   1.3469171367199999e-03	
   9.6580000000000006e-04	   1.3392508576600000e-03	
   9.6599999999999995e-04	   1.3315827341900000e-03	
   9.6619999999999996e-04	   1.3239127627000000e-03	
   9.6640000000000007e-04	   1.3162409396300001e-03	
   9.6660000000000008e-04	   1.3085672614800000e-03	
   9.6679999999999997e-04	   1.3008917247700001e-03	
   9.6699999999999998e-04	   1.2932143261100001e-03	
   9.6719999999999998e-04	   1.2855350621199999e-03	
   9.6740000000000010e-04	   1.2778539295000000e-03	
   9.6759999999999999e-04	   1.2701709249899999e-03	
   9.6780000000000000e-04	   1.2624860453800001e-03	
   9.6800000000000000e-04	   1.2547992875100000e-03	
   9.6820000000000001e-04	   1.2471106482800001e-03	
   9.6840000000000001e-04	   1.2394201246200001e-03	
   9.6860000000000002e-04	   1.2317277135300000e-03	
   9.6880000000000002e-04	   1.2240334120600001e-03	
   9.6900000000000003e-04	   1.2163372173000001e-03	
   9.6919999999999992e-04	   1.2086391263900001e-03	
   9.6940000000000004e-04	   1.2009391365400001e-03	
   9.6960000000000004e-04	   1.1932372449900001e-03	
   9.6980000000000005e-04	   1.1855334490500000e-03	
   9.6999999999999994e-04	   1.1778277460700000e-03	
   9.7019999999999995e-04	   1.1701201334399999e-03	
   9.7040000000000006e-04	   1.1624106086199999e-03	
   9.7060000000000007e-04	   1.1546991691299999e-03	
   9.7080000000000007e-04	   1.1469858125100001e-03	
   9.7099999999999997e-04	   1.1392705363700000e-03	
   9.7119999999999997e-04	   1.1315533383800000e-03	
   9.7140000000000008e-04	   1.1238342162499999e-03	
   9.7160000000000009e-04	   1.1161131677400000e-03	
   9.7179999999999999e-04	   1.1083901906700001e-03	
   9.7199999999999999e-04	   1.1006652829000001e-03	
   9.7220000000000000e-04	   1.0929384423599999e-03	
   9.7240000000000011e-04	   1.0852096670099999e-03	
   9.7260000000000001e-04	   1.0774789548900000e-03	
   9.7280000000000001e-04	   1.0697463040599999e-03	
   9.7300000000000002e-04	   1.0620117126599999e-03	
   9.7320000000000002e-04	   1.0542751788600001e-03	
   9.7340000000000002e-04	   1.0465367009000000e-03	
   9.7360000000000003e-04	   1.0387962770600002e-03	
   9.7380000000000003e-04	   1.0310539056800001e-03	
   9.7400000000000004e-04	   1.0233095851400001e-03	
   9.7419999999999994e-04	   1.0155633138900001e-03	
   9.7440000000000005e-04	   1.0078150904200001e-03	
   9.7460000000000005e-04	   1.0000649132800000e-03	
   9.7480000000000006e-04	   9.9231278107000010e-04	
   9.7499999999999996e-04	   9.8455869243300000e-04	
   9.7519999999999996e-04	   9.7680264607500006e-04	
   9.7540000000000007e-04	   9.6904464075400006e-04	
   9.7560000000000008e-04	   9.6128467527700008e-04	
   9.7579999999999997e-04	   9.5352274850500000e-04	
   9.7599999999999998e-04	   9.4575885935200004e-04	
   9.7619999999999998e-04	   9.3799300678400004e-04	
   9.7640000000000010e-04	   9.3022518982000001e-04	
   9.7659999999999999e-04	   9.2245540753100002e-04	
   9.7680000000000011e-04	   9.1468365904100006e-04	
   9.7700000000000000e-04	   9.0690994352700003e-04	
   9.7719999999999990e-04	   8.9913426021800003e-04	
   9.7740000000000001e-04	   8.9135660839599997e-04	
   9.7760000000000013e-04	   8.8357698739599999e-04	
   9.7780000000000002e-04	   8.7579539660500010e-04	
   9.7799999999999992e-04	   8.6801183546399998e-04	
   9.7820000000000003e-04	   8.6022630346499994e-04	
   9.7840000000000015e-04	   8.5243880015399998e-04	
   9.7860000000000004e-04	   8.4464932513000001e-04	
   9.7879999999999994e-04	   8.3685787804199999e-04	
   9.7900000000000005e-04	   8.2906445859599995e-04	
   9.7919999999999995e-04	   8.2126906654700002e-04	
   9.7940000000000006e-04	   8.1347170170399999e-04	
   9.7959999999999996e-04	   8.0567236393099993e-04	
   9.7980000000000007e-04	   7.9787105314000001e-04	
   9.7999999999999997e-04	   7.9006776929999999e-04	
   9.8020000000000008e-04	   7.8226251243100002e-04	
   9.8039999999999998e-04	   7.7445528260500001e-04	
   9.8060000000000009e-04	   7.6664607994800010e-04	
   9.8079999999999999e-04	   7.5883490463799993e-04	
   9.8100000000000010e-04	   7.5102175690600005e-04	
   9.8120000000000000e-04	   7.4320663703400004e-04	
   9.8140000000000011e-04	   7.3538954536000003e-04	
   9.8160000000000001e-04	   7.2757048227100002e-04	
   9.8180000000000012e-04	   7.1974944820800001e-04	
   9.8200000000000002e-04	   7.1192644366700004e-04	
   9.8219999999999991e-04	   7.0410146919100002e-04	
   9.8240000000000003e-04	   6.9627452538199993e-04	
   9.8260000000000014e-04	   6.8844561288799999e-04	
   9.8280000000000004e-04	   6.8061473241599999e-04	
   9.8299999999999993e-04	   6.7278188472000007e-04	
   9.8320000000000005e-04	   6.6494707060900003e-04	
   9.8340000000000016e-04	   6.5711029094400004e-04	
   9.8360000000000006e-04	   6.4927154663800004e-04	
   9.8379999999999995e-04	   6.4143083865800005e-04	
   9.8400000000000007e-04	   6.3358816801900000e-04	
   9.8419999999999996e-04	   6.2574353579399999e-04	
   9.8440000000000008e-04	   6.1789694310400000e-04	
   9.8459999999999997e-04	   6.1004839112400002e-04	
   9.8480000000000009e-04	   6.0219788107899997e-04	
   9.8499999999999998e-04	   5.9434541424900004e-04	
   9.8519999999999988e-04	   5.8649099196400004e-04	
   9.8539999999999999e-04	   5.7863461560700002e-04	
   9.8560000000000010e-04	   5.7077628661299999e-04	
   9.8580000000000000e-04	   5.6291600646799997e-04	
   9.8600000000000011e-04	   5.5505377670900008e-04	
   9.8620000000000001e-04	   5.4718959892799998e-04	
   9.8640000000000012e-04	   5.3932347476700010e-04	
   9.8660000000000002e-04	   5.3145540591700000e-04	
   9.8680000000000013e-04	   5.2358539412600009e-04	
   9.8700000000000003e-04	   5.1571344118899994e-04	
   9.8719999999999993e-04	   5.0783954895399993e-04	
   9.8740000000000004e-04	   4.9996371932200005e-04	
   9.8760000000000015e-04	   4.9208595424300001e-04	
   9.8780000000000005e-04	   4.8420625571999996e-04	
   9.8799999999999995e-04	   4.7632462580599999e-04	
   9.8820000000000006e-04	   4.6844106660700002e-04	
   9.8839999999999996e-04	   4.6055558027799999e-04	
   9.8860000000000007e-04	   4.5266816902599999e-04	
   9.8879999999999997e-04	   4.4477883510999998e-04	
   9.8900000000000008e-04	   4.3688758083799999e-04	
   9.8919999999999998e-04	   4.2899440856999997e-04	
   9.8939999999999987e-04	   4.2109932071799998e-04	
   9.8959999999999998e-04	   4.1320231974200001e-04	
   9.8980000000000010e-04	   4.0530340815400000e-04	
   9.8999999999999999e-04	   3.9740258851800000e-04	
   9.9019999999999989e-04	   3.8949986344499998e-04	
   9.9040000000000000e-04	   3.8159523560000005e-04	
   9.9060000000000012e-04	   3.7368870769600000e-04	
   9.9080000000000001e-04	   3.6578028249700003e-04	
   9.9099999999999991e-04	   3.5786996281800000e-04	
   9.9120000000000002e-04	   3.4995775152300000e-04	
   9.9139999999999992e-04	   3.4204365152600003e-04	
   9.9160000000000003e-04	   3.3412766578999999e-04	
   9.9179999999999993e-04	   3.2620979733099999e-04	
   9.9200000000000004e-04	   3.1829004921100001e-04	
   9.9219999999999994e-04	   3.1036842454500001e-04	
   9.9240000000000005e-04	   3.0244492649400003e-04	
   9.9260000000000017e-04	   2.9451955827100004e-04	
   9.9280000000000006e-04	   2.8659232313799998e-04	
   9.9299999999999996e-04	   2.7866322440500002e-04	
   9.9320000000000007e-04	   2.7073226543200004e-04	
   9.9339999999999997e-04	   2.6279944962899997e-04	
   9.9360000000000008e-04	   2.5486478045400003e-04	
   9.9379999999999998e-04	   2.4692826141200000e-04	
   9.9400000000000009e-04	   2.3898989606000002e-04	
   9.9419999999999999e-04	   2.3104968800199998e-04	
   9.9439999999999988e-04	   2.2310764089100000e-04	
   9.9460000000000000e-04	   2.1516375842700001e-04	
   9.9480000000000011e-04	   2.0721804436100002e-04	
   9.9500000000000001e-04	   1.9927050248899999e-04	
   9.9519999999999990e-04	   1.9132113665799999e-04	
   9.9540000000000002e-04	   1.8336995076000001e-04	
   9.9560000000000013e-04	   1.7541694873900000e-04	
   9.9580000000000003e-04	   1.6746213458199998e-04	
   9.9599999999999992e-04	   1.5950551232700000e-04	
   9.9620000000000004e-04	   1.5154708605899999e-04	
   9.9639999999999993e-04	   1.4358685990799999e-04	
   9.9660000000000005e-04	   1.3562483805500000e-04	
   9.9679999999999994e-04	   1.2766102472499998e-04	
   9.9700000000000006e-04	   1.1969542419199999e-04	
   9.9719999999999995e-04	   1.1172804077499999e-04	
   9.9740000000000007e-04	   1.0375887884199999e-04	
   9.9759999999999996e-04	   9.5787942806500008e-05	
   9.9780000000000008e-04	   8.7815237128199995e-05	
   9.9799999999999997e-04	   7.9840766313700004e-05	
   9.9820000000000009e-04	   7.1864534915600003e-05	
   9.9839999999999998e-04	   6.3886547532999996e-05	
   9.9860000000000010e-04	   5.5906808810500003e-05	
   9.9879999999999999e-04	   4.7925323438899998e-05	
   9.9900000000000010e-04	   3.9942096154600000e-05	
   9.9920000000000000e-04	   3.1957131739500005e-05	
   9.9939999999999990e-04	   2.3970435021300001e-05	
   9.9960000000000001e-04	   1.5982010872500000e-05	
   9.9980000000000012e-04	   7.9918642110699992e-06	
   1.0000000000000000e-03	   0.0000000000000000e+00	
   1.0001999999999999e-03	   0.0000000000000000e+00	
