Krok,Czas_[ms],Pozycja_Z_[mm],Gestosc_wzgledna_[-],Ulamek_cieczy_Yl_[-],Ulamek_pary_Yv_[-],Predkosc_cieczy_[m/s],Predkosc_gazu_[m/s],Srednica_kropel_SMD_[um],Temp_kropel_[K],Temp_gazu_[K],Promien_strugi_b_[mm]
000000,0.00000,0.0682,0.0021,0.000000,0.000000,0.0000,0.0000,0.0000,0.00,244.78,0.0682
000000,0.00000,0.2046,0.0021,0.000000,0.000000,0.0000,0.0000,0.0000,0.00,244.78,0.0682
000000,0.00000,0.3411,0.0021,0.000000,0.000000,0.0000,0.0000,0.0000,0.00,244.78,0.0682
000000,0.00000,0.4775,0.0021,0.000000,0.000000,0.0000,0.0000,0.0000,0.00,244.78,0.0682
000000,0.00000,0.6139,0.0021,0.000000,0.000000,0.0000,0.0000,0.0000,0.00,244.78,0.0682
000000,0.00000,0.7504,0.0021,0.000000,0.000000,0.0000,0.0000,0.0000,0.00,244.78,0.0682
000000,0.00000,0.8868,0.0021,0.000000,0.000000,0.0000,0.0000,0.0000,0.00,244.78,0.0682
000000,0.00000,1.0232,0.0021,0.000000,0.000000,0.0000,0.0000,0.0000,0.00,244.78,0.0682
000000,0.00000,1.1597,0.0021,0.000000,0.000000,0.0000,0.0000,0.0000,0.00,244.78,0.0682
000000,0.00000,1.2961,0.0021,0.000000,0.000000,0.0000,0.0000,0.0000,0.00,244.78,0.0682
000000,0.00000,1.4325,0.0021,0.000000,0.000000,0.0000,0.0000,0.0000,0.00,244.78,0.0682
000000,0.00000,1.5690,0.0021,0.000000,0.000000,0.0000,0.0000,0.0000,0.00,244.78,0.0682
000000,0.00000,1.7054,0.0021,0.000000,0.000000,0.0000,0.0000,0.0000,0.00,244.78,0.0682
000000,0.00000,1.8418,0.0021,0.000000,0.000000,0.0000,0.0000,0.0000,0.00,244.78,0.0682
000000,0.00000,1.9783,0.0021,0.000000,0.000000,0.0000,0.0000,0.0000,0.00,244.78,0.0682
000000,0.00000,2.1147,0.0021,0.000000,0.000000,0.0000,0.0000,0.0000,0.00,244.78,0.0682
000000,0.00000,2.2511,0.0021,0.000000,0.000000,0.0000,0.0000,0.0000,0.00,244.78,0.0682
000000,0.00000,2.3876,0.0021,0.000000,0.000000,0.0000,0.0000,0.0000,0.00,244.78,0.0682
000000,0.00000,2.5240,0.0021,0.000000,0.000000,0.0000,0.0000,0.0000,0.00,244.78,0.0682
000000,0.00000,2.6604,0.0021,0.000000,0.000000,0.0000,0.0000,0.0000,0.00,244.78,0.0682
000000,0.00000,2.7969,0.0021,0.000000,0.000000,0.0000,0.0000,0.0000,0.00,244.78,0.0682
000000,0.00000,2.9333,0.0021,0.000000,0.000000,0.0000,0.0000,0.0000,0.00,244.78,0.0682
000000,0.00000,3.0697,0.0021,0.000000,0.000000,0.0000,0.0000,0.0000,0.00,244.78,0.0682
000000,0.00000,3.2062,0.0021,0.000000,0.000000,0.0000,0.0000,0.0000,0.00,244.78,0.0682
000000,0.00000,3.3426,0.0021,0.000000,0.000000,0.0000,0.0000,0.0000,0.00,244.78,0.0682
000000,0.00000,3.4790,0.0021,0.000000,0.000000,0.0000,0.0000,0.0000,0.00,244.78,0.0682
000000,0.00000,3.6155,0.0021,0.000000,0.000000,0.0000,0.0000,0.0000,0.00,244.78,0.0682
000000,0.00000,3.7519,0.0021,0.000000,0.000000,0.0000,0.0000,0.0000,0.00,244.78,0.0682
000000,0.00000,3.8883,0.0021,0.000000,0.000000,0.0000,0.0000,0.0000,0.00,244.78,0.0682
000000,0.00000,4.0248,0.0021,0.000000,0.000000,0.0000,0.0000,0.0000,0.00,244.78,0.0682
000000,0.00000,4.1612,0.0021,0.000000,0.000000,0.0000,0.0000,0.0000,0.00,244.78,0.0682
000000,0.00000,4.2976,0.0021,0.000000,0.000000,0.0000,0.0000,0.0000,0.00,244.78,0.0682
000000,0.00000,4.4341,0.0021,0.000000,0.000000,0.0000,0.0000,0.0000,0.00,244.78,0.0682
000000,0.00000,4.5705,0.0021,0.000000,0.000000,0.0000,0.0000,0.0000,0.00,244.78,0.0682
000000,0.00000,4.7069,0.0021,0.000000,0.000000,0.0000,0.0000,0.0000,0.00,244.78,0.0682
000000,0.00000,4.8434,0.0021,0.000000,0.000000,0.0000,0.0000,0.0000,0.00,244.78,0.0682
000000,0.00000,4.9798,0.0021,0.000000,0.000000,0.0000,0.0000,0.0000,0.00,244.78,0.0682
000000,0.00000,5.1162,0.0021,0.000000,0.000000,0.0000,0.0000,0.0000,0.00,244.78,0.0682
000000,0.00000,5.2527,0.0021,0.000000,0.000000,0.0000,0.0000,0.0000,0.00,244.78,0.0682
000000,0.00000,5.3891,0.0021,0.000000,0.000000,0.0000,0.0000,0.0000,0.00,244.78,0.0682
000000,0.00000,5.5255,0.0021,0.000000,0.000000,0.0000,0.0000,0.0000,0.00,244.78,0.0682
000000,0.00000,5.6620,0.0021,0.000000,0.000000,0.0000,0.0000,0.0000,0.00,244.78,0.0682
000000,0.00000,5.7984,0.0021,0.000000,0.000000,0.0000,0.0000,0.0000,0.00,244.78,0.0682
000000,0.00000,5.9348,0.0021,0.000000,0.000000,0.0000,0.0000,0.0000,0.00,244.78,0.0682
000000,0.00000,6.0713,0.0021,0.000000,0.000000,0.0000,0.0000,0.0000,0.00,244.78,0.0682
000000,0.00000,6.2077,0.0021,0.000000,0.000000,0.0000,0.0000,0.0000,0.00,244.78,0.0682
000000,0.00000,6.3441,0.0021,0.000000,0.000000,0.0000,0.0000,0.0000,0.00,244.78,0.0682
000000,0.00000,6.4806,0.0021,0.000000,0.000000,0.0000,0.0000,0.0000,0.00,244.78,0.0682
000000,0.00000,6.6170,0.0021,0.000000,0.000000,0.0000,0.0000,0.0000,0.00,244.78,0.0682
000000,0.00000,6.7534,0.0021,0.000000,0.000000,0.0000,0.0000,0.0000,0.00,244.78,0.0682
000000,0.00000,6.8899,0.0021,0.000000,0.000000,0.0000,0.0000,0.0000,0.00,244.78,0.0682
000000,0.00000,7.0263,0.0021,0.000000,0.000000,0.0000,0.0000,0.0000,0.00,244.78,0.0682
000000,0.00000,7.1627,0.0021,0.000000,0.000000,0.0000,0.0000,0.0000,0.00,244.78,0.0682
000000,0.00000,7.2992,0.0021,0.000000,0.000000,0.0000,0.0000,0.0000,0.00,244.78,0.0682
000000,0.00000,7.4356,0.0021,0.000000,0.000000,0.0000,0.0000,0.0000,0.00,244.78,0.0682
000000,0.00000,7.5720,0.0021,0.000000,0.000000,0.0000,0.0000,0.0000,0.00,244.78,0.0682
000000,0.00000,7.7085,0.0021,0.000000,0.000000,0.0000,0.0000,0.0000,0.00,244.78,0.0682
000000,0.00000,7.8449,0.0021,0.000000,0.000000,0.0000,0.0000,0.0000,0.00,244.78,0.0682
000000,0.00000,7.9813,0.0021,0.000000,0.000000,0.0000,0.0000,0.0000,0.00,244.78,0.0682
000000,0.00000,8.1178,0.0021,0.000000,0.000000,0.0000,0.0000,0.0000,0.00,244.78,0.0682
000000,0.00000,8.2542,0.0021,0.000000,0.000000,0.0000,0.0000,0.0000,0.00,244.78,0.0682
000000,0.00000,8.3906,0.0021,0.000000,0.000000,0.0000,0.0000,0.0000,0.00,244.78,0.0682
000000,0.00000,8.5271,0.0021,0.000000,0.000000,0.0000,0.0000,0.0000,0.00,244.78,0.0682
000000,0.00000,8.6635,0.0021,0.000000,0.000000,0.0000,0.0000,0.0000,0.00,244.78,0.0682
000000,0.00000,8.7999,0.0021,0.000000,0.000000,0.0000,0.0000,0.0000,0.00,244.78,0.0682
000000,0.00000,8.9364,0.0021,0.000000,0.000000,0.0000,0.0000,0.0000,0.00,244.78,0.0682
000000,0.00000,9.0728,0.0021,0.000000,0.000000,0.0000,0.0000,0.0000,0.00,244.78,0.0682
000000,0.00000,9.2092,0.0021,0.000000,0.000000,0.0000,0.0000,0.0000,0.00,244.78,0.0682
000000,0.00000,9.3457,0.0021,0.000000,0.000000,0.0000,0.0000,0.0000,0.00,244.78,0.0682
000000,0.00000,9.4821,0.0021,0.000000,0.000000,0.0000,0.0000,0.0000,0.00,244.78,0.0682
000000,0.00000,9.6185,0.0021,0.000000,0.000000,0.0000,0.0000,0.0000,0.00,244.78,0.0682
000000,0.00000,9.7550,0.0021,0.000000,0.000000,0.0000,0.0000,0.0000,0.00,244.78,0.0682
000000,0.00000,9.8914,0.0021,0.000000,0.000000,0.0000,0.0000,0.0000,0.00,244.78,0.0682
000000,0.00000,10.0278,0.0021,0.000000,0.000000,0.0000,0.0000,0.0000,0.00,244.78,0.0682
000000,0.00000,10.1643,0.0021,0.000000,0.000000,0.0000,0.0000,0.0000,0.00,244.78,0.0682
000000,0.00000,10.3007,0.0021,0.000000,0.000000,0.0000,0.0000,0.0000,0.00,244.78,0.0682
000000,0.00000,10.4371,0.0021,0.000000,0.000000,0.0000,0.0000,0.0000,0.00,244.78,0.0682
000000,0.00000,10.5736,0.0021,0.000000,0.000000,0.0000,0.0000,0.0000,0.00,244.78,0.0682
000000,0.00000,10.7100,0.0021,0.000000,0.000000,0.0000,0.0000,0.0000,0.00,244.78,0.0682
000000,0.00000,10.8464,0.0021,0.000000,0.000000,0.0000,0.0000,0.0000,0.00,244.78,0.0682
000000,0.00000,10.9829,0.0021,0.000000,0.000000,0.0000,0.0000,0.0000,0.00,244.78,0.0682
000000,0.00000,11.1193,0.0021,0.000000,0.000000,0.0000,0.0000,0.0000,0.00,244.78,0.0682
000000,0.00000,11.2557,0.0021,0.000000,0.000000,0.0000,0.0000,0.0000,0.00,244.78,0.0682
000000,0.00000,11.3922,0.0021,0.000000,0.000000,0.0000,0.0000,0.0000,0.00,244.78,0.0682
000000,0.00000,11.5286,0.0021,0.000000,0.000000,0.0000,0.0000,0.0000,0.00,244.78,0.0682
000000,0.00000,11.6650,0.0021,0.000000,0.000000,0.0000,0.0000,0.0000,0.00,244.78,0.0682
000000,0.00000,11.8015,0.0021,0.000000,0.000000,0.0000,0.0000,0.0000,0.00,244.78,0.0682
000000,0.00000,11.9379,0.0021,0.000000,0.000000,0.0000,0.0000,0.0000,0.00,244.78,0.0682
000000,0.00000,12.0743,0.0021,0.000000,0.000000,0.0000,0.0000,0.0000,0.00,244.78,0.0682
000000,0.00000,12.2108,0.0021,0.000000,0.000000,0.0000,0.0000,0.0000,0.00,244.78,0.0682
000000,0.00000,12.3472,0.0021,0.000000,0.000000,0.0000,0.0000,0.0000,0.00,244.78,0.0682
000000,0.00000,12.4836,0.0021,0.000000,0.000000,0.0000,0.0000,0.0000,0.00,244.78,0.0682
000000,0.00000,12.6201,0.0021,0.000000,0.000000,0.0000,0.0000,0.0000,0.00,244.78,0.0682
000000,0.00000,12.7565,0.0021,0.000000,0.000000,0.0000,0.0000,0.0000,0.00,244.78,0.0682
000000,0.00000,12.8929,0.0021,0.000000,0.000000,0.0000,0.0000,0.0000,0.00,244.78,0.0682
000000,0.00000,13.0294,0.0021,0.000000,0.000000,0.0000,0.0000,0.0000,0.00,244.78,0.0682
000000,0.00000,13.1658,0.0021,0.000000,0.000000,0.0000,0.0000,0.0000,0.00,244.78,0.0682
000000,0.00000,13.3022,0.0021,0.000000,0.000000,0.0000,0.0000,0.0000,0.00,244.78,0.0682
000000,0.00000,13.4387,0.0021,0.000000,0.000000,0.0000,0.0000,0.0000,0.00,244.78,0.0682
000000,0.00000,13.5751,0.0021,0.000000,0.000000,0.0000,0.0000,0.0000,0.00,244.78,0.0682
000000,0.00000,13.7115,0.0021,0.000000,0.000000,0.0000,0.0000,0.0000,0.00,244.78,0.0682
000000,0.00000,13.8479,0.0021,0.000000,0.000000,0.0000,0.0000,0.0000,0.00,244.78,0.0682
000000,0.00000,13.9844,0.0021,0.000000,0.000000,0.0000,0.0000,0.0000,0.00,244.78,0.0682
000000,0.00000,14.1208,0.0021,0.000000,0.000000,0.0000,0.0000,0.0000,0.00,244.78,0.0682
000000,0.00000,14.2572,0.0021,0.000000,0.000000,0.0000,0.0000,0.0000,0.00,244.78,0.0682
000000,0.00000,14.3937,0.0021,0.000000,0.000000,0.0000,0.0000,0.0000,0.00,244.78,0.0682
000000,0.00000,14.5301,0.0021,0.000000,0.000000,0.0000,0.0000,0.0000,0.00,244.78,0.0682
000000,0.00000,14.6665,0.0021,0.000000,0.000000,0.0000,0.0000,0.0000,0.00,244.78,0.0682
000000,0.00000,14.8030,0.0021,0.000000,0.000000,0.0000,0.0000,0.0000,0.00,244.78,0.0682
000000,0.00000,14.9394,0.0021,0.000000,0.000000,0.0000,0.0000,0.0000,0.00,244.78,0.0682
000000,0.00000,15.0758,0.0021,0.000000,0.000000,0.0000,0.0000,0.0000,0.00,244.78,0.0682
000000,0.00000,15.2123,0.0021,0.000000,0.000000,0.0000,0.0000,0.0000,0.00,244.78,0.0682
000000,0.00000,15.3487,0.0021,0.000000,0.000000,0.0000,0.0000,0.0000,0.00,244.78,0.0682
000000,0.00000,15.4851,0.0021,0.000000,0.000000,0.0000,0.0000,0.0000,0.00,244.78,0.0682
000000,0.00000,15.6216,0.0021,0.000000,0.000000,0.0000,0.0000,0.0000,0.00,244.78,0.0682
000000,0.00000,15.7580,0.0021,0.000000,0.000000,0.0000,0.0000,0.0000,0.00,244.78,0.0682
000000,0.00000,15.8944,0.0021,0.000000,0.000000,0.0000,0.0000,0.0000,0.00,244.78,0.0682
000000,0.00000,16.0309,0.0021,0.000000,0.000000,0.0000,0.0000,0.0000,0.00,244.78,0.0682
000000,0.00000,16.1673,0.0021,0.000000,0.000000,0.0000,0.0000,0.0000,0.00,244.78,0.0682
000000,0.00000,16.3037,0.0021,0.000000,0.000000,0.0000,0.0000,0.0000,0.00,244.78,0.0682
000000,0.00000,16.4402,0.0021,0.000000,0.000000,0.0000,0.0000,0.0000,0.00,244.78,0.0682
000000,0.00000,16.5766,0.0021,0.000000,0.000000,0.0000,0.0000,0.0000,0.00,244.78,0.0682
000000,0.00000,16.7130,0.0021,0.000000,0.000000,0.0000,0.0000,0.0000,0.00,244.78,0.0682
000000,0.00000,16.8495,0.0021,0.000000,0.000000,0.0000,0.0000,0.0000,0.00,244.78,0.0682
000000,0.00000,16.9859,0.0021,0.000000,0.000000,0.0000,0.0000,0.0000,0.00,244.78,0.0682
000000,0.00000,17.1223,0.0021,0.000000,0.000000,0.0000,0.0000,0.0000,0.00,244.78,0.0682
000000,0.00000,17.2588,0.0021,0.000000,0.000000,0.0000,0.0000,0.0000,0.00,244.78,0.0682
000000,0.00000,17.3952,0.0021,0.000000,0.000000,0.0000,0.0000,0.0000,0.00,244.78,0.0682
000000,0.00000,17.5316,0.0021,0.000000,0.000000,0.0000,0.0000,0.0000,0.00,244.78,0.0682
000000,0.00000,17.6681,0.0021,0.000000,0.000000,0.0000,0.0000,0.0000,0.00,244.78,0.0682
000000,0.00000,17.8045,0.0021,0.000000,0.000000,0.0000,0.0000,0.0000,0.00,244.78,0.0682
000000,0.00000,17.9409,0.0021,0.000000,0.000000,0.0000,0.0000,0.0000,0.00,244.78,0.0682
000000,0.00000,18.0774,0.0021,0.000000,0.000000,0.0000,0.0000,0.0000,0.00,244.78,0.0682
000000,0.00000,18.2138,0.0021,0.000000,0.000000,0.0000,0.0000,0.0000,0.00,244.78,0.0682
000000,0.00000,18.3502,0.0021,0.000000,0.000000,0.0000,0.0000,0.0000,0.00,244.78,0.0682
000000,0.00000,18.4867,0.0021,0.000000,0.000000,0.0000,0.0000,0.0000,0.00,244.78,0.0682
000000,0.00000,18.6231,0.0021,0.000000,0.000000,0.0000,0.0000,0.0000,0.00,244.78,0.0682
000000,0.00000,18.7595,0.0021,0.000000,0.000000,0.0000,0.0000,0.0000,0.00,244.78,0.0682
000000,0.00000,18.8960,0.0021,0.000000,0.000000,0.0000,0.0000,0.0000,0.00,244.78,0.0682
000000,0.00000,19.0324,0.0021,0.000000,0.000000,0.0000,0.0000,0.0000,0.00,244.78,0.0682
000000,0.00000,19.1688,0.0021,0.000000,0.000000,0.0000,0.0000,0.0000,0.00,244.78,0.0682
000000,0.00000,19.3053,0.0021,0.000000,0.000000,0.0000,0.0000,0.0000,0.00,244.78,0.0682
000000,0.00000,19.4417,0.0021,0.000000,0.000000,0.0000,0.0000,0.0000,0.00,244.78,0.0682
000000,0.00000,19.5781,0.0021,0.000000,0.000000,0.0000,0.0000,0.0000,0.00,244.78,0.0682
000000,0.00000,19.7146,0.0021,0.000000,0.000000,0.0000,0.0000,0.0000,0.00,244.78,0.0682
000000,0.00000,19.8510,0.0021,0.000000,0.000000,0.0000,0.0000,0.0000,0.00,244.78,0.0682
000000,0.00000,19.9874,0.0021,0.000000,0.000000,0.0000,0.0000,0.0000,0.00,244.78,0.0682
000000,0.00000,20.1239,0.0021,0.000000,0.000000,0.0000,0.0000,0.0000,0.00,244.78,0.0682
000000,0.00000,20.2603,0.0021,0.000000,0.000000,0.0000,0.0000,0.0000,0.00,244.78,0.0682
000000,0.00000,20.3967,0.0021,0.000000,0.000000,0.0000,0.0000,0.0000,0.00,244.78,0.0682
000000,0.00000,20.5332,0.0021,0.000000,0.000000,0.0000,0.0000,0.0000,0.00,244.78,0.0682
000000,0.00000,20.6696,0.0021,0.000000,0.000000,0.0000,0.0000,0.0000,0.00,244.78,0.0682
000000,0.00000,20.8060,0.0021,0.000000,0.000000,0.0000,0.0000,0.0000,0.00,244.78,0.0682
000000,0.00000,20.9425,0.0021,0.000000,0.000000,0.0000,0.0000,0.0000,0.00,244.78,0.0682
000000,0.00000,21.0789,0.0021,0.000000,0.000000,0.0000,0.0000,0.0000,0.00,244.78,0.0682
000000,0.00000,21.2153,0.0021,0.000000,0.000000,0.0000,0.0000,0.0000,0.00,244.78,0.0682
000000,0.00000,21.3518,0.0021,0.000000,0.000000,0.0000,0.0000,0.0000,0.00,244.78,0.0682
000000,0.00000,21.4882,0.0021,0.000000,0.000000,0.0000,0.0000,0.0000,0.00,244.78,0.0682
000000,0.00000,21.6246,0.0021,0.000000,0.000000,0.0000,0.0000,0.0000,0.00,244.78,0.0682
000000,0.00000,21.7611,0.0021,0.000000,0.000000,0.0000,0.0000,0.0000,0.00,244.78,0.0682
000000,0.00000,21.8975,0.0021,0.000000,0.000000,0.0000,0.0000,0.0000,0.00,244.78,0.0682
000000,0.00000,22.0339,0.0021,0.000000,0.000000,0.0000,0.0000,0.0000,0.00,244.78,0.0682
000000,0.00000,22.1704,0.0021,0.000000,0.000000,0.0000,0.0000,0.0000,0.00,244.78,0.0682
000000,0.00000,22.3068,0.0021,0.000000,0.000000,0.0000,0.0000,0.0000,0.00,244.78,0.0682
000000,0.00000,22.4432,0.0021,0.000000,0.000000,0.0000,0.0000,0.0000,0.00,244.78,0.0682
000000,0.00000,22.5797,0.0021,0.000000,0.000000,0.0000,0.0000,0.0000,0.00,244.78,0.0682
000000,0.00000,22.7161,0.0021,0.000000,0.000000,0.0000,0.0000,0.0000,0.00,244.78,0.0682
000000,0.00000,22.8525,0.0021,0.000000,0.000000,0.0000,0.0000,0.0000,0.00,244.78,0.0682
000000,0.00000,22.9890,0.0021,0.000000,0.000000,0.0000,0.0000,0.0000,0.00,244.78,0.0682
000000,0.00000,23.1254,0.0021,0.000000,0.000000,0.0000,0.0000,0.0000,0.00,244.78,0.0682
000000,0.00000,23.2618,0.0021,0.000000,0.000000,0.0000,0.0000,0.0000,0.00,244.78,0.0682
000000,0.00000,23.3983,0.0021,0.000000,0.000000,0.0000,0.0000,0.0000,0.00,244.78,0.0682
000000,0.00000,23.5347,0.0021,0.000000,0.000000,0.0000,0.0000,0.0000,0.00,244.78,0.0682
000000,0.00000,23.6711,0.0021,0.000000,0.000000,0.0000,0.0000,0.0000,0.00,244.78,0.0682
000000,0.00000,23.8076,0.0021,0.000000,0.000000,0.0000,0.0000,0.0000,0.00,244.78,0.0682
000000,0.00000,23.9440,0.0021,0.000000,0.000000,0.0000,0.0000,0.0000,0.00,244.78,0.0682
000000,0.00000,24.0804,0.0021,0.000000,0.000000,0.0000,0.0000,0.0000,0.00,244.78,0.0682
000000,0.00000,24.2169,0.0021,0.000000,0.000000,0.0000,0.0000,0.0000,0.00,244.78,0.0682
000000,0.00000,24.3533,0.0021,0.000000,0.000000,0.0000,0.0000,0.0000,0.00,244.78,0.0682
000000,0.00000,24.4897,0.0021,0.000000,0.000000,0.0000,0.0000,0.0000,0.00,244.78,0.0682
000000,0.00000,24.6262,0.0021,0.000000,0.000000,0.0000,0.0000,0.0000,0.00,244.78,0.0682
000000,0.00000,24.7626,0.0021,0.000000,0.000000,0.0000,0.0000,0.0000,0.00,244.78,0.0682
000000,0.00000,24.8990,0.0021,0.000000,0.000000,0.0000,0.0000,0.0000,0.00,244.78,0.0682
000000,0.00000,25.0355,0.0021,0.000000,0.000000,0.0000,0.0000,0.0000,0.00,244.78,0.0682
000000,0.00000,25.1719,0.0021,0.000000,0.000000,0.0000,0.0000,0.0000,0.00,244.78,0.0682
000000,0.00000,25.3083,0.0021,0.000000,0.000000,0.0000,0.0000,0.0000,0.00,244.78,0.0682
000000,0.00000,25.4448,0.0021,0.000000,0.000000,0.0000,0.0000,0.0000,0.00,244.78,0.0682
000000,0.00000,25.5812,0.0021,0.000000,0.000000,0.0000,0.0000,0.0000,0.00,244.78,0.0682
000000,0.00000,25.7176,0.0021,0.000000,0.000000,0.0000,0.0000,0.0000,0.00,244.78,0.0682
000000,0.00000,25.8541,0.0021,0.000000,0.000000,0.0000,0.0000,0.0000,0.00,244.78,0.0682
000000,0.00000,25.9905,0.0021,0.000000,0.000000,0.0000,0.0000,0.0000,0.00,244.78,0.0682
000000,0.00000,26.1269,0.0021,0.000000,0.000000,0.0000,0.0000,0.0000,0.00,244.78,0.0682
000000,0.00000,26.2634,0.0021,0.000000,0.000000,0.0000,0.0000,0.0000,0.00,244.78,0.0682
000000,0.00000,26.3998,0.0021,0.000000,0.000000,0.0000,0.0000,0.0000,0.00,244.78,0.0682
000000,0.00000,26.5362,0.0021,0.000000,0.000000,0.0000,0.0000,0.0000,0.00,244.78,0.0682
000000,0.00000,26.6727,0.0021,0.000000,0.000000,0.0000,0.0000,0.0000,0.00,244.78,0.0682
000000,0.00000,26.8091,0.0021,0.000000,0.000000,0.0000,0.0000,0.0000,0.00,244.78,0.0682
000000,0.00000,26.9455,0.0021,0.000000,0.000000,0.0000,0.0000,0.0000,0.00,244.78,0.0682
000000,0.00000,27.0820,0.0021,0.000000,0.000000,0.0000,0.0000,0.0000,0.00,244.78,0.0682
000000,0.00000,27.2184,0.0021,0.000000,0.000000,0.0000,0.0000,0.0000,0.00,244.78,0.0682
000000,0.00000,27.3548,0.0021,0.000000,0.000000,0.0000,0.0000,0.0000,0.00,244.78,0.0682
000000,0.00000,27.4912,0.0021,0.000000,0.000000,0.0000,0.0000,0.0000,0.00,244.78,0.0682
000000,0.00000,27.6277,0.0021,0.000000,0.000000,0.0000,0.0000,0.0000,0.00,244.78,0.0682
000000,0.00000,27.7641,0.0021,0.000000,0.000000,0.0000,0.0000,0.0000,0.00,244.78,0.0682
000000,0.00000,27.9005,0.0021,0.000000,0.000000,0.0000,0.0000,0.0000,0.00,244.78,0.0682
000000,0.00000,28.0370,0.0021,0.000000,0.000000,0.0000,0.0000,0.0000,0.00,244.78,0.0682
000000,0.00000,28.1734,0.0021,0.000000,0.000000,0.0000,0.0000,0.0000,0.00,244.78,0.0682
000000,0.00000,28.3098,0.0021,0.000000,0.000000,0.0000,0.0000,0.0000,0.00,244.78,0.0682
000000,0.00000,28.4463,0.0021,0.000000,0.000000,0.0000,0.0000,0.0000,0.00,244.78,0.0682
000000,0.00000,28.5827,0.0021,0.000000,0.000000,0.0000,0.0000,0.0000,0.00,244.78,0.0682
000000,0.00000,28.7191,0.0021,0.000000,0.000000,0.0000,0.0000,0.0000,0.00,244.78,0.0682
000000,0.00000,28.8556,0.0021,0.000000,0.000000,0.0000,0.0000,0.0000,0.00,244.78,0.0682
000000,0.00000,28.9920,0.0021,0.000000,0.000000,0.0000,0.0000,0.0000,0.00,244.78,0.0682
000000,0.00000,29.1284,0.0021,0.000000,0.000000,0.0000,0.0000,0.0000,0.00,244.78,0.0682
000000,0.00000,29.2649,0.0021,0.000000,0.000000,0.0000,0.0000,0.0000,0.00,244.78,0.0682
000000,0.00000,29.4013,0.0021,0.000000,0.000000,0.0000,0.0000,0.0000,0.00,244.78,0.0682
000000,0.00000,29.5377,0.0021,0.000000,0.000000,0.0000,0.0000,0.0000,0.00,244.78,0.0682
000000,0.00000,29.6742,0.0021,0.000000,0.000000,0.0000,0.0000,0.0000,0.00,244.78,0.0682
000000,0.00000,29.8106,0.0021,0.000000,0.000000,0.0000,0.0000,0.0000,0.00,244.78,0.0682
000000,0.00000,29.9470,0.0021,0.000000,0.000000,0.0000,0.0000,0.0000,0.00,244.78,0.0682
000000,0.00000,30.0835,0.0021,0.000000,0.000000,0.0000,0.0000,0.0000,0.00,244.78,0.0682
000000,0.00000,30.2199,0.0021,0.000000,0.000000,0.0000,0.0000,0.0000,0.00,244.78,0.0682
000000,0.00000,30.3563,0.0021,0.000000,0.000000,0.0000,0.0000,0.0000,0.00,244.78,0.0682
000000,0.00000,30.4928,0.0021,0.000000,0.000000,0.0000,0.0000,0.0000,0.00,244.78,0.0682
000000,0.00000,30.6292,0.0021,0.000000,0.000000,0.0000,0.0000,0.0000,0.00,244.78,0.0682
000000,0.00000,30.7656,0.0021,0.000000,0.000000,0.0000,0.0000,0.0000,0.00,244.78,0.0682
000000,0.00000,30.9021,0.0021,0.000000,0.000000,0.0000,0.0000,0.0000,0.00,244.78,0.0682
000000,0.00000,31.0385,0.0021,0.000000,0.000000,0.0000,0.0000,0.0000,0.00,244.78,0.0682
000000,0.00000,31.1749,0.0021,0.000000,0.000000,0.0000,0.0000,0.0000,0.00,244.78,0.0682
000000,0.00000,31.3114,0.0021,0.000000,0.000000,0.0000,0.0000,0.0000,0.00,244.78,0.0682
000000,0.00000,31.4478,0.0021,0.000000,0.000000,0.0000,0.0000,0.0000,0.00,244.78,0.0682
000000,0.00000,31.5842,0.0021,0.000000,0.000000,0.0000,0.0000,0.0000,0.00,244.78,0.0682
000000,0.00000,31.7207,0.0021,0.000000,0.000000,0.0000,0.0000,0.0000,0.00,244.78,0.0682
000000,0.00000,31.8571,0.0021,0.000000,0.000000,0.0000,0.0000,0.0000,0.00,244.78,0.0682
000000,0.00000,31.9935,0.0021,0.000000,0.000000,0.0000,0.0000,0.0000,0.00,244.78,0.0682
000000,0.00000,32.1300,0.0021,0.000000,0.000000,0.0000,0.0000,0.0000,0.00,244.78,0.0682
000000,0.00000,32.2664,0.0021,0.000000,0.000000,0.0000,0.0000,0.0000,0.00,244.78,0.0682
000000,0.00000,32.4028,0.0021,0.000000,0.000000,0.0000,0.0000,0.0000,0.00,244.78,0.0682
000000,0.00000,32.5393,0.0021,0.000000,0.000000,0.0000,0.0000,0.0000,0.00,244.78,0.0682
000000,0.00000,32.6757,0.0021,0.000000,0.000000,0.0000,0.0000,0.0000,0.00,244.78,0.0682
000000,0.00000,32.8121,0.0021,0.000000,0.000000,0.0000,0.0000,0.0000,0.00,244.78,0.0682
000000,0.00000,32.9486,0.0021,0.000000,0.000000,0.0000,0.0000,0.0000,0.00,244.78,0.0682
000000,0.00000,33.0850,0.0021,0.000000,0.000000,0.0000,0.0000,0.0000,0.00,244.78,0.0682
000000,0.00000,33.2214,0.0021,0.000000,0.000000,0.0000,0.0000,0.0000,0.00,244.78,0.0682
000000,0.00000,33.3579,0.0021,0.000000,0.000000,0.0000,0.0000,0.0000,0.00,244.78,0.0682
000000,0.00000,33.4943,0.0021,0.000000,0.000000,0.0000,0.0000,0.0000,0.00,244.78,0.0682
000000,0.00000,33.6307,0.0021,0.000000,0.000000,0.0000,0.0000,0.0000,0.00,244.78,0.0682
000000,0.00000,33.7672,0.0021,0.000000,0.000000,0.0000,0.0000,0.0000,0.00,244.78,0.0682
000000,0.00000,33.9036,0.0021,0.000000,0.000000,0.0000,0.0000,0.0000,0.00,244.78,0.0682
000000,0.00000,34.0400,0.0021,0.000000,0.000000,0.0000,0.0000,0.0000,0.00,244.78,0.0682
000000,0.00000,34.1765,0.0021,0.000000,0.000000,0.0000,0.0000,0.0000,0.00,244.78,0.0682
000000,0.00000,34.3129,0.0021,0.000000,0.000000,0.0000,0.0000,0.0000,0.00,244.78,0.0682
000000,0.00000,34.4493,0.0021,0.000000,0.000000,0.0000,0.0000,0.0000,0.00,244.78,0.0682
000000,0.00000,34.5858,0.0021,0.000000,0.000000,0.0000,0.0000,0.0000,0.00,244.78,0.0682
000000,0.00000,34.7222,0.0021,0.000000,0.000000,0.0000,0.0000,0.0000,0.00,244.78,0.0682
000000,0.00000,34.8586,0.0021,0.000000,0.000000,0.0000,0.0000,0.0000,0.00,244.78,0.0682
000000,0.00000,34.9951,0.0021,0.000000,0.000000,0.0000,0.0000,0.0000,0.00,244.78,0.0682
000000,0.00000,35.1315,0.0021,0.000000,0.000000,0.0000,0.0000,0.0000,0.00,244.78,0.0682
000000,0.00000,35.2679,0.0021,0.000000,0.000000,0.0000,0.0000,0.0000,0.00,244.78,0.0682
000000,0.00000,35.4044,0.0021,0.000000,0.000000,0.0000,0.0000,0.0000,0.00,244.78,0.0682
000000,0.00000,35.5408,0.0021,0.000000,0.000000,0.0000,0.0000,0.0000,0.00,244.78,0.0682
000000,0.00000,35.6772,0.0021,0.000000,0.000000,0.0000,0.0000,0.0000,0.00,244.78,0.0682
000000,0.00000,35.8137,0.0021,0.000000,0.000000,0.0000,0.0000,0.0000,0.00,244.78,0.0682
000000,0.00000,35.9501,0.0021,0.000000,0.000000,0.0000,0.0000,0.0000,0.00,244.78,0.0682
000000,0.00000,36.0865,0.0021,0.000000,0.000000,0.0000,0.0000,0.0000,0.00,244.78,0.0682
000000,0.00000,36.2230,0.0021,0.000000,0.000000,0.0000,0.0000,0.0000,0.00,244.78,0.0682
000000,0.00000,36.3594,0.0021,0.000000,0.000000,0.0000,0.0000,0.0000,0.00,244.78,0.0682
000000,0.00000,36.4958,0.0021,0.000000,0.000000,0.0000,0.0000,0.0000,0.00,244.78,0.0682
000000,0.00000,36.6323,0.0021,0.000000,0.000000,0.0000,0.0000,0.0000,0.00,244.78,0.0682
000000,0.00000,36.7687,0.0021,0.000000,0.000000,0.0000,0.0000,0.0000,0.00,244.78,0.0682
000000,0.00000,36.9051,0.0021,0.000000,0.000000,0.0000,0.0000,0.0000,0.00,244.78,0.0682
000000,0.00000,37.0416,0.0021,0.000000,0.000000,0.0000,0.0000,0.0000,0.00,244.78,0.0682
000000,0.00000,37.1780,0.0021,0.000000,0.000000,0.0000,0.0000,0.0000,0.00,244.78,0.0682
000000,0.00000,37.3144,0.0021,0.000000,0.000000,0.0000,0.0000,0.0000,0.00,244.78,0.0682
000000,0.00000,37.4509,0.0021,0.000000,0.000000,0.0000,0.0000,0.0000,0.00,244.78,0.0682
000000,0.00000,37.5873,0.0021,0.000000,0.000000,0.0000,0.0000,0.0000,0.00,244.78,0.0682
000000,0.00000,37.7237,0.0021,0.000000,0.000000,0.0000,0.0000,0.0000,0.00,244.78,0.0682
000000,0.00000,37.8602,0.0021,0.000000,0.000000,0.0000,0.0000,0.0000,0.00,244.78,0.0682
000000,0.00000,37.9966,0.0021,0.000000,0.000000,0.0000,0.0000,0.0000,0.00,244.78,0.0682
000000,0.00000,38.1330,0.0021,0.000000,0.000000,0.0000,0.0000,0.0000,0.00,244.78,0.0682
000000,0.00000,38.2695,0.0021,0.000000,0.000000,0.0000,0.0000,0.0000,0.00,244.78,0.0682
000000,0.00000,38.4059,0.0021,0.000000,0.000000,0.0000,0.0000,0.0000,0.00,244.78,0.0682
000000,0.00000,38.5423,0.0021,0.000000,0.000000,0.0000,0.0000,0.0000,0.00,244.78,0.0682
000000,0.00000,38.6788,0.0021,0.000000,0.000000,0.0000,0.0000,0.0000,0.00,244.78,0.0682
000000,0.00000,38.8152,0.0021,0.000000,0.000000,0.0000,0.0000,0.0000,0.00,244.78,0.0682
000000,0.00000,38.9516,0.0021,0.000000,0.000000,0.0000,0.0000,0.0000,0.00,244.78,0.0682
000000,0.00000,39.0881,0.0021,0.000000,0.000000,0.0000,0.0000,0.0000,0.00,244.78,0.0682
000000,0.00000,39.2245,0.0021,0.000000,0.000000,0.0000,0.0000,0.0000,0.00,244.78,0.0682
000000,0.00000,39.3609,0.0021,0.000000,0.000000,0.0000,0.0000,0.0000,0.00,244.78,0.0682
000000,0.00000,39.4974,0.0021,0.000000,0.000000,0.0000,0.0000,0.0000,0.00,244.78,0.0682
000000,0.00000,39.6338,0.0021,0.000000,0.000000,0.0000,0.0000,0.0000,0.00,244.78,0.0682
000000,0.00000,39.7702,0.0021,0.000000,0.000000,0.0000,0.0000,0.0000,0.00,244.78,0.0682
000000,0.00000,39.9067,0.0021,0.000000,0.000000,0.0000,0.0000,0.0000,0.00,244.78,0.0682
000000,0.00000,40.0431,0.0021,0.000000,0.000000,0.0000,0.0000,0.0000,0.00,244.78,0.0682
000000,0.00000,40.1795,0.0021,0.000000,0.000000,0.0000,0.0000,0.0000,0.00,244.78,0.0682
000000,0.00000,40.3160,0.0021,0.000000,0.000000,0.0000,0.0000,0.0000,0.00,244.78,0.0682
000000,0.00000,40.4524,0.0021,0.000000,0.000000,0.0000,0.0000,0.0000,0.00,244.78,0.0682
000000,0.00000,40.5888,0.0021,0.000000,0.000000,0.0000,0.0000,0.0000,0.00,244.78,0.0682
000000,0.00000,40.7253,0.0021,0.000000,0.000000,0.0000,0.0000,0.0000,0.00,244.78,0.0682
000000,0.00000,40.8617,0.0021,0.000000,0.000000,0.0000,0.0000,0.0000,0.00,244.78,0.0682
000000,0.00000,40.9981,0.0021,0.000000,0.000000,0.0000,0.0000,0.0000,0.00,244.78,0.0682
000000,0.00000,41.1345,0.0021,0.000000,0.000000,0.0000,0.0000,0.0000,0.00,244.78,0.0682
000000,0.00000,41.2710,0.0021,0.000000,0.000000,0.0000,0.0000,0.0000,0.00,244.78,0.0682
000000,0.00000,41.4074,0.0021,0.000000,0.000000,0.0000,0.0000,0.0000,0.00,244.78,0.0682
000000,0.00000,41.5438,0.0021,0.000000,0.000000,0.0000,0.0000,0.0000,0.00,244.78,0.0682
000000,0.00000,41.6803,0.0021,0.000000,0.000000,0.0000,0.0000,0.0000,0.00,244.78,0.0682
000000,0.00000,41.8167,0.0021,0.000000,0.000000,0.0000,0.0000,0.0000,0.00,244.78,0.0682
000000,0.00000,41.9531,0.0021,0.000000,0.000000,0.0000,0.0000,0.0000,0.00,244.78,0.0682
000000,0.00000,42.0896,0.0021,0.000000,0.000000,0.0000,0.0000,0.0000,0.00,244.78,0.0682
000000,0.00000,42.2260,0.0021,0.000000,0.000000,0.0000,0.0000,0.0000,0.00,244.78,0.0682
000000,0.00000,42.3624,0.0021,0.000000,0.000000,0.0000,0.0000,0.0000,0.00,244.78,0.0682
000000,0.00000,42.4989,0.0021,0.000000,0.000000,0.0000,0.0000,0.0000,0.00,244.78,0.0682
000000,0.00000,42.6353,0.0021,0.000000,0.000000,0.0000,0.0000,0.0000,0.00,244.78,0.0682
000000,0.00000,42.7717,0.0021,0.000000,0.000000,0.0000,0.0000,0.0000,0.00,244.78,0.0682
000000,0.00000,42.9082,0.0021,0.000000,0.000000,0.0000,0.0000,0.0000,0.00,244.78,0.0682
000000,0.00000,43.0446,0.0021,0.000000,0.000000,0.0000,0.0000,0.0000,0.00,244.78,0.0682
000000,0.00000,43.1810,0.0021,0.000000,0.000000,0.0000,0.0000,0.0000,0.00,244.78,0.0682
000000,0.00000,43.3175,0.0021,0.000000,0.000000,0.0000,0.0000,0.0000,0.00,244.78,0.0682
000000,0.00000,43.4539,0.0021,0.000000,0.000000,0.0000,0.0000,0.0000,0.00,244.78,0.0682
000000,0.00000,43.5903,0.0021,0.000000,0.000000,0.0000,0.0000,0.0000,0.00,244.78,0.0682
000000,0.00000,43.7268,0.0021,0.000000,0.000000,0.0000,0.0000,0.0000,0.00,244.78,0.0682
000000,0.00000,43.8632,0.0021,0.000000,0.000000,0.0000,0.0000,0.0000,0.00,244.78,0.0682
000000,0.00000,43.9996,0.0021,0.000000,0.000000,0.0000,0.0000,0.0000,0.00,244.78,0.0682
000000,0.00000,44.1361,0.0021,0.000000,0.000000,0.0000,0.0000,0.0000,0.00,244.78,0.0682
000000,0.00000,44.2725,0.0021,0.000000,0.000000,0.0000,0.0000,0.0000,0.00,244.78,0.0682
000000,0.00000,44.4089,0.0021,0.000000,0.000000,0.0000,0.0000,0.0000,0.00,244.78,0.0682
000000,0.00000,44.5454,0.0021,0.000000,0.000000,0.0000,0.0000,0.0000,0.00,244.78,0.0682
000000,0.00000,44.6818,0.0021,0.000000,0.000000,0.0000,0.0000,0.0000,0.00,244.78,0.0682
000000,0.00000,44.8182,0.0021,0.000000,0.000000,0.0000,0.0000,0.0000,0.00,244.78,0.0682
000000,0.00000,44.9547,0.0021,0.000000,0.000000,0.0000,0.0000,0.0000,0.00,244.78,0.0682
000000,0.00000,45.0911,0.0021,0.000000,0.000000,0.0000,0.0000,0.0000,0.00,244.78,0.0682
000000,0.00000,45.2275,0.0021,0.000000,0.000000,0.0000,0.0000,0.0000,0.00,244.78,0.0682
000000,0.00000,45.3640,0.0021,0.000000,0.000000,0.0000,0.0000,0.0000,0.00,244.78,0.0682
000000,0.00000,45.5004,0.0021,0.000000,0.000000,0.0000,0.0000,0.0000,0.00,244.78,0.0682
000000,0.00000,45.6368,0.0021,0.000000,0.000000,0.0000,0.0000,0.0000,0.00,244.78,0.0682
000000,0.00000,45.7733,0.0021,0.000000,0.000000,0.0000,0.0000,0.0000,0.00,244.78,0.0682
000000,0.00000,45.9097,0.0021,0.000000,0.000000,0.0000,0.0000,0.0000,0.00,244.78,0.0682
000000,0.00000,46.0461,0.0021,0.000000,0.000000,0.0000,0.0000,0.0000,0.00,244.78,0.0682
000000,0.00000,46.1826,0.0021,0.000000,0.000000,0.0000,0.0000,0.0000,0.00,244.78,0.0682
000000,0.00000,46.3190,0.0021,0.000000,0.000000,0.0000,0.0000,0.0000,0.00,244.78,0.0682
000000,0.00000,46.4554,0.0021,0.000000,0.000000,0.0000,0.0000,0.0000,0.00,244.78,0.0682
000000,0.00000,46.5919,0.0021,0.000000,0.000000,0.0000,0.0000,0.0000,0.00,244.78,0.0682
000000,0.00000,46.7283,0.0021,0.000000,0.000000,0.0000,0.0000,0.0000,0.00,244.78,0.0682
000000,0.00000,46.8647,0.0021,0.000000,0.000000,0.0000,0.0000,0.0000,0.00,244.78,0.0682
000000,0.00000,47.0012,0.0021,0.000000,0.000000,0.0000,0.0000,0.0000,0.00,244.78,0.0682
000000,0.00000,47.1376,0.0021,0.000000,0.000000,0.0000,0.0000,0.0000,0.00,244.78,0.0682
000000,0.00000,47.2740,0.0021,0.000000,0.000000,0.0000,0.0000,0.0000,0.00,244.78,0.0682
000000,0.00000,47.4105,0.0021,0.000000,0.000000,0.0000,0.0000,0.0000,0.00,244.78,0.0682
000000,0.00000,47.5469,0.0021,0.000000,0.000000,0.0000,0.0000,0.0000,0.00,244.78,0.0682
000000,0.00000,47.6833,0.0021,0.000000,0.000000,0.0000,0.0000,0.0000,0.00,244.78,0.0682
000000,0.00000,47.8198,0.0021,0.000000,0.000000,0.0000,0.0000,0.0000,0.00,244.78,0.0682
000000,0.00000,47.9562,0.0021,0.000000,0.000000,0.0000,0.0000,0.0000,0.00,244.78,0.0682
000000,0.00000,48.0926,0.0021,0.000000,0.000000,0.0000,0.0000,0.0000,0.00,244.78,0.0682
000000,0.00000,48.2291,0.0021,0.000000,0.000000,0.0000,0.0000,0.0000,0.00,244.78,0.0682
000000,0.00000,48.3655,0.0021,0.000000,0.000000,0.0000,0.0000,0.0000,0.00,244.78,0.0682
000000,0.00000,48.5019,0.0021,0.000000,0.000000,0.0000,0.0000,0.0000,0.00,244.78,0.0682
000000,0.00000,48.6384,0.0021,0.000000,0.000000,0.0000,0.0000,0.0000,0.00,244.78,0.0682
000000,0.00000,48.7748,0.0021,0.000000,0.000000,0.0000,0.0000,0.0000,0.00,244.78,0.0682
000000,0.00000,48.9112,0.0021,0.000000,0.000000,0.0000,0.0000,0.0000,0.00,244.78,0.0682
000000,0.00000,49.0477,0.0021,0.000000,0.000000,0.0000,0.0000,0.0000,0.00,244.78,0.0682
000000,0.00000,49.1841,0.0021,0.000000,0.000000,0.0000,0.0000,0.0000,0.00,244.78,0.0682
000000,0.00000,49.3205,0.0021,0.000000,0.000000,0.0000,0.0000,0.0000,0.00,244.78,0.0682
000000,0.00000,49.4570,0.0021,0.000000,0.000000,0.0000,0.0000,0.0000,0.00,244.78,0.0682
000000,0.00000,49.5934,0.0021,0.000000,0.000000,0.0000,0.0000,0.0000,0.00,244.78,0.0682
000000,0.00000,49.7298,0.0021,0.000000,0.000000,0.0000,0.0000,0.0000,0.00,244.78,0.0682
000000,0.00000,49.8663,0.0021,0.000000,0.000000,0.0000,0.0000,0.0000,0.00,244.78,0.0682
000000,0.00000,50.0027,0.0021,0.000000,0.000000,0.0000,0.0000,0.0000,0.00,244.78,0.0682
000000,0.00000,50.1391,0.0021,0.000000,0.000000,0.0000,0.0000,0.0000,0.00,244.78,0.0682
000000,0.00000,50.2756,0.0021,0.000000,0.000000,0.0000,0.0000,0.0000,0.00,244.78,0.0682
000000,0.00000,50.4120,0.0021,0.000000,0.000000,0.0000,0.0000,0.0000,0.00,244.78,0.0682
000000,0.00000,50.5484,0.0021,0.000000,0.000000,0.0000,0.0000,0.0000,0.00,244.78,0.0682
000000,0.00000,50.6849,0.0021,0.000000,0.000000,0.0000,0.0000,0.0000,0.00,244.78,0.0682
000000,0.00000,50.8213,0.0021,0.000000,0.000000,0.0000,0.0000,0.0000,0.00,244.78,0.0682
000000,0.00000,50.9577,0.0021,0.000000,0.000000,0.0000,0.0000,0.0000,0.00,244.78,0.0682
000000,0.00000,51.0942,0.0021,0.000000,0.000000,0.0000,0.0000,0.0000,0.00,244.78,0.0682
000000,0.00000,51.2306,0.0021,0.000000,0.000000,0.0000,0.0000,0.0000,0.00,244.78,0.0682
000000,0.00000,51.3670,0.0021,0.000000,0.000000,0.0000,0.0000,0.0000,0.00,244.78,0.0682
000000,0.00000,51.5035,0.0021,0.000000,0.000000,0.0000,0.0000,0.0000,0.00,244.78,0.0682
000000,0.00000,51.6399,0.0021,0.000000,0.000000,0.0000,0.0000,0.0000,0.00,244.78,0.0682
000000,0.00000,51.7763,0.0021,0.000000,0.000000,0.0000,0.0000,0.0000,0.00,244.78,0.0682
000000,0.00000,51.9128,0.0021,0.000000,0.000000,0.0000,0.0000,0.0000,0.00,244.78,0.0682
000000,0.00000,52.0492,0.0021,0.000000,0.000000,0.0000,0.0000,0.0000,0.00,244.78,0.0682
000000,0.00000,52.1856,0.0021,0.000000,0.000000,0.0000,0.0000,0.0000,0.00,244.78,0.0682
000000,0.00000,52.3221,0.0021,0.000000,0.000000,0.0000,0.0000,0.0000,0.00,244.78,0.0682
000000,0.00000,52.4585,0.0021,0.000000,0.000000,0.0000,0.0000,0.0000,0.00,244.78,0.0682
000000,0.00000,52.5949,0.0021,0.000000,0.000000,0.0000,0.0000,0.0000,0.00,244.78,0.0682
000000,0.00000,52.7314,0.0021,0.000000,0.000000,0.0000,0.0000,0.0000,0.00,244.78,0.0682
000000,0.00000,52.8678,0.0021,0.000000,0.000000,0.0000,0.0000,0.0000,0.00,244.78,0.0682
000000,0.00000,53.0042,0.0021,0.000000,0.000000,0.0000,0.0000,0.0000,0.00,244.78,0.0682
000000,0.00000,53.1407,0.0021,0.000000,0.000000,0.0000,0.0000,0.0000,0.00,244.78,0.0682
000000,0.00000,53.2771,0.0021,0.000000,0.000000,0.0000,0.0000,0.0000,0.00,244.78,0.0682
000000,0.00000,53.4135,0.0021,0.000000,0.000000,0.0000,0.0000,0.0000,0.00,244.78,0.0682
000000,0.00000,53.5500,0.0021,0.000000,0.000000,0.0000,0.0000,0.0000,0.00,244.78,0.0682
000000,0.00000,53.6864,0.0021,0.000000,0.000000,0.0000,0.0000,0.0000,0.00,244.78,0.0682
000000,0.00000,53.8228,0.0021,0.000000,0.000000,0.0000,0.0000,0.0000,0.00,244.78,0.0682
000000,0.00000,53.9593,0.0021,0.000000,0.000000,0.0000,0.0000,0.0000,0.00,244.78,0.0682
000000,0.00000,54.0957,0.0021,0.000000,0.000000,0.0000,0.0000,0.0000,0.00,244.78,0.0682
000000,0.00000,54.2321,0.0021,0.000000,0.000000,0.0000,0.0000,0.0000,0.00,244.78,0.0682
000000,0.00000,54.3686,0.0021,0.000000,0.000000,0.0000,0.0000,0.0000,0.00,244.78,0.0682
000000,0.00000,54.5050,0.0021,0.000000,0.000000,0.0000,0.0000,0.0000,0.00,244.78,0.0682
000000,0.00000,54.6414,0.0021,0.000000,0.000000,0.0000,0.0000,0.0000,0.00,244.78,0.0682
000000,0.00000,54.7778,0.0021,0.000000,0.000000,0.0000,0.0000,0.0000,0.00,244.78,0.0682
000000,0.00000,54.9143,0.0021,0.000000,0.000000,0.0000,0.0000,0.0000,0.00,244.78,0.0682
000000,0.00000,55.0507,0.0021,0.000000,0.000000,0.0000,0.0000,0.0000,0.00,244.78,0.0682
000000,0.00000,55.1871,0.0021,0.000000,0.000000,0.0000,0.0000,0.0000,0.00,244.78,0.0682
000000,0.00000,55.3236,0.0021,0.000000,0.000000,0.0000,0.0000,0.0000,0.00,244.78,0.0682
000000,0.00000,55.4600,0.0021,0.000000,0.000000,0.0000,0.0000,0.0000,0.00,244.78,0.0682
000000,0.00000,55.5964,0.0021,0.000000,0.000000,0.0000,0.0000,0.0000,0.00,244.78,0.0682
000000,0.00000,55.7329,0.0021,0.000000,0.000000,0.0000,0.0000,0.0000,0.00,244.78,0.0682
000000,0.00000,55.8693,0.0021,0.000000,0.000000,0.0000,0.0000,0.0000,0.00,244.78,0.0682
000000,0.00000,56.0057,0.0021,0.000000,0.000000,0.0000,0.0000,0.0000,0.00,244.78,0.0682
000000,0.00000,56.1422,0.0021,0.000000,0.000000,0.0000,0.0000,0.0000,0.00,244.78,0.0682
000000,0.00000,56.2786,0.0021,0.000000,0.000000,0.0000,0.0000,0.0000,0.00,244.78,0.0682
000000,0.00000,56.4150,0.0021,0.000000,0.000000,0.0000,0.0000,0.0000,0.00,244.78,0.0682
000000,0.00000,56.5515,0.0021,0.000000,0.000000,0.0000,0.0000,0.0000,0.00,244.78,0.0682
000000,0.00000,56.6879,0.0021,0.000000,0.000000,0.0000,0.0000,0.0000,0.00,244.78,0.0682
000000,0.00000,56.8243,0.0021,0.000000,0.000000,0.0000,0.0000,0.0000,0.00,244.78,0.0682
000000,0.00000,56.9608,0.0021,0.000000,0.000000,0.0000,0.0000,0.0000,0.00,244.78,0.0682
000000,0.00000,57.0972,0.0021,0.000000,0.000000,0.0000,0.0000,0.0000,0.00,244.78,0.0682
000000,0.00000,57.2336,0.0021,0.000000,0.000000,0.0000,0.0000,0.0000,0.00,244.78,0.0682
000000,0.00000,57.3701,0.0021,0.000000,0.000000,0.0000,0.0000,0.0000,0.00,244.78,0.0682
000000,0.00000,57.5065,0.0021,0.000000,0.000000,0.0000,0.0000,0.0000,0.00,244.78,0.0682
000000,0.00000,57.6429,0.0021,0.000000,0.000000,0.0000,0.0000,0.0000,0.00,244.78,0.0682
000000,0.00000,57.7794,0.0021,0.000000,0.000000,0.0000,0.0000,0.0000,0.00,244.78,0.0682
000000,0.00000,57.9158,0.0021,0.000000,0.000000,0.0000,0.0000,0.0000,0.00,244.78,0.0682
000000,0.00000,58.0522,0.0021,0.000000,0.000000,0.0000,0.0000,0.0000,0.00,244.78,0.0682
000000,0.00000,58.1887,0.0021,0.000000,0.000000,0.0000,0.0000,0.0000,0.00,244.78,0.0682
000000,0.00000,58.3251,0.0021,0.000000,0.000000,0.0000,0.0000,0.0000,0.00,244.78,0.0682
000000,0.00000,58.4615,0.0021,0.000000,0.000000,0.0000,0.0000,0.0000,0.00,244.78,0.0682
000000,0.00000,58.5980,0.0021,0.000000,0.000000,0.0000,0.0000,0.0000,0.00,244.78,0.0682
000000,0.00000,58.7344,0.0021,0.000000,0.000000,0.0000,0.0000,0.0000,0.00,244.78,0.0682
000000,0.00000,58.8708,0.0021,0.000000,0.000000,0.0000,0.0000,0.0000,0.00,244.78,0.0682
000000,0.00000,59.0073,0.0021,0.000000,0.000000,0.0000,0.0000,0.0000,0.00,244.78,0.0682
000000,0.00000,59.1437,0.0021,0.000000,0.000000,0.0000,0.0000,0.0000,0.00,244.78,0.0682
000000,0.00000,59.2801,0.0021,0.000000,0.000000,0.0000,0.0000,0.0000,0.00,244.78,0.0682
000000,0.00000,59.4166,0.0021,0.000000,0.000000,0.0000,0.0000,0.0000,0.00,244.78,0.0682
000000,0.00000,59.5530,0.0021,0.000000,0.000000,0.0000,0.0000,0.0000,0.00,244.78,0.0682
000000,0.00000,59.6894,0.0021,0.000000,0.000000,0.0000,0.0000,0.0000,0.00,244.78,0.0682
000000,0.00000,59.8259,0.0021,0.000000,0.000000,0.0000,0.0000,0.0000,0.00,244.78,0.0682
000000,0.00000,59.9623,0.0021,0.000000,0.000000,0.0000,0.0000,0.0000,0.00,244.78,0.0682
000000,0.00000,60.0987,0.0021,0.000000,0.000000,0.0000,0.0000,0.0000,0.00,244.78,0.0682
000000,0.00000,60.2352,0.0021,0.000000,0.000000,0.0000,0.0000,0.0000,0.00,244.78,0.0682
000000,0.00000,60.3716,0.0021,0.000000,0.000000,0.0000,0.0000,0.0000,0.00,244.78,0.0682
000000,0.00000,60.5080,0.0021,0.000000,0.000000,0.0000,0.0000,0.0000,0.00,244.78,0.0682
000000,0.00000,60.6445,0.0021,0.000000,0.000000,0.0000,0.0000,0.0000,0.00,244.78,0.0682
000000,0.00000,60.7809,0.0021,0.000000,0.000000,0.0000,0.0000,0.0000,0.00,244.78,0.0682
000000,0.00000,60.9173,0.0021,0.000000,0.000000,0.0000,0.0000,0.0000,0.00,244.78,0.0682
000000,0.00000,61.0538,0.0021,0.000000,0.000000,0.0000,0.0000,0.0000,0.00,244.78,0.0682
000000,0.00000,61.1902,0.0021,0.000000,0.000000,0.0000,0.0000,0.0000,0.00,244.78,0.0682
000000,0.00000,61.3266,0.0021,0.000000,0.000000,0.0000,0.0000,0.0000,0.00,244.78,0.0682
000000,0.00000,61.4631,0.0021,0.000000,0.000000,0.0000,0.0000,0.0000,0.00,244.78,0.0682
000000,0.00000,61.5995,0.0021,0.000000,0.000000,0.0000,0.0000,0.0000,0.00,244.78,0.0682
000000,0.00000,61.7359,0.0021,0.000000,0.000000,0.0000,0.0000,0.0000,0.00,244.78,0.0682
000000,0.00000,61.8724,0.0021,0.000000,0.000000,0.0000,0.0000,0.0000,0.00,244.78,0.0682
000000,0.00000,62.0088,0.0021,0.000000,0.000000,0.0000,0.0000,0.0000,0.00,244.78,0.0682
000000,0.00000,62.1452,0.0021,0.000000,0.000000,0.0000,0.0000,0.0000,0.00,244.78,0.0682
000000,0.00000,62.2817,0.0021,0.000000,0.000000,0.0000,0.0000,0.0000,0.00,244.78,0.0682
000000,0.00000,62.4181,0.0021,0.000000,0.000000,0.0000,0.0000,0.0000,0.00,244.78,0.0682
000000,0.00000,62.5545,0.0021,0.000000,0.000000,0.0000,0.0000,0.0000,0.00,244.78,0.0682
000000,0.00000,62.6910,0.0021,0.000000,0.000000,0.0000,0.0000,0.0000,0.00,244.78,0.0682
000000,0.00000,62.8274,0.0021,0.000000,0.000000,0.0000,0.0000,0.0000,0.00,244.78,0.0682
000000,0.00000,62.9638,0.0021,0.000000,0.000000,0.0000,0.0000,0.0000,0.00,244.78,0.0682
000000,0.00000,63.1003,0.0021,0.000000,0.000000,0.0000,0.0000,0.0000,0.00,244.78,0.0682
000000,0.00000,63.2367,0.0021,0.000000,0.000000,0.0000,0.0000,0.0000,0.00,244.78,0.0682
000000,0.00000,63.3731,0.0021,0.000000,0.000000,0.0000,0.0000,0.0000,0.00,244.78,0.0682
000000,0.00000,63.5096,0.0021,0.000000,0.000000,0.0000,0.0000,0.0000,0.00,244.78,0.0682
000000,0.00000,63.6460,0.0021,0.000000,0.000000,0.0000,0.0000,0.0000,0.00,244.78,0.0682
000000,0.00000,63.7824,0.0021,0.000000,0.000000,0.0000,0.0000,0.0000,0.00,244.78,0.0682
000000,0.00000,63.9189,0.0021,0.000000,0.000000,0.0000,0.0000,0.0000,0.00,244.78,0.0682
000000,0.00000,64.0553,0.0021,0.000000,0.000000,0.0000,0.0000,0.0000,0.00,244.78,0.0682
000000,0.00000,64.1917,0.0021,0.000000,0.000000,0.0000,0.0000,0.0000,0.00,244.78,0.0682
000000,0.00000,64.3282,0.0021,0.000000,0.000000,0.0000,0.0000,0.0000,0.00,244.78,0.0682
000000,0.00000,64.4646,0.0021,0.000000,0.000000,0.0000,0.0000,0.0000,0.00,244.78,0.0682
000000,0.00000,64.6010,0.0021,0.000000,0.000000,0.0000,0.0000,0.0000,0.00,244.78,0.0682
000000,0.00000,64.7375,0.0021,0.000000,0.000000,0.0000,0.0000,0.0000,0.00,244.78,0.0682
000000,0.00000,64.8739,0.0021,0.000000,0.000000,0.0000,0.0000,0.0000,0.00,244.78,0.0682
000000,0.00000,65.0103,0.0021,0.000000,0.000000,0.0000,0.0000,0.0000,0.00,244.78,0.0682
000000,0.00000,65.1468,0.0021,0.000000,0.000000,0.0000,0.0000,0.0000,0.00,244.78,0.0682
000000,0.00000,65.2832,0.0021,0.000000,0.000000,0.0000,0.0000,0.0000,0.00,244.78,0.0682
000000,0.00000,65.4196,0.0021,0.000000,0.000000,0.0000,0.0000,0.0000,0.00,244.78,0.0682
000000,0.00000,65.5561,0.0021,0.000000,0.000000,0.0000,0.0000,0.0000,0.00,244.78,0.0682
000000,0.00000,65.6925,0.0021,0.000000,0.000000,0.0000,0.0000,0.0000,0.00,244.78,0.0682
000000,0.00000,65.8289,0.0021,0.000000,0.000000,0.0000,0.0000,0.0000,0.00,244.78,0.0682
000000,0.00000,65.9654,0.0021,0.000000,0.000000,0.0000,0.0000,0.0000,0.00,244.78,0.0682
000000,0.00000,66.1018,0.0021,0.000000,0.000000,0.0000,0.0000,0.0000,0.00,244.78,0.0682
000000,0.00000,66.2382,0.0021,0.000000,0.000000,0.0000,0.0000,0.0000,0.00,244.78,0.0682
000000,0.00000,66.3747,0.0021,0.000000,0.000000,0.0000,0.0000,0.0000,0.00,244.78,0.0682
000000,0.00000,66.5111,0.0021,0.000000,0.000000,0.0000,0.0000,0.0000,0.00,244.78,0.0682
000000,0.00000,66.6475,0.0021,0.000000,0.000000,0.0000,0.0000,0.0000,0.00,244.78,0.0682
000000,0.00000,66.7840,0.0021,0.000000,0.000000,0.0000,0.0000,0.0000,0.00,244.78,0.0682
000000,0.00000,66.9204,0.0021,0.000000,0.000000,0.0000,0.0000,0.0000,0.00,244.78,0.0682
000000,0.00000,67.0568,0.0021,0.000000,0.000000,0.0000,0.0000,0.0000,0.00,244.78,0.0682
000000,0.00000,67.1933,0.0021,0.000000,0.000000,0.0000,0.0000,0.0000,0.00,244.78,0.0682
000000,0.00000,67.3297,0.0021,0.000000,0.000000,0.0000,0.0000,0.0000,0.00,244.78,0.0682
000000,0.00000,67.4661,0.0021,0.000000,0.000000,0.0000,0.0000,0.0000,0.00,244.78,0.0682
000000,0.00000,67.6026,0.0021,0.000000,0.000000,0.0000,0.0000,0.0000,0.00,244.78,0.0682
000000,0.00000,67.7390,0.0021,0.000000,0.000000,0.0000,0.0000,0.0000,0.00,244.78,0.0682
000000,0.00000,67.8754,0.0021,0.000000,0.000000,0.0000,0.0000,0.0000,0.00,244.78,0.0682
000000,0.00000,68.0119,0.0021,0.000000,0.000000,0.0000,0.0000,0.0000,0.00,244.78,0.0682
000000,0.00000,68.1483,0.0021,0.000000,0.000000,0.0000,0.0000,0.0000,0.00,244.78,0.0682
000000,0.00000,68.2847,0.0021,0.000000,0.000000,0.0000,0.0000,0.0000,0.00,244.78,0.0682
000000,0.00000,68.4211,0.0021,0.000000,0.000000,0.0000,0.0000,0.0000,0.00,244.78,0.0682
000000,0.00000,68.5576,0.0021,0.000000,0.000000,0.0000,0.0000,0.0000,0.00,244.78,0.0682
000000,0.00000,68.6940,0.0021,0.000000,0.000000,0.0000,0.0000,0.0000,0.00,244.78,0.0682
000000,0.00000,68.8304,0.0021,0.000000,0.000000,0.0000,0.0000,0.0000,0.00,244.78,0.0682
000000,0.00000,68.9669,0.0021,0.000000,0.000000,0.0000,0.0000,0.0000,0.00,244.78,0.0682
000000,0.00000,69.1033,0.0021,0.000000,0.000000,0.0000,0.0000,0.0000,0.00,244.78,0.0682
000000,0.00000,69.2397,0.0021,0.000000,0.000000,0.0000,0.0000,0.0000,0.00,244.78,0.0682
000000,0.00000,69.3762,0.0021,0.000000,0.000000,0.0000,0.0000,0.0000,0.00,244.78,0.0682
000000,0.00000,69.5126,0.0021,0.000000,0.000000,0.0000,0.0000,0.0000,0.00,244.78,0.0682
000000,0.00000,69.6490,0.0021,0.000000,0.000000,0.0000,0.0000,0.0000,0.00,244.78,0.0682
000000,0.00000,69.7855,0.0021,0.000000,0.000000,0.0000,0.0000,0.0000,0.00,244.78,0.0682
000000,0.00000,69.9219,0.0021,0.000000,0.000000,0.0000,0.0000,0.0000,0.00,244.78,0.0682
000000,0.00000,70.0583,0.0021,0.000000,0.000000,0.0000,0.0000,0.0000,0.00,244.78,0.0682
000000,0.00000,70.1948,0.0021,0.000000,0.000000,0.0000,0.0000,0.0000,0.00,244.78,0.0682
000000,0.00000,70.3312,0.0021,0.000000,0.000000,0.0000,0.0000,0.0000,0.00,244.78,0.0682
000000,0.00000,70.4676,0.0021,0.000000,0.000000,0.0000,0.0000,0.0000,0.00,244.78,0.0682
000000,0.00000,70.6041,0.0021,0.000000,0.000000,0.0000,0.0000,0.0000,0.00,244.78,0.0682
000000,0.00000,70.7405,0.0021,0.000000,0.000000,0.0000,0.0000,0.0000,0.00,244.78,0.0682
000000,0.00000,70.8769,0.0021,0.000000,0.000000,0.0000,0.0000,0.0000,0.00,244.78,0.0682
000000,0.00000,71.0134,0.0021,0.000000,0.000000,0.0000,0.0000,0.0000,0.00,244.78,0.0682
000000,0.00000,71.1498,0.0021,0.000000,0.000000,0.0000,0.0000,0.0000,0.00,244.78,0.0682
000000,0.00000,71.2862,0.0021,0.000000,0.000000,0.0000,0.0000,0.0000,0.00,244.78,0.0682
000000,0.00000,71.4227,0.0021,0.000000,0.000000,0.0000,0.0000,0.0000,0.00,244.78,0.0682
000000,0.00000,71.5591,0.0021,0.000000,0.000000,0.0000,0.0000,0.0000,0.00,244.78,0.0682
000000,0.00000,71.6955,0.0021,0.000000,0.000000,0.0000,0.0000,0.0000,0.00,244.78,0.0682
000000,0.00000,71.8320,0.0021,0.000000,0.000000,0.0000,0.0000,0.0000,0.00,244.78,0.0682
000000,0.00000,71.9684,0.0021,0.000000,0.000000,0.0000,0.0000,0.0000,0.00,244.78,0.0682
000000,0.00000,72.1048,0.0021,0.000000,0.000000,0.0000,0.0000,0.0000,0.00,244.78,0.0682
000000,0.00000,72.2413,0.0021,0.000000,0.000000,0.0000,0.0000,0.0000,0.00,244.78,0.0682
000000,0.00000,72.3777,0.0021,0.000000,0.000000,0.0000,0.0000,0.0000,0.00,244.78,0.0682
000000,0.00000,72.5141,0.0021,0.000000,0.000000,0.0000,0.0000,0.0000,0.00,244.78,0.0682
000000,0.00000,72.6506,0.0021,0.000000,0.000000,0.0000,0.0000,0.0000,0.00,244.78,0.0682
000000,0.00000,72.7870,0.0021,0.000000,0.000000,0.0000,0.0000,0.0000,0.00,244.78,0.0682
000000,0.00000,72.9234,0.0021,0.000000,0.000000,0.0000,0.0000,0.0000,0.00,244.78,0.0682
000000,0.00000,73.0599,0.0021,0.000000,0.000000,0.0000,0.0000,0.0000,0.00,244.78,0.0682
000000,0.00000,73.1963,0.0021,0.000000,0.000000,0.0000,0.0000,0.0000,0.00,244.78,0.0682
000000,0.00000,73.3327,0.0021,0.000000,0.000000,0.0000,0.0000,0.0000,0.00,244.78,0.0682
000000,0.00000,73.4692,0.0021,0.000000,0.000000,0.0000,0.0000,0.0000,0.00,244.78,0.0682
000000,0.00000,73.6056,0.0021,0.000000,0.000000,0.0000,0.0000,0.0000,0.00,244.78,0.0682
000000,0.00000,73.7420,0.0021,0.000000,0.000000,0.0000,0.0000,0.0000,0.00,244.78,0.0682
000000,0.00000,73.8785,0.0021,0.000000,0.000000,0.0000,0.0000,0.0000,0.00,244.78,0.0682
000000,0.00000,74.0149,0.0021,0.000000,0.000000,0.0000,0.0000,0.0000,0.00,244.78,0.0682
000000,0.00000,74.1513,0.0021,0.000000,0.000000,0.0000,0.0000,0.0000,0.00,244.78,0.0682
000000,0.00000,74.2878,0.0021,0.000000,0.000000,0.0000,0.0000,0.0000,0.00,244.78,0.0682
000000,0.00000,74.4242,0.0021,0.000000,0.000000,0.0000,0.0000,0.0000,0.00,244.78,0.0682
000000,0.00000,74.5606,0.0021,0.000000,0.000000,0.0000,0.0000,0.0000,0.00,244.78,0.0682
000000,0.00000,74.6971,0.0021,0.000000,0.000000,0.0000,0.0000,0.0000,0.00,244.78,0.0682
000000,0.00000,74.8335,0.0021,0.000000,0.000000,0.0000,0.0000,0.0000,0.00,244.78,0.0682
000000,0.00000,74.9699,0.0021,0.000000,0.000000,0.0000,0.0000,0.0000,0.00,244.78,0.0682
000000,0.00000,75.1064,0.0021,0.000000,0.000000,0.0000,0.0000,0.0000,0.00,244.78,0.0682
000000,0.00000,75.2428,0.0021,0.000000,0.000000,0.0000,0.0000,0.0000,0.00,244.78,0.0682
000000,0.00000,75.3792,0.0021,0.000000,0.000000,0.0000,0.0000,0.0000,0.00,244.78,0.0682
000000,0.00000,75.5157,0.0021,0.000000,0.000000,0.0000,0.0000,0.0000,0.00,244.78,0.0682
000000,0.00000,75.6521,0.0021,0.000000,0.000000,0.0000,0.0000,0.0000,0.00,244.78,0.0682
000000,0.00000,75.7885,0.0021,0.000000,0.000000,0.0000,0.0000,0.0000,0.00,244.78,0.0682
000000,0.00000,75.9250,0.0021,0.000000,0.000000,0.0000,0.0000,0.0000,0.00,244.78,0.0682
000000,0.00000,76.0614,0.0021,0.000000,0.000000,0.0000,0.0000,0.0000,0.00,244.78,0.0682
000000,0.00000,76.1978,0.0021,0.000000,0.000000,0.0000,0.0000,0.0000,0.00,244.78,0.0682
000000,0.00000,76.3343,0.0021,0.000000,0.000000,0.0000,0.0000,0.0000,0.00,244.78,0.0682
000000,0.00000,76.4707,0.0021,0.000000,0.000000,0.0000,0.0000,0.0000,0.00,244.78,0.0682
000000,0.00000,76.6071,0.0021,0.000000,0.000000,0.0000,0.0000,0.0000,0.00,244.78,0.0682
000000,0.00000,76.7436,0.0021,0.000000,0.000000,0.0000,0.0000,0.0000,0.00,244.78,0.0682
000000,0.00000,76.8800,0.0021,0.000000,0.000000,0.0000,0.0000,0.0000,0.00,244.78,0.0682
000000,0.00000,77.0164,0.0021,0.000000,0.000000,0.0000,0.0000,0.0000,0.00,244.78,0.0682
000000,0.00000,77.1529,0.0021,0.000000,0.000000,0.0000,0.0000,0.0000,0.00,244.78,0.0682
000000,0.00000,77.2893,0.0021,0.000000,0.000000,0.0000,0.0000,0.0000,0.00,244.78,0.0682
000000,0.00000,77.4257,0.0021,0.000000,0.000000,0.0000,0.0000,0.0000,0.00,244.78,0.0682
000000,0.00000,77.5622,0.0021,0.000000,0.000000,0.0000,0.0000,0.0000,0.00,244.78,0.0682
000000,0.00000,77.6986,0.0021,0.000000,0.000000,0.0000,0.0000,0.0000,0.00,244.78,0.0682
000000,0.00000,77.8350,0.0021,0.000000,0.000000,0.0000,0.0000,0.0000,0.00,244.78,0.0682
000000,0.00000,77.9715,0.0021,0.000000,0.000000,0.0000,0.0000,0.0000,0.00,244.78,0.0682
000000,0.00000,78.1079,0.0021,0.000000,0.000000,0.0000,0.0000,0.0000,0.00,244.78,0.0682
000000,0.00000,78.2443,0.0021,0.000000,0.000000,0.0000,0.0000,0.0000,0.00,244.78,0.0682
000000,0.00000,78.3808,0.0021,0.000000,0.000000,0.0000,0.0000,0.0000,0.00,244.78,0.0682
000000,0.00000,78.5172,0.0021,0.000000,0.000000,0.0000,0.0000,0.0000,0.00,244.78,0.0682
000000,0.00000,78.6536,0.0021,0.000000,0.000000,0.0000,0.0000,0.0000,0.00,244.78,0.0682
000000,0.00000,78.7901,0.0021,0.000000,0.000000,0.0000,0.0000,0.0000,0.00,244.78,0.0682
000000,0.00000,78.9265,0.0021,0.000000,0.000000,0.0000,0.0000,0.0000,0.00,244.78,0.0682
000000,0.00000,79.0629,0.0021,0.000000,0.000000,0.0000,0.0000,0.0000,0.00,244.78,0.0682
000000,0.00000,79.1994,0.0021,0.000000,0.000000,0.0000,0.0000,0.0000,0.00,244.78,0.0682
000000,0.00000,79.3358,0.0021,0.000000,0.000000,0.0000,0.0000,0.0000,0.00,244.78,0.0682
000000,0.00000,79.4722,0.0021,0.000000,0.000000,0.0000,0.0000,0.0000,0.00,244.78,0.0682
000000,0.00000,79.6087,0.0021,0.000000,0.000000,0.0000,0.0000,0.0000,0.00,244.78,0.0682
000000,0.00000,79.7451,0.0021,0.000000,0.000000,0.0000,0.0000,0.0000,0.00,244.78,0.0682
000000,0.00000,79.8815,0.0021,0.000000,0.000000,0.0000,0.0000,0.0000,0.00,244.78,0.0682
000000,0.00000,80.0180,0.0021,0.000000,0.000000,0.0000,0.0000,0.0000,0.00,244.78,0.0682
000000,0.00000,80.1544,0.0021,0.000000,0.000000,0.0000,0.0000,0.0000,0.00,244.78,0.0682
000000,0.00000,80.2908,0.0021,0.000000,0.000000,0.0000,0.0000,0.0000,0.00,244.78,0.0682
000000,0.00000,80.4273,0.0021,0.000000,0.000000,0.0000,0.0000,0.0000,0.00,244.78,0.0682
000000,0.00000,80.5637,0.0021,0.000000,0.000000,0.0000,0.0000,0.0000,0.00,244.78,0.0682
000000,0.00000,80.7001,0.0021,0.000000,0.000000,0.0000,0.0000,0.0000,0.00,244.78,0.0682
000000,0.00000,80.8366,0.0021,0.000000,0.000000,0.0000,0.0000,0.0000,0.00,244.78,0.0682
000000,0.00000,80.9730,0.0021,0.000000,0.000000,0.0000,0.0000,0.0000,0.00,244.78,0.0682
000000,0.00000,81.1094,0.0021,0.000000,0.000000,0.0000,0.0000,0.0000,0.00,244.78,0.0682
000000,0.00000,81.2459,0.0021,0.000000,0.000000,0.0000,0.0000,0.0000,0.00,244.78,0.0682
000000,0.00000,81.3823,0.0021,0.000000,0.000000,0.0000,0.0000,0.0000,0.00,244.78,0.0682
000000,0.00000,81.5187,0.0021,0.000000,0.000000,0.0000,0.0000,0.0000,0.00,244.78,0.0682
000000,0.00000,81.6552,0.0021,0.000000,0.000000,0.0000,0.0000,0.0000,0.00,244.78,0.0682
000000,0.00000,81.7916,0.0021,0.000000,0.000000,0.0000,0.0000,0.0000,0.00,244.78,0.0682
000000,0.00000,81.9280,0.0021,0.000000,0.000000,0.0000,0.0000,0.0000,0.00,244.78,0.0682
000000,0.00000,82.0644,0.0021,0.000000,0.000000,0.0000,0.0000,0.0000,0.00,244.78,0.0682
000000,0.00000,82.2009,0.0021,0.000000,0.000000,0.0000,0.0000,0.0000,0.00,244.78,0.0682
000000,0.00000,82.3373,0.0021,0.000000,0.000000,0.0000,0.0000,0.0000,0.00,244.78,0.0682
000000,0.00000,82.4737,0.0021,0.000000,0.000000,0.0000,0.0000,0.0000,0.00,244.78,0.0682
000000,0.00000,82.6102,0.0021,0.000000,0.000000,0.0000,0.0000,0.0000,0.00,244.78,0.0682
000000,0.00000,82.7466,0.0021,0.000000,0.000000,0.0000,0.0000,0.0000,0.00,244.78,0.0682
000000,0.00000,82.8830,0.0021,0.000000,0.000000,0.0000,0.0000,0.0000,0.00,244.78,0.0682
000000,0.00000,83.0195,0.0021,0.000000,0.000000,0.0000,0.0000,0.0000,0.00,244.78,0.0682
000000,0.00000,83.1559,0.0021,0.000000,0.000000,0.0000,0.0000,0.0000,0.00,244.78,0.0682
000000,0.00000,83.2923,0.0021,0.000000,0.000000,0.0000,0.0000,0.0000,0.00,244.78,0.0682
000000,0.00000,83.4288,0.0021,0.000000,0.000000,0.0000,0.0000,0.0000,0.00,244.78,0.0682
000000,0.00000,83.5652,0.0021,0.000000,0.000000,0.0000,0.0000,0.0000,0.00,244.78,0.0682
000000,0.00000,83.7016,0.0021,0.000000,0.000000,0.0000,0.0000,0.0000,0.00,244.78,0.0682
000000,0.00000,83.8381,0.0021,0.000000,0.000000,0.0000,0.0000,0.0000,0.00,244.78,0.0682
000000,0.00000,83.9745,0.0021,0.000000,0.000000,0.0000,0.0000,0.0000,0.00,244.78,0.0682
000000,0.00000,84.1109,0.0021,0.000000,0.000000,0.0000,0.0000,0.0000,0.00,244.78,0.0682
000000,0.00000,84.2474,0.0021,0.000000,0.000000,0.0000,0.0000,0.0000,0.00,244.78,0.0682
000000,0.00000,84.3838,0.0021,0.000000,0.000000,0.0000,0.0000,0.0000,0.00,244.78,0.0682
000000,0.00000,84.5202,0.0021,0.000000,0.000000,0.0000,0.0000,0.0000,0.00,244.78,0.0682
000000,0.00000,84.6567,0.0021,0.000000,0.000000,0.0000,0.0000,0.0000,0.00,244.78,0.0682
000000,0.00000,84.7931,0.0021,0.000000,0.000000,0.0000,0.0000,0.0000,0.00,244.78,0.0682
000000,0.00000,84.9295,0.0021,0.000000,0.000000,0.0000,0.0000,0.0000,0.00,244.78,0.0682
000000,0.00000,85.0660,0.0021,0.000000,0.000000,0.0000,0.0000,0.0000,0.00,244.78,0.0682
000000,0.00000,85.2024,0.0021,0.000000,0.000000,0.0000,0.0000,0.0000,0.00,244.78,0.0682
000000,0.00000,85.3388,0.0021,0.000000,0.000000,0.0000,0.0000,0.0000,0.00,244.78,0.0682
000000,0.00000,85.4753,0.0021,0.000000,0.000000,0.0000,0.0000,0.0000,0.00,244.78,0.0682
000000,0.00000,85.6117,0.0021,0.000000,0.000000,0.0000,0.0000,0.0000,0.00,244.78,0.0682
000000,0.00000,85.7481,0.0021,0.000000,0.000000,0.0000,0.0000,0.0000,0.00,244.78,0.0682
000000,0.00000,85.8846,0.0021,0.000000,0.000000,0.0000,0.0000,0.0000,0.00,244.78,0.0682
000000,0.00000,86.0210,0.0021,0.000000,0.000000,0.0000,0.0000,0.0000,0.00,244.78,0.0682
000000,0.00000,86.1574,0.0021,0.000000,0.000000,0.0000,0.0000,0.0000,0.00,244.78,0.0682
000000,0.00000,86.2939,0.0021,0.000000,0.000000,0.0000,0.0000,0.0000,0.00,244.78,0.0682
000000,0.00000,86.4303,0.0021,0.000000,0.000000,0.0000,0.0000,0.0000,0.00,244.78,0.0682
000000,0.00000,86.5667,0.0021,0.000000,0.000000,0.0000,0.0000,0.0000,0.00,244.78,0.0682
000000,0.00000,86.7032,0.0021,0.000000,0.000000,0.0000,0.0000,0.0000,0.00,244.78,0.0682
000000,0.00000,86.8396,0.0021,0.000000,0.000000,0.0000,0.0000,0.0000,0.00,244.78,0.0682
000000,0.00000,86.9760,0.0021,0.000000,0.000000,0.0000,0.0000,0.0000,0.00,244.78,0.0682
000000,0.00000,87.1125,0.0021,0.000000,0.000000,0.0000,0.0000,0.0000,0.00,244.78,0.0682
000000,0.00000,87.2489,0.0021,0.000000,0.000000,0.0000,0.0000,0.0000,0.00,244.78,0.0682
000000,0.00000,87.3853,0.0021,0.000000,0.000000,0.0000,0.0000,0.0000,0.00,244.78,0.0682
000000,0.00000,87.5218,0.0021,0.000000,0.000000,0.0000,0.0000,0.0000,0.00,244.78,0.0682
000000,0.00000,87.6582,0.0021,0.000000,0.000000,0.0000,0.0000,0.0000,0.00,244.78,0.0682
000000,0.00000,87.7946,0.0021,0.000000,0.000000,0.0000,0.0000,0.0000,0.00,244.78,0.0682
000000,0.00000,87.9311,0.0021,0.000000,0.000000,0.0000,0.0000,0.0000,0.00,244.78,0.0682
000000,0.00000,88.0675,0.0021,0.000000,0.000000,0.0000,0.0000,0.0000,0.00,244.78,0.0682
000000,0.00000,88.2039,0.0021,0.000000,0.000000,0.0000,0.0000,0.0000,0.00,244.78,0.0682
000000,0.00000,88.3404,0.0021,0.000000,0.000000,0.0000,0.0000,0.0000,0.00,244.78,0.0682
000000,0.00000,88.4768,0.0021,0.000000,0.000000,0.0000,0.0000,0.0000,0.00,244.78,0.0682
000000,0.00000,88.6132,0.0021,0.000000,0.000000,0.0000,0.0000,0.0000,0.00,244.78,0.0682
000000,0.00000,88.7497,0.0021,0.000000,0.000000,0.0000,0.0000,0.0000,0.00,244.78,0.0682
000000,0.00000,88.8861,0.0021,0.000000,0.000000,0.0000,0.0000,0.0000,0.00,244.78,0.0682
000000,0.00000,89.0225,0.0021,0.000000,0.000000,0.0000,0.0000,0.0000,0.00,244.78,0.0682
000000,0.00000,89.1590,0.0021,0.000000,0.000000,0.0000,0.0000,0.0000,0.00,244.78,0.0682
000000,0.00000,89.2954,0.0021,0.000000,0.000000,0.0000,0.0000,0.0000,0.00,244.78,0.0682
000000,0.00000,89.4318,0.0021,0.000000,0.000000,0.0000,0.0000,0.0000,0.00,244.78,0.0682
000000,0.00000,89.5683,0.0021,0.000000,0.000000,0.0000,0.0000,0.0000,0.00,244.78,0.0682
000000,0.00000,89.7047,0.0021,0.000000,0.000000,0.0000,0.0000,0.0000,0.00,244.78,0.0682
000000,0.00000,89.8411,0.0021,0.000000,0.000000,0.0000,0.0000,0.0000,0.00,244.78,0.0682
000000,0.00000,89.9776,0.0021,0.000000,0.000000,0.0000,0.0000,0.0000,0.00,244.78,0.0682
000000,0.00000,90.1140,0.0021,0.000000,0.000000,0.0000,0.0000,0.0000,0.00,244.78,0.0682
000000,0.00000,90.2504,0.0021,0.000000,0.000000,0.0000,0.0000,0.0000,0.00,244.78,0.0682
000000,0.00000,90.3869,0.0021,0.000000,0.000000,0.0000,0.0000,0.0000,0.00,244.78,0.0682
000000,0.00000,90.5233,0.0021,0.000000,0.000000,0.0000,0.0000,0.0000,0.00,244.78,0.0682
000000,0.00000,90.6597,0.0021,0.000000,0.000000,0.0000,0.0000,0.0000,0.00,244.78,0.0682
000000,0.00000,90.7962,0.0021,0.000000,0.000000,0.0000,0.0000,0.0000,0.00,244.78,0.0682
000000,0.00000,90.9326,0.0021,0.000000,0.000000,0.0000,0.0000,0.0000,0.00,244.78,0.0682
000000,0.00000,91.0690,0.0021,0.000000,0.000000,0.0000,0.0000,0.0000,0.00,244.78,0.0682
000000,0.00000,91.2055,0.0021,0.000000,0.000000,0.0000,0.0000,0.0000,0.00,244.78,0.0682
000000,0.00000,91.3419,0.0021,0.000000,0.000000,0.0000,0.0000,0.0000,0.00,244.78,0.0682
000000,0.00000,91.4783,0.0021,0.000000,0.000000,0.0000,0.0000,0.0000,0.00,244.78,0.0682
000000,0.00000,91.6148,0.0021,0.000000,0.000000,0.0000,0.0000,0.0000,0.00,244.78,0.0682
000000,0.00000,91.7512,0.0021,0.000000,0.000000,0.0000,0.0000,0.0000,0.00,244.78,0.0682
000000,0.00000,91.8876,0.0021,0.000000,0.000000,0.0000,0.0000,0.0000,0.00,244.78,0.0682
000000,0.00000,92.0241,0.0021,0.000000,0.000000,0.0000,0.0000,0.0000,0.00,244.78,0.0682
000000,0.00000,92.1605,0.0021,0.000000,0.000000,0.0000,0.0000,0.0000,0.00,244.78,0.0682
000000,0.00000,92.2969,0.0021,0.000000,0.000000,0.0000,0.0000,0.0000,0.00,244.78,0.0682
000000,0.00000,92.4334,0.0021,0.000000,0.000000,0.0000,0.0000,0.0000,0.00,244.78,0.0682
000000,0.00000,92.5698,0.0021,0.000000,0.000000,0.0000,0.0000,0.0000,0.00,244.78,0.0682
000000,0.00000,92.7062,0.0021,0.000000,0.000000,0.0000,0.0000,0.0000,0.00,244.78,0.0682
000000,0.00000,92.8427,0.0021,0.000000,0.000000,0.0000,0.0000,0.0000,0.00,244.78,0.0682
000000,0.00000,92.9791,0.0021,0.000000,0.000000,0.0000,0.0000,0.0000,0.00,244.78,0.0682
000000,0.00000,93.1155,0.0021,0.000000,0.000000,0.0000,0.0000,0.0000,0.00,244.78,0.0682
000000,0.00000,93.2520,0.0021,0.000000,0.000000,0.0000,0.0000,0.0000,0.00,244.78,0.0682
000000,0.00000,93.3884,0.0021,0.000000,0.000000,0.0000,0.0000,0.0000,0.00,244.78,0.0682
000000,0.00000,93.5248,0.0021,0.000000,0.000000,0.0000,0.0000,0.0000,0.00,244.78,0.0682
000000,0.00000,93.6613,0.0021,0.000000,0.000000,0.0000,0.0000,0.0000,0.00,244.78,0.0682
000000,0.00000,93.7977,0.0021,0.000000,0.000000,0.0000,0.0000,0.0000,0.00,244.78,0.0682
000000,0.00000,93.9341,0.0021,0.000000,0.000000,0.0000,0.0000,0.0000,0.00,244.78,0.0682
000000,0.00000,94.0706,0.0021,0.000000,0.000000,0.0000,0.0000,0.0000,0.00,244.78,0.0682
000000,0.00000,94.2070,0.0021,0.000000,0.000000,0.0000,0.0000,0.0000,0.00,244.78,0.0682
000000,0.00000,94.3434,0.0021,0.000000,0.000000,0.0000,0.0000,0.0000,0.00,244.78,0.0682
000000,0.00000,94.4799,0.0021,0.000000,0.000000,0.0000,0.0000,0.0000,0.00,244.78,0.0682
000000,0.00000,94.6163,0.0021,0.000000,0.000000,0.0000,0.0000,0.0000,0.00,244.78,0.0682
000000,0.00000,94.7527,0.0021,0.000000,0.000000,0.0000,0.0000,0.0000,0.00,244.78,0.0682
000000,0.00000,94.8892,0.0021,0.000000,0.000000,0.0000,0.0000,0.0000,0.00,244.78,0.0682
000000,0.00000,95.0256,0.0021,0.000000,0.000000,0.0000,0.0000,0.0000,0.00,244.78,0.0682
000000,0.00000,95.1620,0.0021,0.000000,0.000000,0.0000,0.0000,0.0000,0.00,244.78,0.0682
000000,0.00000,95.2985,0.0021,0.000000,0.000000,0.0000,0.0000,0.0000,0.00,244.78,0.0682
000000,0.00000,95.4349,0.0021,0.000000,0.000000,0.0000,0.0000,0.0000,0.00,244.78,0.0682
000000,0.00000,95.5713,0.0021,0.000000,0.000000,0.0000,0.0000,0.0000,0.00,244.78,0.0682
000000,0.00000,95.7077,0.0021,0.000000,0.000000,0.0000,0.0000,0.0000,0.00,244.78,0.0682
000000,0.00000,95.8442,0.0021,0.000000,0.000000,0.0000,0.0000,0.0000,0.00,244.78,0.0682
000000,0.00000,95.9806,0.0021,0.000000,0.000000,0.0000,0.0000,0.0000,0.00,244.78,0.0682
000000,0.00000,96.1170,0.0021,0.000000,0.000000,0.0000,0.0000,0.0000,0.00,244.78,0.0682
000000,0.00000,96.2535,0.0021,0.000000,0.000000,0.0000,0.0000,0.0000,0.00,244.78,0.0682
000000,0.00000,96.3899,0.0021,0.000000,0.000000,0.0000,0.0000,0.0000,0.00,244.78,0.0682
000000,0.00000,96.5263,0.0021,0.000000,0.000000,0.0000,0.0000,0.0000,0.00,244.78,0.0682
000000,0.00000,96.6628,0.0021,0.000000,0.000000,0.0000,0.0000,0.0000,0.00,244.78,0.0682
000000,0.00000,96.7992,0.0021,0.000000,0.000000,0.0000,0.0000,0.0000,0.00,244.78,0.0682
000000,0.00000,96.9356,0.0021,0.000000,0.000000,0.0000,0.0000,0.0000,0.00,244.78,0.0682
000000,0.00000,97.0721,0.0021,0.000000,0.000000,0.0000,0.0000,0.0000,0.00,244.78,0.0682
000000,0.00000,97.2085,0.0021,0.000000,0.000000,0.0000,0.0000,0.0000,0.00,244.78,0.0682
000000,0.00000,97.3449,0.0021,0.000000,0.000000,0.0000,0.0000,0.0000,0.00,244.78,0.0682
000000,0.00000,97.4814,0.0021,0.000000,0.000000,0.0000,0.0000,0.0000,0.00,244.78,0.0682
000000,0.00000,97.6178,0.0021,0.000000,0.000000,0.0000,0.0000,0.0000,0.00,244.78,0.0682
000000,0.00000,97.7542,0.0021,0.000000,0.000000,0.0000,0.0000,0.0000,0.00,244.78,0.0682
000000,0.00000,97.8907,0.0021,0.000000,0.000000,0.0000,0.0000,0.0000,0.00,244.78,0.0682
000000,0.00000,98.0271,0.0021,0.000000,0.000000,0.0000,0.0000,0.0000,0.00,244.78,0.0682
000000,0.00000,98.1635,0.0021,0.000000,0.000000,0.0000,0.0000,0.0000,0.00,244.78,0.0682
000000,0.00000,98.3000,0.0021,0.000000,0.000000,0.0000,0.0000,0.0000,0.00,244.78,0.0682
000000,0.00000,98.4364,0.0021,0.000000,0.000000,0.0000,0.0000,0.0000,0.00,244.78,0.0682
000000,0.00000,98.5728,0.0021,0.000000,0.000000,0.0000,0.0000,0.0000,0.00,244.78,0.0682
000000,0.00000,98.7093,0.0021,0.000000,0.000000,0.0000,0.0000,0.0000,0.00,244.78,0.0682
000000,0.00000,98.8457,0.0021,0.000000,0.000000,0.0000,0.0000,0.0000,0.00,244.78,0.0682
000000,0.00000,98.9821,0.0021,0.000000,0.000000,0.0000,0.0000,0.0000,0.00,244.78,0.0682
000000,0.00000,99.1186,0.0021,0.000000,0.000000,0.0000,0.0000,0.0000,0.00,244.78,0.0682
000000,0.00000,99.2550,0.0021,0.000000,0.000000,0.0000,0.0000,0.0000,0.00,244.78,0.0682
000000,0.00000,99.3914,0.0021,0.000000,0.000000,0.0000,0.0000,0.0000,0.00,244.78,0.0682
000000,0.00000,99.5279,0.0021,0.000000,0.000000,0.0000,0.0000,0.0000,0.00,244.78,0.0682
000000,0.00000,99.6643,0.0021,0.000000,0.000000,0.0000,0.0000,0.0000,0.00,244.78,0.0682
000000,0.00000,99.8007,0.0021,0.000000,0.000000,0.0000,0.0000,0.0000,0.00,244.78,0.0682
000000,0.00000,99.9372,0.0021,0.000000,0.000000,0.0000,0.0000,0.0000,0.00,244.78,0.0682
000000,0.00000,100.0736,0.0021,0.000000,0.000000,0.0000,0.0000,0.0000,0.00,244.78,0.0682
000000,0.00000,100.2100,0.0021,0.000000,0.000000,0.0000,0.0000,0.0000,0.00,244.78,0.0682
000000,0.00000,100.3465,0.0021,0.000000,0.000000,0.0000,0.0000,0.0000,0.00,244.78,0.0682
000000,0.00000,100.4829,0.0021,0.000000,0.000000,0.0000,0.0000,0.0000,0.00,244.78,0.0682
000000,0.00000,100.6193,0.0021,0.000000,0.000000,0.0000,0.0000,0.0000,0.00,244.78,0.0682
000000,0.00000,100.7558,0.0021,0.000000,0.000000,0.0000,0.0000,0.0000,0.00,244.78,0.0682
000000,0.00000,100.8922,0.0021,0.000000,0.000000,0.0000,0.0000,0.0000,0.00,244.78,0.0682
000000,0.00000,101.0286,0.0021,0.000000,0.000000,0.0000,0.0000,0.0000,0.00,244.78,0.0682
000000,0.00000,101.1651,0.0021,0.000000,0.000000,0.0000,0.0000,0.0000,0.00,244.78,0.0682
000000,0.00000,101.3015,0.0021,0.000000,0.000000,0.0000,0.0000,0.0000,0.00,244.78,0.0682
000000,0.00000,101.4379,0.0021,0.000000,0.000000,0.0000,0.0000,0.0000,0.00,244.78,0.0682
000000,0.00000,101.5744,0.0021,0.000000,0.000000,0.0000,0.0000,0.0000,0.00,244.78,0.0682
000000,0.00000,101.7108,0.0021,0.000000,0.000000,0.0000,0.0000,0.0000,0.00,244.78,0.0682
000000,0.00000,101.8472,0.0021,0.000000,0.000000,0.0000,0.0000,0.0000,0.00,244.78,0.0682
000000,0.00000,101.9837,0.0021,0.000000,0.000000,0.0000,0.0000,0.0000,0.00,244.78,0.0682
000000,0.00000,102.1201,0.0021,0.000000,0.000000,0.0000,0.0000,0.0000,0.00,244.78,0.0682
000000,0.00000,102.2565,0.0021,0.000000,0.000000,0.0000,0.0000,0.0000,0.00,244.78,0.0682
000000,0.00000,102.3930,0.0021,0.000000,0.000000,0.0000,0.0000,0.0000,0.00,244.78,0.0682
000000,0.00000,102.5294,0.0021,0.000000,0.000000,0.0000,0.0000,0.0000,0.00,244.78,0.0682
000000,0.00000,102.6658,0.0021,0.000000,0.000000,0.0000,0.0000,0.0000,0.00,244.78,0.0682
000000,0.00000,102.8023,0.0021,0.000000,0.000000,0.0000,0.0000,0.0000,0.00,244.78,0.0682
000000,0.00000,102.9387,0.0021,0.000000,0.000000,0.0000,0.0000,0.0000,0.00,244.78,0.0682
000000,0.00000,103.0751,0.0021,0.000000,0.000000,0.0000,0.0000,0.0000,0.00,244.78,0.0682
000000,0.00000,103.2116,0.0021,0.000000,0.000000,0.0000,0.0000,0.0000,0.00,244.78,0.0682
000000,0.00000,103.3480,0.0021,0.000000,0.000000,0.0000,0.0000,0.0000,0.00,244.78,0.0682
000000,0.00000,103.4844,0.0021,0.000000,0.000000,0.0000,0.0000,0.0000,0.00,244.78,0.0682
000000,0.00000,103.6209,0.0021,0.000000,0.000000,0.0000,0.0000,0.0000,0.00,244.78,0.0682
000000,0.00000,103.7573,0.0021,0.000000,0.000000,0.0000,0.0000,0.0000,0.00,244.78,0.0682
000000,0.00000,103.8937,0.0021,0.000000,0.000000,0.0000,0.0000,0.0000,0.00,244.78,0.0682
000000,0.00000,104.0302,0.0021,0.000000,0.000000,0.0000,0.0000,0.0000,0.00,244.78,0.0682
000000,0.00000,104.1666,0.0021,0.000000,0.000000,0.0000,0.0000,0.0000,0.00,244.78,0.0682
000000,0.00000,104.3030,0.0021,0.000000,0.000000,0.0000,0.0000,0.0000,0.00,244.78,0.0682
000000,0.00000,104.4395,0.0021,0.000000,0.000000,0.0000,0.0000,0.0000,0.00,244.78,0.0682
000000,0.00000,104.5759,0.0021,0.000000,0.000000,0.0000,0.0000,0.0000,0.00,244.78,0.0682
000000,0.00000,104.7123,0.0021,0.000000,0.000000,0.0000,0.0000,0.0000,0.00,244.78,0.0682
000000,0.00000,104.8488,0.0021,0.000000,0.000000,0.0000,0.0000,0.0000,0.00,244.78,0.0682
000000,0.00000,104.9852,0.0021,0.000000,0.000000,0.0000,0.0000,0.0000,0.00,244.78,0.0682
000000,0.00000,105.1216,0.0021,0.000000,0.000000,0.0000,0.0000,0.0000,0.00,244.78,0.0682
000000,0.00000,105.2581,0.0021,0.000000,0.000000,0.0000,0.0000,0.0000,0.00,244.78,0.0682
000000,0.00000,105.3945,0.0021,0.000000,0.000000,0.0000,0.0000,0.0000,0.00,244.78,0.0682
000000,0.00000,105.5309,0.0021,0.000000,0.000000,0.0000,0.0000,0.0000,0.00,244.78,0.0682
000000,0.00000,105.6674,0.0021,0.000000,0.000000,0.0000,0.0000,0.0000,0.00,244.78,0.0682
000000,0.00000,105.8038,0.0021,0.000000,0.000000,0.0000,0.0000,0.0000,0.00,244.78,0.0682
000000,0.00000,105.9402,0.0021,0.000000,0.000000,0.0000,0.0000,0.0000,0.00,244.78,0.0682
000000,0.00000,106.0767,0.0021,0.000000,0.000000,0.0000,0.0000,0.0000,0.00,244.78,0.0682
000000,0.00000,106.2131,0.0021,0.000000,0.000000,0.0000,0.0000,0.0000,0.00,244.78,0.0682
000000,0.00000,106.3495,0.0021,0.000000,0.000000,0.0000,0.0000,0.0000,0.00,244.78,0.0682
000000,0.00000,106.4860,0.0021,0.000000,0.000000,0.0000,0.0000,0.0000,0.00,244.78,0.0682
000000,0.00000,106.6224,0.0021,0.000000,0.000000,0.0000,0.0000,0.0000,0.00,244.78,0.0682
000000,0.00000,106.7588,0.0021,0.000000,0.000000,0.0000,0.0000,0.0000,0.00,244.78,0.0682
000000,0.00000,106.8953,0.0021,0.000000,0.000000,0.0000,0.0000,0.0000,0.00,244.78,0.0682
000000,0.00000,107.0317,0.0021,0.000000,0.000000,0.0000,0.0000,0.0000,0.00,244.78,0.0682
000000,0.00000,107.1681,0.0021,0.000000,0.000000,0.0000,0.0000,0.0000,0.00,244.78,0.0682
000000,0.00000,107.3046,0.0021,0.000000,0.000000,0.0000,0.0000,0.0000,0.00,244.78,0.0682
000000,0.00000,107.4410,0.0021,0.000000,0.000000,0.0000,0.0000,0.0000,0.00,244.78,0.0682
000000,0.00000,107.5774,0.0021,0.000000,0.000000,0.0000,0.0000,0.0000,0.00,244.78,0.0682
000000,0.00000,107.7139,0.0021,0.000000,0.000000,0.0000,0.0000,0.0000,0.00,244.78,0.0682
000000,0.00000,107.8503,0.0021,0.000000,0.000000,0.0000,0.0000,0.0000,0.00,244.78,0.0682
000000,0.00000,107.9867,0.0021,0.000000,0.000000,0.0000,0.0000,0.0000,0.00,244.78,0.0682
000000,0.00000,108.1232,0.0021,0.000000,0.000000,0.0000,0.0000,0.0000,0.00,244.78,0.0682
000000,0.00000,108.2596,0.0021,0.000000,0.000000,0.0000,0.0000,0.0000,0.00,244.78,0.0682
000000,0.00000,108.3960,0.0021,0.000000,0.000000,0.0000,0.0000,0.0000,0.00,244.78,0.0682
000000,0.00000,108.5325,0.0021,0.000000,0.000000,0.0000,0.0000,0.0000,0.00,244.78,0.0682
000000,0.00000,108.6689,0.0021,0.000000,0.000000,0.0000,0.0000,0.0000,0.00,244.78,0.0682
000000,0.00000,108.8053,0.0021,0.000000,0.000000,0.0000,0.0000,0.0000,0.00,244.78,0.0682
000000,0.00000,108.9418,0.0021,0.000000,0.000000,0.0000,0.0000,0.0000,0.00,244.78,0.0682
000000,0.00000,109.0782,0.0021,0.000000,0.000000,0.0000,0.0000,0.0000,0.00,244.78,0.0682
000000,0.00000,109.2146,0.0021,0.000000,0.000000,0.0000,0.0000,0.0000,0.00,244.78,0.0682
000000,0.00000,109.3510,0.0021,0.000000,0.000000,0.0000,0.0000,0.0000,0.00,244.78,0.0682
000000,0.00000,109.4875,0.0021,0.000000,0.000000,0.0000,0.0000,0.0000,0.00,244.78,0.0682
000000,0.00000,109.6239,0.0021,0.000000,0.000000,0.0000,0.0000,0.0000,0.00,244.78,0.0682
000000,0.00000,109.7603,0.0021,0.000000,0.000000,0.0000,0.0000,0.0000,0.00,244.78,0.0682
000000,0.00000,109.8968,0.0021,0.000000,0.000000,0.0000,0.0000,0.0000,0.00,244.78,0.0682
000000,0.00000,110.0332,0.0021,0.000000,0.000000,0.0000,0.0000,0.0000,0.00,244.78,0.0682
000000,0.00000,110.1696,0.0021,0.000000,0.000000,0.0000,0.0000,0.0000,0.00,244.78,0.0682
000000,0.00000,110.3061,0.0021,0.000000,0.000000,0.0000,0.0000,0.0000,0.00,244.78,0.0682
000000,0.00000,110.4425,0.0021,0.000000,0.000000,0.0000,0.0000,0.0000,0.00,244.78,0.0682
000000,0.00000,110.5789,0.0021,0.000000,0.000000,0.0000,0.0000,0.0000,0.00,244.78,0.0682
000000,0.00000,110.7154,0.0021,0.000000,0.000000,0.0000,0.0000,0.0000,0.00,244.78,0.0682
000000,0.00000,110.8518,0.0021,0.000000,0.000000,0.0000,0.0000,0.0000,0.00,244.78,0.0682
000000,0.00000,110.9882,0.0021,0.000000,0.000000,0.0000,0.0000,0.0000,0.00,244.78,0.0682
000000,0.00000,111.1247,0.0021,0.000000,0.000000,0.0000,0.0000,0.0000,0.00,244.78,0.0682
000000,0.00000,111.2611,0.0021,0.000000,0.000000,0.0000,0.0000,0.0000,0.00,244.78,0.0682
000000,0.00000,111.3975,0.0021,0.000000,0.000000,0.0000,0.0000,0.0000,0.00,244.78,0.0682
000000,0.00000,111.5340,0.0021,0.000000,0.000000,0.0000,0.0000,0.0000,0.00,244.78,0.0682
000000,0.00000,111.6704,0.0021,0.000000,0.000000,0.0000,0.0000,0.0000,0.00,244.78,0.0682
000000,0.00000,111.8068,0.0021,0.000000,0.000000,0.0000,0.0000,0.0000,0.00,244.78,0.0682
000000,0.00000,111.9433,0.0021,0.000000,0.000000,0.0000,0.0000,0.0000,0.00,244.78,0.0682
000000,0.00000,112.0797,0.0021,0.000000,0.000000,0.0000,0.0000,0.0000,0.00,244.78,0.0682
000000,0.00000,112.2161,0.0021,0.000000,0.000000,0.0000,0.0000,0.0000,0.00,244.78,0.0682
000000,0.00000,112.3526,0.0021,0.000000,0.000000,0.0000,0.0000,0.0000,0.00,244.78,0.0682
000000,0.00000,112.4890,0.0021,0.000000,0.000000,0.0000,0.0000,0.0000,0.00,244.78,0.0682
000000,0.00000,112.6254,0.0021,0.000000,0.000000,0.0000,0.0000,0.0000,0.00,244.78,0.0682
000000,0.00000,112.7619,0.0021,0.000000,0.000000,0.0000,0.0000,0.0000,0.00,244.78,0.0682
000000,0.00000,112.8983,0.0021,0.000000,0.000000,0.0000,0.0000,0.0000,0.00,244.78,0.0682
000000,0.00000,113.0347,0.0021,0.000000,0.000000,0.0000,0.0000,0.0000,0.00,244.78,0.0682
000000,0.00000,113.1712,0.0021,0.000000,0.000000,0.0000,0.0000,0.0000,0.00,244.78,0.0682
000000,0.00000,113.3076,0.0021,0.000000,0.000000,0.0000,0.0000,0.0000,0.00,244.78,0.0682
000000,0.00000,113.4440,0.0021,0.000000,0.000000,0.0000,0.0000,0.0000,0.00,244.78,0.0682
000000,0.00000,113.5805,0.0021,0.000000,0.000000,0.0000,0.0000,0.0000,0.00,244.78,0.0682
000000,0.00000,113.7169,0.0021,0.000000,0.000000,0.0000,0.0000,0.0000,0.00,244.78,0.0682
000000,0.00000,113.8533,0.0021,0.000000,0.000000,0.0000,0.0000,0.0000,0.00,244.78,0.0682
000000,0.00000,113.9898,0.0021,0.000000,0.000000,0.0000,0.0000,0.0000,0.00,244.78,0.0682
000000,0.00000,114.1262,0.0021,0.000000,0.000000,0.0000,0.0000,0.0000,0.00,244.78,0.0682
000000,0.00000,114.2626,0.0021,0.000000,0.000000,0.0000,0.0000,0.0000,0.00,244.78,0.0682
000000,0.00000,114.3991,0.0021,0.000000,0.000000,0.0000,0.0000,0.0000,0.00,244.78,0.0682
000000,0.00000,114.5355,0.0021,0.000000,0.000000,0.0000,0.0000,0.0000,0.00,244.78,0.0682
000000,0.00000,114.6719,0.0021,0.000000,0.000000,0.0000,0.0000,0.0000,0.00,244.78,0.0682
000000,0.00000,114.8084,0.0021,0.000000,0.000000,0.0000,0.0000,0.0000,0.00,244.78,0.0682
000000,0.00000,114.9448,0.0021,0.000000,0.000000,0.0000,0.0000,0.0000,0.00,244.78,0.0682
000000,0.00000,115.0812,0.0021,0.000000,0.000000,0.0000,0.0000,0.0000,0.00,244.78,0.0682
000000,0.00000,115.2177,0.0021,0.000000,0.000000,0.0000,0.0000,0.0000,0.00,244.78,0.0682
000000,0.00000,115.3541,0.0021,0.000000,0.000000,0.0000,0.0000,0.0000,0.00,244.78,0.0682
000000,0.00000,115.4905,0.0021,0.000000,0.000000,0.0000,0.0000,0.0000,0.00,244.78,0.0682
000000,0.00000,115.6270,0.0021,0.000000,0.000000,0.0000,0.0000,0.0000,0.00,244.78,0.0682
000000,0.00000,115.7634,0.0021,0.000000,0.000000,0.0000,0.0000,0.0000,0.00,244.78,0.0682
000000,0.00000,115.8998,0.0021,0.000000,0.000000,0.0000,0.0000,0.0000,0.00,244.78,0.0682
000000,0.00000,116.0363,0.0021,0.000000,0.000000,0.0000,0.0000,0.0000,0.00,244.78,0.0682
000000,0.00000,116.1727,0.0021,0.000000,0.000000,0.0000,0.0000,0.0000,0.00,244.78,0.0682
000000,0.00000,116.3091,0.0021,0.000000,0.000000,0.0000,0.0000,0.0000,0.00,244.78,0.0682
000000,0.00000,116.4456,0.0021,0.000000,0.000000,0.0000,0.0000,0.0000,0.00,244.78,0.0682
000000,0.00000,116.5820,0.0021,0.000000,0.000000,0.0000,0.0000,0.0000,0.00,244.78,0.0682
000000,0.00000,116.7184,0.0021,0.000000,0.000000,0.0000,0.0000,0.0000,0.00,244.78,0.0682
000000,0.00000,116.8549,0.0021,0.000000,0.000000,0.0000,0.0000,0.0000,0.00,244.78,0.0682
000000,0.00000,116.9913,0.0021,0.000000,0.000000,0.0000,0.0000,0.0000,0.00,244.78,0.0682
000000,0.00000,117.1277,0.0021,0.000000,0.000000,0.0000,0.0000,0.0000,0.00,244.78,0.0682
000000,0.00000,117.2642,0.0021,0.000000,0.000000,0.0000,0.0000,0.0000,0.00,244.78,0.0682
000000,0.00000,117.4006,0.0021,0.000000,0.000000,0.0000,0.0000,0.0000,0.00,244.78,0.0682
000000,0.00000,117.5370,0.0021,0.000000,0.000000,0.0000,0.0000,0.0000,0.00,244.78,0.0682
000000,0.00000,117.6735,0.0021,0.000000,0.000000,0.0000,0.0000,0.0000,0.00,244.78,0.0682
000000,0.00000,117.8099,0.0021,0.000000,0.000000,0.0000,0.0000,0.0000,0.00,244.78,0.0682
000000,0.00000,117.9463,0.0021,0.000000,0.000000,0.0000,0.0000,0.0000,0.00,244.78,0.0682
000000,0.00000,118.0828,0.0021,0.000000,0.000000,0.0000,0.0000,0.0000,0.00,244.78,0.0682
000000,0.00000,118.2192,0.0021,0.000000,0.000000,0.0000,0.0000,0.0000,0.00,244.78,0.0682
000000,0.00000,118.3556,0.0021,0.000000,0.000000,0.0000,0.0000,0.0000,0.00,244.78,0.0682
000000,0.00000,118.4921,0.0021,0.000000,0.000000,0.0000,0.0000,0.0000,0.00,244.78,0.0682
000000,0.00000,118.6285,0.0021,0.000000,0.000000,0.0000,0.0000,0.0000,0.00,244.78,0.0682
000000,0.00000,118.7649,0.0021,0.000000,0.000000,0.0000,0.0000,0.0000,0.00,244.78,0.0682
000000,0.00000,118.9014,0.0021,0.000000,0.000000,0.0000,0.0000,0.0000,0.00,244.78,0.0682
000000,0.00000,119.0378,0.0021,0.000000,0.000000,0.0000,0.0000,0.0000,0.00,244.78,0.0682
000000,0.00000,119.1742,0.0021,0.000000,0.000000,0.0000,0.0000,0.0000,0.00,244.78,0.0682
000000,0.00000,119.3107,0.0021,0.000000,0.000000,0.0000,0.0000,0.0000,0.00,244.78,0.0682
000000,0.00000,119.4471,0.0021,0.000000,0.000000,0.0000,0.0000,0.0000,0.00,244.78,0.0682
000000,0.00000,119.5835,0.0021,0.000000,0.000000,0.0000,0.0000,0.0000,0.00,244.78,0.0682
000000,0.00000,119.7200,0.0021,0.000000,0.000000,0.0000,0.0000,0.0000,0.00,244.78,0.0682
000000,0.00000,119.8564,0.0021,0.000000,0.000000,0.0000,0.0000,0.0000,0.00,244.78,0.0682
000000,0.00000,119.9928,0.0021,0.000000,0.000000,0.0000,0.0000,0.0000,0.00,244.78,0.0682
000000,0.00000,120.1293,0.0021,0.000000,0.000000,0.0000,0.0000,0.0000,0.00,244.78,0.0682
000000,0.00000,120.2657,0.0021,0.000000,0.000000,0.0000,0.0000,0.0000,0.00,244.78,0.0682
000000,0.00000,120.4021,0.0021,0.000000,0.000000,0.0000,0.0000,0.0000,0.00,244.78,0.0682
000000,0.00000,120.5386,0.0021,0.000000,0.000000,0.0000,0.0000,0.0000,0.00,244.78,0.0682
000000,0.00000,120.6750,0.0021,0.000000,0.000000,0.0000,0.0000,0.0000,0.00,244.78,0.0682
000000,0.00000,120.8114,0.0021,0.000000,0.000000,0.0000,0.0000,0.0000,0.00,244.78,0.0682
000000,0.00000,120.9479,0.0021,0.000000,0.000000,0.0000,0.0000,0.0000,0.00,244.78,0.0682
000000,0.00000,121.0843,0.0021,0.000000,0.000000,0.0000,0.0000,0.0000,0.00,244.78,0.0682
000000,0.00000,121.2207,0.0021,0.000000,0.000000,0.0000,0.0000,0.0000,0.00,244.78,0.0682
000000,0.00000,121.3572,0.0021,0.000000,0.000000,0.0000,0.0000,0.0000,0.00,244.78,0.0682
000000,0.00000,121.4936,0.0021,0.000000,0.000000,0.0000,0.0000,0.0000,0.00,244.78,0.0682
000000,0.00000,121.6300,0.0021,0.000000,0.000000,0.0000,0.0000,0.0000,0.00,244.78,0.0682
000000,0.00000,121.7665,0.0021,0.000000,0.000000,0.0000,0.0000,0.0000,0.00,244.78,0.0682
000000,0.00000,121.9029,0.0021,0.000000,0.000000,0.0000,0.0000,0.0000,0.00,244.78,0.0682
000000,0.00000,122.0393,0.0021,0.000000,0.000000,0.0000,0.0000,0.0000,0.00,244.78,0.0682
000000,0.00000,122.1758,0.0021,0.000000,0.000000,0.0000,0.0000,0.0000,0.00,244.78,0.0682
000000,0.00000,122.3122,0.0021,0.000000,0.000000,0.0000,0.0000,0.0000,0.00,244.78,0.0682
000000,0.00000,122.4486,0.0021,0.000000,0.000000,0.0000,0.0000,0.0000,0.00,244.78,0.0682
000000,0.00000,122.5851,0.0021,0.000000,0.000000,0.0000,0.0000,0.0000,0.00,244.78,0.0682
000000,0.00000,122.7215,0.0021,0.000000,0.000000,0.0000,0.0000,0.0000,0.00,244.78,0.0682
000000,0.00000,122.8579,0.0021,0.000000,0.000000,0.0000,0.0000,0.0000,0.00,244.78,0.0682
000000,0.00000,122.9943,0.0021,0.000000,0.000000,0.0000,0.0000,0.0000,0.00,244.78,0.0682
000000,0.00000,123.1308,0.0021,0.000000,0.000000,0.0000,0.0000,0.0000,0.00,244.78,0.0682
000000,0.00000,123.2672,0.0021,0.000000,0.000000,0.0000,0.0000,0.0000,0.00,244.78,0.0682
000000,0.00000,123.4036,0.0021,0.000000,0.000000,0.0000,0.0000,0.0000,0.00,244.78,0.0682
000000,0.00000,123.5401,0.0021,0.000000,0.000000,0.0000,0.0000,0.0000,0.00,244.78,0.0682
000000,0.00000,123.6765,0.0021,0.000000,0.000000,0.0000,0.0000,0.0000,0.00,244.78,0.0682
000000,0.00000,123.8129,0.0021,0.000000,0.000000,0.0000,0.0000,0.0000,0.00,244.78,0.0682
000000,0.00000,123.9494,0.0021,0.000000,0.000000,0.0000,0.0000,0.0000,0.00,244.78,0.0682
000000,0.00000,124.0858,0.0021,0.000000,0.000000,0.0000,0.0000,0.0000,0.00,244.78,0.0682
000000,0.00000,124.2222,0.0021,0.000000,0.000000,0.0000,0.0000,0.0000,0.00,244.78,0.0682
000000,0.00000,124.3587,0.0021,0.000000,0.000000,0.0000,0.0000,0.0000,0.00,244.78,0.0682
000000,0.00000,124.4951,0.0021,0.000000,0.000000,0.0000,0.0000,0.0000,0.00,244.78,0.0682
000000,0.00000,124.6315,0.0021,0.000000,0.000000,0.0000,0.0000,0.0000,0.00,244.78,0.0682
000000,0.00000,124.7680,0.0021,0.000000,0.000000,0.0000,0.0000,0.0000,0.00,244.78,0.0682
000000,0.00000,124.9044,0.0021,0.000000,0.000000,0.0000,0.0000,0.0000,0.00,244.78,0.0682
000000,0.00000,125.0408,0.0021,0.000000,0.000000,0.0000,0.0000,0.0000,0.00,244.78,0.0682
000000,0.00000,125.1773,0.0021,0.000000,0.000000,0.0000,0.0000,0.0000,0.00,244.78,0.0682
000000,0.00000,125.3137,0.0021,0.000000,0.000000,0.0000,0.0000,0.0000,0.00,244.78,0.0682
000000,0.00000,125.4501,0.0021,0.000000,0.000000,0.0000,0.0000,0.0000,0.00,244.78,0.0682
000000,0.00000,125.5866,0.0021,0.000000,0.000000,0.0000,0.0000,0.0000,0.00,244.78,0.0682
000000,0.00000,125.7230,0.0021,0.000000,0.000000,0.0000,0.0000,0.0000,0.00,244.78,0.0682
000000,0.00000,125.8594,0.0021,0.000000,0.000000,0.0000,0.0000,0.0000,0.00,244.78,0.0682
000000,0.00000,125.9959,0.0021,0.000000,0.000000,0.0000,0.0000,0.0000,0.00,244.78,0.0682
000000,0.00000,126.1323,0.0021,0.000000,0.000000,0.0000,0.0000,0.0000,0.00,244.78,0.0682
000000,0.00000,126.2687,0.0021,0.000000,0.000000,0.0000,0.0000,0.0000,0.00,244.78,0.0682
000000,0.00000,126.4052,0.0021,0.000000,0.000000,0.0000,0.0000,0.0000,0.00,244.78,0.0682
000000,0.00000,126.5416,0.0021,0.000000,0.000000,0.0000,0.0000,0.0000,0.00,244.78,0.0682
000000,0.00000,126.6780,0.0021,0.000000,0.000000,0.0000,0.0000,0.0000,0.00,244.78,0.0682
000000,0.00000,126.8145,0.0021,0.000000,0.000000,0.0000,0.0000,0.0000,0.00,244.78,0.0682
000000,0.00000,126.9509,0.0021,0.000000,0.000000,0.0000,0.0000,0.0000,0.00,244.78,0.0682
000000,0.00000,127.0873,0.0021,0.000000,0.000000,0.0000,0.0000,0.0000,0.00,244.78,0.0682
000000,0.00000,127.2238,0.0021,0.000000,0.000000,0.0000,0.0000,0.0000,0.00,244.78,0.0682
000000,0.00000,127.3602,0.0021,0.000000,0.000000,0.0000,0.0000,0.0000,0.00,244.78,0.0682
000000,0.00000,127.4966,0.0021,0.000000,0.000000,0.0000,0.0000,0.0000,0.00,244.78,0.0682
000000,0.00000,127.6331,0.0021,0.000000,0.000000,0.0000,0.0000,0.0000,0.00,244.78,0.0682
000000,0.00000,127.7695,0.0021,0.000000,0.000000,0.0000,0.0000,0.0000,0.00,244.78,0.0682
000000,0.00000,127.9059,0.0021,0.000000,0.000000,0.0000,0.0000,0.0000,0.00,244.78,0.0682
000000,0.00000,128.0424,0.0021,0.000000,0.000000,0.0000,0.0000,0.0000,0.00,244.78,0.0682
000000,0.00000,128.1788,0.0021,0.000000,0.000000,0.0000,0.0000,0.0000,0.00,244.78,0.0682
000000,0.00000,128.3152,0.0021,0.000000,0.000000,0.0000,0.0000,0.0000,0.00,244.78,0.0682
000000,0.00000,128.4517,0.0021,0.000000,0.000000,0.0000,0.0000,0.0000,0.00,244.78,0.0682
000000,0.00000,128.5881,0.0021,0.000000,0.000000,0.0000,0.0000,0.0000,0.00,244.78,0.0682
000000,0.00000,128.7245,0.0021,0.000000,0.000000,0.0000,0.0000,0.0000,0.00,244.78,0.0682
000000,0.00000,128.8610,0.0021,0.000000,0.000000,0.0000,0.0000,0.0000,0.00,244.78,0.0682
000000,0.00000,128.9974,0.0021,0.000000,0.000000,0.0000,0.0000,0.0000,0.00,244.78,0.0682
000000,0.00000,129.1338,0.0021,0.000000,0.000000,0.0000,0.0000,0.0000,0.00,244.78,0.0682
000000,0.00000,129.2703,0.0021,0.000000,0.000000,0.0000,0.0000,0.0000,0.00,244.78,0.0682
000000,0.00000,129.4067,0.0021,0.000000,0.000000,0.0000,0.0000,0.0000,0.00,244.78,0.0682
000000,0.00000,129.5431,0.0021,0.000000,0.000000,0.0000,0.0000,0.0000,0.00,244.78,0.0682
000000,0.00000,129.6796,0.0021,0.000000,0.000000,0.0000,0.0000,0.0000,0.00,244.78,0.0682
000000,0.00000,129.8160,0.0021,0.000000,0.000000,0.0000,0.0000,0.0000,0.00,244.78,0.0682
000000,0.00000,129.9524,0.0021,0.000000,0.000000,0.0000,0.0000,0.0000,0.00,244.78,0.0682
000000,0.00000,130.0889,0.0021,0.000000,0.000000,0.0000,0.0000,0.0000,0.00,244.78,0.0682
000000,0.00000,130.2253,0.0021,0.000000,0.000000,0.0000,0.0000,0.0000,0.00,244.78,0.0682
000000,0.00000,130.3617,0.0021,0.000000,0.000000,0.0000,0.0000,0.0000,0.00,244.78,0.0682
000000,0.00000,130.4982,0.0021,0.000000,0.000000,0.0000,0.0000,0.0000,0.00,244.78,0.0682
000000,0.00000,130.6346,0.0021,0.000000,0.000000,0.0000,0.0000,0.0000,0.00,244.78,0.0682
000000,0.00000,130.7710,0.0021,0.000000,0.000000,0.0000,0.0000,0.0000,0.00,244.78,0.0682
000000,0.00000,130.9075,0.0021,0.000000,0.000000,0.0000,0.0000,0.0000,0.00,244.78,0.0682
000000,0.00000,131.0439,0.0021,0.000000,0.000000,0.0000,0.0000,0.0000,0.00,244.78,0.0682
000000,0.00000,131.1803,0.0021,0.000000,0.000000,0.0000,0.0000,0.0000,0.00,244.78,0.0682
000000,0.00000,131.3168,0.0021,0.000000,0.000000,0.0000,0.0000,0.0000,0.00,244.78,0.0682
000000,0.00000,131.4532,0.0021,0.000000,0.000000,0.0000,0.0000,0.0000,0.00,244.78,0.0682
000000,0.00000,131.5896,0.0021,0.000000,0.000000,0.0000,0.0000,0.0000,0.00,244.78,0.0682
000000,0.00000,131.7261,0.0021,0.000000,0.000000,0.0000,0.0000,0.0000,0.00,244.78,0.0682
000000,0.00000,131.8625,0.0021,0.000000,0.000000,0.0000,0.0000,0.0000,0.00,244.78,0.0682
000000,0.00000,131.9989,0.0021,0.000000,0.000000,0.0000,0.0000,0.0000,0.00,244.78,0.0682
000000,0.00000,132.1354,0.0021,0.000000,0.000000,0.0000,0.0000,0.0000,0.00,244.78,0.0682
000000,0.00000,132.2718,0.0021,0.000000,0.000000,0.0000,0.0000,0.0000,0.00,244.78,0.0682
000000,0.00000,132.4082,0.0021,0.000000,0.000000,0.0000,0.0000,0.0000,0.00,244.78,0.0682
000000,0.00000,132.5447,0.0021,0.000000,0.000000,0.0000,0.0000,0.0000,0.00,244.78,0.0682
000000,0.00000,132.6811,0.0021,0.000000,0.000000,0.0000,0.0000,0.0000,0.00,244.78,0.0682
000000,0.00000,132.8175,0.0021,0.000000,0.000000,0.0000,0.0000,0.0000,0.00,244.78,0.0682
000000,0.00000,132.9540,0.0021,0.000000,0.000000,0.0000,0.0000,0.0000,0.00,244.78,0.0682
000000,0.00000,133.0904,0.0021,0.000000,0.000000,0.0000,0.0000,0.0000,0.00,244.78,0.0682
000000,0.00000,133.2268,0.0021,0.000000,0.000000,0.0000,0.0000,0.0000,0.00,244.78,0.0682
000000,0.00000,133.3633,0.0021,0.000000,0.000000,0.0000,0.0000,0.0000,0.00,244.78,0.0682
000000,0.00000,133.4997,0.0021,0.000000,0.000000,0.0000,0.0000,0.0000,0.00,244.78,0.0682
000000,0.00000,133.6361,0.0021,0.000000,0.000000,0.0000,0.0000,0.0000,0.00,244.78,0.0682
000000,0.00000,133.7726,0.0021,0.000000,0.000000,0.0000,0.0000,0.0000,0.00,244.78,0.0682
000000,0.00000,133.9090,0.0021,0.000000,0.000000,0.0000,0.0000,0.0000,0.00,244.78,0.0682
000000,0.00000,134.0454,0.0021,0.000000,0.000000,0.0000,0.0000,0.0000,0.00,244.78,0.0682
000000,0.00000,134.1819,0.0021,0.000000,0.000000,0.0000,0.0000,0.0000,0.00,244.78,0.0682
000000,0.00000,134.3183,0.0021,0.000000,0.000000,0.0000,0.0000,0.0000,0.00,244.78,0.0682
000000,0.00000,134.4547,0.0021,0.000000,0.000000,0.0000,0.0000,0.0000,0.00,244.78,0.0682
000000,0.00000,134.5912,0.0021,0.000000,0.000000,0.0000,0.0000,0.0000,0.00,244.78,0.0682
000000,0.00000,134.7276,0.0021,0.000000,0.000000,0.0000,0.0000,0.0000,0.00,244.78,0.0682
000000,0.00000,134.8640,0.0021,0.000000,0.000000,0.0000,0.0000,0.0000,0.00,244.78,0.0682
000000,0.00000,135.0005,0.0021,0.000000,0.000000,0.0000,0.0000,0.0000,0.00,244.78,0.0682
000000,0.00000,135.1369,0.0021,0.000000,0.000000,0.0000,0.0000,0.0000,0.00,244.78,0.0682
000000,0.00000,135.2733,0.0021,0.000000,0.000000,0.0000,0.0000,0.0000,0.00,244.78,0.0682
000000,0.00000,135.4098,0.0021,0.000000,0.000000,0.0000,0.0000,0.0000,0.00,244.78,0.0682
000000,0.00000,135.5462,0.0021,0.000000,0.000000,0.0000,0.0000,0.0000,0.00,244.78,0.0682
000000,0.00000,135.6826,0.0021,0.000000,0.000000,0.0000,0.0000,0.0000,0.00,244.78,0.0682
000000,0.00000,135.8191,0.0021,0.000000,0.000000,0.0000,0.0000,0.0000,0.00,244.78,0.0682
000000,0.00000,135.9555,0.0021,0.000000,0.000000,0.0000,0.0000,0.0000,0.00,244.78,0.0682
000000,0.00000,136.0919,0.0021,0.000000,0.000000,0.0000,0.0000,0.0000,0.00,244.78,0.0682
000000,0.00000,136.2284,0.0021,0.000000,0.000000,0.0000,0.0000,0.0000,0.00,244.78,0.0682
000000,0.00000,136.3648,0.0021,0.000000,0.000000,0.0000,0.0000,0.0000,0.00,244.78,0.0682
000000,0.00000,136.5012,0.0021,0.000000,0.000000,0.0000,0.0000,0.0000,0.00,244.78,0.0682
000000,0.00000,136.6376,0.0021,0.000000,0.000000,0.0000,0.0000,0.0000,0.00,244.78,0.0682
000000,0.00000,136.7741,0.0021,0.000000,0.000000,0.0000,0.0000,0.0000,0.00,244.78,0.0682
000000,0.00000,136.9105,0.0021,0.000000,0.000000,0.0000,0.0000,0.0000,0.00,244.78,0.0682
000000,0.00000,137.0469,0.0021,0.000000,0.000000,0.0000,0.0000,0.0000,0.00,244.78,0.0682
000000,0.00000,137.1834,0.0021,0.000000,0.000000,0.0000,0.0000,0.0000,0.00,244.78,0.0682
000000,0.00000,137.3198,0.0021,0.000000,0.000000,0.0000,0.0000,0.0000,0.00,244.78,0.0682
000000,0.00000,137.4562,0.0021,0.000000,0.000000,0.0000,0.0000,0.0000,0.00,244.78,0.0682
000000,0.00000,137.5927,0.0021,0.000000,0.000000,0.0000,0.0000,0.0000,0.00,244.78,0.0682
000000,0.00000,137.7291,0.0021,0.000000,0.000000,0.0000,0.0000,0.0000,0.00,244.78,0.0682
000000,0.00000,137.8655,0.0021,0.000000,0.000000,0.0000,0.0000,0.0000,0.00,244.78,0.0682
000000,0.00000,138.0020,0.0021,0.000000,0.000000,0.0000,0.0000,0.0000,0.00,244.78,0.0682
000000,0.00000,138.1384,0.0021,0.000000,0.000000,0.0000,0.0000,0.0000,0.00,244.78,0.0682
000000,0.00000,138.2748,0.0021,0.000000,0.000000,0.0000,0.0000,0.0000,0.00,244.78,0.0682
000000,0.00000,138.4113,0.0021,0.000000,0.000000,0.0000,0.0000,0.0000,0.00,244.78,0.0682
000000,0.00000,138.5477,0.0021,0.000000,0.000000,0.0000,0.0000,0.0000,0.00,244.78,0.0682
000000,0.00000,138.6841,0.0021,0.000000,0.000000,0.0000,0.0000,0.0000,0.00,244.78,0.0682
000000,0.00000,138.8206,0.0021,0.000000,0.000000,0.0000,0.0000,0.0000,0.00,244.78,0.0682
000000,0.00000,138.9570,0.0021,0.000000,0.000000,0.0000,0.0000,0.0000,0.00,244.78,0.0682
000000,0.00000,139.0934,0.0021,0.000000,0.000000,0.0000,0.0000,0.0000,0.00,244.78,0.0682
000000,0.00000,139.2299,0.0021,0.000000,0.000000,0.0000,0.0000,0.0000,0.00,244.78,0.0682
000000,0.00000,139.3663,0.0021,0.000000,0.000000,0.0000,0.0000,0.0000,0.00,244.78,0.0682
000000,0.00000,139.5027,0.0021,0.000000,0.000000,0.0000,0.0000,0.0000,0.00,244.78,0.0682
000000,0.00000,139.6392,0.0021,0.000000,0.000000,0.0000,0.0000,0.0000,0.00,244.78,0.0682
000000,0.00000,139.7756,0.0021,0.000000,0.000000,0.0000,0.0000,0.0000,0.00,244.78,0.0682
000000,0.00000,139.9120,0.0021,0.000000,0.000000,0.0000,0.0000,0.0000,0.00,244.78,0.0682
000000,0.00000,140.0485,0.0021,0.000000,0.000000,0.0000,0.0000,0.0000,0.00,244.78,0.0682
000000,0.00000,140.1849,0.0021,0.000000,0.000000,0.0000,0.0000,0.0000,0.00,244.78,0.0682
000000,0.00000,140.3213,0.0021,0.000000,0.000000,0.0000,0.0000,0.0000,0.00,244.78,0.0682
000000,0.00000,140.4578,0.0021,0.000000,0.000000,0.0000,0.0000,0.0000,0.00,244.78,0.0682
000000,0.00000,140.5942,0.0021,0.000000,0.000000,0.0000,0.0000,0.0000,0.00,244.78,0.0682
000000,0.00000,140.7306,0.0021,0.000000,0.000000,0.0000,0.0000,0.0000,0.00,244.78,0.0682
000000,0.00000,140.8671,0.0021,0.000000,0.000000,0.0000,0.0000,0.0000,0.00,244.78,0.0682
000000,0.00000,141.0035,0.0021,0.000000,0.000000,0.0000,0.0000,0.0000,0.00,244.78,0.0682
000000,0.00000,141.1399,0.0021,0.000000,0.000000,0.0000,0.0000,0.0000,0.00,244.78,0.0682
000000,0.00000,141.2764,0.0021,0.000000,0.000000,0.0000,0.0000,0.0000,0.00,244.78,0.0682
000000,0.00000,141.4128,0.0021,0.000000,0.000000,0.0000,0.0000,0.0000,0.00,244.78,0.0682
000000,0.00000,141.5492,0.0021,0.000000,0.000000,0.0000,0.0000,0.0000,0.00,244.78,0.0682
000000,0.00000,141.6857,0.0021,0.000000,0.000000,0.0000,0.0000,0.0000,0.00,244.78,0.0682
000000,0.00000,141.8221,0.0021,0.000000,0.000000,0.0000,0.0000,0.0000,0.00,244.78,0.0682
000000,0.00000,141.9585,0.0021,0.000000,0.000000,0.0000,0.0000,0.0000,0.00,244.78,0.0682
000000,0.00000,142.0950,0.0021,0.000000,0.000000,0.0000,0.0000,0.0000,0.00,244.78,0.0682
000000,0.00000,142.2314,0.0021,0.000000,0.000000,0.0000,0.0000,0.0000,0.00,244.78,0.0682
000000,0.00000,142.3678,0.0021,0.000000,0.000000,0.0000,0.0000,0.0000,0.00,244.78,0.0682
000000,0.00000,142.5043,0.0021,0.000000,0.000000,0.0000,0.0000,0.0000,0.00,244.78,0.0682
000000,0.00000,142.6407,0.0021,0.000000,0.000000,0.0000,0.0000,0.0000,0.00,244.78,0.0682
000000,0.00000,142.7771,0.0021,0.000000,0.000000,0.0000,0.0000,0.0000,0.00,244.78,0.0682
000000,0.00000,142.9136,0.0021,0.000000,0.000000,0.0000,0.0000,0.0000,0.00,244.78,0.0682
000000,0.00000,143.0500,0.0021,0.000000,0.000000,0.0000,0.0000,0.0000,0.00,244.78,0.0682
000000,0.00000,143.1864,0.0021,0.000000,0.000000,0.0000,0.0000,0.0000,0.00,244.78,0.0682
000000,0.00000,143.3229,0.0021,0.000000,0.000000,0.0000,0.0000,0.0000,0.00,244.78,0.0682
000000,0.00000,143.4593,0.0021,0.000000,0.000000,0.0000,0.0000,0.0000,0.00,244.78,0.0682
000000,0.00000,143.5957,0.0021,0.000000,0.000000,0.0000,0.0000,0.0000,0.00,244.78,0.0682
000000,0.00000,143.7322,0.0021,0.000000,0.000000,0.0000,0.0000,0.0000,0.00,244.78,0.0682
000000,0.00000,143.8686,0.0021,0.000000,0.000000,0.0000,0.0000,0.0000,0.00,244.78,0.0682
000000,0.00000,144.0050,0.0021,0.000000,0.000000,0.0000,0.0000,0.0000,0.00,244.78,0.0682
000000,0.00000,144.1415,0.0021,0.000000,0.000000,0.0000,0.0000,0.0000,0.00,244.78,0.0682
000000,0.00000,144.2779,0.0021,0.000000,0.000000,0.0000,0.0000,0.0000,0.00,244.78,0.0682
000000,0.00000,144.4143,0.0021,0.000000,0.000000,0.0000,0.0000,0.0000,0.00,244.78,0.0682
000000,0.00000,144.5508,0.0021,0.000000,0.000000,0.0000,0.0000,0.0000,0.00,244.78,0.0682
000000,0.00000,144.6872,0.0021,0.000000,0.000000,0.0000,0.0000,0.0000,0.00,244.78,0.0682
000000,0.00000,144.8236,0.0021,0.000000,0.000000,0.0000,0.0000,0.0000,0.00,244.78,0.0682
000000,0.00000,144.9601,0.0021,0.000000,0.000000,0.0000,0.0000,0.0000,0.00,244.78,0.0682
000000,0.00000,145.0965,0.0021,0.000000,0.000000,0.0000,0.0000,0.0000,0.00,244.78,0.0682
000000,0.00000,145.2329,0.0021,0.000000,0.000000,0.0000,0.0000,0.0000,0.00,244.78,0.0682
000000,0.00000,145.3694,0.0021,0.000000,0.000000,0.0000,0.0000,0.0000,0.00,244.78,0.0682
000000,0.00000,145.5058,0.0021,0.000000,0.000000,0.0000,0.0000,0.0000,0.00,244.78,0.0682
000000,0.00000,145.6422,0.0021,0.000000,0.000000,0.0000,0.0000,0.0000,0.00,244.78,0.0682
000000,0.00000,145.7787,0.0021,0.000000,0.000000,0.0000,0.0000,0.0000,0.00,244.78,0.0682
000000,0.00000,145.9151,0.0021,0.000000,0.000000,0.0000,0.0000,0.0000,0.00,244.78,0.0682
000000,0.00000,146.0515,0.0021,0.000000,0.000000,0.0000,0.0000,0.0000,0.00,244.78,0.0682
000000,0.00000,146.1880,0.0021,0.000000,0.000000,0.0000,0.0000,0.0000,0.00,244.78,0.0682
000000,0.00000,146.3244,0.0021,0.000000,0.000000,0.0000,0.0000,0.0000,0.00,244.78,0.0682
000000,0.00000,146.4608,0.0021,0.000000,0.000000,0.0000,0.0000,0.0000,0.00,244.78,0.0682
000000,0.00000,146.5973,0.0021,0.000000,0.000000,0.0000,0.0000,0.0000,0.00,244.78,0.0682
000000,0.00000,146.7337,0.0021,0.000000,0.000000,0.0000,0.0000,0.0000,0.00,244.78,0.0682
000000,0.00000,146.8701,0.0021,0.000000,0.000000,0.0000,0.0000,0.0000,0.00,244.78,0.0682
000000,0.00000,147.0066,0.0021,0.000000,0.000000,0.0000,0.0000,0.0000,0.00,244.78,0.0682
000000,0.00000,147.1430,0.0021,0.000000,0.000000,0.0000,0.0000,0.0000,0.00,244.78,0.0682
000000,0.00000,147.2794,0.0021,0.000000,0.000000,0.0000,0.0000,0.0000,0.00,244.78,0.0682
000000,0.00000,147.4159,0.0021,0.000000,0.000000,0.0000,0.0000,0.0000,0.00,244.78,0.0682
000000,0.00000,147.5523,0.0021,0.000000,0.000000,0.0000,0.0000,0.0000,0.00,244.78,0.0682
000000,0.00000,147.6887,0.0021,0.000000,0.000000,0.0000,0.0000,0.0000,0.00,244.78,0.0682
000000,0.00000,147.8252,0.0021,0.000000,0.000000,0.0000,0.0000,0.0000,0.00,244.78,0.0682
000000,0.00000,147.9616,0.0021,0.000000,0.000000,0.0000,0.0000,0.0000,0.00,244.78,0.0682
000000,0.00000,148.0980,0.0021,0.000000,0.000000,0.0000,0.0000,0.0000,0.00,244.78,0.0682
000000,0.00000,148.2345,0.0021,0.000000,0.000000,0.0000,0.0000,0.0000,0.00,244.78,0.0682
000000,0.00000,148.3709,0.0021,0.000000,0.000000,0.0000,0.0000,0.0000,0.00,244.78,0.0682
000000,0.00000,148.5073,0.0021,0.000000,0.000000,0.0000,0.0000,0.0000,0.00,244.78,0.0682
000000,0.00000,148.6438,0.0021,0.000000,0.000000,0.0000,0.0000,0.0000,0.00,244.78,0.0682
000000,0.00000,148.7802,0.0021,0.000000,0.000000,0.0000,0.0000,0.0000,0.00,244.78,0.0682
000000,0.00000,148.9166,0.0021,0.000000,0.000000,0.0000,0.0000,0.0000,0.00,244.78,0.0682
000000,0.00000,149.0531,0.0021,0.000000,0.000000,0.0000,0.0000,0.0000,0.00,244.78,0.0682
000000,0.00000,149.1895,0.0021,0.000000,0.000000,0.0000,0.0000,0.0000,0.00,244.78,0.0682
000000,0.00000,149.3259,0.0021,0.000000,0.000000,0.0000,0.0000,0.0000,0.00,244.78,0.0682
000000,0.00000,149.4624,0.0021,0.000000,0.000000,0.0000,0.0000,0.0000,0.00,244.78,0.0682
000000,0.00000,149.5988,0.0021,0.000000,0.000000,0.0000,0.0000,0.0000,0.00,244.78,0.0682
000000,0.00000,149.7352,0.0021,0.000000,0.000000,0.0000,0.0000,0.0000,0.00,244.78,0.0682
000000,0.00000,149.8717,0.0021,0.000000,0.000000,0.0000,0.0000,0.0000,0.00,244.78,0.0682
000000,0.00000,150.0081,0.0021,0.000000,0.000000,0.0000,0.0000,0.0000,0.00,244.78,0.0682
000000,0.00000,150.1445,0.0021,0.000000,0.000000,0.0000,0.0000,0.0000,0.00,244.78,0.0682
000000,0.00000,150.2809,0.0021,0.000000,0.000000,0.0000,0.0000,0.0000,0.00,244.78,0.0682
000000,0.00000,150.4174,0.0021,0.000000,0.000000,0.0000,0.0000,0.0000,0.00,244.78,0.0682
000000,0.00000,150.5538,0.0021,0.000000,0.000000,0.0000,0.0000,0.0000,0.00,244.78,0.0682
000000,0.00000,150.6902,0.0021,0.000000,0.000000,0.0000,0.0000,0.0000,0.00,244.78,0.0682
000000,0.00000,150.8267,0.0021,0.000000,0.000000,0.0000,0.0000,0.0000,0.00,244.78,0.0682
000000,0.00000,150.9631,0.0021,0.000000,0.000000,0.0000,0.0000,0.0000,0.00,244.78,0.0682
000000,0.00000,151.0995,0.0021,0.000000,0.000000,0.0000,0.0000,0.0000,0.00,244.78,0.0682
000000,0.00000,151.2360,0.0021,0.000000,0.000000,0.0000,0.0000,0.0000,0.00,244.78,0.0682
000000,0.00000,151.3724,0.0021,0.000000,0.000000,0.0000,0.0000,0.0000,0.00,244.78,0.0682
000000,0.00000,151.5088,0.0021,0.000000,0.000000,0.0000,0.0000,0.0000,0.00,244.78,0.0682
000000,0.00000,151.6453,0.0021,0.000000,0.000000,0.0000,0.0000,0.0000,0.00,244.78,0.0682
000000,0.00000,151.7817,0.0021,0.000000,0.000000,0.0000,0.0000,0.0000,0.00,244.78,0.0682
000000,0.00000,151.9181,0.0021,0.000000,0.000000,0.0000,0.0000,0.0000,0.00,244.78,0.0682
000000,0.00000,152.0546,0.0021,0.000000,0.000000,0.0000,0.0000,0.0000,0.00,244.78,0.0682
000000,0.00000,152.1910,0.0021,0.000000,0.000000,0.0000,0.0000,0.0000,0.00,244.78,0.0682
000000,0.00000,152.3274,0.0021,0.000000,0.000000,0.0000,0.0000,0.0000,0.00,244.78,0.0682
000000,0.00000,152.4639,0.0021,0.000000,0.000000,0.0000,0.0000,0.0000,0.00,244.78,0.0682
000000,0.00000,152.6003,0.0021,0.000000,0.000000,0.0000,0.0000,0.0000,0.00,244.78,0.0682
000000,0.00000,152.7367,0.0021,0.000000,0.000000,0.0000,0.0000,0.0000,0.00,244.78,0.0682
000000,0.00000,152.8732,0.0021,0.000000,0.000000,0.0000,0.0000,0.0000,0.00,244.78,0.0682
000000,0.00000,153.0096,0.0021,0.000000,0.000000,0.0000,0.0000,0.0000,0.00,244.78,0.0682
000000,0.00000,153.1460,0.0021,0.000000,0.000000,0.0000,0.0000,0.0000,0.00,244.78,0.0682
000000,0.00000,153.2825,0.0021,0.000000,0.000000,0.0000,0.0000,0.0000,0.00,244.78,0.0682
000000,0.00000,153.4189,0.0021,0.000000,0.000000,0.0000,0.0000,0.0000,0.00,244.78,0.0682
000000,0.00000,153.5553,0.0021,0.000000,0.000000,0.0000,0.0000,0.0000,0.00,244.78,0.0682
000000,0.00000,153.6918,0.0021,0.000000,0.000000,0.0000,0.0000,0.0000,0.00,244.78,0.0682
000000,0.00000,153.8282,0.0021,0.000000,0.000000,0.0000,0.0000,0.0000,0.00,244.78,0.0682
000000,0.00000,153.9646,0.0021,0.000000,0.000000,0.0000,0.0000,0.0000,0.00,244.78,0.0682
000000,0.00000,154.1011,0.0021,0.000000,0.000000,0.0000,0.0000,0.0000,0.00,244.78,0.0682
000000,0.00000,154.2375,0.0021,0.000000,0.000000,0.0000,0.0000,0.0000,0.00,244.78,0.0682
000000,0.00000,154.3739,0.0021,0.000000,0.000000,0.0000,0.0000,0.0000,0.00,244.78,0.0682
000000,0.00000,154.5104,0.0021,0.000000,0.000000,0.0000,0.0000,0.0000,0.00,244.78,0.0682
000000,0.00000,154.6468,0.0021,0.000000,0.000000,0.0000,0.0000,0.0000,0.00,244.78,0.0682
000000,0.00000,154.7832,0.0021,0.000000,0.000000,0.0000,0.0000,0.0000,0.00,244.78,0.0682
000000,0.00000,154.9197,0.0021,0.000000,0.000000,0.0000,0.0000,0.0000,0.00,244.78,0.0682
000000,0.00000,155.0561,0.0021,0.000000,0.000000,0.0000,0.0000,0.0000,0.00,244.78,0.0682
000000,0.00000,155.1925,0.0021,0.000000,0.000000,0.0000,0.0000,0.0000,0.00,244.78,0.0682
000000,0.00000,155.3290,0.0021,0.000000,0.000000,0.0000,0.0000,0.0000,0.00,244.78,0.0682
000000,0.00000,155.4654,0.0021,0.000000,0.000000,0.0000,0.0000,0.0000,0.00,244.78,0.0682
000000,0.00000,155.6018,0.0021,0.000000,0.000000,0.0000,0.0000,0.0000,0.00,244.78,0.0682
000000,0.00000,155.7383,0.0021,0.000000,0.000000,0.0000,0.0000,0.0000,0.00,244.78,0.0682
000000,0.00000,155.8747,0.0021,0.000000,0.000000,0.0000,0.0000,0.0000,0.00,244.78,0.0682
000000,0.00000,156.0111,0.0021,0.000000,0.000000,0.0000,0.0000,0.0000,0.00,244.78,0.0682
000000,0.00000,156.1476,0.0021,0.000000,0.000000,0.0000,0.0000,0.0000,0.00,244.78,0.0682
000000,0.00000,156.2840,0.0021,0.000000,0.000000,0.0000,0.0000,0.0000,0.00,244.78,0.0682
000000,0.00000,156.4204,0.0021,0.000000,0.000000,0.0000,0.0000,0.0000,0.00,244.78,0.0682
000000,0.00000,156.5569,0.0021,0.000000,0.000000,0.0000,0.0000,0.0000,0.00,244.78,0.0682
000000,0.00000,156.6933,0.0021,0.000000,0.000000,0.0000,0.0000,0.0000,0.00,244.78,0.0682
000000,0.00000,156.8297,0.0021,0.000000,0.000000,0.0000,0.0000,0.0000,0.00,244.78,0.0682
000000,0.00000,156.9662,0.0021,0.000000,0.000000,0.0000,0.0000,0.0000,0.00,244.78,0.0682
000000,0.00000,157.1026,0.0021,0.000000,0.000000,0.0000,0.0000,0.0000,0.00,244.78,0.0682
000000,0.00000,157.2390,0.0021,0.000000,0.000000,0.0000,0.0000,0.0000,0.00,244.78,0.0682
000000,0.00000,157.3755,0.0021,0.000000,0.000000,0.0000,0.0000,0.0000,0.00,244.78,0.0682
000000,0.00000,157.5119,0.0021,0.000000,0.000000,0.0000,0.0000,0.0000,0.00,244.78,0.0682
000000,0.00000,157.6483,0.0021,0.000000,0.000000,0.0000,0.0000,0.0000,0.00,244.78,0.0682
000000,0.00000,157.7848,0.0021,0.000000,0.000000,0.0000,0.0000,0.0000,0.00,244.78,0.0682
000000,0.00000,157.9212,0.0021,0.000000,0.000000,0.0000,0.0000,0.0000,0.00,244.78,0.0682
000000,0.00000,158.0576,0.0021,0.000000,0.000000,0.0000,0.0000,0.0000,0.00,244.78,0.0682
000000,0.00000,158.1941,0.0021,0.000000,0.000000,0.0000,0.0000,0.0000,0.00,244.78,0.0682
000000,0.00000,158.3305,0.0021,0.000000,0.000000,0.0000,0.0000,0.0000,0.00,244.78,0.0682
000000,0.00000,158.4669,0.0021,0.000000,0.000000,0.0000,0.0000,0.0000,0.00,244.78,0.0682
000000,0.00000,158.6034,0.0021,0.000000,0.000000,0.0000,0.0000,0.0000,0.00,244.78,0.0682
000000,0.00000,158.7398,0.0021,0.000000,0.000000,0.0000,0.0000,0.0000,0.00,244.78,0.0682
000000,0.00000,158.8762,0.0021,0.000000,0.000000,0.0000,0.0000,0.0000,0.00,244.78,0.0682
000000,0.00000,159.0127,0.0021,0.000000,0.000000,0.0000,0.0000,0.0000,0.00,244.78,0.0682
000000,0.00000,159.1491,0.0021,0.000000,0.000000,0.0000,0.0000,0.0000,0.00,244.78,0.0682
000000,0.00000,159.2855,0.0021,0.000000,0.000000,0.0000,0.0000,0.0000,0.00,244.78,0.0682
000000,0.00000,159.4220,0.0021,0.000000,0.000000,0.0000,0.0000,0.0000,0.00,244.78,0.0682
000000,0.00000,159.5584,0.0021,0.000000,0.000000,0.0000,0.0000,0.0000,0.00,244.78,0.0682
000000,0.00000,159.6948,0.0021,0.000000,0.000000,0.0000,0.0000,0.0000,0.00,244.78,0.0682
000000,0.00000,159.8313,0.0021,0.000000,0.000000,0.0000,0.0000,0.0000,0.00,244.78,0.0682
000000,0.00000,159.9677,0.0021,0.000000,0.000000,0.0000,0.0000,0.0000,0.00,244.78,0.0682
000000,0.00000,160.1041,0.0021,0.000000,0.000000,0.0000,0.0000,0.0000,0.00,244.78,0.0682
000000,0.00000,160.2406,0.0021,0.000000,0.000000,0.0000,0.0000,0.0000,0.00,244.78,0.0682
000000,0.00000,160.3770,0.0021,0.000000,0.000000,0.0000,0.0000,0.0000,0.00,244.78,0.0682
000000,0.00000,160.5134,0.0021,0.000000,0.000000,0.0000,0.0000,0.0000,0.00,244.78,0.0682
000000,0.00000,160.6499,0.0021,0.000000,0.000000,0.0000,0.0000,0.0000,0.00,244.78,0.0682
000000,0.00000,160.7863,0.0021,0.000000,0.000000,0.0000,0.0000,0.0000,0.00,244.78,0.0682
000000,0.00000,160.9227,0.0021,0.000000,0.000000,0.0000,0.0000,0.0000,0.00,244.78,0.0682
000000,0.00000,161.0592,0.0021,0.000000,0.000000,0.0000,0.0000,0.0000,0.00,244.78,0.0682
000000,0.00000,161.1956,0.0021,0.000000,0.000000,0.0000,0.0000,0.0000,0.00,244.78,0.0682
000000,0.00000,161.3320,0.0021,0.000000,0.000000,0.0000,0.0000,0.0000,0.00,244.78,0.0682
000000,0.00000,161.4685,0.0021,0.000000,0.000000,0.0000,0.0000,0.0000,0.00,244.78,0.0682
000000,0.00000,161.6049,0.0021,0.000000,0.000000,0.0000,0.0000,0.0000,0.00,244.78,0.0682
000000,0.00000,161.7413,0.0021,0.000000,0.000000,0.0000,0.0000,0.0000,0.00,244.78,0.0682
000000,0.00000,161.8778,0.0021,0.000000,0.000000,0.0000,0.0000,0.0000,0.00,244.78,0.0682
000000,0.00000,162.0142,0.0021,0.000000,0.000000,0.0000,0.0000,0.0000,0.00,244.78,0.0682
000000,0.00000,162.1506,0.0021,0.000000,0.000000,0.0000,0.0000,0.0000,0.00,244.78,0.0682
000000,0.00000,162.2871,0.0021,0.000000,0.000000,0.0000,0.0000,0.0000,0.00,244.78,0.0682
000000,0.00000,162.4235,0.0021,0.000000,0.000000,0.0000,0.0000,0.0000,0.00,244.78,0.0682
000000,0.00000,162.5599,0.0021,0.000000,0.000000,0.0000,0.0000,0.0000,0.00,244.78,0.0682
000000,0.00000,162.6964,0.0021,0.000000,0.000000,0.0000,0.0000,0.0000,0.00,244.78,0.0682
000000,0.00000,162.8328,0.0021,0.000000,0.000000,0.0000,0.0000,0.0000,0.00,244.78,0.0682
000000,0.00000,162.9692,0.0021,0.000000,0.000000,0.0000,0.0000,0.0000,0.00,244.78,0.0682
000000,0.00000,163.1057,0.0021,0.000000,0.000000,0.0000,0.0000,0.0000,0.00,244.78,0.0682
000000,0.00000,163.2421,0.0021,0.000000,0.000000,0.0000,0.0000,0.0000,0.00,244.78,0.0682
000000,0.00000,163.3785,0.0021,0.000000,0.000000,0.0000,0.0000,0.0000,0.00,244.78,0.0682
000000,0.00000,163.5150,0.0021,0.000000,0.000000,0.0000,0.0000,0.0000,0.00,244.78,0.0682
000000,0.00000,163.6514,0.0021,0.000000,0.000000,0.0000,0.0000,0.0000,0.00,244.78,0.0682
000000,0.00000,163.7878,0.0021,0.000000,0.000000,0.0000,0.0000,0.0000,0.00,244.78,0.0682
000000,0.00000,163.9242,0.0021,0.000000,0.000000,0.0000,0.0000,0.0000,0.00,244.78,0.0682
000000,0.00000,164.0607,0.0021,0.000000,0.000000,0.0000,0.0000,0.0000,0.00,244.78,0.0682
000000,0.00000,164.1971,0.0021,0.000000,0.000000,0.0000,0.0000,0.0000,0.00,244.78,0.0682
000000,0.00000,164.3335,0.0021,0.000000,0.000000,0.0000,0.0000,0.0000,0.00,244.78,0.0682
000000,0.00000,164.4700,0.0021,0.000000,0.000000,0.0000,0.0000,0.0000,0.00,244.78,0.0682
000000,0.00000,164.6064,0.0021,0.000000,0.000000,0.0000,0.0000,0.0000,0.00,244.78,0.0682
000000,0.00000,164.7428,0.0021,0.000000,0.000000,0.0000,0.0000,0.0000,0.00,244.78,0.0682
000000,0.00000,164.8793,0.0021,0.000000,0.000000,0.0000,0.0000,0.0000,0.00,244.78,0.0682
000000,0.00000,165.0157,0.0021,0.000000,0.000000,0.0000,0.0000,0.0000,0.00,244.78,0.0682
000000,0.00000,165.1521,0.0021,0.000000,0.000000,0.0000,0.0000,0.0000,0.00,244.78,0.0682
000000,0.00000,165.2886,0.0021,0.000000,0.000000,0.0000,0.0000,0.0000,0.00,244.78,0.0682
000000,0.00000,165.4250,0.0021,0.000000,0.000000,0.0000,0.0000,0.0000,0.00,244.78,0.0682
000000,0.00000,165.5614,0.0021,0.000000,0.000000,0.0000,0.0000,0.0000,0.00,244.78,0.0682
000000,0.00000,165.6979,0.0021,0.000000,0.000000,0.0000,0.0000,0.0000,0.00,244.78,0.0682
000000,0.00000,165.8343,0.0021,0.000000,0.000000,0.0000,0.0000,0.0000,0.00,244.78,0.0682
000000,0.00000,165.9707,0.0021,0.000000,0.000000,0.0000,0.0000,0.0000,0.00,244.78,0.0682
000000,0.00000,166.1072,0.0021,0.000000,0.000000,0.0000,0.0000,0.0000,0.00,244.78,0.0682
000000,0.00000,166.2436,0.0021,0.000000,0.000000,0.0000,0.0000,0.0000,0.00,244.78,0.0682
000000,0.00000,166.3800,0.0021,0.000000,0.000000,0.0000,0.0000,0.0000,0.00,244.78,0.0682
000000,0.00000,166.5165,0.0021,0.000000,0.000000,0.0000,0.0000,0.0000,0.00,244.78,0.0682
000000,0.00000,166.6529,0.0021,0.000000,0.000000,0.0000,0.0000,0.0000,0.00,244.78,0.0682
000000,0.00000,166.7893,0.0021,0.000000,0.000000,0.0000,0.0000,0.0000,0.00,244.78,0.0682
000000,0.00000,166.9258,0.0021,0.000000,0.000000,0.0000,0.0000,0.0000,0.00,244.78,0.0682
000000,0.00000,167.0622,0.0021,0.000000,0.000000,0.0000,0.0000,0.0000,0.00,244.78,0.0682
000000,0.00000,167.1986,0.0021,0.000000,0.000000,0.0000,0.0000,0.0000,0.00,244.78,0.0682
000000,0.00000,167.3351,0.0021,0.000000,0.000000,0.0000,0.0000,0.0000,0.00,244.78,0.0682
000000,0.00000,167.4715,0.0021,0.000000,0.000000,0.0000,0.0000,0.0000,0.00,244.78,0.0682
000000,0.00000,167.6079,0.0021,0.000000,0.000000,0.0000,0.0000,0.0000,0.00,244.78,0.0682
000000,0.00000,167.7444,0.0021,0.000000,0.000000,0.0000,0.0000,0.0000,0.00,244.78,0.0682
000000,0.00000,167.8808,0.0021,0.000000,0.000000,0.0000,0.0000,0.0000,0.00,244.78,0.0682
000000,0.00000,168.0172,0.0021,0.000000,0.000000,0.0000,0.0000,0.0000,0.00,244.78,0.0682
000000,0.00000,168.1537,0.0021,0.000000,0.000000,0.0000,0.0000,0.0000,0.00,244.78,0.0682
000000,0.00000,168.2901,0.0021,0.000000,0.000000,0.0000,0.0000,0.0000,0.00,244.78,0.0682
000000,0.00000,168.4265,0.0021,0.000000,0.000000,0.0000,0.0000,0.0000,0.00,244.78,0.0682
000000,0.00000,168.5630,0.0021,0.000000,0.000000,0.0000,0.0000,0.0000,0.00,244.78,0.0682
000000,0.00000,168.6994,0.0021,0.000000,0.000000,0.0000,0.0000,0.0000,0.00,244.78,0.0682
000000,0.00000,168.8358,0.0021,0.000000,0.000000,0.0000,0.0000,0.0000,0.00,244.78,0.0682
000000,0.00000,168.9723,0.0021,0.000000,0.000000,0.0000,0.0000,0.0000,0.00,244.78,0.0682
000000,0.00000,169.1087,0.0021,0.000000,0.000000,0.0000,0.0000,0.0000,0.00,244.78,0.0682
000000,0.00000,169.2451,0.0021,0.000000,0.000000,0.0000,0.0000,0.0000,0.00,244.78,0.0682
000000,0.00000,169.3816,0.0021,0.000000,0.000000,0.0000,0.0000,0.0000,0.00,244.78,0.0682
000000,0.00000,169.5180,0.0021,0.000000,0.000000,0.0000,0.0000,0.0000,0.00,244.78,0.0682
000000,0.00000,169.6544,0.0021,0.000000,0.000000,0.0000,0.0000,0.0000,0.00,244.78,0.0682
000000,0.00000,169.7909,0.0021,0.000000,0.000000,0.0000,0.0000,0.0000,0.00,244.78,0.0682
000000,0.00000,169.9273,0.0021,0.000000,0.000000,0.0000,0.0000,0.0000,0.00,244.78,0.0682
000000,0.00000,170.0637,0.0021,0.000000,0.000000,0.0000,0.0000,0.0000,0.00,244.78,0.0682
000000,0.00000,170.2002,0.0021,0.000000,0.000000,0.0000,0.0000,0.0000,0.00,244.78,0.0682
000000,0.00000,170.3366,0.0021,0.000000,0.000000,0.0000,0.0000,0.0000,0.00,244.78,0.0682
000000,0.00000,170.4730,0.0021,0.000000,0.000000,0.0000,0.0000,0.0000,0.00,244.78,0.0682
000000,0.00000,170.6095,0.0021,0.000000,0.000000,0.0000,0.0000,0.0000,0.00,244.78,0.0682
000000,0.00000,170.7459,0.0021,0.000000,0.000000,0.0000,0.0000,0.0000,0.00,244.78,0.0682
000000,0.00000,170.8823,0.0021,0.000000,0.000000,0.0000,0.0000,0.0000,0.00,244.78,0.0682
000000,0.00000,171.0188,0.0021,0.000000,0.000000,0.0000,0.0000,0.0000,0.00,244.78,0.0682
000000,0.00000,171.1552,0.0021,0.000000,0.000000,0.0000,0.0000,0.0000,0.00,244.78,0.0682
000000,0.00000,171.2916,0.0021,0.000000,0.000000,0.0000,0.0000,0.0000,0.00,244.78,0.0682
000000,0.00000,171.4281,0.0021,0.000000,0.000000,0.0000,0.0000,0.0000,0.00,244.78,0.0682
000000,0.00000,171.5645,0.0021,0.000000,0.000000,0.0000,0.0000,0.0000,0.00,244.78,0.0682
000000,0.00000,171.7009,0.0021,0.000000,0.000000,0.0000,0.0000,0.0000,0.00,244.78,0.0682
000000,0.00000,171.8374,0.0021,0.000000,0.000000,0.0000,0.0000,0.0000,0.00,244.78,0.0682
000000,0.00000,171.9738,0.0021,0.000000,0.000000,0.0000,0.0000,0.0000,0.00,244.78,0.0682
000000,0.00000,172.1102,0.0021,0.000000,0.000000,0.0000,0.0000,0.0000,0.00,244.78,0.0682
000000,0.00000,172.2467,0.0021,0.000000,0.000000,0.0000,0.0000,0.0000,0.00,244.78,0.0682
000000,0.00000,172.3831,0.0021,0.000000,0.000000,0.0000,0.0000,0.0000,0.00,244.78,0.0682
000000,0.00000,172.5195,0.0021,0.000000,0.000000,0.0000,0.0000,0.0000,0.00,244.78,0.0682
000000,0.00000,172.6560,0.0021,0.000000,0.000000,0.0000,0.0000,0.0000,0.00,244.78,0.0682
000000,0.00000,172.7924,0.0021,0.000000,0.000000,0.0000,0.0000,0.0000,0.00,244.78,0.0682
000000,0.00000,172.9288,0.0021,0.000000,0.000000,0.0000,0.0000,0.0000,0.00,244.78,0.0682
000000,0.00000,173.0653,0.0021,0.000000,0.000000,0.0000,0.0000,0.0000,0.00,244.78,0.0682
000000,0.00000,173.2017,0.0021,0.000000,0.000000,0.0000,0.0000,0.0000,0.00,244.78,0.0682
000000,0.00000,173.3381,0.0021,0.000000,0.000000,0.0000,0.0000,0.0000,0.00,244.78,0.0682
000000,0.00000,173.4746,0.0021,0.000000,0.000000,0.0000,0.0000,0.0000,0.00,244.78,0.0682
000000,0.00000,173.6110,0.0021,0.000000,0.000000,0.0000,0.0000,0.0000,0.00,244.78,0.0682
000000,0.00000,173.7474,0.0021,0.000000,0.000000,0.0000,0.0000,0.0000,0.00,244.78,0.0682
000000,0.00000,173.8839,0.0021,0.000000,0.000000,0.0000,0.0000,0.0000,0.00,244.78,0.0682
000000,0.00000,174.0203,0.0021,0.000000,0.000000,0.0000,0.0000,0.0000,0.00,244.78,0.0682
000000,0.00000,174.1567,0.0021,0.000000,0.000000,0.0000,0.0000,0.0000,0.00,244.78,0.0682
000000,0.00000,174.2932,0.0021,0.000000,0.000000,0.0000,0.0000,0.0000,0.00,244.78,0.0682
000000,0.00000,174.4296,0.0021,0.000000,0.000000,0.0000,0.0000,0.0000,0.00,244.78,0.0682
000000,0.00000,174.5660,0.0021,0.000000,0.000000,0.0000,0.0000,0.0000,0.00,244.78,0.0682
000000,0.00000,174.7025,0.0021,0.000000,0.000000,0.0000,0.0000,0.0000,0.00,244.78,0.0682
000000,0.00000,174.8389,0.0021,0.000000,0.000000,0.0000,0.0000,0.0000,0.00,244.78,0.0682
000000,0.00000,174.9753,0.0021,0.000000,0.000000,0.0000,0.0000,0.0000,0.00,244.78,0.0682
000000,0.00000,175.1118,0.0021,0.000000,0.000000,0.0000,0.0000,0.0000,0.00,244.78,0.0682
000000,0.00000,175.2482,0.0021,0.000000,0.000000,0.0000,0.0000,0.0000,0.00,244.78,0.0682
000000,0.00000,175.3846,0.0021,0.000000,0.000000,0.0000,0.0000,0.0000,0.00,244.78,0.0682
000000,0.00000,175.5211,0.0021,0.000000,0.000000,0.0000,0.0000,0.0000,0.00,244.78,0.0682
000000,0.00000,175.6575,0.0021,0.000000,0.000000,0.0000,0.0000,0.0000,0.00,244.78,0.0682
000000,0.00000,175.7939,0.0021,0.000000,0.000000,0.0000,0.0000,0.0000,0.00,244.78,0.0682
000000,0.00000,175.9304,0.0021,0.000000,0.000000,0.0000,0.0000,0.0000,0.00,244.78,0.0682
000000,0.00000,176.0668,0.0021,0.000000,0.000000,0.0000,0.0000,0.0000,0.00,244.78,0.0682
000000,0.00000,176.2032,0.0021,0.000000,0.000000,0.0000,0.0000,0.0000,0.00,244.78,0.0682
000000,0.00000,176.3397,0.0021,0.000000,0.000000,0.0000,0.0000,0.0000,0.00,244.78,0.0682
000000,0.00000,176.4761,0.0021,0.000000,0.000000,0.0000,0.0000,0.0000,0.00,244.78,0.0682
000000,0.00000,176.6125,0.0021,0.000000,0.000000,0.0000,0.0000,0.0000,0.00,244.78,0.0682
000000,0.00000,176.7490,0.0021,0.000000,0.000000,0.0000,0.0000,0.0000,0.00,244.78,0.0682
000000,0.00000,176.8854,0.0021,0.000000,0.000000,0.0000,0.0000,0.0000,0.00,244.78,0.0682
000000,0.00000,177.0218,0.0021,0.000000,0.000000,0.0000,0.0000,0.0000,0.00,244.78,0.0682
000000,0.00000,177.1583,0.0021,0.000000,0.000000,0.0000,0.0000,0.0000,0.00,244.78,0.0682
000000,0.00000,177.2947,0.0021,0.000000,0.000000,0.0000,0.0000,0.0000,0.00,244.78,0.0682
000000,0.00000,177.4311,0.0021,0.000000,0.000000,0.0000,0.0000,0.0000,0.00,244.78,0.0682
000000,0.00000,177.5675,0.0021,0.000000,0.000000,0.0000,0.0000,0.0000,0.00,244.78,0.0682
000000,0.00000,177.7040,0.0021,0.000000,0.000000,0.0000,0.0000,0.0000,0.00,244.78,0.0682
000000,0.00000,177.8404,0.0021,0.000000,0.000000,0.0000,0.0000,0.0000,0.00,244.78,0.0682
000000,0.00000,177.9768,0.0021,0.000000,0.000000,0.0000,0.0000,0.0000,0.00,244.78,0.0682
000000,0.00000,178.1133,0.0021,0.000000,0.000000,0.0000,0.0000,0.0000,0.00,244.78,0.0682
000000,0.00000,178.2497,0.0021,0.000000,0.000000,0.0000,0.0000,0.0000,0.00,244.78,0.0682
000000,0.00000,178.3861,0.0021,0.000000,0.000000,0.0000,0.0000,0.0000,0.00,244.78,0.0682
000000,0.00000,178.5226,0.0021,0.000000,0.000000,0.0000,0.0000,0.0000,0.00,244.78,0.0682
000000,0.00000,178.6590,0.0021,0.000000,0.000000,0.0000,0.0000,0.0000,0.00,244.78,0.0682
000000,0.00000,178.7954,0.0021,0.000000,0.000000,0.0000,0.0000,0.0000,0.00,244.78,0.0682
000000,0.00000,178.9319,0.0021,0.000000,0.000000,0.0000,0.0000,0.0000,0.00,244.78,0.0682
000000,0.00000,179.0683,0.0021,0.000000,0.000000,0.0000,0.0000,0.0000,0.00,244.78,0.0682
000000,0.00000,179.2047,0.0021,0.000000,0.000000,0.0000,0.0000,0.0000,0.00,244.78,0.0682
000000,0.00000,179.3412,0.0021,0.000000,0.000000,0.0000,0.0000,0.0000,0.00,244.78,0.0682
000000,0.00000,179.4776,0.0021,0.000000,0.000000,0.0000,0.0000,0.0000,0.00,244.78,0.0682
000000,0.00000,179.6140,0.0021,0.000000,0.000000,0.0000,0.0000,0.0000,0.00,244.78,0.0682
000000,0.00000,179.7505,0.0021,0.000000,0.000000,0.0000,0.0000,0.0000,0.00,244.78,0.0682
000000,0.00000,179.8869,0.0021,0.000000,0.000000,0.0000,0.0000,0.0000,0.00,244.78,0.0682
000000,0.00000,180.0233,0.0021,0.000000,0.000000,0.0000,0.0000,0.0000,0.00,244.78,0.0682
000000,0.00000,180.1598,0.0021,0.000000,0.000000,0.0000,0.0000,0.0000,0.00,244.78,0.0682
000000,0.00000,180.2962,0.0021,0.000000,0.000000,0.0000,0.0000,0.0000,0.00,244.78,0.0682
000000,0.00000,180.4326,0.0021,0.000000,0.000000,0.0000,0.0000,0.0000,0.00,244.78,0.0682
000000,0.00000,180.5691,0.0021,0.000000,0.000000,0.0000,0.0000,0.0000,0.00,244.78,0.0682
000000,0.00000,180.7055,0.0021,0.000000,0.000000,0.0000,0.0000,0.0000,0.00,244.78,0.0682
000000,0.00000,180.8419,0.0021,0.000000,0.000000,0.0000,0.0000,0.0000,0.00,244.78,0.0682
000000,0.00000,180.9784,0.0021,0.000000,0.000000,0.0000,0.0000,0.0000,0.00,244.78,0.0682
000000,0.00000,181.1148,0.0021,0.000000,0.000000,0.0000,0.0000,0.0000,0.00,244.78,0.0682
000000,0.00000,181.2512,0.0021,0.000000,0.000000,0.0000,0.0000,0.0000,0.00,244.78,0.0682
000000,0.00000,181.3877,0.0021,0.000000,0.000000,0.0000,0.0000,0.0000,0.00,244.78,0.0682
000000,0.00000,181.5241,0.0021,0.000000,0.000000,0.0000,0.0000,0.0000,0.00,244.78,0.0682
000000,0.00000,181.6605,0.0021,0.000000,0.000000,0.0000,0.0000,0.0000,0.00,244.78,0.0682
000000,0.00000,181.7970,0.0021,0.000000,0.000000,0.0000,0.0000,0.0000,0.00,244.78,0.0682
000000,0.00000,181.9334,0.0021,0.000000,0.000000,0.0000,0.0000,0.0000,0.00,244.78,0.0682
000000,0.00000,182.0698,0.0021,0.000000,0.000000,0.0000,0.0000,0.0000,0.00,244.78,0.0682
000000,0.00000,182.2063,0.0021,0.000000,0.000000,0.0000,0.0000,0.0000,0.00,244.78,0.0682
000000,0.00000,182.3427,0.0021,0.000000,0.000000,0.0000,0.0000,0.0000,0.00,244.78,0.0682
000000,0.00000,182.4791,0.0021,0.000000,0.000000,0.0000,0.0000,0.0000,0.00,244.78,0.0682
000000,0.00000,182.6156,0.0021,0.000000,0.000000,0.0000,0.0000,0.0000,0.00,244.78,0.0682
000000,0.00000,182.7520,0.0021,0.000000,0.000000,0.0000,0.0000,0.0000,0.00,244.78,0.0682
000000,0.00000,182.8884,0.0021,0.000000,0.000000,0.0000,0.0000,0.0000,0.00,244.78,0.0682
000000,0.00000,183.0249,0.0021,0.000000,0.000000,0.0000,0.0000,0.0000,0.00,244.78,0.0682
000000,0.00000,183.1613,0.0021,0.000000,0.000000,0.0000,0.0000,0.0000,0.00,244.78,0.0682
000000,0.00000,183.2977,0.0021,0.000000,0.000000,0.0000,0.0000,0.0000,0.00,244.78,0.0682
000000,0.00000,183.4342,0.0021,0.000000,0.000000,0.0000,0.0000,0.0000,0.00,244.78,0.0682
000000,0.00000,183.5706,0.0021,0.000000,0.000000,0.0000,0.0000,0.0000,0.00,244.78,0.0682
000000,0.00000,183.7070,0.0021,0.000000,0.000000,0.0000,0.0000,0.0000,0.00,244.78,0.0682
000000,0.00000,183.8435,0.0021,0.000000,0.000000,0.0000,0.0000,0.0000,0.00,244.78,0.0682
000000,0.00000,183.9799,0.0021,0.000000,0.000000,0.0000,0.0000,0.0000,0.00,244.78,0.0682
000000,0.00000,184.1163,0.0021,0.000000,0.000000,0.0000,0.0000,0.0000,0.00,244.78,0.0682
000000,0.00000,184.2528,0.0021,0.000000,0.000000,0.0000,0.0000,0.0000,0.00,244.78,0.0682
000000,0.00000,184.3892,0.0021,0.000000,0.000000,0.0000,0.0000,0.0000,0.00,244.78,0.0682
000000,0.00000,184.5256,0.0021,0.000000,0.000000,0.0000,0.0000,0.0000,0.00,244.78,0.0682
000000,0.00000,184.6621,0.0021,0.000000,0.000000,0.0000,0.0000,0.0000,0.00,244.78,0.0682
000000,0.00000,184.7985,0.0021,0.000000,0.000000,0.0000,0.0000,0.0000,0.00,244.78,0.0682
000000,0.00000,184.9349,0.0021,0.000000,0.000000,0.0000,0.0000,0.0000,0.00,244.78,0.0682
000000,0.00000,185.0714,0.0021,0.000000,0.000000,0.0000,0.0000,0.0000,0.00,244.78,0.0682
000000,0.00000,185.2078,0.0021,0.000000,0.000000,0.0000,0.0000,0.0000,0.00,244.78,0.0682
000000,0.00000,185.3442,0.0021,0.000000,0.000000,0.0000,0.0000,0.0000,0.00,244.78,0.0682
000000,0.00000,185.4807,0.0021,0.000000,0.000000,0.0000,0.0000,0.0000,0.00,244.78,0.0682
000000,0.00000,185.6171,0.0021,0.000000,0.000000,0.0000,0.0000,0.0000,0.00,244.78,0.0682
000000,0.00000,185.7535,0.0021,0.000000,0.000000,0.0000,0.0000,0.0000,0.00,244.78,0.0682
000000,0.00000,185.8900,0.0021,0.000000,0.000000,0.0000,0.0000,0.0000,0.00,244.78,0.0682
000000,0.00000,186.0264,0.0021,0.000000,0.000000,0.0000,0.0000,0.0000,0.00,244.78,0.0682
000000,0.00000,186.1628,0.0021,0.000000,0.000000,0.0000,0.0000,0.0000,0.00,244.78,0.0682
000000,0.00000,186.2993,0.0021,0.000000,0.000000,0.0000,0.0000,0.0000,0.00,244.78,0.0682
000000,0.00000,186.4357,0.0021,0.000000,0.000000,0.0000,0.0000,0.0000,0.00,244.78,0.0682
000000,0.00000,186.5721,0.0021,0.000000,0.000000,0.0000,0.0000,0.0000,0.00,244.78,0.0682
000000,0.00000,186.7086,0.0021,0.000000,0.000000,0.0000,0.0000,0.0000,0.00,244.78,0.0682
000000,0.00000,186.8450,0.0021,0.000000,0.000000,0.0000,0.0000,0.0000,0.00,244.78,0.0682
000000,0.00000,186.9814,0.0021,0.000000,0.000000,0.0000,0.0000,0.0000,0.00,244.78,0.0682
000000,0.00000,187.1179,0.0021,0.000000,0.000000,0.0000,0.0000,0.0000,0.00,244.78,0.0682
000000,0.00000,187.2543,0.0021,0.000000,0.000000,0.0000,0.0000,0.0000,0.00,244.78,0.0682
000000,0.00000,187.3907,0.0021,0.000000,0.000000,0.0000,0.0000,0.0000,0.00,244.78,0.0682
000000,0.00000,187.5272,0.0021,0.000000,0.000000,0.0000,0.0000,0.0000,0.00,244.78,0.0682
000000,0.00000,187.6636,0.0021,0.000000,0.000000,0.0000,0.0000,0.0000,0.00,244.78,0.0682
000000,0.00000,187.8000,0.0021,0.000000,0.000000,0.0000,0.0000,0.0000,0.00,244.78,0.0682
000000,0.00000,187.9365,0.0021,0.000000,0.000000,0.0000,0.0000,0.0000,0.00,244.78,0.0682
000000,0.00000,188.0729,0.0021,0.000000,0.000000,0.0000,0.0000,0.0000,0.00,244.78,0.0682
000000,0.00000,188.2093,0.0021,0.000000,0.000000,0.0000,0.0000,0.0000,0.00,244.78,0.0682
000000,0.00000,188.3458,0.0021,0.000000,0.000000,0.0000,0.0000,0.0000,0.00,244.78,0.0682
000000,0.00000,188.4822,0.0021,0.000000,0.000000,0.0000,0.0000,0.0000,0.00,244.78,0.0682
000000,0.00000,188.6186,0.0021,0.000000,0.000000,0.0000,0.0000,0.0000,0.00,244.78,0.0682
000000,0.00000,188.7551,0.0021,0.000000,0.000000,0.0000,0.0000,0.0000,0.00,244.78,0.0682
000000,0.00000,188.8915,0.0021,0.000000,0.000000,0.0000,0.0000,0.0000,0.00,244.78,0.0682
000000,0.00000,189.0279,0.0021,0.000000,0.000000,0.0000,0.0000,0.0000,0.00,244.78,0.0682
000000,0.00000,189.1644,0.0021,0.000000,0.000000,0.0000,0.0000,0.0000,0.00,244.78,0.0682
000000,0.00000,189.3008,0.0021,0.000000,0.000000,0.0000,0.0000,0.0000,0.00,244.78,0.0682
000000,0.00000,189.4372,0.0021,0.000000,0.000000,0.0000,0.0000,0.0000,0.00,244.78,0.0682
000000,0.00000,189.5737,0.0021,0.000000,0.000000,0.0000,0.0000,0.0000,0.00,244.78,0.0682
000000,0.00000,189.7101,0.0021,0.000000,0.000000,0.0000,0.0000,0.0000,0.00,244.78,0.0682
000000,0.00000,189.8465,0.0021,0.000000,0.000000,0.0000,0.0000,0.0000,0.00,244.78,0.0682
000000,0.00000,189.9830,0.0021,0.000000,0.000000,0.0000,0.0000,0.0000,0.00,244.78,0.0682
000000,0.00000,190.1194,0.0021,0.000000,0.000000,0.0000,0.0000,0.0000,0.00,244.78,0.0682
000000,0.00000,190.2558,0.0021,0.000000,0.000000,0.0000,0.0000,0.0000,0.00,244.78,0.0682
000000,0.00000,190.3923,0.0021,0.000000,0.000000,0.0000,0.0000,0.0000,0.00,244.78,0.0682
000000,0.00000,190.5287,0.0021,0.000000,0.000000,0.0000,0.0000,0.0000,0.00,244.78,0.0682
000000,0.00000,190.6651,0.0021,0.000000,0.000000,0.0000,0.0000,0.0000,0.00,244.78,0.0682
000000,0.00000,190.8016,0.0021,0.000000,0.000000,0.0000,0.0000,0.0000,0.00,244.78,0.0682
000000,0.00000,190.9380,0.0021,0.000000,0.000000,0.0000,0.0000,0.0000,0.00,244.78,0.0682
000000,0.00000,191.0744,0.0021,0.000000,0.000000,0.0000,0.0000,0.0000,0.00,244.78,0.0682
000000,0.00000,191.2108,0.0021,0.000000,0.000000,0.0000,0.0000,0.0000,0.00,244.78,0.0682
000000,0.00000,191.3473,0.0021,0.000000,0.000000,0.0000,0.0000,0.0000,0.00,244.78,0.0682
000000,0.00000,191.4837,0.0021,0.000000,0.000000,0.0000,0.0000,0.0000,0.00,244.78,0.0682
000000,0.00000,191.6201,0.0021,0.000000,0.000000,0.0000,0.0000,0.0000,0.00,244.78,0.0682
000000,0.00000,191.7566,0.0021,0.000000,0.000000,0.0000,0.0000,0.0000,0.00,244.78,0.0682
000000,0.00000,191.8930,0.0021,0.000000,0.000000,0.0000,0.0000,0.0000,0.00,244.78,0.0682
000000,0.00000,192.0294,0.0021,0.000000,0.000000,0.0000,0.0000,0.0000,0.00,244.78,0.0682
000000,0.00000,192.1659,0.0021,0.000000,0.000000,0.0000,0.0000,0.0000,0.00,244.78,0.0682
000000,0.00000,192.3023,0.0021,0.000000,0.000000,0.0000,0.0000,0.0000,0.00,244.78,0.0682
000000,0.00000,192.4387,0.0021,0.000000,0.000000,0.0000,0.0000,0.0000,0.00,244.78,0.0682
000000,0.00000,192.5752,0.0021,0.000000,0.000000,0.0000,0.0000,0.0000,0.00,244.78,0.0682
000000,0.00000,192.7116,0.0021,0.000000,0.000000,0.0000,0.0000,0.0000,0.00,244.78,0.0682
000000,0.00000,192.8480,0.0021,0.000000,0.000000,0.0000,0.0000,0.0000,0.00,244.78,0.0682
000000,0.00000,192.9845,0.0021,0.000000,0.000000,0.0000,0.0000,0.0000,0.00,244.78,0.0682
000000,0.00000,193.1209,0.0021,0.000000,0.000000,0.0000,0.0000,0.0000,0.00,244.78,0.0682
000000,0.00000,193.2573,0.0021,0.000000,0.000000,0.0000,0.0000,0.0000,0.00,244.78,0.0682
000000,0.00000,193.3938,0.0021,0.000000,0.000000,0.0000,0.0000,0.0000,0.00,244.78,0.0682
000000,0.00000,193.5302,0.0021,0.000000,0.000000,0.0000,0.0000,0.0000,0.00,244.78,0.0682
000000,0.00000,193.6666,0.0021,0.000000,0.000000,0.0000,0.0000,0.0000,0.00,244.78,0.0682
000000,0.00000,193.8031,0.0021,0.000000,0.000000,0.0000,0.0000,0.0000,0.00,244.78,0.0682
000000,0.00000,193.9395,0.0021,0.000000,0.000000,0.0000,0.0000,0.0000,0.00,244.78,0.0682
000000,0.00000,194.0759,0.0021,0.000000,0.000000,0.0000,0.0000,0.0000,0.00,244.78,0.0682
000000,0.00000,194.2124,0.0021,0.000000,0.000000,0.0000,0.0000,0.0000,0.00,244.78,0.0682
000000,0.00000,194.3488,0.0021,0.000000,0.000000,0.0000,0.0000,0.0000,0.00,244.78,0.0682
000000,0.00000,194.4852,0.0021,0.000000,0.000000,0.0000,0.0000,0.0000,0.00,244.78,0.0682
000000,0.00000,194.6217,0.0021,0.000000,0.000000,0.0000,0.0000,0.0000,0.00,244.78,0.0682
000000,0.00000,194.7581,0.0021,0.000000,0.000000,0.0000,0.0000,0.0000,0.00,244.78,0.0682
000000,0.00000,194.8945,0.0021,0.000000,0.000000,0.0000,0.0000,0.0000,0.00,244.78,0.0682
000000,0.00000,195.0310,0.0021,0.000000,0.000000,0.0000,0.0000,0.0000,0.00,244.78,0.0682
000000,0.00000,195.1674,0.0021,0.000000,0.000000,0.0000,0.0000,0.0000,0.00,244.78,0.0682
000000,0.00000,195.3038,0.0021,0.000000,0.000000,0.0000,0.0000,0.0000,0.00,244.78,0.0682
000000,0.00000,195.4403,0.0021,0.000000,0.000000,0.0000,0.0000,0.0000,0.00,244.78,0.0682
000000,0.00000,195.5767,0.0021,0.000000,0.000000,0.0000,0.0000,0.0000,0.00,244.78,0.0682
000000,0.00000,195.7131,0.0021,0.000000,0.000000,0.0000,0.0000,0.0000,0.00,244.78,0.0682
000000,0.00000,195.8496,0.0021,0.000000,0.000000,0.0000,0.0000,0.0000,0.00,244.78,0.0682
000000,0.00000,195.9860,0.0021,0.000000,0.000000,0.0000,0.0000,0.0000,0.00,244.78,0.0682
000000,0.00000,196.1224,0.0021,0.000000,0.000000,0.0000,0.0000,0.0000,0.00,244.78,0.0682
000000,0.00000,196.2589,0.0021,0.000000,0.000000,0.0000,0.0000,0.0000,0.00,244.78,0.0682
000000,0.00000,196.3953,0.0021,0.000000,0.000000,0.0000,0.0000,0.0000,0.00,244.78,0.0682
000000,0.00000,196.5317,0.0021,0.000000,0.000000,0.0000,0.0000,0.0000,0.00,244.78,0.0682
000000,0.00000,196.6682,0.0021,0.000000,0.000000,0.0000,0.0000,0.0000,0.00,244.78,0.0682
000000,0.00000,196.8046,0.0021,0.000000,0.000000,0.0000,0.0000,0.0000,0.00,244.78,0.0682
000000,0.00000,196.9410,0.0021,0.000000,0.000000,0.0000,0.0000,0.0000,0.00,244.78,0.0682
000000,0.00000,197.0775,0.0021,0.000000,0.000000,0.0000,0.0000,0.0000,0.00,244.78,0.0682
000000,0.00000,197.2139,0.0021,0.000000,0.000000,0.0000,0.0000,0.0000,0.00,244.78,0.0682
000000,0.00000,197.3503,0.0021,0.000000,0.000000,0.0000,0.0000,0.0000,0.00,244.78,0.0682
000000,0.00000,197.4868,0.0021,0.000000,0.000000,0.0000,0.0000,0.0000,0.00,244.78,0.0682
000000,0.00000,197.6232,0.0021,0.000000,0.000000,0.0000,0.0000,0.0000,0.00,244.78,0.0682
000000,0.00000,197.7596,0.0021,0.000000,0.000000,0.0000,0.0000,0.0000,0.00,244.78,0.0682
000000,0.00000,197.8961,0.0021,0.000000,0.000000,0.0000,0.0000,0.0000,0.00,244.78,0.0682
000000,0.00000,198.0325,0.0021,0.000000,0.000000,0.0000,0.0000,0.0000,0.00,244.78,0.0682
000000,0.00000,198.1689,0.0021,0.000000,0.000000,0.0000,0.0000,0.0000,0.00,244.78,0.0682
000000,0.00000,198.3054,0.0021,0.000000,0.000000,0.0000,0.0000,0.0000,0.00,244.78,0.0682
000000,0.00000,198.4418,0.0021,0.000000,0.000000,0.0000,0.0000,0.0000,0.00,244.78,0.0682
000000,0.00000,198.5782,0.0021,0.000000,0.000000,0.0000,0.0000,0.0000,0.00,244.78,0.0682
000000,0.00000,198.7147,0.0021,0.000000,0.000000,0.0000,0.0000,0.0000,0.00,244.78,0.0682
000000,0.00000,198.8511,0.0021,0.000000,0.000000,0.0000,0.0000,0.0000,0.00,244.78,0.0682
000000,0.00000,198.9875,0.0021,0.000000,0.000000,0.0000,0.0000,0.0000,0.00,244.78,0.0682
000000,0.00000,199.1240,0.0021,0.000000,0.000000,0.0000,0.0000,0.0000,0.00,244.78,0.0682
000000,0.00000,199.2604,0.0021,0.000000,0.000000,0.0000,0.0000,0.0000,0.00,244.78,0.0682
000000,0.00000,199.3968,0.0021,0.000000,0.000000,0.0000,0.0000,0.0000,0.00,244.78,0.0682
000000,0.00000,199.5333,0.0021,0.000000,0.000000,0.0000,0.0000,0.0000,0.00,244.78,0.0682
000000,0.00000,199.6697,0.0021,0.000000,0.000000,0.0000,0.0000,0.0000,0.00,244.78,0.0682
000000,0.00000,199.8061,0.0021,0.000000,0.000000,0.0000,0.0000,0.0000,0.00,244.78,0.0682
000000,0.00000,199.9426,0.0021,0.000000,0.000000,0.0000,0.0000,0.0000,0.00,244.78,0.0682
000000,0.00000,200.0790,0.0021,0.000000,0.000000,0.0000,0.0000,0.0000,0.00,244.78,0.0682
000000,0.00000,200.2154,0.0021,0.000000,0.000000,0.0000,0.0000,0.0000,0.00,244.78,0.0682
000000,0.00000,200.3519,0.0021,0.000000,0.000000,0.0000,0.0000,0.0000,0.00,244.78,0.0682
000000,0.00000,200.4883,0.0021,0.000000,0.000000,0.0000,0.0000,0.0000,0.00,244.78,0.0682
000000,0.00000,200.6247,0.0021,0.000000,0.000000,0.0000,0.0000,0.0000,0.00,244.78,0.0682
000000,0.00000,200.7612,0.0021,0.000000,0.000000,0.0000,0.0000,0.0000,0.00,244.78,0.0682
000000,0.00000,200.8976,0.0021,0.000000,0.000000,0.0000,0.0000,0.0000,0.00,244.78,0.0682
000000,0.00000,201.0340,0.0021,0.000000,0.000000,0.0000,0.0000,0.0000,0.00,244.78,0.0682
000000,0.00000,201.1705,0.0021,0.000000,0.000000,0.0000,0.0000,0.0000,0.00,244.78,0.0682
000000,0.00000,201.3069,0.0021,0.000000,0.000000,0.0000,0.0000,0.0000,0.00,244.78,0.0682
000000,0.00000,201.4433,0.0021,0.000000,0.000000,0.0000,0.0000,0.0000,0.00,244.78,0.0682
000000,0.00000,201.5798,0.0021,0.000000,0.000000,0.0000,0.0000,0.0000,0.00,244.78,0.0682
000000,0.00000,201.7162,0.0021,0.000000,0.000000,0.0000,0.0000,0.0000,0.00,244.78,0.0682
000000,0.00000,201.8526,0.0021,0.000000,0.000000,0.0000,0.0000,0.0000,0.00,244.78,0.0682
000000,0.00000,201.9891,0.0021,0.000000,0.000000,0.0000,0.0000,0.0000,0.00,244.78,0.0682
000000,0.00000,202.1255,0.0021,0.000000,0.000000,0.0000,0.0000,0.0000,0.00,244.78,0.0682
000000,0.00000,202.2619,0.0021,0.000000,0.000000,0.0000,0.0000,0.0000,0.00,244.78,0.0682
000000,0.00000,202.3984,0.0021,0.000000,0.000000,0.0000,0.0000,0.0000,0.00,244.78,0.0682
000000,0.00000,202.5348,0.0021,0.000000,0.000000,0.0000,0.0000,0.0000,0.00,244.78,0.0682
000000,0.00000,202.6712,0.0021,0.000000,0.000000,0.0000,0.0000,0.0000,0.00,244.78,0.0682
000000,0.00000,202.8077,0.0021,0.000000,0.000000,0.0000,0.0000,0.0000,0.00,244.78,0.0682
000000,0.00000,202.9441,0.0021,0.000000,0.000000,0.0000,0.0000,0.0000,0.00,244.78,0.0682
000000,0.00000,203.0805,0.0021,0.000000,0.000000,0.0000,0.0000,0.0000,0.00,244.78,0.0682
000000,0.00000,203.2170,0.0021,0.000000,0.000000,0.0000,0.0000,0.0000,0.00,244.78,0.0682
000000,0.00000,203.3534,0.0021,0.000000,0.000000,0.0000,0.0000,0.0000,0.00,244.78,0.0682
000000,0.00000,203.4898,0.0021,0.000000,0.000000,0.0000,0.0000,0.0000,0.00,244.78,0.0682
000000,0.00000,203.6263,0.0021,0.000000,0.000000,0.0000,0.0000,0.0000,0.00,244.78,0.0682
000000,0.00000,203.7627,0.0021,0.000000,0.000000,0.0000,0.0000,0.0000,0.00,244.78,0.0682
000000,0.00000,203.8991,0.0021,0.000000,0.000000,0.0000,0.0000,0.0000,0.00,244.78,0.0682
000000,0.00000,204.0356,0.0021,0.000000,0.000000,0.0000,0.0000,0.0000,0.00,244.78,0.0682
000000,0.00000,204.1720,0.0021,0.000000,0.000000,0.0000,0.0000,0.0000,0.00,244.78,0.0682
000000,0.00000,204.3084,0.0021,0.000000,0.000000,0.0000,0.0000,0.0000,0.00,244.78,0.0682
000000,0.00000,204.4449,0.0021,0.000000,0.000000,0.0000,0.0000,0.0000,0.00,244.78,0.0682
000000,0.00000,204.5813,0.0021,0.000000,0.000000,0.0000,0.0000,0.0000,0.00,244.78,0.0682
000000,0.00000,204.7177,0.0021,0.000000,0.000000,0.0000,0.0000,0.0000,0.00,244.78,0.0682
000000,0.00000,204.8541,0.0021,0.000000,0.000000,0.0000,0.0000,0.0000,0.00,244.78,0.0682
000000,0.00000,204.9906,0.0021,0.000000,0.000000,0.0000,0.0000,0.0000,0.00,244.78,0.0682
000000,0.00000,205.1270,0.0021,0.000000,0.000000,0.0000,0.0000,0.0000,0.00,244.78,0.0682
000000,0.00000,205.2634,0.0021,0.000000,0.000000,0.0000,0.0000,0.0000,0.00,244.78,0.0682
000000,0.00000,205.3999,0.0021,0.000000,0.000000,0.0000,0.0000,0.0000,0.00,244.78,0.0682
000000,0.00000,205.5363,0.0021,0.000000,0.000000,0.0000,0.0000,0.0000,0.00,244.78,0.0682
000000,0.00000,205.6727,0.0021,0.000000,0.000000,0.0000,0.0000,0.0000,0.00,244.78,0.0682
000000,0.00000,205.8092,0.0021,0.000000,0.000000,0.0000,0.0000,0.0000,0.00,244.78,0.0682
000000,0.00000,205.9456,0.0021,0.000000,0.000000,0.0000,0.0000,0.0000,0.00,244.78,0.0682
000000,0.00000,206.0820,0.0021,0.000000,0.000000,0.0000,0.0000,0.0000,0.00,244.78,0.0682
000000,0.00000,206.2185,0.0021,0.000000,0.000000,0.0000,0.0000,0.0000,0.00,244.78,0.0682
000000,0.00000,206.3549,0.0021,0.000000,0.000000,0.0000,0.0000,0.0000,0.00,244.78,0.0682
000000,0.00000,206.4913,0.0021,0.000000,0.000000,0.0000,0.0000,0.0000,0.00,244.78,0.0682
000000,0.00000,206.6278,0.0021,0.000000,0.000000,0.0000,0.0000,0.0000,0.00,244.78,0.0682
000000,0.00000,206.7642,0.0021,0.000000,0.000000,0.0000,0.0000,0.0000,0.00,244.78,0.0682
000000,0.00000,206.9006,0.0021,0.000000,0.000000,0.0000,0.0000,0.0000,0.00,244.78,0.0682
000000,0.00000,207.0371,0.0021,0.000000,0.000000,0.0000,0.0000,0.0000,0.00,244.78,0.0682
000000,0.00000,207.1735,0.0021,0.000000,0.000000,0.0000,0.0000,0.0000,0.00,244.78,0.0682
000000,0.00000,207.3099,0.0021,0.000000,0.000000,0.0000,0.0000,0.0000,0.00,244.78,0.0682
000000,0.00000,207.4464,0.0021,0.000000,0.000000,0.0000,0.0000,0.0000,0.00,244.78,0.0682
000000,0.00000,207.5828,0.0021,0.000000,0.000000,0.0000,0.0000,0.0000,0.00,244.78,0.0682
000000,0.00000,207.7192,0.0021,0.000000,0.000000,0.0000,0.0000,0.0000,0.00,244.78,0.0682
000000,0.00000,207.8557,0.0021,0.000000,0.000000,0.0000,0.0000,0.0000,0.00,244.78,0.0682
000000,0.00000,207.9921,0.0021,0.000000,0.000000,0.0000,0.0000,0.0000,0.00,244.78,0.0682
000000,0.00000,208.1285,0.0021,0.000000,0.000000,0.0000,0.0000,0.0000,0.00,244.78,0.0682
000000,0.00000,208.2650,0.0021,0.000000,0.000000,0.0000,0.0000,0.0000,0.00,244.78,0.0682
000000,0.00000,208.4014,0.0021,0.000000,0.000000,0.0000,0.0000,0.0000,0.00,244.78,0.0682
000000,0.00000,208.5378,0.0021,0.000000,0.000000,0.0000,0.0000,0.0000,0.00,244.78,0.0682
000000,0.00000,208.6743,0.0021,0.000000,0.000000,0.0000,0.0000,0.0000,0.00,244.78,0.0682
000000,0.00000,208.8107,0.0021,0.000000,0.000000,0.0000,0.0000,0.0000,0.00,244.78,0.0682
000000,0.00000,208.9471,0.0021,0.000000,0.000000,0.0000,0.0000,0.0000,0.00,244.78,0.0682
000000,0.00000,209.0836,0.0021,0.000000,0.000000,0.0000,0.0000,0.0000,0.00,244.78,0.0682
000000,0.00000,209.2200,0.0021,0.000000,0.000000,0.0000,0.0000,0.0000,0.00,244.78,0.0682
000000,0.00000,209.3564,0.0021,0.000000,0.000000,0.0000,0.0000,0.0000,0.00,244.78,0.0682
000000,0.00000,209.4929,0.0021,0.000000,0.000000,0.0000,0.0000,0.0000,0.00,244.78,0.0682
000000,0.00000,209.6293,0.0021,0.000000,0.000000,0.0000,0.0000,0.0000,0.00,244.78,0.0682
000000,0.00000,209.7657,0.0021,0.000000,0.000000,0.0000,0.0000,0.0000,0.00,244.78,0.0682
000000,0.00000,209.9022,0.0021,0.000000,0.000000,0.0000,0.0000,0.0000,0.00,244.78,0.0682
000000,0.00000,210.0386,0.0021,0.000000,0.000000,0.0000,0.0000,0.0000,0.00,244.78,0.0682
000000,0.00000,210.1750,0.0021,0.000000,0.000000,0.0000,0.0000,0.0000,0.00,244.78,0.0682
000000,0.00000,210.3115,0.0021,0.000000,0.000000,0.0000,0.0000,0.0000,0.00,244.78,0.0682
000000,0.00000,210.4479,0.0021,0.000000,0.000000,0.0000,0.0000,0.0000,0.00,244.78,0.0682
000000,0.00000,210.5843,0.0021,0.000000,0.000000,0.0000,0.0000,0.0000,0.00,244.78,0.0682
000000,0.00000,210.7208,0.0021,0.000000,0.000000,0.0000,0.0000,0.0000,0.00,244.78,0.0682
000000,0.00000,210.8572,0.0021,0.000000,0.000000,0.0000,0.0000,0.0000,0.00,244.78,0.0682
000000,0.00000,210.9936,0.0021,0.000000,0.000000,0.0000,0.0000,0.0000,0.00,244.78,0.0682
000000,0.00000,211.1301,0.0021,0.000000,0.000000,0.0000,0.0000,0.0000,0.00,244.78,0.0682
000000,0.00000,211.2665,0.0021,0.000000,0.000000,0.0000,0.0000,0.0000,0.00,244.78,0.0682
000000,0.00000,211.4029,0.0021,0.000000,0.000000,0.0000,0.0000,0.0000,0.00,244.78,0.0682
000000,0.00000,211.5394,0.0021,0.000000,0.000000,0.0000,0.0000,0.0000,0.00,244.78,0.0682
000000,0.00000,211.6758,0.0021,0.000000,0.000000,0.0000,0.0000,0.0000,0.00,244.78,0.0682
000000,0.00000,211.8122,0.0021,0.000000,0.000000,0.0000,0.0000,0.0000,0.00,244.78,0.0682
000000,0.00000,211.9487,0.0021,0.000000,0.000000,0.0000,0.0000,0.0000,0.00,244.78,0.0682
000000,0.00000,212.0851,0.0021,0.000000,0.000000,0.0000,0.0000,0.0000,0.00,244.78,0.0682
000000,0.00000,212.2215,0.0021,0.000000,0.000000,0.0000,0.0000,0.0000,0.00,244.78,0.0682
000000,0.00000,212.3580,0.0021,0.000000,0.000000,0.0000,0.0000,0.0000,0.00,244.78,0.0682
000000,0.00000,212.4944,0.0021,0.000000,0.000000,0.0000,0.0000,0.0000,0.00,244.78,0.0682
000000,0.00000,212.6308,0.0021,0.000000,0.000000,0.0000,0.0000,0.0000,0.00,244.78,0.0682
000000,0.00000,212.7673,0.0021,0.000000,0.000000,0.0000,0.0000,0.0000,0.00,244.78,0.0682
000000,0.00000,212.9037,0.0021,0.000000,0.000000,0.0000,0.0000,0.0000,0.00,244.78,0.0682
000000,0.00000,213.0401,0.0021,0.000000,0.000000,0.0000,0.0000,0.0000,0.00,244.78,0.0682
000000,0.00000,213.1766,0.0021,0.000000,0.000000,0.0000,0.0000,0.0000,0.00,244.78,0.0682
000000,0.00000,213.3130,0.0021,0.000000,0.000000,0.0000,0.0000,0.0000,0.00,244.78,0.0682
000000,0.00000,213.4494,0.0021,0.000000,0.000000,0.0000,0.0000,0.0000,0.00,244.78,0.0682
000000,0.00000,213.5859,0.0021,0.000000,0.000000,0.0000,0.0000,0.0000,0.00,244.78,0.0682
000000,0.00000,213.7223,0.0021,0.000000,0.000000,0.0000,0.0000,0.0000,0.00,244.78,0.0682
000000,0.00000,213.8587,0.0021,0.000000,0.000000,0.0000,0.0000,0.0000,0.00,244.78,0.0682
000000,0.00000,213.9952,0.0021,0.000000,0.000000,0.0000,0.0000,0.0000,0.00,244.78,0.0682
000000,0.00000,214.1316,0.0021,0.000000,0.000000,0.0000,0.0000,0.0000,0.00,244.78,0.0682
000000,0.00000,214.2680,0.0021,0.000000,0.000000,0.0000,0.0000,0.0000,0.00,244.78,0.0682
000000,0.00000,214.4045,0.0021,0.000000,0.000000,0.0000,0.0000,0.0000,0.00,244.78,0.0682
000000,0.00000,214.5409,0.0021,0.000000,0.000000,0.0000,0.0000,0.0000,0.00,244.78,0.0682
000000,0.00000,214.6773,0.0021,0.000000,0.000000,0.0000,0.0000,0.0000,0.00,244.78,0.0682
000000,0.00000,214.8138,0.0021,0.000000,0.000000,0.0000,0.0000,0.0000,0.00,244.78,0.0682
000000,0.00000,214.9502,0.0021,0.000000,0.000000,0.0000,0.0000,0.0000,0.00,244.78,0.0682
000000,0.00000,215.0866,0.0021,0.000000,0.000000,0.0000,0.0000,0.0000,0.00,244.78,0.0682
000000,0.00000,215.2231,0.0021,0.000000,0.000000,0.0000,0.0000,0.0000,0.00,244.78,0.0682
000000,0.00000,215.3595,0.0021,0.000000,0.000000,0.0000,0.0000,0.0000,0.00,244.78,0.0682
000000,0.00000,215.4959,0.0021,0.000000,0.000000,0.0000,0.0000,0.0000,0.00,244.78,0.0682
000000,0.00000,215.6324,0.0021,0.000000,0.000000,0.0000,0.0000,0.0000,0.00,244.78,0.0682
000000,0.00000,215.7688,0.0021,0.000000,0.000000,0.0000,0.0000,0.0000,0.00,244.78,0.0682
000000,0.00000,215.9052,0.0021,0.000000,0.000000,0.0000,0.0000,0.0000,0.00,244.78,0.0682
000000,0.00000,216.0417,0.0021,0.000000,0.000000,0.0000,0.0000,0.0000,0.00,244.78,0.0682
000000,0.00000,216.1781,0.0021,0.000000,0.000000,0.0000,0.0000,0.0000,0.00,244.78,0.0682
000000,0.00000,216.3145,0.0021,0.000000,0.000000,0.0000,0.0000,0.0000,0.00,244.78,0.0682
000000,0.00000,216.4510,0.0021,0.000000,0.000000,0.0000,0.0000,0.0000,0.00,244.78,0.0682
000000,0.00000,216.5874,0.0021,0.000000,0.000000,0.0000,0.0000,0.0000,0.00,244.78,0.0682
000000,0.00000,216.7238,0.0021,0.000000,0.000000,0.0000,0.0000,0.0000,0.00,244.78,0.0682
000000,0.00000,216.8603,0.0021,0.000000,0.000000,0.0000,0.0000,0.0000,0.00,244.78,0.0682
000000,0.00000,216.9967,0.0021,0.000000,0.000000,0.0000,0.0000,0.0000,0.00,244.78,0.0682
000000,0.00000,217.1331,0.0021,0.000000,0.000000,0.0000,0.0000,0.0000,0.00,244.78,0.0682
000000,0.00000,217.2696,0.0021,0.000000,0.000000,0.0000,0.0000,0.0000,0.00,244.78,0.0682
000000,0.00000,217.4060,0.0021,0.000000,0.000000,0.0000,0.0000,0.0000,0.00,244.78,0.0682
000000,0.00000,217.5424,0.0021,0.000000,0.000000,0.0000,0.0000,0.0000,0.00,244.78,0.0682
000000,0.00000,217.6789,0.0021,0.000000,0.000000,0.0000,0.0000,0.0000,0.00,244.78,0.0682
000000,0.00000,217.8153,0.0021,0.000000,0.000000,0.0000,0.0000,0.0000,0.00,244.78,0.0682
000000,0.00000,217.9517,0.0021,0.000000,0.000000,0.0000,0.0000,0.0000,0.00,244.78,0.0682
000000,0.00000,218.0882,0.0021,0.000000,0.000000,0.0000,0.0000,0.0000,0.00,244.78,0.0682
000000,0.00000,218.2246,0.0021,0.000000,0.000000,0.0000,0.0000,0.0000,0.00,244.78,0.0682
000000,0.00000,218.3610,0.0021,0.000000,0.000000,0.0000,0.0000,0.0000,0.00,244.78,0.0682
009999,0.00000,0.0682,0.0041,0.474652,0.011038,57.7775,2.4813,56.4609,362.51,253.80,0.9570
009999,0.00000,0.2046,0.0049,0.555827,0.020628,62.0346,5.7010,60.5026,361.99,263.94,0.8131
009999,0.00000,0.3411,0.0058,0.616617,0.028688,65.8474,9.4602,63.7984,361.53,274.25,0.7171
009999,0.00000,0.4775,0.0066,0.656833,0.035578,69.3254,13.4328,66.3377,361.12,283.48,0.6571
009999,0.00000,0.6139,0.0072,0.679413,0.041776,72.5396,17.2640,68.1576,360.72,290.62,0.6245
009999,0.00000,0.7504,0.0075,0.688213,0.047647,75.5392,20.6844,69.3625,360.35,295.24,0.6125
009999,0.00000,0.8868,0.0075,0.686799,0.053392,78.3605,23.5629,70.0980,359.99,297.53,0.6157
009999,0.00000,1.0232,0.0074,0.678056,0.059077,81.0303,25.8887,70.5114,359.64,298.13,0.6302
009999,0.00000,1.1597,0.0071,0.664193,0.064699,83.5697,27.7214,70.7244,359.32,297.88,0.6530
009999,0.00000,1.2961,0.0068,0.646880,0.070214,85.9954,29.1456,70.8226,359.01,297.21,0.6818
009999,0.00000,1.4325,0.0065,0.627376,0.075568,88.3203,30.2440,70.8595,358.71,296.34,0.7151
009999,0.00000,1.5690,0.0061,0.606635,0.080709,90.5555,31.0876,70.8648,358.43,295.41,0.7516
009999,0.00000,1.7054,0.0058,0.585383,0.085586,92.7092,31.7321,70.8544,358.16,294.49,0.7905
009999,0.00000,1.8418,0.0056,0.564183,0.090158,94.7880,32.2201,70.8367,357.90,293.62,0.8313
009999,0.00000,1.9783,0.0053,0.543474,0.094385,96.7954,32.5833,70.8161,357.64,292.83,0.8734
009999,0.00000,2.1147,0.0051,0.523598,0.098234,98.7327,32.8452,70.7949,357.39,292.09,0.9165
009999,0.00000,2.2511,0.0049,0.504812,0.101680,100.5984,33.0233,70.7742,357.15,291.40,0.9604
009999,0.00000,2.3876,0.0047,0.487289,0.104706,102.3883,33.1314,70.7540,356.91,290.74,1.0049
009999,0.00000,2.5240,0.0046,0.471126,0.107311,104.0960,33.1797,70.7337,356.67,290.10,1.0498
009999,0.00000,2.6604,0.0044,0.456335,0.109507,105.7142,33.1769,70.7128,356.44,289.46,1.0951
009999,0.00000,2.7969,0.0043,0.442857,0.111318,107.2351,33.1301,70.6907,356.21,288.82,1.1406
009999,0.00000,2.9333,0.0042,0.430572,0.112783,108.6520,33.0454,70.6675,355.98,288.16,1.1863
009999,0.00000,3.0697,0.0041,0.419310,0.113949,109.9599,32.9283,70.6430,355.76,287.48,1.2322
009999,0.00000,3.2062,0.0041,0.408879,0.114866,111.1563,32.7836,70.6176,355.54,286.79,1.2782
009999,0.00000,3.3426,0.0040,0.399075,0.115586,112.2415,32.6156,70.5917,355.32,286.07,1.3242
009999,0.00000,3.4790,0.0039,0.389710,0.116157,113.2182,32.4285,70.5656,355.10,285.35,1.3704
009999,0.00000,3.6155,0.0039,0.380614,0.116621,114.0920,32.2257,70.5395,354.88,284.61,1.4166
009999,0.00000,3.7519,0.0038,0.371654,0.117013,114.8695,32.0105,70.5139,354.66,283.86,1.4630
009999,0.00000,3.8883,0.0037,0.362734,0.117357,115.5586,31.7860,70.4884,354.45,283.11,1.5095
009999,0.00000,4.0248,0.0037,0.353792,0.117674,116.1683,31.5546,70.4630,354.23,282.35,1.5561
009999,0.00000,4.1612,0.0036,0.344801,0.117972,116.7071,31.3183,70.4376,354.02,281.61,1.6029
009999,0.00000,4.2976,0.0036,0.335759,0.118257,117.1836,31.0794,70.4121,353.80,280.86,1.6498
009999,0.00000,4.4341,0.0035,0.326687,0.118531,117.6056,30.8389,70.3859,353.58,280.13,1.6969
009999,0.00000,4.5705,0.0035,0.317614,0.118791,117.9801,30.5985,70.3590,353.36,279.41,1.7443
009999,0.00000,4.7069,0.0034,0.308579,0.119034,118.3136,30.3590,70.3313,353.15,278.71,1.7919
009999,0.00000,4.8434,0.0034,0.299622,0.119257,118.6117,30.1213,70.3026,352.93,278.02,1.8398
009999,0.00000,4.9798,0.0033,0.290777,0.119455,118.8788,29.8862,70.2728,352.71,277.35,1.8879
009999,0.00000,5.1162,0.0033,0.282079,0.119625,119.1193,29.6538,70.2423,352.49,276.70,1.9364
009999,0.00000,5.2527,0.0032,0.273552,0.119765,119.3362,29.4245,70.2112,352.27,276.07,1.9851
009999,0.00000,5.3891,0.0032,0.265218,0.119873,119.5325,29.1987,70.1798,352.05,275.47,2.0342
009999,0.00000,5.5255,0.0032,0.257092,0.119949,119.7107,28.9765,70.1483,351.84,274.88,2.0836
009999,0.00000,5.6620,0.0031,0.249185,0.119992,119.8723,28.7580,70.1170,351.62,274.32,2.1334
009999,0.00000,5.7984,0.0031,0.241503,0.120003,120.0193,28.5430,70.0863,351.41,273.77,2.1835
009999,0.00000,5.9348,0.0031,0.234049,0.119983,120.1531,28.3319,70.0562,351.19,273.25,2.2340
009999,0.00000,6.0713,0.0030,0.226825,0.119931,120.2748,28.1243,70.0267,350.98,272.76,2.2848
009999,0.00000,6.2077,0.0030,0.219830,0.119850,120.3855,27.9203,69.9979,350.77,272.28,2.3360
009999,0.00000,6.3441,0.0030,0.213063,0.119740,120.4859,27.7197,69.9698,350.56,271.82,2.3875
009999,0.00000,6.4806,0.0029,0.206519,0.119604,120.5772,27.5226,69.9422,350.34,271.39,2.4393
009999,0.00000,6.6170,0.0029,0.200197,0.119442,120.6596,27.3286,69.9151,350.14,270.97,2.4914
009999,0.00000,6.7534,0.0029,0.194091,0.119255,120.7339,27.1377,69.8881,349.93,270.58,2.5439
009999,0.00000,6.8899,0.0029,0.188197,0.119045,120.8009,26.9498,69.8613,349.72,270.20,2.5967
009999,0.00000,7.0263,0.0028,0.182510,0.118814,120.8608,26.7648,69.8345,349.52,269.84,2.6497
009999,0.00000,7.1627,0.0028,0.177025,0.118562,120.9142,26.5824,69.8073,349.31,269.50,2.7030
009999,0.00000,7.2992,0.0028,0.171737,0.118291,120.9613,26.4026,69.7800,349.11,269.17,2.7566
009999,0.00000,7.4356,0.0028,0.166641,0.118002,121.0028,26.2253,69.7522,348.90,268.86,2.8103
009999,0.00000,7.5720,0.0028,0.161731,0.117696,121.0387,26.0502,69.7239,348.70,268.56,2.8643
009999,0.00000,7.7085,0.0028,0.157003,0.117374,121.0697,25.8773,69.6952,348.50,268.27,2.9184
009999,0.00000,7.8449,0.0027,0.152450,0.117038,121.0957,25.7066,69.6658,348.30,268.00,2.9727
009999,0.00000,7.9813,0.0027,0.148067,0.116687,121.1172,25.5376,69.6359,348.10,267.74,3.0271
009999,0.00000,8.1178,0.0027,0.143849,0.116323,121.1346,25.3705,69.6057,347.90,267.49,3.0817
009999,0.00000,8.2542,0.0027,0.139791,0.115947,121.1477,25.2052,69.5750,347.71,267.25,3.1363
009999,0.00000,8.3906,0.0027,0.135887,0.115560,121.1572,25.0413,69.5441,347.51,267.02,3.1909
009999,0.00000,8.5271,0.0027,0.132131,0.115162,121.1629,24.8791,69.5132,347.31,266.80,3.2456
009999,0.00000,8.6635,0.0026,0.128520,0.114754,121.1654,24.7181,69.4822,347.12,266.58,3.3003
009999,0.00000,8.7999,0.0026,0.125048,0.114336,121.1646,24.5585,69.4514,346.93,266.37,3.3549
009999,0.00000,8.9364,0.0026,0.121709,0.113910,121.1608,24.4001,69.4209,346.73,266.17,3.4095
009999,0.00000,9.0728,0.0026,0.118500,0.113475,121.1541,24.2427,69.3908,346.54,265.97,3.4640
009999,0.00000,9.2092,0.0026,0.115414,0.113032,121.1448,24.0866,69.3613,346.35,265.77,3.5184
009999,0.00000,9.3457,0.0026,0.112449,0.112582,121.1329,23.9314,69.3324,346.16,265.58,3.5726
009999,0.00000,9.4821,0.0026,0.109598,0.112125,121.1186,23.7773,69.3041,345.97,265.39,3.6267
009999,0.00000,9.6185,0.0026,0.106858,0.111662,121.1020,23.6240,69.2766,345.78,265.20,3.6806
009999,0.00000,9.7550,0.0026,0.104224,0.111193,121.0831,23.4717,69.2497,345.59,265.01,3.7343
009999,0.00000,9.8914,0.0026,0.101692,0.110719,121.0623,23.3202,69.2236,345.41,264.82,3.7878
009999,0.00000,10.0278,0.0025,0.099258,0.110239,121.0397,23.1696,69.1984,345.22,264.63,3.8410
009999,0.00000,10.1643,0.0025,0.096918,0.109755,121.0150,23.0198,69.1737,345.03,264.45,3.8940
009999,0.00000,10.3007,0.0025,0.094668,0.109268,120.9885,22.8708,69.1498,344.85,264.26,3.9467
009999,0.00000,10.4371,0.0025,0.092503,0.108777,120.9606,22.7227,69.1266,344.67,264.07,3.9990
009999,0.00000,10.5736,0.0025,0.090421,0.108283,120.9308,22.5756,69.1040,344.49,263.87,4.0511
009999,0.00000,10.7100,0.0025,0.088418,0.107787,120.8995,22.4293,69.0820,344.30,263.68,4.1029
009999,0.00000,10.8464,0.0025,0.086489,0.107289,120.8668,22.2841,69.0603,344.12,263.48,4.1544
009999,0.00000,10.9829,0.0025,0.084633,0.106791,120.8327,22.1397,69.0392,343.94,263.29,4.2055
009999,0.00000,11.1193,0.0025,0.082845,0.106291,120.7971,21.9964,69.0183,343.77,263.09,4.2563
009999,0.00000,11.2557,0.0025,0.081122,0.105792,120.7602,21.8543,68.9979,343.59,262.89,4.3068
009999,0.00000,11.3922,0.0025,0.079461,0.105294,120.7219,21.7133,68.9774,343.41,262.68,4.3570
009999,0.00000,11.5286,0.0025,0.077859,0.104797,120.6825,21.5734,68.9571,343.24,262.48,4.4069
009999,0.00000,11.6650,0.0025,0.076313,0.104302,120.6417,21.4349,68.9369,343.06,262.27,4.4564
009999,0.00000,11.8015,0.0025,0.074821,0.103810,120.5997,21.2977,68.9165,342.89,262.06,4.5057
009999,0.00000,11.9379,0.0025,0.073380,0.103320,120.5566,21.1619,68.8962,342.71,261.86,4.5546
009999,0.00000,12.0743,0.0025,0.071987,0.102835,120.5122,21.0275,68.8756,342.54,261.65,4.6033
009999,0.00000,12.2108,0.0024,0.070640,0.102353,120.4668,20.8947,68.8550,342.37,261.44,4.6516
009999,0.00000,12.3472,0.0024,0.069337,0.101877,120.4202,20.7635,68.8343,342.19,261.23,4.6997
009999,0.00000,12.4836,0.0024,0.068076,0.101406,120.3726,20.6340,68.8133,342.02,261.02,4.7476
009999,0.00000,12.6201,0.0024,0.066855,0.100940,120.3238,20.5061,68.7922,341.85,260.81,4.7951
009999,0.00000,12.7565,0.0024,0.065671,0.100481,120.2741,20.3801,68.7711,341.68,260.61,4.8424
009999,0.00000,12.8929,0.0024,0.064525,0.100028,120.2234,20.2558,68.7498,341.51,260.40,4.8895
009999,0.00000,13.0294,0.0024,0.063413,0.099582,120.1717,20.1334,68.7284,341.34,260.19,4.9363
009999,0.00000,13.1658,0.0024,0.062335,0.099143,120.1191,20.0128,68.7071,341.18,259.99,4.9828
009999,0.00000,13.3022,0.0024,0.061290,0.098711,120.0656,19.8943,68.6858,341.01,259.79,5.0290
009999,0.00000,13.4387,0.0024,0.060276,0.098288,120.0112,19.7777,68.6645,340.84,259.59,5.0750
009999,0.00000,13.5751,0.0024,0.059292,0.097871,119.9560,19.6629,68.6435,340.67,259.39,5.1207
009999,0.00000,13.7115,0.0024,0.058338,0.097463,119.9000,19.5502,68.6225,340.51,259.20,5.1661
009999,0.00000,13.8479,0.0024,0.057413,0.097062,119.8431,19.4394,68.6018,340.34,259.01,5.2112
009999,0.00000,13.9844,0.0024,0.056517,0.096669,119.7856,19.3307,68.5813,340.18,258.82,5.2559
009999,0.00000,14.1208,0.0024,0.055648,0.096285,119.7272,19.2239,68.5611,340.02,258.63,5.3003
009999,0.00000,14.2572,0.0024,0.054806,0.095908,119.6681,19.1191,68.5411,339.85,258.44,5.3443
009999,0.00000,14.3937,0.0024,0.053990,0.095538,119.6083,19.0163,68.5214,339.69,258.26,5.3878
009999,0.00000,14.5301,0.0024,0.053201,0.095177,119.5476,18.9154,68.5019,339.53,258.08,5.4309
009999,0.00000,14.6665,0.0024,0.052437,0.094823,119.4864,18.8163,68.4828,339.37,257.90,5.4736
009999,0.00000,14.8030,0.0024,0.051699,0.094476,119.4245,18.7193,68.4640,339.21,257.73,5.5157
009999,0.00000,14.9394,0.0024,0.050987,0.094137,119.3618,18.6242,68.4453,339.05,257.56,5.5572
009999,0.00000,15.0758,0.0024,0.050299,0.093804,119.2985,18.5308,68.4270,338.89,257.39,5.5982
009999,0.00000,15.2123,0.0024,0.049636,0.093479,119.2345,18.4393,68.4090,338.73,257.22,5.6385
009999,0.00000,15.3487,0.0024,0.048997,0.093160,119.1698,18.3496,68.3913,338.57,257.06,5.6782
009999,0.00000,15.4851,0.0024,0.048383,0.092848,119.1045,18.2617,68.3739,338.42,256.89,5.7170
009999,0.00000,15.6216,0.0024,0.047792,0.092542,119.0386,18.1755,68.3568,338.26,256.73,5.7552
009999,0.00000,15.7580,0.0024,0.047226,0.092242,118.9719,18.0909,68.3398,338.10,256.57,5.7925
009999,0.00000,15.8944,0.0024,0.046683,0.091947,118.9046,18.0082,68.3233,337.95,256.42,5.8289
009999,0.00000,16.0309,0.0024,0.046164,0.091659,118.8366,17.9270,68.3071,337.79,256.26,5.8644
009999,0.00000,16.1673,0.0024,0.045667,0.091375,118.7680,17.8475,68.2911,337.64,256.11,5.8990
009999,0.00000,16.3037,0.0024,0.045194,0.091097,118.6987,17.7696,68.2754,337.49,255.95,5.9326
009999,0.00000,16.4402,0.0024,0.044744,0.090824,118.6289,17.6931,68.2603,337.33,255.80,5.9651
009999,0.00000,16.5766,0.0024,0.044317,0.090556,118.5583,17.6184,68.2453,337.18,255.65,5.9965
009999,0.00000,16.7130,0.0024,0.043913,0.090292,118.4872,17.5450,68.2308,337.03,255.51,6.0268
009999,0.00000,16.8495,0.0024,0.043530,0.090033,118.4153,17.4730,68.2166,336.88,255.36,6.0559
009999,0.00000,16.9859,0.0024,0.043171,0.089778,118.3428,17.4026,68.2030,336.73,255.21,6.0838
009999,0.00000,17.1223,0.0024,0.042833,0.089527,118.2696,17.3337,68.1896,336.59,255.06,6.1105
009999,0.00000,17.2588,0.0024,0.042517,0.089280,118.1958,17.2661,68.1767,336.44,254.92,6.1359
009999,0.00000,17.3952,0.0024,0.042223,0.089037,118.1213,17.2000,68.1641,336.29,254.78,6.1600
009999,0.00000,17.5316,0.0024,0.041951,0.088798,118.0462,17.1352,68.1521,336.15,254.63,6.1827
009999,0.00000,17.6681,0.0023,0.041701,0.088562,117.9703,17.0717,68.1404,336.00,254.49,6.2040
009999,0.00000,17.8045,0.0023,0.041472,0.088330,117.8936,17.0097,68.1290,335.86,254.35,6.2240
009999,0.00000,17.9409,0.0023,0.041264,0.088102,117.8163,16.9489,68.1180,335.71,254.20,6.2425
009999,0.00000,18.0774,0.0023,0.041077,0.087877,117.7382,16.8895,68.1074,335.57,254.06,6.2596
009999,0.00000,18.2138,0.0023,0.040911,0.087655,117.6594,16.8315,68.0970,335.43,253.92,6.2753
009999,0.00000,18.3502,0.0023,0.040766,0.087437,117.5797,16.7748,68.0870,335.29,253.78,6.2895
009999,0.00000,18.4867,0.0023,0.040641,0.087222,117.4992,16.7193,68.0772,335.15,253.64,6.3022
009999,0.00000,18.6231,0.0023,0.040537,0.087012,117.4179,16.6652,68.0675,335.01,253.51,6.3134
009999,0.00000,18.7595,0.0023,0.040452,0.086805,117.3358,16.6126,68.0580,334.87,253.37,6.3232
009999,0.00000,18.8960,0.0023,0.040387,0.086601,117.2528,16.5611,68.0483,334.73,253.23,6.3314
009999,0.00000,19.0324,0.0023,0.040342,0.086401,117.1688,16.5110,68.0387,334.59,253.10,6.3383
009999,0.00000,19.1688,0.0023,0.040316,0.086204,117.0838,16.4622,68.0289,334.45,252.96,6.3436
009999,0.00000,19.3053,0.0023,0.040309,0.086009,116.9979,16.4146,68.0191,334.31,252.83,6.3475
009999,0.00000,19.4417,0.0023,0.040321,0.085818,116.9110,16.3682,68.0091,334.18,252.69,6.3500
009999,0.00000,19.5781,0.0023,0.040352,0.085628,116.8231,16.3230,67.9990,334.04,252.56,6.3511
009999,0.00000,19.7146,0.0023,0.040401,0.085441,116.7341,16.2789,67.9887,333.90,252.43,6.3507
009999,0.00000,19.8510,0.0023,0.040468,0.085254,116.6441,16.2360,67.9780,333.76,252.30,6.3490
009999,0.00000,19.9874,0.0023,0.040554,0.085069,116.5530,16.1939,67.9672,333.62,252.17,6.3460
009999,0.00000,20.1239,0.0023,0.040657,0.084885,116.4607,16.1530,67.9563,333.48,252.04,6.3416
009999,0.00000,20.2603,0.0023,0.040779,0.084701,116.3673,16.1130,67.9454,333.34,251.91,6.3359
009999,0.00000,20.3967,0.0023,0.040919,0.084517,116.2728,16.0740,67.9342,333.21,251.78,6.3289
009999,0.00000,20.5332,0.0023,0.041077,0.084334,116.1771,16.0360,67.9230,333.07,251.66,6.3206
009999,0.00000,20.6696,0.0023,0.041252,0.084152,116.0802,15.9990,67.9117,332.94,251.53,6.3112
009999,0.00000,20.8060,0.0023,0.041445,0.083970,115.9822,15.9631,67.9002,332.80,251.40,6.3005
009999,0.00000,20.9425,0.0023,0.041655,0.083789,115.8829,15.9280,67.8887,332.67,251.28,6.2887
009999,0.00000,21.0789,0.0023,0.041882,0.083608,115.7825,15.8940,67.8771,332.54,251.16,6.2758
009999,0.00000,21.2153,0.0023,0.042126,0.083427,115.6807,15.8609,67.8653,332.40,251.04,6.2618
009999,0.00000,21.3518,0.0023,0.042387,0.083246,115.5778,15.8289,67.8536,332.27,250.92,6.2467
009999,0.00000,21.4882,0.0023,0.042665,0.083066,115.4735,15.7979,67.8417,332.14,250.80,6.2307
009999,0.00000,21.6246,0.0023,0.042959,0.082886,115.3682,15.7677,67.8300,332.01,250.69,6.2138
009999,0.00000,21.7611,0.0023,0.043270,0.082705,115.2614,15.7385,67.8183,331.88,250.57,6.1959
009999,0.00000,21.8975,0.0023,0.043597,0.082524,115.1534,15.7103,67.8065,331.75,250.46,6.1772
009999,0.00000,22.0339,0.0023,0.043939,0.082343,115.0441,15.6829,67.7949,331.62,250.35,6.1576
009999,0.00000,22.1704,0.0023,0.044298,0.082161,114.9335,15.6565,67.7833,331.49,250.25,6.1373
009999,0.00000,22.3068,0.0023,0.044672,0.081979,114.8215,15.6309,67.7719,331.37,250.14,6.1163
009999,0.00000,22.4432,0.0023,0.045062,0.081795,114.7082,15.6062,67.7605,331.24,250.04,6.0946
009999,0.00000,22.5797,0.0023,0.045468,0.081611,114.5935,15.5823,67.7492,331.11,249.94,6.0723
009999,0.00000,22.7161,0.0023,0.045888,0.081426,114.4775,15.5592,67.7382,330.99,249.84,6.0494
009999,0.00000,22.8525,0.0023,0.046324,0.081240,114.3600,15.5370,67.7274,330.86,249.75,6.0260
009999,0.00000,22.9890,0.0024,0.046775,0.081052,114.2412,15.5155,67.7166,330.73,249.65,6.0021
009999,0.00000,23.1254,0.0024,0.047240,0.080863,114.1209,15.4947,67.7061,330.61,249.56,5.9777
009999,0.00000,23.2618,0.0024,0.047720,0.080672,113.9992,15.4747,67.6957,330.48,249.48,5.9529
009999,0.00000,23.3983,0.0024,0.048215,0.080480,113.8759,15.4553,67.6855,330.36,249.39,5.9277
009999,0.00000,23.5347,0.0024,0.048723,0.080286,113.7513,15.4367,67.6755,330.24,249.31,5.9022
009999,0.00000,23.6711,0.0024,0.049246,0.080090,113.6251,15.4187,67.6657,330.11,249.23,5.8765
009999,0.00000,23.8076,0.0024,0.049782,0.079892,113.4973,15.4012,67.6562,329.99,249.15,5.8504
009999,0.00000,23.9440,0.0024,0.050332,0.079693,113.3680,15.3844,67.6466,329.87,249.07,5.8242
009999,0.00000,24.0804,0.0024,0.050896,0.079492,113.2369,15.3682,67.6375,329.74,249.00,5.7978
009999,0.00000,24.2169,0.0024,0.051472,0.079289,113.1045,15.3524,67.6283,329.62,248.93,5.7712
009999,0.00000,24.3533,0.0024,0.052061,0.079085,112.9702,15.3373,67.6195,329.50,248.86,5.7446
009999,0.00000,24.4897,0.0024,0.052663,0.078878,112.8342,15.3227,67.6107,329.38,248.79,5.7179
009999,0.00000,24.6262,0.0024,0.053277,0.078671,112.6966,15.3084,67.6023,329.26,248.73,5.6911
009999,0.00000,24.7626,0.0024,0.053904,0.078461,112.5573,15.2947,67.5938,329.14,248.67,5.6644
009999,0.00000,24.8990,0.0024,0.054541,0.078251,112.4161,15.2814,67.5856,329.02,248.61,5.6376
009999,0.00000,25.0355,0.0024,0.055191,0.078039,112.2732,15.2686,67.5776,328.90,248.55,5.6109
009999,0.00000,25.1719,0.0024,0.055851,0.077826,112.1286,15.2560,67.5697,328.77,248.49,5.5843
009999,0.00000,25.3083,0.0024,0.056523,0.077612,111.9820,15.2440,67.5619,328.65,248.44,5.5578
009999,0.00000,25.4448,0.0024,0.057204,0.077397,111.8336,15.2321,67.5543,328.53,248.39,5.5314
009999,0.00000,25.5812,0.0024,0.057896,0.077182,111.6832,15.2207,67.5468,328.41,248.34,5.5052
009999,0.00000,25.7176,0.0024,0.058597,0.076967,111.5311,15.2095,67.5394,328.29,248.29,5.4792
009999,0.00000,25.8541,0.0024,0.059308,0.076751,111.3768,15.1987,67.5322,328.18,248.24,5.4533
009999,0.00000,25.9905,0.0024,0.060028,0.076536,111.2207,15.1881,67.5251,328.06,248.20,5.4277
009999,0.00000,26.1269,0.0024,0.060756,0.076320,111.0627,15.1778,67.5181,327.94,248.16,5.4023
009999,0.00000,26.2634,0.0024,0.061493,0.076106,110.9025,15.1676,67.5113,327.82,248.11,5.3771
009999,0.00000,26.3998,0.0024,0.062237,0.075892,110.7405,15.1576,67.5046,327.70,248.07,5.3522
009999,0.00000,26.5362,0.0024,0.062990,0.075679,110.5763,15.1480,67.4979,327.58,248.03,5.3275
009999,0.00000,26.6727,0.0024,0.063749,0.075468,110.4101,15.1385,67.4915,327.46,247.99,5.3031
009999,0.00000,26.8091,0.0024,0.064515,0.075258,110.2419,15.1291,67.4851,327.34,247.96,5.2791
009999,0.00000,26.9455,0.0024,0.065287,0.075050,110.0714,15.1199,67.4789,327.22,247.92,5.2553
009999,0.00000,27.0820,0.0024,0.066066,0.074844,109.8990,15.1110,67.4728,327.10,247.88,5.2318
009999,0.00000,27.2184,0.0024,0.066850,0.074640,109.7244,15.1020,67.4668,326.98,247.85,5.2086
009999,0.00000,27.3548,0.0024,0.067640,0.074439,109.5477,15.0932,67.4609,326.86,247.81,5.1857
009999,0.00000,27.4912,0.0024,0.068435,0.074240,109.3688,15.0846,67.4551,326.74,247.78,5.1632
009999,0.00000,27.6277,0.0024,0.069234,0.074045,109.1879,15.0760,67.4493,326.62,247.75,5.1409
009999,0.00000,27.7641,0.0024,0.070038,0.073852,109.0048,15.0677,67.4437,326.50,247.72,5.1190
009999,0.00000,27.9005,0.0024,0.070846,0.073663,108.8195,15.0593,67.4383,326.38,247.68,5.0973
009999,0.00000,28.0370,0.0024,0.071658,0.073478,108.6321,15.0510,67.4328,326.26,247.65,5.0760
009999,0.00000,28.1734,0.0024,0.072473,0.073296,108.4425,15.0428,67.4275,326.14,247.62,5.0550
009999,0.00000,28.3098,0.0024,0.073292,0.073118,108.2508,15.0347,67.4223,326.02,247.59,5.0342
009999,0.00000,28.4463,0.0024,0.074113,0.072944,108.0569,15.0267,67.4171,325.90,247.56,5.0138
009999,0.00000,28.5827,0.0024,0.074938,0.072774,107.8608,15.0188,67.4121,325.78,247.53,4.9936
009999,0.00000,28.7191,0.0024,0.075766,0.072608,107.6627,15.0108,67.4072,325.66,247.50,4.9737
009999,0.00000,28.8556,0.0024,0.076596,0.072447,107.4623,15.0030,67.4023,325.54,247.47,4.9541
009999,0.00000,28.9920,0.0024,0.077428,0.072290,107.2598,14.9951,67.3975,325.42,247.44,4.9348
009999,0.00000,29.1284,0.0024,0.078263,0.072137,107.0552,14.9874,67.3929,325.30,247.41,4.9157
009999,0.00000,29.2649,0.0024,0.079101,0.071989,106.8484,14.9798,67.3882,325.17,247.38,4.8968
009999,0.00000,29.4013,0.0024,0.079940,0.071845,106.6395,14.9722,67.3836,325.05,247.35,4.8782
009999,0.00000,29.5377,0.0024,0.080782,0.071706,106.4287,14.9647,67.3791,324.93,247.32,4.8598
009999,0.00000,29.6742,0.0024,0.081627,0.071571,106.2156,14.9571,67.3746,324.80,247.29,4.8416
009999,0.00000,29.8106,0.0024,0.082473,0.071440,106.0004,14.9497,67.3701,324.68,247.26,4.8236
009999,0.00000,29.9470,0.0024,0.083322,0.071314,105.7831,14.9423,67.3654,324.56,247.23,4.8059
009999,0.00000,30.0835,0.0024,0.084172,0.071192,105.5639,14.9350,67.3609,324.43,247.20,4.7883
009999,0.00000,30.2199,0.0024,0.085025,0.071075,105.3425,14.9278,67.3563,324.31,247.17,4.7709
009999,0.00000,30.3563,0.0024,0.085879,0.070962,105.1191,14.9207,67.3517,324.18,247.14,4.7536
009999,0.00000,30.4928,0.0024,0.086735,0.070852,104.8938,14.9135,67.3469,324.05,247.12,4.7366
009999,0.00000,30.6292,0.0024,0.087593,0.070748,104.6665,14.9064,67.3420,323.92,247.09,4.7197
009999,0.00000,30.7656,0.0024,0.088452,0.070647,104.4372,14.8994,67.3368,323.80,247.06,4.7029
009999,0.00000,30.9021,0.0024,0.089311,0.070550,104.2059,14.8924,67.3316,323.67,247.03,4.6863
009999,0.00000,31.0385,0.0025,0.090171,0.070456,103.9729,14.8856,67.3261,323.54,247.00,4.6698
009999,0.00000,31.1749,0.0025,0.091030,0.070367,103.7378,14.8787,67.3204,323.41,246.98,4.6535
009999,0.00000,31.3114,0.0025,0.091889,0.070281,103.5011,14.8719,67.3144,323.28,246.95,4.6372
009999,0.00000,31.4478,0.0025,0.092746,0.070199,103.2626,14.8652,67.3083,323.15,246.93,4.6211
009999,0.00000,31.5842,0.0025,0.093602,0.070121,103.0224,14.8585,67.3017,323.01,246.90,4.6051
009999,0.00000,31.7207,0.0025,0.094455,0.070046,102.7805,14.8519,67.2950,322.88,246.88,4.5892
009999,0.00000,31.8571,0.0025,0.095304,0.069974,102.5371,14.8453,67.2879,322.75,246.85,4.5734
009999,0.00000,31.9935,0.0025,0.096149,0.069906,102.2923,14.8389,67.2807,322.61,246.83,4.5577
009999,0.00000,32.1300,0.0025,0.096988,0.069842,102.0459,14.8325,67.2731,322.48,246.81,4.5421
009999,0.00000,32.2664,0.0025,0.097822,0.069780,101.7983,14.8262,67.2652,322.34,246.78,4.5266
009999,0.00000,32.4028,0.0025,0.098648,0.069722,101.5493,14.8199,67.2570,322.21,246.76,4.5112
009999,0.00000,32.5393,0.0025,0.099466,0.069667,101.2993,14.8136,67.2485,322.07,246.74,4.4959
009999,0.00000,32.6757,0.0025,0.100276,0.069615,101.0482,14.8075,67.2399,321.93,246.72,4.4806
009999,0.00000,32.8121,0.0025,0.101075,0.069566,100.7961,14.8013,67.2309,321.80,246.70,4.4655
009999,0.00000,32.9486,0.0025,0.101863,0.069520,100.5432,14.7953,67.2219,321.66,246.69,4.4504
009999,0.00000,33.0850,0.0025,0.102639,0.069477,100.2896,14.7893,67.2125,321.52,246.67,4.4354
009999,0.00000,33.2214,0.0025,0.103402,0.069437,100.0354,14.7834,67.2031,321.38,246.65,4.4204
009999,0.00000,33.3579,0.0025,0.104151,0.069401,99.7806,14.7776,67.1934,321.24,246.64,4.4055
009999,0.00000,33.4943,0.0025,0.104886,0.069367,99.5255,14.7718,67.1836,321.10,246.62,4.3907
009999,0.00000,33.6307,0.0025,0.105605,0.069336,99.2701,14.7661,67.1736,320.96,246.61,4.3760
009999,0.00000,33.7672,0.0025,0.106308,0.069309,99.0147,14.7605,67.1634,320.82,246.60,4.3613
009999,0.00000,33.9036,0.0025,0.106993,0.069284,98.7591,14.7551,67.1533,320.68,246.59,4.3467
009999,0.00000,34.0400,0.0025,0.107661,0.069262,98.5038,14.7496,67.1429,320.53,246.58,4.3322
009999,0.00000,34.1765,0.0025,0.108310,0.069243,98.2487,14.7442,67.1324,320.39,246.57,4.3177
009999,0.00000,34.3129,0.0025,0.108939,0.069228,97.9939,14.7390,67.1219,320.25,246.56,4.3033
009999,0.00000,34.4493,0.0025,0.109549,0.069215,97.7397,14.7338,67.1113,320.11,246.56,4.2890
009999,0.00000,34.5858,0.0025,0.110138,0.069205,97.4861,14.7288,67.1005,319.96,246.55,4.2747
009999,0.00000,34.7222,0.0025,0.110707,0.069198,97.2333,14.7239,67.0896,319.82,246.55,4.2605
009999,0.00000,34.8586,0.0025,0.111254,0.069195,96.9814,14.7190,67.0785,319.68,246.54,4.2464
009999,0.00000,34.9951,0.0025,0.111779,0.069194,96.7304,14.7144,67.0673,319.53,246.54,4.2323
009999,0.00000,35.1315,0.0025,0.112281,0.069196,96.4807,14.7098,67.0560,319.39,246.54,4.2182
009999,0.00000,35.2679,0.0025,0.112762,0.069202,96.2322,14.7053,67.0445,319.24,246.54,4.2042
009999,0.00000,35.4044,0.0025,0.113219,0.069210,95.9851,14.7011,67.0328,319.10,246.55,4.1903
009999,0.00000,35.5408,0.0025,0.113653,0.069222,95.7394,14.6969,67.0209,318.95,246.55,4.1764
009999,0.00000,35.6772,0.0025,0.114064,0.069237,95.4953,14.6930,67.0089,318.81,246.56,4.1626
009999,0.00000,35.8137,0.0025,0.114452,0.069256,95.2529,14.6893,66.9967,318.66,246.56,4.1489
009999,0.00000,35.9501,0.0025,0.114816,0.069277,95.0124,14.6856,66.9841,318.51,246.57,4.1352
009999,0.00000,36.0865,0.0025,0.115157,0.069302,94.7737,14.6823,66.9713,318.37,246.58,4.1215
009999,0.00000,36.2230,0.0025,0.115474,0.069330,94.5370,14.6791,66.9583,318.22,246.59,4.1080
009999,0.00000,36.3594,0.0025,0.115769,0.069362,94.3026,14.6760,66.9449,318.07,246.60,4.0944
009999,0.00000,36.4958,0.0025,0.116040,0.069397,94.0702,14.6732,66.9314,317.92,246.61,4.0809
009999,0.00000,36.6323,0.0025,0.116289,0.069435,93.8402,14.6707,66.9177,317.78,246.63,4.0675
009999,0.00000,36.7687,0.0025,0.116516,0.069477,93.6124,14.6683,66.9036,317.63,246.64,4.0541
009999,0.00000,36.9051,0.0025,0.116720,0.069523,93.3872,14.6662,66.8893,317.48,246.66,4.0408
009999,0.00000,37.0416,0.0025,0.116904,0.069572,93.1644,14.6644,66.8747,317.32,246.68,4.0275
009999,0.00000,37.1780,0.0025,0.117066,0.069625,92.9443,14.6628,66.8599,317.17,246.70,4.0143
009999,0.00000,37.3144,0.0025,0.117209,0.069681,92.7269,14.6615,66.8449,317.02,246.72,4.0012
009999,0.00000,37.4509,0.0025,0.117332,0.069740,92.5122,14.6605,66.8297,316.87,246.75,3.9881
009999,0.00000,37.5873,0.0025,0.117436,0.069803,92.3002,14.6598,66.8144,316.71,246.77,3.9750
009999,0.00000,37.7237,0.0025,0.117522,0.069870,92.0910,14.6594,66.7988,316.56,246.80,3.9620
009999,0.00000,37.8602,0.0025,0.117592,0.069940,91.8847,14.6592,66.7831,316.40,246.82,3.9491
009999,0.00000,37.9966,0.0025,0.117645,0.070014,91.6814,14.6594,66.7673,316.24,246.85,3.9363
009999,0.00000,38.1330,0.0025,0.117682,0.070091,91.4811,14.6599,66.7513,316.08,246.88,3.9235
009999,0.00000,38.2695,0.0025,0.117706,0.070171,91.2838,14.6608,66.7355,315.92,246.92,3.9107
009999,0.00000,38.4059,0.0025,0.117715,0.070254,91.0894,14.6617,66.7194,315.76,246.95,3.8981
009999,0.00000,38.5423,0.0025,0.117713,0.070340,90.8979,14.6631,66.7035,315.60,246.98,3.8855
009999,0.00000,38.6788,0.0025,0.117698,0.070428,90.7097,14.6648,66.6874,315.44,247.02,3.8730
009999,0.00000,38.8152,0.0025,0.117673,0.070519,90.5246,14.6668,66.6714,315.27,247.05,3.8606
009999,0.00000,38.9516,0.0025,0.117638,0.070611,90.3424,14.6690,66.6554,315.10,247.09,3.8483
009999,0.00000,39.0881,0.0025,0.117595,0.070705,90.1634,14.6714,66.6395,314.94,247.13,3.8360
009999,0.00000,39.2245,0.0025,0.117543,0.070799,89.9874,14.6739,66.6235,314.77,247.17,3.8239
009999,0.00000,39.3609,0.0025,0.117485,0.070893,89.8144,14.6765,66.6075,314.59,247.21,3.8118
009999,0.00000,39.4974,0.0025,0.117421,0.070985,89.6445,14.6792,66.5916,314.42,247.25,3.7999
009999,0.00000,39.6338,0.0025,0.117353,0.071076,89.4777,14.6817,66.5758,314.24,247.29,3.7880
009999,0.00000,39.7702,0.0025,0.117281,0.071162,89.3138,14.6841,66.5598,314.06,247.33,3.7762
009999,0.00000,39.9067,0.0025,0.117208,0.071244,89.1528,14.6863,66.5438,313.88,247.36,3.7645
009999,0.00000,40.0431,0.0025,0.117137,0.071318,88.9948,14.6880,66.5281,313.70,247.40,3.7528
009999,0.00000,40.1795,0.0025,0.117070,0.071384,88.8395,14.6893,66.5127,313.52,247.43,3.7412
009999,0.00000,40.3160,0.0025,0.117008,0.071444,88.6872,14.6902,66.4977,313.34,247.46,3.7295
009999,0.00000,40.4524,0.0025,0.116952,0.071499,88.5377,14.6911,66.4831,313.16,247.49,3.7179
009999,0.00000,40.5888,0.0025,0.116904,0.071548,88.3908,14.6916,66.4689,312.98,247.52,3.7064
009999,0.00000,40.7253,0.0025,0.116864,0.071593,88.2468,14.6922,66.4550,312.80,247.55,3.6948
009999,0.00000,40.8617,0.0025,0.116832,0.071633,88.1052,14.6926,66.4415,312.63,247.58,3.6833
009999,0.00000,40.9981,0.0025,0.116809,0.071669,87.9663,14.6930,66.4284,312.45,247.60,3.6717
009999,0.00000,41.1345,0.0025,0.116797,0.071701,87.8301,14.6934,66.4156,312.27,247.63,3.6602
009999,0.00000,41.2710,0.0025,0.116795,0.071728,87.6962,14.6939,66.4032,312.10,247.66,3.6486
009999,0.00000,41.4074,0.0025,0.116804,0.071751,87.5649,14.6943,66.3910,311.93,247.69,3.6371
009999,0.00000,41.5438,0.0025,0.116826,0.071770,87.4358,14.6948,66.3793,311.75,247.72,3.6256
009999,0.00000,41.6803,0.0025,0.116860,0.071783,87.3092,14.6953,66.3678,311.58,247.75,3.6141
009999,0.00000,41.8167,0.0025,0.116907,0.071792,87.1847,14.6957,66.3568,311.41,247.78,3.6025
009999,0.00000,41.9531,0.0025,0.116969,0.071796,87.0625,14.6961,66.3460,311.24,247.81,3.5910
009999,0.00000,42.0896,0.0025,0.117046,0.071794,86.9425,14.6965,66.3356,311.08,247.84,3.5794
009999,0.00000,42.2260,0.0025,0.117139,0.071787,86.8246,14.6969,66.3255,310.91,247.87,3.5678
009999,0.00000,42.3624,0.0025,0.117248,0.071774,86.7087,14.6974,66.3159,310.74,247.91,3.5562
009999,0.00000,42.4989,0.0025,0.117376,0.071755,86.5948,14.6978,66.3064,310.58,247.94,3.5445
009999,0.00000,42.6353,0.0025,0.117523,0.071730,86.4830,14.6982,66.2973,310.42,247.98,3.5328
009999,0.00000,42.7717,0.0025,0.117691,0.071699,86.3729,14.6988,66.2886,310.26,248.02,3.5210
009999,0.00000,42.9082,0.0025,0.117880,0.071663,86.2648,14.6992,66.2802,310.10,248.06,3.5091
009999,0.00000,43.0446,0.0025,0.118094,0.071622,86.1584,14.7000,66.2722,309.94,248.11,3.4971
009999,0.00000,43.1810,0.0025,0.118334,0.071578,86.0538,14.7010,66.2646,309.79,248.16,3.4849
009999,0.00000,43.3175,0.0025,0.118603,0.071533,85.9508,14.7025,66.2572,309.64,248.22,3.4726
009999,0.00000,43.4539,0.0025,0.118901,0.071491,85.8494,14.7049,66.2504,309.49,248.29,3.4601
009999,0.00000,43.5903,0.0025,0.119231,0.071458,85.7496,14.7088,66.2440,309.34,248.38,3.4474
009999,0.00000,43.7268,0.0025,0.119593,0.071442,85.6514,14.7147,66.2379,309.19,248.49,3.4345
009999,0.00000,43.8632,0.0025,0.119981,0.071455,85.5545,14.7238,66.2325,309.05,248.63,3.4214
009999,0.00000,43.9996,0.0025,0.120388,0.071516,85.4592,14.7375,66.2276,308.91,248.82,3.4084
009999,0.00000,44.1361,0.0025,0.120736,0.071653,85.3652,14.7579,66.1901,308.62,249.07,3.3956
009999,0.00000,44.2725,0.0025,0.121091,0.071747,85.2724,14.7751,66.1543,308.34,249.31,3.3833
009999,0.00000,44.4089,0.0025,0.121458,0.071796,85.1807,14.7887,66.1210,308.08,249.54,3.3712
009999,0.00000,44.5454,0.0025,0.121837,0.071801,85.0903,14.7992,66.0898,307.83,249.76,3.3595
009999,0.00000,44.6818,0.0025,0.122227,0.071764,85.0008,14.8069,66.0604,307.59,249.97,3.3481
009999,0.00000,44.8182,0.0025,0.122630,0.071687,84.9123,14.8118,66.0326,307.35,250.18,3.3370
009999,0.00000,44.9547,0.0025,0.123048,0.071570,84.8247,14.8139,66.0061,307.13,250.38,3.3262
009999,0.00000,45.0911,0.0026,0.123483,0.071413,84.7379,14.8136,65.9810,306.92,250.58,3.3155
009999,0.00000,45.2275,0.0026,0.123937,0.071218,84.6520,14.8108,65.9570,306.71,250.77,3.3050
009999,0.00000,45.3640,0.0026,0.124414,0.070982,84.5669,14.8057,65.9340,306.51,250.95,3.2945
009999,0.00000,45.5004,0.0026,0.124919,0.070708,84.4823,14.7981,65.9120,306.31,251.13,3.2841
009999,0.00000,45.6368,0.0026,0.125455,0.070395,84.3984,14.7886,65.8907,306.12,251.30,3.2737
009999,0.00000,45.7733,0.0026,0.126026,0.070043,84.3151,14.7769,65.8703,305.93,251.47,3.2632
009999,0.00000,45.9097,0.0026,0.126639,0.069654,84.2322,14.7632,65.8506,305.75,251.63,3.2525
009999,0.00000,46.0461,0.0026,0.127297,0.069227,84.1498,14.7477,65.8315,305.57,251.78,3.2416
009999,0.00000,46.1826,0.0026,0.128005,0.068765,84.0676,14.7306,65.8130,305.40,251.91,3.2303
009999,0.00000,46.3190,0.0026,0.128768,0.068268,83.9859,14.7120,65.7951,305.23,252.04,3.2188
009999,0.00000,46.4554,0.0026,0.129590,0.067738,83.9043,14.6922,65.7776,305.06,252.16,3.2068
009999,0.00000,46.5919,0.0026,0.130475,0.067178,83.8229,14.6711,65.7607,304.89,252.27,3.1945
009999,0.00000,46.7283,0.0026,0.131427,0.066589,83.7416,14.6493,65.7442,304.73,252.37,3.1816
009999,0.00000,46.8647,0.0026,0.132449,0.065975,83.6604,14.6267,65.7281,304.57,252.46,3.1683
009999,0.00000,47.0012,0.0026,0.133542,0.065337,83.5792,14.6035,65.7124,304.41,252.53,3.1544
009999,0.00000,47.1376,0.0026,0.134710,0.064678,83.4981,14.5801,65.6971,304.26,252.59,3.1401
009999,0.00000,47.2740,0.0026,0.135953,0.064001,83.4167,14.5566,65.6821,304.11,252.65,3.1252
009999,0.00000,47.4105,0.0026,0.137272,0.063309,83.3353,14.5332,65.6674,303.96,252.69,3.1099
009999,0.00000,47.5469,0.0026,0.138667,0.062605,83.2537,14.5100,65.6531,303.81,252.72,3.0940
009999,0.00000,47.6833,0.0026,0.140137,0.061891,83.1718,14.4872,65.6389,303.67,252.74,3.0778
009999,0.00000,47.8198,0.0026,0.141681,0.061171,83.0895,14.4650,65.6251,303.52,252.75,3.0612
009999,0.00000,47.9562,0.0026,0.143298,0.060447,83.0070,14.4435,65.6114,303.38,252.75,3.0442
009999,0.00000,48.0926,0.0026,0.144986,0.059721,82.9240,14.4228,65.5981,303.24,252.75,3.0269
009999,0.00000,48.2291,0.0026,0.146742,0.058996,82.8406,14.4031,65.5850,303.10,252.74,3.0094
009999,0.00000,48.3655,0.0026,0.148565,0.058274,82.7568,14.3844,65.5722,302.97,252.72,2.9917
009999,0.00000,48.5019,0.0026,0.150450,0.057557,82.6724,14.3666,65.5595,302.83,252.69,2.9739
009999,0.00000,48.6384,0.0026,0.152396,0.056847,82.5874,14.3500,65.5469,302.70,252.66,2.9560
009999,0.00000,48.7748,0.0026,0.154400,0.056145,82.5017,14.3346,65.5346,302.57,252.63,2.9380
009999,0.00000,48.9112,0.0026,0.156458,0.055453,82.4155,14.3202,65.5226,302.44,252.59,2.9201
009999,0.00000,49.0477,0.0026,0.158569,0.054772,82.3285,14.3071,65.5108,302.31,252.55,2.9022
009999,0.00000,49.1841,0.0026,0.160729,0.054103,82.2409,14.2951,65.4990,302.18,252.51,2.8844
009999,0.00000,49.3205,0.0026,0.162937,0.053446,82.1523,14.2840,65.4876,302.06,252.46,2.8667
009999,0.00000,49.4570,0.0026,0.165189,0.052802,82.0628,14.2742,65.4762,301.93,252.41,2.8492
009999,0.00000,49.5934,0.0027,0.167486,0.052171,81.9726,14.2653,65.4652,301.81,252.36,2.8319
009999,0.00000,49.7298,0.0027,0.169825,0.051554,81.8815,14.2575,65.4543,301.68,252.31,2.8148
009999,0.00000,49.8663,0.0027,0.172204,0.050951,81.7892,14.2505,65.4435,301.56,252.26,2.7979
009999,0.00000,50.0027,0.0027,0.174623,0.050361,81.6959,14.2445,65.4329,301.44,252.21,2.7812
009999,0.00000,50.1391,0.0027,0.177082,0.049785,81.6016,14.2392,65.4225,301.32,252.16,2.7648
009999,0.00000,50.2756,0.0027,0.179580,0.049222,81.5061,14.2346,65.4123,301.21,252.11,2.7486
009999,0.00000,50.4120,0.0027,0.182117,0.048672,81.4094,14.2308,65.4022,301.09,252.06,2.7327
009999,0.00000,50.5484,0.0027,0.184693,0.048134,81.3116,14.2274,65.3923,300.97,252.01,2.7171
009999,0.00000,50.6849,0.0027,0.187308,0.047609,81.2124,14.2248,65.3827,300.86,251.95,2.7017
009999,0.00000,50.8213,0.0027,0.189963,0.047096,81.1118,14.2225,65.3730,300.74,251.90,2.6866
009999,0.00000,50.9577,0.0027,0.192659,0.046594,81.0099,14.2207,65.3635,300.63,251.85,2.6717
009999,0.00000,51.0942,0.0027,0.195396,0.046103,80.9065,14.2192,65.3543,300.52,251.80,2.6571
009999,0.00000,51.2306,0.0027,0.198175,0.045622,80.8016,14.2181,65.3453,300.41,251.75,2.6427
009999,0.00000,51.3670,0.0028,0.200997,0.045151,80.6950,14.2171,65.3363,300.30,251.70,2.6286
009999,0.00000,51.5035,0.0028,0.203865,0.044689,80.5868,14.2164,65.3274,300.19,251.65,2.6147
009999,0.00000,51.6399,0.0028,0.206777,0.044236,80.4770,14.2158,65.3187,300.08,251.60,2.6010
009999,0.00000,51.7763,0.0028,0.209737,0.043791,80.3655,14.2154,65.3101,299.97,251.55,2.5875
009999,0.00000,51.9128,0.0028,0.212744,0.043353,80.2520,14.2150,65.3016,299.87,251.50,2.5742
009999,0.00000,52.0492,0.0028,0.215800,0.042923,80.1368,14.2146,65.2933,299.76,251.45,2.5611
009999,0.00000,52.1856,0.0028,0.218907,0.042500,80.0195,14.2140,65.2850,299.65,251.40,2.5482
009999,0.00000,52.3221,0.0028,0.222065,0.042082,79.9005,14.2135,65.2768,299.55,251.36,2.5355
009999,0.00000,52.4585,0.0028,0.225274,0.041671,79.7792,14.2129,65.2687,299.44,251.31,2.5229
009999,0.00000,52.5949,0.0028,0.228537,0.041264,79.6558,14.2121,65.2607,299.34,251.26,2.5105
009999,0.00000,52.7314,0.0029,0.231853,0.040862,79.5303,14.2109,65.2528,299.24,251.21,2.4983
009999,0.00000,52.8678,0.0029,0.235223,0.040465,79.4027,14.2097,65.2449,299.14,251.17,2.4862
009999,0.00000,53.0042,0.0029,0.238646,0.040072,79.2728,14.2082,65.2371,299.04,251.12,2.4742
009999,0.00000,53.1407,0.0029,0.242123,0.039682,79.1406,14.2063,65.2293,298.93,251.07,2.4623
009999,0.00000,53.2771,0.0029,0.245653,0.039296,79.0060,14.2041,65.2217,298.83,251.02,2.4506
009999,0.00000,53.4135,0.0029,0.249235,0.038912,78.8691,14.2014,65.2139,298.73,250.98,2.4390
009999,0.00000,53.5500,0.0029,0.252869,0.038532,78.7298,14.1984,65.2062,298.64,250.93,2.4274
009999,0.00000,53.6864,0.0029,0.256552,0.038154,78.5879,14.1949,65.1985,298.54,250.88,2.4160
009999,0.00000,53.8228,0.0030,0.260282,0.037778,78.4437,14.1910,65.1907,298.44,250.84,2.4046
009999,0.00000,53.9593,0.0030,0.264056,0.037405,78.2969,14.1865,65.1830,298.34,250.79,2.3934
009999,0.00000,54.0957,0.0030,0.267873,0.037034,78.1476,14.1813,65.1751,298.24,250.74,2.3822
009999,0.00000,54.2321,0.0030,0.271728,0.036665,77.9959,14.1757,65.1674,298.14,250.70,2.3710
009999,0.00000,54.3686,0.0030,0.275616,0.036298,77.8416,14.1694,65.1594,298.05,250.65,2.3600
009999,0.00000,54.5050,0.0030,0.279534,0.035933,77.6848,14.1625,65.1514,297.95,250.60,2.3490
009999,0.00000,54.6414,0.0031,0.283476,0.035570,77.5257,14.1549,65.1432,297.85,250.55,2.3380
009999,0.00000,54.7778,0.0031,0.287436,0.035209,77.3639,14.1465,65.1348,297.75,250.51,2.3272
009999,0.00000,54.9143,0.0031,0.291408,0.034851,77.1997,14.1374,65.1263,297.66,250.46,2.3163
009999,0.00000,55.0507,0.0031,0.295384,0.034495,77.0331,14.1277,65.1176,297.56,250.41,2.3055
009999,0.00000,55.1871,0.0031,0.299359,0.034142,76.8642,14.1170,65.1087,297.46,250.36,2.2948
009999,0.00000,55.3236,0.0031,0.303322,0.033793,76.6929,14.1057,65.0996,297.36,250.31,2.2841
009999,0.00000,55.4600,0.0032,0.307267,0.033446,76.5193,14.0936,65.0901,297.26,250.26,2.2734
009999,0.00000,55.5964,0.0032,0.311184,0.033103,76.3437,14.0806,65.0805,297.15,250.21,2.2628
009999,0.00000,55.7329,0.0032,0.315065,0.032764,76.1659,14.0667,65.0704,297.05,250.16,2.2522
009999,0.00000,55.8693,0.0032,0.318899,0.032429,75.9862,14.0521,65.0601,296.95,250.11,2.2416
009999,0.00000,56.0057,0.0032,0.322678,0.032098,75.8046,14.0366,65.0495,296.84,250.05,2.2311
009999,0.00000,56.1422,0.0032,0.326391,0.031773,75.6212,14.0202,65.0387,296.74,250.00,2.2206
009999,0.00000,56.2786,0.0033,0.330029,0.031453,75.4361,14.0030,65.0275,296.63,249.95,2.2101
009999,0.00000,56.4150,0.0033,0.333582,0.031139,75.2496,13.9851,65.0161,296.52,249.89,2.1997
009999,0.00000,56.5515,0.0033,0.337041,0.030831,75.0616,13.9664,65.0043,296.41,249.84,2.1892
009999,0.00000,56.6879,0.0033,0.340397,0.030530,74.8724,13.9470,64.9923,296.30,249.79,2.1788
009999,0.00000,56.8243,0.0033,0.343641,0.030236,74.6822,13.9268,64.9800,296.19,249.73,2.1685
009999,0.00000,56.9608,0.0033,0.346764,0.029949,74.4911,13.9059,64.9676,296.07,249.68,2.1581
009999,0.00000,57.0972,0.0034,0.349759,0.029669,74.2991,13.8843,64.9549,295.96,249.62,2.1478
009999,0.00000,57.2336,0.0034,0.352618,0.029398,74.1065,13.8621,64.9421,295.85,249.56,2.1375
009999,0.00000,57.3701,0.0034,0.355335,0.029134,73.9137,13.8394,64.9293,295.73,249.51,2.1273
009999,0.00000,57.5065,0.0034,0.357903,0.028879,73.7206,13.8161,64.9162,295.62,249.45,2.1171
009999,0.00000,57.6429,0.0034,0.360318,0.028633,73.5273,13.7924,64.9031,295.50,249.40,2.1069
009999,0.00000,57.7794,0.0034,0.362575,0.028396,73.3342,13.7683,64.8900,295.39,249.34,2.0967
009999,0.00000,57.9158,0.0034,0.364671,0.028168,73.1415,13.7438,64.8769,295.27,249.28,2.0865
009999,0.00000,58.0522,0.0034,0.366603,0.027949,72.9493,13.7191,64.8638,295.15,249.23,2.0764
009999,0.00000,58.1887,0.0035,0.368369,0.027739,72.7578,13.6941,64.8508,295.04,249.17,2.0663
009999,0.00000,58.3251,0.0035,0.369969,0.027538,72.5671,13.6690,64.8379,294.92,249.11,2.0563
009999,0.00000,58.4615,0.0035,0.371403,0.027347,72.3776,13.6439,64.8250,294.80,249.06,2.0463
009999,0.00000,58.5980,0.0035,0.372671,0.027165,72.1892,13.6187,64.8122,294.69,249.00,2.0363
009999,0.00000,58.7344,0.0035,0.373775,0.026992,72.0023,13.5936,64.7997,294.57,248.95,2.0263
009999,0.00000,58.8708,0.0035,0.374718,0.026828,71.8170,13.5687,64.7873,294.46,248.89,2.0164
009999,0.00000,59.0073,0.0035,0.375503,0.026673,71.6334,13.5440,64.7751,294.34,248.84,2.0065
009999,0.00000,59.1437,0.0035,0.376134,0.026526,71.4517,13.5196,64.7631,294.23,248.79,1.9967
009999,0.00000,59.2801,0.0035,0.376616,0.026389,71.2722,13.4955,64.7514,294.12,248.73,1.9869
009999,0.00000,59.4166,0.0035,0.376954,0.026260,71.0950,13.4719,64.7398,294.00,248.68,1.9771
009999,0.00000,59.5530,0.0035,0.377155,0.026138,70.9200,13.4488,64.7286,293.89,248.63,1.9674
009999,0.00000,59.6894,0.0035,0.377225,0.026025,70.7477,13.4262,64.7177,293.78,248.58,1.9577
009999,0.00000,59.8259,0.0035,0.377171,0.025920,70.5781,13.4043,64.7069,293.67,248.53,1.9480
009999,0.00000,59.9623,0.0035,0.377001,0.025821,70.4113,13.3831,64.6967,293.57,248.48,1.9384
009999,0.00000,60.0987,0.0035,0.376723,0.025730,70.2474,13.3626,64.6867,293.46,248.43,1.9288
009999,0.00000,60.2352,0.0035,0.376344,0.025645,70.0865,13.3429,64.6770,293.36,248.38,1.9193
009999,0.00000,60.3716,0.0035,0.375875,0.025567,69.9288,13.3240,64.6677,293.25,248.34,1.9098
009999,0.00000,60.5080,0.0035,0.375323,0.025495,69.7744,13.3060,64.6590,293.15,248.29,1.9003
009999,0.00000,60.6445,0.0035,0.374697,0.025428,69.6233,13.2890,64.6506,293.05,248.25,1.8909
009999,0.00000,60.7809,0.0035,0.374007,0.025367,69.4756,13.2730,64.6426,292.95,248.20,1.8815
009999,0.00000,60.9173,0.0035,0.373261,0.025310,69.3314,13.2579,64.6351,292.86,248.16,1.8722
009999,0.00000,61.0538,0.0035,0.372469,0.025258,69.1907,13.2439,64.6280,292.76,248.12,1.8629
009999,0.00000,61.1902,0.0035,0.371639,0.025211,69.0536,13.2310,64.6215,292.67,248.08,1.8536
009999,0.00000,61.3266,0.0035,0.370781,0.025167,68.9200,13.2191,64.6155,292.58,248.04,1.8444
009999,0.00000,61.4631,0.0035,0.369903,0.025127,68.7902,13.2084,64.6100,292.49,248.00,1.8352
009999,0.00000,61.5995,0.0034,0.369013,0.025090,68.6640,13.1988,64.6050,292.40,247.96,1.8260
009999,0.00000,61.7359,0.0034,0.368120,0.025056,68.5416,13.1904,64.6006,292.31,247.93,1.8169
009999,0.00000,61.8724,0.0034,0.367231,0.025025,68.4228,13.1831,64.5968,292.23,247.89,1.8078
009999,0.00000,62.0088,0.0034,0.366355,0.024996,68.3076,13.1771,64.5935,292.14,247.86,1.7987
009999,0.00000,62.1452,0.0034,0.365498,0.024969,68.1961,13.1722,64.5907,292.06,247.83,1.7897
009999,0.00000,62.2817,0.0034,0.364668,0.024944,68.0882,13.1685,64.5885,291.98,247.79,1.7807
009999,0.00000,62.4181,0.0034,0.363870,0.024920,67.9839,13.1660,64.5868,291.90,247.76,1.7717
009999,0.00000,62.5545,0.0034,0.363110,0.024898,67.8832,13.1647,64.5857,291.83,247.73,1.7627
009999,0.00000,62.6910,0.0034,0.362395,0.024876,67.7859,13.1646,64.5852,291.75,247.70,1.7538
009999,0.00000,62.8274,0.0034,0.361730,0.024856,67.6920,13.1657,64.5852,291.68,247.67,1.7449
009999,0.00000,62.9638,0.0034,0.361118,0.024836,67.6016,13.1681,64.5856,291.61,247.65,1.7361
009999,0.00000,63.1003,0.0034,0.360566,0.024816,67.5146,13.1716,64.5866,291.54,247.62,1.7272
009999,0.00000,63.2367,0.0034,0.360076,0.024797,67.4306,13.1763,64.5881,291.47,247.60,1.7184
009999,0.00000,63.3731,0.0034,0.359652,0.024778,67.3500,13.1823,64.5900,291.40,247.57,1.7096
009999,0.00000,63.5096,0.0034,0.359298,0.024760,67.2723,13.1894,64.5923,291.33,247.55,1.7008
009999,0.00000,63.6460,0.0034,0.359016,0.024740,67.1978,13.1978,64.5950,291.26,247.52,1.6920
009999,0.00000,63.7824,0.0034,0.358809,0.024721,67.1261,13.2073,64.5982,291.20,247.50,1.6833
009999,0.00000,63.9189,0.0034,0.358679,0.024702,67.0574,13.2180,64.6017,291.13,247.48,1.6746
009999,0.00000,64.0553,0.0034,0.358628,0.024682,66.9913,13.2299,64.6055,291.07,247.46,1.6658
009999,0.00000,64.1917,0.0034,0.358658,0.024661,66.9280,13.2429,64.6098,291.01,247.44,1.6571
009999,0.00000,64.3282,0.0034,0.358771,0.024640,66.8673,13.2572,64.6143,290.95,247.42,1.6484
009999,0.00000,64.4646,0.0034,0.358968,0.024618,66.8091,13.2726,64.6189,290.88,247.40,1.6398
009999,0.00000,64.6010,0.0034,0.359249,0.024596,66.7533,13.2892,64.6239,290.82,247.39,1.6311
009999,0.00000,64.7375,0.0034,0.359617,0.024573,66.6999,13.3070,64.6291,290.76,247.37,1.6224
009999,0.00000,64.8739,0.0034,0.360072,0.024549,66.6488,13.3259,64.6345,290.70,247.36,1.6138
009999,0.00000,65.0103,0.0034,0.360615,0.024524,66.5999,13.3461,64.6399,290.64,247.34,1.6051
009999,0.00000,65.1468,0.0034,0.361247,0.024498,66.5531,13.3673,64.6456,290.59,247.33,1.5965
009999,0.00000,65.2832,0.0034,0.361968,0.024471,66.5084,13.3898,64.6512,290.53,247.31,1.5878
009999,0.00000,65.4196,0.0034,0.362780,0.024443,66.4655,13.4134,64.6571,290.47,247.30,1.5792
009999,0.00000,65.5561,0.0034,0.363682,0.024414,66.4247,13.4382,64.6628,290.42,247.29,1.5705
009999,0.00000,65.6925,0.0034,0.364676,0.024384,66.3854,13.4642,64.6686,290.36,247.28,1.5619
009999,0.00000,65.8289,0.0034,0.365762,0.024353,66.3481,13.4914,64.6743,290.30,247.27,1.5533
009999,0.00000,65.9654,0.0034,0.366941,0.024321,66.3123,13.5198,64.6800,290.25,247.26,1.5446
009999,0.00000,66.1018,0.0034,0.368213,0.024287,66.2781,13.5494,64.6855,290.19,247.25,1.5360
009999,0.00000,66.2382,0.0034,0.369580,0.024252,66.2455,13.5802,64.6908,290.14,247.24,1.5273
009999,0.00000,66.3747,0.0035,0.371041,0.024216,66.2142,13.6121,64.6958,290.08,247.23,1.5187
009999,0.00000,66.5111,0.0035,0.372598,0.024178,66.1845,13.6454,64.7008,290.03,247.22,1.5100
009999,0.00000,66.6475,0.0035,0.374252,0.024139,66.1559,13.6798,64.7054,289.97,247.21,1.5013
009999,0.00000,66.7840,0.0035,0.376003,0.024098,66.1287,13.7155,64.7096,289.92,247.21,1.4926
009999,0.00000,66.9204,0.0035,0.377851,0.024056,66.1026,13.7525,64.7134,289.87,247.20,1.4840
009999,0.00000,67.0568,0.0035,0.379799,0.024012,66.0777,13.7907,64.7169,289.81,247.20,1.4753
009999,0.00000,67.1933,0.0035,0.381847,0.023966,66.0538,13.8302,64.7199,289.76,247.19,1.4665
009999,0.00000,67.3297,0.0035,0.383995,0.023919,66.0309,13.8709,64.7223,289.71,247.19,1.4578
009999,0.00000,67.4661,0.0035,0.386244,0.023870,66.0091,13.9130,64.7244,289.65,247.19,1.4491
009999,0.00000,67.6026,0.0036,0.388596,0.023819,65.9880,13.9565,64.7257,289.60,247.18,1.4403
009999,0.00000,67.7390,0.0036,0.391051,0.023766,65.9679,14.0012,64.7264,289.54,247.18,1.4315
009999,0.00000,67.8754,0.0036,0.393609,0.023710,65.9486,14.0475,64.7265,289.49,247.18,1.4227
009999,0.00000,68.0119,0.0036,0.396273,0.023653,65.9300,14.0950,64.7259,289.44,247.18,1.4139
009999,0.00000,68.1483,0.0036,0.399043,0.023594,65.9121,14.1439,64.7246,289.38,247.18,1.4050
009999,0.00000,68.2847,0.0036,0.401919,0.023533,65.8951,14.1943,64.7226,289.32,247.18,1.3962
009999,0.00000,68.4211,0.0037,0.404902,0.023469,65.8784,14.2462,64.7197,289.27,247.18,1.3873
009999,0.00000,68.5576,0.0037,0.407994,0.023403,65.8625,14.2995,64.7160,289.21,247.19,1.3784
009999,0.00000,68.6940,0.0037,0.411195,0.023335,65.8471,14.3543,64.7115,289.16,247.19,1.3694
009999,0.00000,68.8304,0.0037,0.414505,0.023264,65.8323,14.4108,64.7062,289.10,247.19,1.3605
009999,0.00000,68.9669,0.0037,0.417927,0.023190,65.8179,14.4688,64.7001,289.04,247.20,1.3515
009999,0.00000,69.1033,0.0038,0.421461,0.023115,65.8041,14.5284,64.6930,288.98,247.20,1.3424
009999,0.00000,69.2397,0.0038,0.425107,0.023036,65.7907,14.5896,64.6849,288.92,247.21,1.3334
009999,0.00000,69.3762,0.0038,0.428868,0.022955,65.7777,14.6526,64.6761,288.86,247.21,1.3243
009999,0.00000,69.5126,0.0038,0.432744,0.022870,65.7651,14.7173,64.6662,288.80,247.22,1.3151
009999,0.00000,69.6490,0.0039,0.436736,0.022783,65.7528,14.7840,64.6556,288.73,247.23,1.3060
009999,0.00000,69.7855,0.0039,0.440846,0.022693,65.7411,14.8523,64.6439,288.67,247.24,1.2968
009999,0.00000,69.9219,0.0039,0.445076,0.022600,65.7296,14.9226,64.6313,288.60,247.25,1.2875
009999,0.00000,70.0583,0.0040,0.449428,0.022504,65.7184,14.9947,64.6178,288.54,247.26,1.2782
009999,0.00000,70.1948,0.0040,0.453904,0.022404,65.7075,15.0689,64.6032,288.47,247.27,1.2689
009999,0.00000,70.3312,0.0040,0.458506,0.022300,65.6971,15.1452,64.5878,288.40,247.28,1.2595
009999,0.00000,70.4676,0.0041,0.463237,0.022193,65.6869,15.2236,64.5714,288.33,247.29,1.2501
009999,0.00000,70.6041,0.0041,0.468101,0.022083,65.6769,15.3041,64.5541,288.25,247.31,1.2407
009999,0.00000,70.7405,0.0041,0.473101,0.021968,65.6673,15.3869,64.5358,288.18,247.32,1.2312
009999,0.00000,70.8769,0.0042,0.478242,0.021848,65.6579,15.4722,64.5166,288.11,247.34,1.2216
009999,0.00000,71.0134,0.0042,0.483529,0.021724,65.6487,15.5597,64.4964,288.03,247.36,1.2120
009999,0.00000,71.1498,0.0043,0.488968,0.021595,65.6398,15.6498,64.4752,287.95,247.38,1.2023
009999,0.00000,71.2862,0.0043,0.494564,0.021461,65.6311,15.7424,64.4531,287.87,247.40,1.1926
009999,0.00000,71.4227,0.0044,0.500324,0.021321,65.6226,15.8377,64.4301,287.79,247.42,1.1828
009999,0.00000,71.5591,0.0044,0.506257,0.021175,65.6143,15.9357,64.4059,287.70,247.44,1.1729
009999,0.00000,71.6955,0.0045,0.512369,0.021022,65.6061,16.0364,64.3810,287.62,247.46,1.1630
009999,0.00000,71.8320,0.0045,0.518670,0.020862,65.5980,16.1401,64.3549,287.53,247.49,1.1530
009999,0.00000,71.9684,0.0046,0.525170,0.020694,65.5899,16.2469,64.3279,287.44,247.52,1.1430
009999,0.00000,72.1048,0.0047,0.531876,0.020518,65.5818,16.3566,64.2999,287.35,247.55,1.1329
009999,0.00000,72.2413,0.0047,0.538801,0.020333,65.5737,16.4693,64.2709,287.25,247.58,1.1227
009999,0.00000,72.3777,0.0048,0.545952,0.020139,65.5656,16.5853,64.2410,287.16,247.61,1.1124
009999,0.00000,72.5141,0.0049,0.553341,0.019933,65.5572,16.7046,64.2100,287.06,247.64,1.1020
009999,0.00000,72.6506,0.0050,0.560975,0.019717,65.5485,16.8272,64.1782,286.96,247.68,1.0916
009999,0.00000,72.7870,0.0051,0.568863,0.019489,65.5396,16.9532,64.1453,286.85,247.71,1.0811
009999,0.00000,72.9234,0.0052,0.577011,0.019248,65.5302,17.0825,64.1116,286.75,247.75,1.0704
009999,0.00000,73.0599,0.0053,0.585425,0.018994,65.5204,17.2152,64.0771,286.64,247.79,1.0597
009999,0.00000,73.1963,0.0054,0.594107,0.018726,65.5101,17.3515,64.0418,286.53,247.84,1.0489
009999,0.00000,73.3327,0.0055,0.603057,0.018444,65.4989,17.4911,64.0056,286.42,247.88,1.0380
009999,0.00000,73.4692,0.0056,0.612272,0.018146,65.4870,17.6340,63.9689,286.30,247.93,1.0269
009999,0.00000,73.6056,0.0058,0.621747,0.017834,65.4743,17.7803,63.9315,286.18,247.98,1.0157
009999,0.00000,73.7420,0.0059,0.631470,0.017507,65.4606,17.9297,63.8938,286.07,248.03,1.0044
009999,0.00000,73.8785,0.0061,0.641426,0.017165,65.4457,18.0824,63.8556,285.94,248.08,0.9930
009999,0.00000,74.0149,0.0063,0.651599,0.016808,65.4297,18.2379,63.8171,285.82,248.14,0.9814
009999,0.00000,74.1513,0.0065,0.661964,0.016437,65.4124,18.3964,63.7785,285.70,248.20,0.9697
009999,0.00000,74.2878,0.0067,0.672495,0.016052,65.3938,18.5574,63.7399,285.57,248.26,0.9579
009999,0.00000,74.4242,0.0069,0.683160,0.015654,65.3737,18.7207,63.7014,285.45,248.32,0.9458
009999,0.00000,74.5606,0.0071,0.693927,0.015245,65.3521,18.8862,63.6632,285.33,248.38,0.9336
009999,0.00000,74.6971,0.0074,0.704757,0.014825,65.3289,19.0533,63.6254,285.20,248.45,0.9213
009999,0.00000,74.8335,0.0077,0.715612,0.014396,65.3038,19.2218,63.5881,285.08,248.51,0.9087
009999,0.00000,74.9699,0.0080,0.726451,0.013960,65.2770,19.3912,63.5516,284.95,248.58,0.8960
009999,0.00000,75.1064,0.0083,0.737234,0.013518,65.2484,19.5612,63.5158,284.83,248.65,0.8830
009999,0.00000,75.2428,0.0087,0.747919,0.013072,65.2178,19.7311,63.4808,284.71,248.72,0.8699
009999,0.00000,75.3792,0.0090,0.758466,0.012624,65.1851,19.9004,63.4469,284.59,248.80,0.8565
009999,0.00000,75.5157,0.0094,0.768839,0.012176,65.1503,20.0686,63.4139,284.47,248.87,0.8429
009999,0.00000,75.6521,0.0099,0.779002,0.011730,65.1131,20.2349,63.3821,284.36,248.94,0.8290
009999,0.00000,75.7885,0.0103,0.788923,0.011286,65.0737,20.3988,63.3516,284.25,249.02,0.8150
009999,0.00000,75.9250,0.0108,0.798573,0.010847,65.0318,20.5593,63.3221,284.14,249.09,0.8006
009999,0.00000,76.0614,0.0113,0.807927,0.010415,64.9873,20.7160,63.2939,284.03,249.16,0.7861
009999,0.00000,76.1978,0.0119,0.816965,0.009990,64.9401,20.8676,63.2668,283.93,249.24,0.7712
009999,0.00000,76.3343,0.0125,0.825671,0.009574,64.8900,21.0136,63.2411,283.83,249.31,0.7561
009999,0.00000,76.4707,0.0131,0.834030,0.009168,64.8367,21.1531,63.2165,283.73,249.38,0.7407
009999,0.00000,76.6071,0.0138,0.842035,0.008772,64.7804,21.2848,63.1930,283.64,249.45,0.7251
009999,0.00000,76.7436,0.0145,0.849680,0.008388,64.7206,21.4081,63.1709,283.55,249.52,0.7092
009999,0.00000,76.8800,0.0152,0.856964,0.008015,64.6574,21.5218,63.1498,283.46,249.59,0.6930
009999,0.00000,77.0164,0.0159,0.863886,0.007655,64.5904,21.6250,63.1297,283.38,249.65,0.6765
009999,0.00000,77.1529,0.0167,0.870450,0.007307,64.5195,21.7165,63.1106,283.30,249.71,0.6598
009999,0.00000,77.2893,0.0176,0.876663,0.006972,64.4445,21.7953,63.0926,283.22,249.77,0.6428
009999,0.00000,77.4257,0.0184,0.882531,0.006650,64.3651,21.8603,63.0756,283.15,249.82,0.6256
009999,0.00000,77.5622,0.0193,0.888064,0.006340,64.2813,21.9103,63.0592,283.08,249.88,0.6081
009999,0.00000,77.6986,0.0203,0.893271,0.006043,64.1928,21.9444,63.0438,283.01,249.92,0.5904
009999,0.00000,77.8350,0.0212,0.898164,0.005758,64.0995,21.9612,63.0290,282.94,249.96,0.5725
009999,0.00000,77.9715,0.0222,0.902754,0.005486,64.0011,21.9598,63.0151,282.88,250.00,0.5544
009999,0.00000,78.1079,0.0232,0.907053,0.005225,63.8973,21.9388,63.0018,282.81,250.03,0.5362
009999,0.00000,78.2443,0.0242,0.911072,0.004975,63.7882,21.8973,62.9891,282.75,250.06,0.5178
009999,0.00000,78.3808,0.0252,0.914824,0.004737,63.6734,21.8340,62.9768,282.70,250.08,0.4992
009999,0.00000,78.5172,0.0263,0.918320,0.004509,63.5528,21.7479,62.9651,282.64,250.09,0.4806
009999,0.00000,78.6536,0.0273,0.921571,0.004292,63.4262,21.6379,62.9539,282.59,250.10,0.4619
009999,0.00000,78.7901,0.0284,0.924588,0.004084,63.2935,21.5030,62.9431,282.54,250.10,0.4432
009999,0.00000,78.9265,0.0294,0.927381,0.003886,63.1545,21.3419,62.9326,282.48,250.09,0.4245
009999,0.00000,79.0629,0.0305,0.929960,0.003697,63.0090,21.1535,62.9225,282.44,250.08,0.4058
009999,0.00000,79.1994,0.0315,0.932332,0.003517,62.8568,20.9370,62.9127,282.39,250.06,0.3872
009999,0.00000,79.3358,0.0325,0.934505,0.003345,62.6978,20.6913,62.9031,282.34,250.03,0.3688
009999,0.00000,79.4722,0.0334,0.936485,0.003181,62.5319,20.4153,62.8938,282.29,249.99,0.3505
009999,0.00000,79.6087,0.0344,0.938278,0.003024,62.3591,20.1080,62.8847,282.25,249.95,0.3325
009999,0.00000,79.7451,0.0352,0.939888,0.002875,62.1788,19.7684,62.8757,282.21,249.90,0.3147
009999,0.00000,79.8815,0.0360,0.941316,0.002733,61.9915,19.3954,62.8670,282.16,249.85,0.2973
009999,0.00000,80.0180,0.0367,0.942564,0.002597,61.7964,18.9879,62.8584,282.12,249.79,0.2801
009999,0.00000,80.1544,0.0374,0.943630,0.002467,61.5938,18.5445,62.8498,282.08,249.72,0.2634
009999,0.00000,80.2908,0.0379,0.944509,0.002344,61.3833,18.0640,62.8413,282.04,249.64,0.2472
009999,0.00000,80.4273,0.0383,0.945194,0.002226,61.1649,17.5446,62.8330,282.00,249.56,0.2314
009999,0.00000,80.5637,0.0386,0.945673,0.002114,60.9386,16.9847,62.8247,281.96,249.47,0.2162
009999,0.00000,80.7001,0.0388,0.945930,0.002006,60.7039,16.3819,62.8163,281.92,249.37,0.2016
009999,0.00000,80.8366,0.0387,0.945939,0.001904,60.4609,15.7336,62.8082,281.88,249.27,0.1875
009999,0.00000,80.9730,0.0385,0.945669,0.001806,60.2096,15.0369,62.8000,281.84,249.15,0.1742
009999,0.00000,81.1094,0.0380,0.945072,0.001712,59.9497,14.2884,62.7918,281.80,249.02,0.1615
009999,0.00000,81.2459,0.0373,0.944085,0.001622,59.6812,13.4843,62.7836,281.76,248.88,0.1496
009999,0.00000,81.3823,0.0364,0.942619,0.001536,59.4043,12.6212,62.7753,281.72,248.71,0.1385
009999,0.00000,81.5187,0.0351,0.940554,0.001453,59.1192,11.6970,62.7671,281.68,248.52,0.1282
009999,0.00000,81.6552,0.0335,0.937719,0.001373,58.8265,10.7115,62.7588,281.64,248.31,0.1187
009999,0.00000,81.7916,0.0316,0.933881,0.001296,58.5266,9.6691,62.7506,281.60,248.06,0.1102
009999,0.00000,81.9280,0.0293,0.928716,0.001222,58.2206,8.5806,62.7423,281.56,247.78,0.1025
009999,0.00000,82.0644,0.0268,0.921781,0.001150,57.9097,7.4651,62.7339,281.52,247.46,0.0958
009999,0.00000,82.2009,0.0239,0.912472,0.001081,57.5957,6.3504,62.7256,281.48,247.12,0.0900
009999,0.00000,82.3373,0.0210,0.899987,0.001013,57.2802,5.2712,62.7173,281.44,246.77,0.0851
009999,0.00000,82.4737,0.0180,0.883284,0.000947,56.9652,4.2640,62.7090,281.40,246.43,0.0811
009999,0.00000,82.6102,0.0152,0.861060,0.000881,56.6526,3.3610,62.7005,281.36,246.11,0.0778
009999,0.00000,82.7466,0.0125,0.831769,0.000815,56.3444,2.5837,62.6922,281.32,245.82,0.0753
009999,0.00000,82.8830,0.0103,0.793736,0.000747,56.0417,1.9403,62.6839,281.29,245.57,0.0733
009999,0.00000,83.0195,0.0083,0.745408,0.000676,55.7459,1.4267,62.6755,281.25,245.37,0.0719
009999,0.00000,83.1559,0.0067,0.685792,0.000602,55.4575,1.0296,62.6672,281.21,245.21,0.0708
009999,0.00000,83.2923,0.0055,0.615058,0.000523,55.1772,0.7309,62.6589,281.18,245.09,0.0700
009999,0.00000,83.4288,0.0046,0.535105,0.000443,54.9050,0.5114,62.6506,281.15,245.00,0.0694
009999,0.00000,83.5652,0.0039,0.449768,0.000363,54.6410,0.3532,62.6423,281.11,244.93,0.0691
009999,0.00000,83.7016,0.0033,0.364314,0.000287,54.3852,0.2412,62.6338,281.08,244.89,0.0688
009999,0.00000,83.8381,0.0030,0.284265,0.000219,54.1370,0.1630,62.6253,281.05,244.85,0.0686
009999,0.00000,83.9745,0.0027,0.214027,0.000161,53.8965,0.1091,62.6169,281.03,244.83,0.0685
009999,0.00000,84.1109,0.0025,0.156012,0.000115,53.6633,0.0724,62.6083,281.00,244.81,0.0684
009999,0.00000,84.2474,0.0024,0.110565,0.000080,53.4369,0.0476,62.5996,280.97,244.80,0.0683
009999,0.00000,84.3838,0.0023,0.076513,0.000054,53.2173,0.0310,62.5908,280.94,244.80,0.0683
009999,0.00000,84.5202,0.0022,0.051907,0.000036,53.0042,0.0201,62.5820,280.92,244.79,0.0683
009999,0.00000,84.6567,0.0022,0.034637,0.000024,52.7974,0.0129,62.5731,280.89,244.79,0.0682
009999,0.00000,84.7931,0.0022,0.022791,0.000015,52.5967,0.0082,62.5641,280.87,244.79,0.0682
009999,0.00000,84.9295,0.0022,0.014818,0.000010,52.4025,0.0052,62.5549,280.85,244.79,0.0682
009999,0.00000,85.0660,0.0021,0.009531,0.000006,52.2147,0.0032,62.5459,280.82,244.79,0.0682
009999,0.00000,85.2024,0.0021,0.006069,0.000004,52.0339,0.0020,62.5368,280.80,244.79,0.0682
009999,0.00000,85.3388,0.0021,0.003828,0.000002,51.8606,0.0012,62.5278,280.78,244.78,0.0682
009999,0.00000,85.4753,0.0021,0.002391,0.000001,51.6960,0.0007,62.5191,280.76,244.78,0.0682
009999,0.00000,85.6117,0.0021,0.001477,0.000001,51.5417,0.0004,62.5105,280.75,244.78,0.0682
009999,0.00000,85.7481,0.0021,0.000900,0.000000,51.3995,0.0003,62.5024,280.73,244.78,0.0682
009999,0.00000,85.8846,0.0021,0.000539,0.000000,51.2722,0.0001,62.4950,280.71,244.78,0.0682
009999,0.00000,86.0210,0.0021,0.000315,0.000000,51.1625,0.0001,62.4885,280.70,244.78,0.0682
009999,0.00000,86.1574,0.0021,0.000176,0.000000,51.0743,0.0000,62.4832,280.69,244.78,0.0682
009999,0.00000,86.2939,0.0021,0.000090,0.000000,51.0112,0.0000,62.4794,280.69,244.78,0.0682
009999,0.00000,86.4303,0.0021,0.000038,0.000000,50.9762,0.0000,62.4770,280.68,244.78,0.0682
009999,0.00000,86.5667,0.0021,0.000006,0.000000,50.9727,0.0000,62.4768,280.68,244.78,0.0682
009999,0.00000,86.7032,0.0021,0.000000,0.000000,0.0000,0.0000,0.0000,0.00,244.78,0.0682
009999,0.00000,86.8396,0.0021,0.000000,0.000000,0.0000,0.0000,0.0000,0.00,244.78,0.0682
009999,0.00000,86.9760,0.0021,0.000000,0.000000,0.0000,0.0000,0.0000,0.00,244.78,0.0682
009999,0.00000,87.1125,0.0021,0.000000,0.000000,0.0000,0.0000,0.0000,0.00,244.78,0.0682
009999,0.00000,87.2489,0.0021,0.000000,0.000000,0.0000,0.0000,0.0000,0.00,244.78,0.0682
009999,0.00000,87.3853,0.0021,0.000000,0.000000,0.0000,0.0000,0.0000,0.00,244.78,0.0682
009999,0.00000,87.5218,0.0021,0.000000,0.000000,0.0000,0.0000,0.0000,0.00,244.78,0.0682
009999,0.00000,87.6582,0.0021,0.000000,0.000000,0.0000,0.0000,0.0000,0.00,244.78,0.0682
009999,0.00000,87.7946,0.0021,0.000000,0.000000,0.0000,0.0000,0.0000,0.00,244.78,0.0682
009999,0.00000,87.9311,0.0021,0.000000,0.000000,0.0000,0.0000,0.0000,0.00,244.78,0.0682
009999,0.00000,88.0675,0.0021,0.000000,0.000000,0.0000,0.0000,0.0000,0.00,244.78,0.0682
009999,0.00000,88.2039,0.0021,0.000000,0.000000,0.0000,0.0000,0.0000,0.00,244.78,0.0682
009999,0.00000,88.3404,0.0021,0.000000,0.000000,0.0000,0.0000,0.0000,0.00,244.78,0.0682
009999,0.00000,88.4768,0.0021,0.000000,0.000000,0.0000,0.0000,0.0000,0.00,244.78,0.0682
009999,0.00000,88.6132,0.0021,0.000000,0.000000,0.0000,0.0000,0.0000,0.00,244.78,0.0682
009999,0.00000,88.7497,0.0021,0.000000,0.000000,0.0000,0.0000,0.0000,0.00,244.78,0.0682
009999,0.00000,88.8861,0.0021,0.000000,0.000000,0.0000,0.0000,0.0000,0.00,244.78,0.0682
009999,0.00000,89.0225,0.0021,0.000000,0.000000,0.0000,0.0000,0.0000,0.00,244.78,0.0682
009999,0.00000,89.1590,0.0021,0.000000,0.000000,0.0000,0.0000,0.0000,0.00,244.78,0.0682
009999,0.00000,89.2954,0.0021,0.000000,0.000000,0.0000,0.0000,0.0000,0.00,244.78,0.0682
009999,0.00000,89.4318,0.0021,0.000000,0.000000,0.0000,0.0000,0.0000,0.00,244.78,0.0682
009999,0.00000,89.5683,0.0021,0.000000,0.000000,0.0000,0.0000,0.0000,0.00,244.78,0.0682
009999,0.00000,89.7047,0.0021,0.000000,0.000000,0.0000,0.0000,0.0000,0.00,244.78,0.0682
009999,0.00000,89.8411,0.0021,0.000000,0.000000,0.0000,0.0000,0.0000,0.00,244.78,0.0682
009999,0.00000,89.9776,0.0021,0.000000,0.000000,0.0000,0.0000,0.0000,0.00,244.78,0.0682
009999,0.00000,90.1140,0.0021,0.000000,0.000000,0.0000,0.0000,0.0000,0.00,244.78,0.0682
009999,0.00000,90.2504,0.0021,0.000000,0.000000,0.0000,0.0000,0.0000,0.00,244.78,0.0682
009999,0.00000,90.3869,0.0021,0.000000,0.000000,0.0000,0.0000,0.0000,0.00,244.78,0.0682
009999,0.00000,90.5233,0.0021,0.000000,0.000000,0.0000,0.0000,0.0000,0.00,244.78,0.0682
009999,0.00000,90.6597,0.0021,0.000000,0.000000,0.0000,0.0000,0.0000,0.00,244.78,0.0682
009999,0.00000,90.7962,0.0021,0.000000,0.000000,0.0000,0.0000,0.0000,0.00,244.78,0.0682
009999,0.00000,90.9326,0.0021,0.000000,0.000000,0.0000,0.0000,0.0000,0.00,244.78,0.0682
009999,0.00000,91.0690,0.0021,0.000000,0.000000,0.0000,0.0000,0.0000,0.00,244.78,0.0682
009999,0.00000,91.2055,0.0021,0.000000,0.000000,0.0000,0.0000,0.0000,0.00,244.78,0.0682
009999,0.00000,91.3419,0.0021,0.000000,0.000000,0.0000,0.0000,0.0000,0.00,244.78,0.0682
009999,0.00000,91.4783,0.0021,0.000000,0.000000,0.0000,0.0000,0.0000,0.00,244.78,0.0682
009999,0.00000,91.6148,0.0021,0.000000,0.000000,0.0000,0.0000,0.0000,0.00,244.78,0.0682
009999,0.00000,91.7512,0.0021,0.000000,0.000000,0.0000,0.0000,0.0000,0.00,244.78,0.0682
009999,0.00000,91.8876,0.0021,0.000000,0.000000,0.0000,0.0000,0.0000,0.00,244.78,0.0682
009999,0.00000,92.0241,0.0021,0.000000,0.000000,0.0000,0.0000,0.0000,0.00,244.78,0.0682
009999,0.00000,92.1605,0.0021,0.000000,0.000000,0.0000,0.0000,0.0000,0.00,244.78,0.0682
009999,0.00000,92.2969,0.0021,0.000000,0.000000,0.0000,0.0000,0.0000,0.00,244.78,0.0682
009999,0.00000,92.4334,0.0021,0.000000,0.000000,0.0000,0.0000,0.0000,0.00,244.78,0.0682
009999,0.00000,92.5698,0.0021,0.000000,0.000000,0.0000,0.0000,0.0000,0.00,244.78,0.0682
009999,0.00000,92.7062,0.0021,0.000000,0.000000,0.0000,0.0000,0.0000,0.00,244.78,0.0682
009999,0.00000,92.8427,0.0021,0.000000,0.000000,0.0000,0.0000,0.0000,0.00,244.78,0.0682
009999,0.00000,92.9791,0.0021,0.000000,0.000000,0.0000,0.0000,0.0000,0.00,244.78,0.0682
009999,0.00000,93.1155,0.0021,0.000000,0.000000,0.0000,0.0000,0.0000,0.00,244.78,0.0682
009999,0.00000,93.2520,0.0021,0.000000,0.000000,0.0000,0.0000,0.0000,0.00,244.78,0.0682
009999,0.00000,93.3884,0.0021,0.000000,0.000000,0.0000,0.0000,0.0000,0.00,244.78,0.0682
009999,0.00000,93.5248,0.0021,0.000000,0.000000,0.0000,0.0000,0.0000,0.00,244.78,0.0682
009999,0.00000,93.6613,0.0021,0.000000,0.000000,0.0000,0.0000,0.0000,0.00,244.78,0.0682
009999,0.00000,93.7977,0.0021,0.000000,0.000000,0.0000,0.0000,0.0000,0.00,244.78,0.0682
009999,0.00000,93.9341,0.0021,0.000000,0.000000,0.0000,0.0000,0.0000,0.00,244.78,0.0682
009999,0.00000,94.0706,0.0021,0.000000,0.000000,0.0000,0.0000,0.0000,0.00,244.78,0.0682
009999,0.00000,94.2070,0.0021,0.000000,0.000000,0.0000,0.0000,0.0000,0.00,244.78,0.0682
009999,0.00000,94.3434,0.0021,0.000000,0.000000,0.0000,0.0000,0.0000,0.00,244.78,0.0682
009999,0.00000,94.4799,0.0021,0.000000,0.000000,0.0000,0.0000,0.0000,0.00,244.78,0.0682
009999,0.00000,94.6163,0.0021,0.000000,0.000000,0.0000,0.0000,0.0000,0.00,244.78,0.0682
009999,0.00000,94.7527,0.0021,0.000000,0.000000,0.0000,0.0000,0.0000,0.00,244.78,0.0682
009999,0.00000,94.8892,0.0021,0.000000,0.000000,0.0000,0.0000,0.0000,0.00,244.78,0.0682
009999,0.00000,95.0256,0.0021,0.000000,0.000000,0.0000,0.0000,0.0000,0.00,244.78,0.0682
009999,0.00000,95.1620,0.0021,0.000000,0.000000,0.0000,0.0000,0.0000,0.00,244.78,0.0682
009999,0.00000,95.2985,0.0021,0.000000,0.000000,0.0000,0.0000,0.0000,0.00,244.78,0.0682
009999,0.00000,95.4349,0.0021,0.000000,0.000000,0.0000,0.0000,0.0000,0.00,244.78,0.0682
009999,0.00000,95.5713,0.0021,0.000000,0.000000,0.0000,0.0000,0.0000,0.00,244.78,0.0682
009999,0.00000,95.7077,0.0021,0.000000,0.000000,0.0000,0.0000,0.0000,0.00,244.78,0.0682
009999,0.00000,95.8442,0.0021,0.000000,0.000000,0.0000,0.0000,0.0000,0.00,244.78,0.0682
009999,0.00000,95.9806,0.0021,0.000000,0.000000,0.0000,0.0000,0.0000,0.00,244.78,0.0682
009999,0.00000,96.1170,0.0021,0.000000,0.000000,0.0000,0.0000,0.0000,0.00,244.78,0.0682
009999,0.00000,96.2535,0.0021,0.000000,0.000000,0.0000,0.0000,0.0000,0.00,244.78,0.0682
009999,0.00000,96.3899,0.0021,0.000000,0.000000,0.0000,0.0000,0.0000,0.00,244.78,0.0682
009999,0.00000,96.5263,0.0021,0.000000,0.000000,0.0000,0.0000,0.0000,0.00,244.78,0.0682
009999,0.00000,96.6628,0.0021,0.000000,0.000000,0.0000,0.0000,0.0000,0.00,244.78,0.0682
009999,0.00000,96.7992,0.0021,0.000000,0.000000,0.0000,0.0000,0.0000,0.00,244.78,0.0682
009999,0.00000,96.9356,0.0021,0.000000,0.000000,0.0000,0.0000,0.0000,0.00,244.78,0.0682
009999,0.00000,97.0721,0.0021,0.000000,0.000000,0.0000,0.0000,0.0000,0.00,244.78,0.0682
009999,0.00000,97.2085,0.0021,0.000000,0.000000,0.0000,0.0000,0.0000,0.00,244.78,0.0682
009999,0.00000,97.3449,0.0021,0.000000,0.000000,0.0000,0.0000,0.0000,0.00,244.78,0.0682
009999,0.00000,97.4814,0.0021,0.000000,0.000000,0.0000,0.0000,0.0000,0.00,244.78,0.0682
009999,0.00000,97.6178,0.0021,0.000000,0.000000,0.0000,0.0000,0.0000,0.00,244.78,0.0682
009999,0.00000,97.7542,0.0021,0.000000,0.000000,0.0000,0.0000,0.0000,0.00,244.78,0.0682
009999,0.00000,97.8907,0.0021,0.000000,0.000000,0.0000,0.0000,0.0000,0.00,244.78,0.0682
009999,0.00000,98.0271,0.0021,0.000000,0.000000,0.0000,0.0000,0.0000,0.00,244.78,0.0682
009999,0.00000,98.1635,0.0021,0.000000,0.000000,0.0000,0.0000,0.0000,0.00,244.78,0.0682
009999,0.00000,98.3000,0.0021,0.000000,0.000000,0.0000,0.0000,0.0000,0.00,244.78,0.0682
009999,0.00000,98.4364,0.0021,0.000000,0.000000,0.0000,0.0000,0.0000,0.00,244.78,0.0682
009999,0.00000,98.5728,0.0021,0.000000,0.000000,0.0000,0.0000,0.0000,0.00,244.78,0.0682
009999,0.00000,98.7093,0.0021,0.000000,0.000000,0.0000,0.0000,0.0000,0.00,244.78,0.0682
009999,0.00000,98.8457,0.0021,0.000000,0.000000,0.0000,0.0000,0.0000,0.00,244.78,0.0682
009999,0.00000,98.9821,0.0021,0.000000,0.000000,0.0000,0.0000,0.0000,0.00,244.78,0.0682
009999,0.00000,99.1186,0.0021,0.000000,0.000000,0.0000,0.0000,0.0000,0.00,244.78,0.0682
009999,0.00000,99.2550,0.0021,0.000000,0.000000,0.0000,0.0000,0.0000,0.00,244.78,0.0682
009999,0.00000,99.3914,0.0021,0.000000,0.000000,0.0000,0.0000,0.0000,0.00,244.78,0.0682
009999,0.00000,99.5279,0.0021,0.000000,0.000000,0.0000,0.0000,0.0000,0.00,244.78,0.0682
009999,0.00000,99.6643,0.0021,0.000000,0.000000,0.0000,0.0000,0.0000,0.00,244.78,0.0682
009999,0.00000,99.8007,0.0021,0.000000,0.000000,0.0000,0.0000,0.0000,0.00,244.78,0.0682
009999,0.00000,99.9372,0.0021,0.000000,0.000000,0.0000,0.0000,0.0000,0.00,244.78,0.0682
009999,0.00000,100.0736,0.0021,0.000000,0.000000,0.0000,0.0000,0.0000,0.00,244.78,0.0682
009999,0.00000,100.2100,0.0021,0.000000,0.000000,0.0000,0.0000,0.0000,0.00,244.78,0.0682
009999,0.00000,100.3465,0.0021,0.000000,0.000000,0.0000,0.0000,0.0000,0.00,244.78,0.0682
009999,0.00000,100.4829,0.0021,0.000000,0.000000,0.0000,0.0000,0.0000,0.00,244.78,0.0682
009999,0.00000,100.6193,0.0021,0.000000,0.000000,0.0000,0.0000,0.0000,0.00,244.78,0.0682
009999,0.00000,100.7558,0.0021,0.000000,0.000000,0.0000,0.0000,0.0000,0.00,244.78,0.0682
009999,0.00000,100.8922,0.0021,0.000000,0.000000,0.0000,0.0000,0.0000,0.00,244.78,0.0682
009999,0.00000,101.0286,0.0021,0.000000,0.000000,0.0000,0.0000,0.0000,0.00,244.78,0.0682
009999,0.00000,101.1651,0.0021,0.000000,0.000000,0.0000,0.0000,0.0000,0.00,244.78,0.0682
009999,0.00000,101.3015,0.0021,0.000000,0.000000,0.0000,0.0000,0.0000,0.00,244.78,0.0682
009999,0.00000,101.4379,0.0021,0.000000,0.000000,0.0000,0.0000,0.0000,0.00,244.78,0.0682
009999,0.00000,101.5744,0.0021,0.000000,0.000000,0.0000,0.0000,0.0000,0.00,244.78,0.0682
009999,0.00000,101.7108,0.0021,0.000000,0.000000,0.0000,0.0000,0.0000,0.00,244.78,0.0682
009999,0.00000,101.8472,0.0021,0.000000,0.000000,0.0000,0.0000,0.0000,0.00,244.78,0.0682
009999,0.00000,101.9837,0.0021,0.000000,0.000000,0.0000,0.0000,0.0000,0.00,244.78,0.0682
009999,0.00000,102.1201,0.0021,0.000000,0.000000,0.0000,0.0000,0.0000,0.00,244.78,0.0682
009999,0.00000,102.2565,0.0021,0.000000,0.000000,0.0000,0.0000,0.0000,0.00,244.78,0.0682
009999,0.00000,102.3930,0.0021,0.000000,0.000000,0.0000,0.0000,0.0000,0.00,244.78,0.0682
009999,0.00000,102.5294,0.0021,0.000000,0.000000,0.0000,0.0000,0.0000,0.00,244.78,0.0682
009999,0.00000,102.6658,0.0021,0.000000,0.000000,0.0000,0.0000,0.0000,0.00,244.78,0.0682
009999,0.00000,102.8023,0.0021,0.000000,0.000000,0.0000,0.0000,0.0000,0.00,244.78,0.0682
009999,0.00000,102.9387,0.0021,0.000000,0.000000,0.0000,0.0000,0.0000,0.00,244.78,0.0682
009999,0.00000,103.0751,0.0021,0.000000,0.000000,0.0000,0.0000,0.0000,0.00,244.78,0.0682
009999,0.00000,103.2116,0.0021,0.000000,0.000000,0.0000,0.0000,0.0000,0.00,244.78,0.0682
009999,0.00000,103.3480,0.0021,0.000000,0.000000,0.0000,0.0000,0.0000,0.00,244.78,0.0682
009999,0.00000,103.4844,0.0021,0.000000,0.000000,0.0000,0.0000,0.0000,0.00,244.78,0.0682
009999,0.00000,103.6209,0.0021,0.000000,0.000000,0.0000,0.0000,0.0000,0.00,244.78,0.0682
009999,0.00000,103.7573,0.0021,0.000000,0.000000,0.0000,0.0000,0.0000,0.00,244.78,0.0682
009999,0.00000,103.8937,0.0021,0.000000,0.000000,0.0000,0.0000,0.0000,0.00,244.78,0.0682
009999,0.00000,104.0302,0.0021,0.000000,0.000000,0.0000,0.0000,0.0000,0.00,244.78,0.0682
009999,0.00000,104.1666,0.0021,0.000000,0.000000,0.0000,0.0000,0.0000,0.00,244.78,0.0682
009999,0.00000,104.3030,0.0021,0.000000,0.000000,0.0000,0.0000,0.0000,0.00,244.78,0.0682
009999,0.00000,104.4395,0.0021,0.000000,0.000000,0.0000,0.0000,0.0000,0.00,244.78,0.0682
009999,0.00000,104.5759,0.0021,0.000000,0.000000,0.0000,0.0000,0.0000,0.00,244.78,0.0682
009999,0.00000,104.7123,0.0021,0.000000,0.000000,0.0000,0.0000,0.0000,0.00,244.78,0.0682
009999,0.00000,104.8488,0.0021,0.000000,0.000000,0.0000,0.0000,0.0000,0.00,244.78,0.0682
009999,0.00000,104.9852,0.0021,0.000000,0.000000,0.0000,0.0000,0.0000,0.00,244.78,0.0682
009999,0.00000,105.1216,0.0021,0.000000,0.000000,0.0000,0.0000,0.0000,0.00,244.78,0.0682
009999,0.00000,105.2581,0.0021,0.000000,0.000000,0.0000,0.0000,0.0000,0.00,244.78,0.0682
009999,0.00000,105.3945,0.0021,0.000000,0.000000,0.0000,0.0000,0.0000,0.00,244.78,0.0682
009999,0.00000,105.5309,0.0021,0.000000,0.000000,0.0000,0.0000,0.0000,0.00,244.78,0.0682
009999,0.00000,105.6674,0.0021,0.000000,0.000000,0.0000,0.0000,0.0000,0.00,244.78,0.0682
009999,0.00000,105.8038,0.0021,0.000000,0.000000,0.0000,0.0000,0.0000,0.00,244.78,0.0682
009999,0.00000,105.9402,0.0021,0.000000,0.000000,0.0000,0.0000,0.0000,0.00,244.78,0.0682
009999,0.00000,106.0767,0.0021,0.000000,0.000000,0.0000,0.0000,0.0000,0.00,244.78,0.0682
009999,0.00000,106.2131,0.0021,0.000000,0.000000,0.0000,0.0000,0.0000,0.00,244.78,0.0682
009999,0.00000,106.3495,0.0021,0.000000,0.000000,0.0000,0.0000,0.0000,0.00,244.78,0.0682
009999,0.00000,106.4860,0.0021,0.000000,0.000000,0.0000,0.0000,0.0000,0.00,244.78,0.0682
009999,0.00000,106.6224,0.0021,0.000000,0.000000,0.0000,0.0000,0.0000,0.00,244.78,0.0682
009999,0.00000,106.7588,0.0021,0.000000,0.000000,0.0000,0.0000,0.0000,0.00,244.78,0.0682
009999,0.00000,106.8953,0.0021,0.000000,0.000000,0.0000,0.0000,0.0000,0.00,244.78,0.0682
009999,0.00000,107.0317,0.0021,0.000000,0.000000,0.0000,0.0000,0.0000,0.00,244.78,0.0682
009999,0.00000,107.1681,0.0021,0.000000,0.000000,0.0000,0.0000,0.0000,0.00,244.78,0.0682
009999,0.00000,107.3046,0.0021,0.000000,0.000000,0.0000,0.0000,0.0000,0.00,244.78,0.0682
009999,0.00000,107.4410,0.0021,0.000000,0.000000,0.0000,0.0000,0.0000,0.00,244.78,0.0682
009999,0.00000,107.5774,0.0021,0.000000,0.000000,0.0000,0.0000,0.0000,0.00,244.78,0.0682
009999,0.00000,107.7139,0.0021,0.000000,0.000000,0.0000,0.0000,0.0000,0.00,244.78,0.0682
009999,0.00000,107.8503,0.0021,0.000000,0.000000,0.0000,0.0000,0.0000,0.00,244.78,0.0682
009999,0.00000,107.9867,0.0021,0.000000,0.000000,0.0000,0.0000,0.0000,0.00,244.78,0.0682
009999,0.00000,108.1232,0.0021,0.000000,0.000000,0.0000,0.0000,0.0000,0.00,244.78,0.0682
009999,0.00000,108.2596,0.0021,0.000000,0.000000,0.0000,0.0000,0.0000,0.00,244.78,0.0682
009999,0.00000,108.3960,0.0021,0.000000,0.000000,0.0000,0.0000,0.0000,0.00,244.78,0.0682
009999,0.00000,108.5325,0.0021,0.000000,0.000000,0.0000,0.0000,0.0000,0.00,244.78,0.0682
009999,0.00000,108.6689,0.0021,0.000000,0.000000,0.0000,0.0000,0.0000,0.00,244.78,0.0682
009999,0.00000,108.8053,0.0021,0.000000,0.000000,0.0000,0.0000,0.0000,0.00,244.78,0.0682
009999,0.00000,108.9418,0.0021,0.000000,0.000000,0.0000,0.0000,0.0000,0.00,244.78,0.0682
009999,0.00000,109.0782,0.0021,0.000000,0.000000,0.0000,0.0000,0.0000,0.00,244.78,0.0682
009999,0.00000,109.2146,0.0021,0.000000,0.000000,0.0000,0.0000,0.0000,0.00,244.78,0.0682
009999,0.00000,109.3510,0.0021,0.000000,0.000000,0.0000,0.0000,0.0000,0.00,244.78,0.0682
009999,0.00000,109.4875,0.0021,0.000000,0.000000,0.0000,0.0000,0.0000,0.00,244.78,0.0682
009999,0.00000,109.6239,0.0021,0.000000,0.000000,0.0000,0.0000,0.0000,0.00,244.78,0.0682
009999,0.00000,109.7603,0.0021,0.000000,0.000000,0.0000,0.0000,0.0000,0.00,244.78,0.0682
009999,0.00000,109.8968,0.0021,0.000000,0.000000,0.0000,0.0000,0.0000,0.00,244.78,0.0682
009999,0.00000,110.0332,0.0021,0.000000,0.000000,0.0000,0.0000,0.0000,0.00,244.78,0.0682
009999,0.00000,110.1696,0.0021,0.000000,0.000000,0.0000,0.0000,0.0000,0.00,244.78,0.0682
009999,0.00000,110.3061,0.0021,0.000000,0.000000,0.0000,0.0000,0.0000,0.00,244.78,0.0682
009999,0.00000,110.4425,0.0021,0.000000,0.000000,0.0000,0.0000,0.0000,0.00,244.78,0.0682
009999,0.00000,110.5789,0.0021,0.000000,0.000000,0.0000,0.0000,0.0000,0.00,244.78,0.0682
009999,0.00000,110.7154,0.0021,0.000000,0.000000,0.0000,0.0000,0.0000,0.00,244.78,0.0682
009999,0.00000,110.8518,0.0021,0.000000,0.000000,0.0000,0.0000,0.0000,0.00,244.78,0.0682
009999,0.00000,110.9882,0.0021,0.000000,0.000000,0.0000,0.0000,0.0000,0.00,244.78,0.0682
009999,0.00000,111.1247,0.0021,0.000000,0.000000,0.0000,0.0000,0.0000,0.00,244.78,0.0682
009999,0.00000,111.2611,0.0021,0.000000,0.000000,0.0000,0.0000,0.0000,0.00,244.78,0.0682
009999,0.00000,111.3975,0.0021,0.000000,0.000000,0.0000,0.0000,0.0000,0.00,244.78,0.0682
009999,0.00000,111.5340,0.0021,0.000000,0.000000,0.0000,0.0000,0.0000,0.00,244.78,0.0682
009999,0.00000,111.6704,0.0021,0.000000,0.000000,0.0000,0.0000,0.0000,0.00,244.78,0.0682
009999,0.00000,111.8068,0.0021,0.000000,0.000000,0.0000,0.0000,0.0000,0.00,244.78,0.0682
009999,0.00000,111.9433,0.0021,0.000000,0.000000,0.0000,0.0000,0.0000,0.00,244.78,0.0682
009999,0.00000,112.0797,0.0021,0.000000,0.000000,0.0000,0.0000,0.0000,0.00,244.78,0.0682
009999,0.00000,112.2161,0.0021,0.000000,0.000000,0.0000,0.0000,0.0000,0.00,244.78,0.0682
009999,0.00000,112.3526,0.0021,0.000000,0.000000,0.0000,0.0000,0.0000,0.00,244.78,0.0682
009999,0.00000,112.4890,0.0021,0.000000,0.000000,0.0000,0.0000,0.0000,0.00,244.78,0.0682
009999,0.00000,112.6254,0.0021,0.000000,0.000000,0.0000,0.0000,0.0000,0.00,244.78,0.0682
009999,0.00000,112.7619,0.0021,0.000000,0.000000,0.0000,0.0000,0.0000,0.00,244.78,0.0682
009999,0.00000,112.8983,0.0021,0.000000,0.000000,0.0000,0.0000,0.0000,0.00,244.78,0.0682
009999,0.00000,113.0347,0.0021,0.000000,0.000000,0.0000,0.0000,0.0000,0.00,244.78,0.0682
009999,0.00000,113.1712,0.0021,0.000000,0.000000,0.0000,0.0000,0.0000,0.00,244.78,0.0682
009999,0.00000,113.3076,0.0021,0.000000,0.000000,0.0000,0.0000,0.0000,0.00,244.78,0.0682
009999,0.00000,113.4440,0.0021,0.000000,0.000000,0.0000,0.0000,0.0000,0.00,244.78,0.0682
009999,0.00000,113.5805,0.0021,0.000000,0.000000,0.0000,0.0000,0.0000,0.00,244.78,0.0682
009999,0.00000,113.7169,0.0021,0.000000,0.000000,0.0000,0.0000,0.0000,0.00,244.78,0.0682
009999,0.00000,113.8533,0.0021,0.000000,0.000000,0.0000,0.0000,0.0000,0.00,244.78,0.0682
009999,0.00000,113.9898,0.0021,0.000000,0.000000,0.0000,0.0000,0.0000,0.00,244.78,0.0682
009999,0.00000,114.1262,0.0021,0.000000,0.000000,0.0000,0.0000,0.0000,0.00,244.78,0.0682
009999,0.00000,114.2626,0.0021,0.000000,0.000000,0.0000,0.0000,0.0000,0.00,244.78,0.0682
009999,0.00000,114.3991,0.0021,0.000000,0.000000,0.0000,0.0000,0.0000,0.00,244.78,0.0682
009999,0.00000,114.5355,0.0021,0.000000,0.000000,0.0000,0.0000,0.0000,0.00,244.78,0.0682
009999,0.00000,114.6719,0.0021,0.000000,0.000000,0.0000,0.0000,0.0000,0.00,244.78,0.0682
009999,0.00000,114.8084,0.0021,0.000000,0.000000,0.0000,0.0000,0.0000,0.00,244.78,0.0682
009999,0.00000,114.9448,0.0021,0.000000,0.000000,0.0000,0.0000,0.0000,0.00,244.78,0.0682
009999,0.00000,115.0812,0.0021,0.000000,0.000000,0.0000,0.0000,0.0000,0.00,244.78,0.0682
009999,0.00000,115.2177,0.0021,0.000000,0.000000,0.0000,0.0000,0.0000,0.00,244.78,0.0682
009999,0.00000,115.3541,0.0021,0.000000,0.000000,0.0000,0.0000,0.0000,0.00,244.78,0.0682
009999,0.00000,115.4905,0.0021,0.000000,0.000000,0.0000,0.0000,0.0000,0.00,244.78,0.0682
009999,0.00000,115.6270,0.0021,0.000000,0.000000,0.0000,0.0000,0.0000,0.00,244.78,0.0682
009999,0.00000,115.7634,0.0021,0.000000,0.000000,0.0000,0.0000,0.0000,0.00,244.78,0.0682
009999,0.00000,115.8998,0.0021,0.000000,0.000000,0.0000,0.0000,0.0000,0.00,244.78,0.0682
009999,0.00000,116.0363,0.0021,0.000000,0.000000,0.0000,0.0000,0.0000,0.00,244.78,0.0682
009999,0.00000,116.1727,0.0021,0.000000,0.000000,0.0000,0.0000,0.0000,0.00,244.78,0.0682
009999,0.00000,116.3091,0.0021,0.000000,0.000000,0.0000,0.0000,0.0000,0.00,244.78,0.0682
009999,0.00000,116.4456,0.0021,0.000000,0.000000,0.0000,0.0000,0.0000,0.00,244.78,0.0682
009999,0.00000,116.5820,0.0021,0.000000,0.000000,0.0000,0.0000,0.0000,0.00,244.78,0.0682
009999,0.00000,116.7184,0.0021,0.000000,0.000000,0.0000,0.0000,0.0000,0.00,244.78,0.0682
009999,0.00000,116.8549,0.0021,0.000000,0.000000,0.0000,0.0000,0.0000,0.00,244.78,0.0682
009999,0.00000,116.9913,0.0021,0.000000,0.000000,0.0000,0.0000,0.0000,0.00,244.78,0.0682
009999,0.00000,117.1277,0.0021,0.000000,0.000000,0.0000,0.0000,0.0000,0.00,244.78,0.0682
009999,0.00000,117.2642,0.0021,0.000000,0.000000,0.0000,0.0000,0.0000,0.00,244.78,0.0682
009999,0.00000,117.4006,0.0021,0.000000,0.000000,0.0000,0.0000,0.0000,0.00,244.78,0.0682
009999,0.00000,117.5370,0.0021,0.000000,0.000000,0.0000,0.0000,0.0000,0.00,244.78,0.0682
009999,0.00000,117.6735,0.0021,0.000000,0.000000,0.0000,0.0000,0.0000,0.00,244.78,0.0682
009999,0.00000,117.8099,0.0021,0.000000,0.000000,0.0000,0.0000,0.0000,0.00,244.78,0.0682
009999,0.00000,117.9463,0.0021,0.000000,0.000000,0.0000,0.0000,0.0000,0.00,244.78,0.0682
009999,0.00000,118.0828,0.0021,0.000000,0.000000,0.0000,0.0000,0.0000,0.00,244.78,0.0682
009999,0.00000,118.2192,0.0021,0.000000,0.000000,0.0000,0.0000,0.0000,0.00,244.78,0.0682
009999,0.00000,118.3556,0.0021,0.000000,0.000000,0.0000,0.0000,0.0000,0.00,244.78,0.0682
009999,0.00000,118.4921,0.0021,0.000000,0.000000,0.0000,0.0000,0.0000,0.00,244.78,0.0682
009999,0.00000,118.6285,0.0021,0.000000,0.000000,0.0000,0.0000,0.0000,0.00,244.78,0.0682
009999,0.00000,118.7649,0.0021,0.000000,0.000000,0.0000,0.0000,0.0000,0.00,244.78,0.0682
009999,0.00000,118.9014,0.0021,0.000000,0.000000,0.0000,0.0000,0.0000,0.00,244.78,0.0682
009999,0.00000,119.0378,0.0021,0.000000,0.000000,0.0000,0.0000,0.0000,0.00,244.78,0.0682
009999,0.00000,119.1742,0.0021,0.000000,0.000000,0.0000,0.0000,0.0000,0.00,244.78,0.0682
009999,0.00000,119.3107,0.0021,0.000000,0.000000,0.0000,0.0000,0.0000,0.00,244.78,0.0682
009999,0.00000,119.4471,0.0021,0.000000,0.000000,0.0000,0.0000,0.0000,0.00,244.78,0.0682
009999,0.00000,119.5835,0.0021,0.000000,0.000000,0.0000,0.0000,0.0000,0.00,244.78,0.0682
009999,0.00000,119.7200,0.0021,0.000000,0.000000,0.0000,0.0000,0.0000,0.00,244.78,0.0682
009999,0.00000,119.8564,0.0021,0.000000,0.000000,0.0000,0.0000,0.0000,0.00,244.78,0.0682
009999,0.00000,119.9928,0.0021,0.000000,0.000000,0.0000,0.0000,0.0000,0.00,244.78,0.0682
009999,0.00000,120.1293,0.0021,0.000000,0.000000,0.0000,0.0000,0.0000,0.00,244.78,0.0682
009999,0.00000,120.2657,0.0021,0.000000,0.000000,0.0000,0.0000,0.0000,0.00,244.78,0.0682
009999,0.00000,120.4021,0.0021,0.000000,0.000000,0.0000,0.0000,0.0000,0.00,244.78,0.0682
009999,0.00000,120.5386,0.0021,0.000000,0.000000,0.0000,0.0000,0.0000,0.00,244.78,0.0682
009999,0.00000,120.6750,0.0021,0.000000,0.000000,0.0000,0.0000,0.0000,0.00,244.78,0.0682
009999,0.00000,120.8114,0.0021,0.000000,0.000000,0.0000,0.0000,0.0000,0.00,244.78,0.0682
009999,0.00000,120.9479,0.0021,0.000000,0.000000,0.0000,0.0000,0.0000,0.00,244.78,0.0682
009999,0.00000,121.0843,0.0021,0.000000,0.000000,0.0000,0.0000,0.0000,0.00,244.78,0.0682
009999,0.00000,121.2207,0.0021,0.000000,0.000000,0.0000,0.0000,0.0000,0.00,244.78,0.0682
009999,0.00000,121.3572,0.0021,0.000000,0.000000,0.0000,0.0000,0.0000,0.00,244.78,0.0682
009999,0.00000,121.4936,0.0021,0.000000,0.000000,0.0000,0.0000,0.0000,0.00,244.78,0.0682
009999,0.00000,121.6300,0.0021,0.000000,0.000000,0.0000,0.0000,0.0000,0.00,244.78,0.0682
009999,0.00000,121.7665,0.0021,0.000000,0.000000,0.0000,0.0000,0.0000,0.00,244.78,0.0682
009999,0.00000,121.9029,0.0021,0.000000,0.000000,0.0000,0.0000,0.0000,0.00,244.78,0.0682
009999,0.00000,122.0393,0.0021,0.000000,0.000000,0.0000,0.0000,0.0000,0.00,244.78,0.0682
009999,0.00000,122.1758,0.0021,0.000000,0.000000,0.0000,0.0000,0.0000,0.00,244.78,0.0682
009999,0.00000,122.3122,0.0021,0.000000,0.000000,0.0000,0.0000,0.0000,0.00,244.78,0.0682
009999,0.00000,122.4486,0.0021,0.000000,0.000000,0.0000,0.0000,0.0000,0.00,244.78,0.0682
009999,0.00000,122.5851,0.0021,0.000000,0.000000,0.0000,0.0000,0.0000,0.00,244.78,0.0682
009999,0.00000,122.7215,0.0021,0.000000,0.000000,0.0000,0.0000,0.0000,0.00,244.78,0.0682
009999,0.00000,122.8579,0.0021,0.000000,0.000000,0.0000,0.0000,0.0000,0.00,244.78,0.0682
009999,0.00000,122.9943,0.0021,0.000000,0.000000,0.0000,0.0000,0.0000,0.00,244.78,0.0682
009999,0.00000,123.1308,0.0021,0.000000,0.000000,0.0000,0.0000,0.0000,0.00,244.78,0.0682
009999,0.00000,123.2672,0.0021,0.000000,0.000000,0.0000,0.0000,0.0000,0.00,244.78,0.0682
009999,0.00000,123.4036,0.0021,0.000000,0.000000,0.0000,0.0000,0.0000,0.00,244.78,0.0682
009999,0.00000,123.5401,0.0021,0.000000,0.000000,0.0000,0.0000,0.0000,0.00,244.78,0.0682
009999,0.00000,123.6765,0.0021,0.000000,0.000000,0.0000,0.0000,0.0000,0.00,244.78,0.0682
009999,0.00000,123.8129,0.0021,0.000000,0.000000,0.0000,0.0000,0.0000,0.00,244.78,0.0682
009999,0.00000,123.9494,0.0021,0.000000,0.000000,0.0000,0.0000,0.0000,0.00,244.78,0.0682
009999,0.00000,124.0858,0.0021,0.000000,0.000000,0.0000,0.0000,0.0000,0.00,244.78,0.0682
009999,0.00000,124.2222,0.0021,0.000000,0.000000,0.0000,0.0000,0.0000,0.00,244.78,0.0682
009999,0.00000,124.3587,0.0021,0.000000,0.000000,0.0000,0.0000,0.0000,0.00,244.78,0.0682
009999,0.00000,124.4951,0.0021,0.000000,0.000000,0.0000,0.0000,0.0000,0.00,244.78,0.0682
009999,0.00000,124.6315,0.0021,0.000000,0.000000,0.0000,0.0000,0.0000,0.00,244.78,0.0682
009999,0.00000,124.7680,0.0021,0.000000,0.000000,0.0000,0.0000,0.0000,0.00,244.78,0.0682
009999,0.00000,124.9044,0.0021,0.000000,0.000000,0.0000,0.0000,0.0000,0.00,244.78,0.0682
009999,0.00000,125.0408,0.0021,0.000000,0.000000,0.0000,0.0000,0.0000,0.00,244.78,0.0682
009999,0.00000,125.1773,0.0021,0.000000,0.000000,0.0000,0.0000,0.0000,0.00,244.78,0.0682
009999,0.00000,125.3137,0.0021,0.000000,0.000000,0.0000,0.0000,0.0000,0.00,244.78,0.0682
009999,0.00000,125.4501,0.0021,0.000000,0.000000,0.0000,0.0000,0.0000,0.00,244.78,0.0682
009999,0.00000,125.5866,0.0021,0.000000,0.000000,0.0000,0.0000,0.0000,0.00,244.78,0.0682
009999,0.00000,125.7230,0.0021,0.000000,0.000000,0.0000,0.0000,0.0000,0.00,244.78,0.0682
009999,0.00000,125.8594,0.0021,0.000000,0.000000,0.0000,0.0000,0.0000,0.00,244.78,0.0682
009999,0.00000,125.9959,0.0021,0.000000,0.000000,0.0000,0.0000,0.0000,0.00,244.78,0.0682
009999,0.00000,126.1323,0.0021,0.000000,0.000000,0.0000,0.0000,0.0000,0.00,244.78,0.0682
009999,0.00000,126.2687,0.0021,0.000000,0.000000,0.0000,0.0000,0.0000,0.00,244.78,0.0682
009999,0.00000,126.4052,0.0021,0.000000,0.000000,0.0000,0.0000,0.0000,0.00,244.78,0.0682
009999,0.00000,126.5416,0.0021,0.000000,0.000000,0.0000,0.0000,0.0000,0.00,244.78,0.0682
009999,0.00000,126.6780,0.0021,0.000000,0.000000,0.0000,0.0000,0.0000,0.00,244.78,0.0682
009999,0.00000,126.8145,0.0021,0.000000,0.000000,0.0000,0.0000,0.0000,0.00,244.78,0.0682
009999,0.00000,126.9509,0.0021,0.000000,0.000000,0.0000,0.0000,0.0000,0.00,244.78,0.0682
009999,0.00000,127.0873,0.0021,0.000000,0.000000,0.0000,0.0000,0.0000,0.00,244.78,0.0682
009999,0.00000,127.2238,0.0021,0.000000,0.000000,0.0000,0.0000,0.0000,0.00,244.78,0.0682
009999,0.00000,127.3602,0.0021,0.000000,0.000000,0.0000,0.0000,0.0000,0.00,244.78,0.0682
009999,0.00000,127.4966,0.0021,0.000000,0.000000,0.0000,0.0000,0.0000,0.00,244.78,0.0682
009999,0.00000,127.6331,0.0021,0.000000,0.000000,0.0000,0.0000,0.0000,0.00,244.78,0.0682
009999,0.00000,127.7695,0.0021,0.000000,0.000000,0.0000,0.0000,0.0000,0.00,244.78,0.0682
009999,0.00000,127.9059,0.0021,0.000000,0.000000,0.0000,0.0000,0.0000,0.00,244.78,0.0682
009999,0.00000,128.0424,0.0021,0.000000,0.000000,0.0000,0.0000,0.0000,0.00,244.78,0.0682
009999,0.00000,128.1788,0.0021,0.000000,0.000000,0.0000,0.0000,0.0000,0.00,244.78,0.0682
009999,0.00000,128.3152,0.0021,0.000000,0.000000,0.0000,0.0000,0.0000,0.00,244.78,0.0682
009999,0.00000,128.4517,0.0021,0.000000,0.000000,0.0000,0.0000,0.0000,0.00,244.78,0.0682
009999,0.00000,128.5881,0.0021,0.000000,0.000000,0.0000,0.0000,0.0000,0.00,244.78,0.0682
009999,0.00000,128.7245,0.0021,0.000000,0.000000,0.0000,0.0000,0.0000,0.00,244.78,0.0682
009999,0.00000,128.8610,0.0021,0.000000,0.000000,0.0000,0.0000,0.0000,0.00,244.78,0.0682
009999,0.00000,128.9974,0.0021,0.000000,0.000000,0.0000,0.0000,0.0000,0.00,244.78,0.0682
009999,0.00000,129.1338,0.0021,0.000000,0.000000,0.0000,0.0000,0.0000,0.00,244.78,0.0682
009999,0.00000,129.2703,0.0021,0.000000,0.000000,0.0000,0.0000,0.0000,0.00,244.78,0.0682
009999,0.00000,129.4067,0.0021,0.000000,0.000000,0.0000,0.0000,0.0000,0.00,244.78,0.0682
009999,0.00000,129.5431,0.0021,0.000000,0.000000,0.0000,0.0000,0.0000,0.00,244.78,0.0682
009999,0.00000,129.6796,0.0021,0.000000,0.000000,0.0000,0.0000,0.0000,0.00,244.78,0.0682
009999,0.00000,129.8160,0.0021,0.000000,0.000000,0.0000,0.0000,0.0000,0.00,244.78,0.0682
009999,0.00000,129.9524,0.0021,0.000000,0.000000,0.0000,0.0000,0.0000,0.00,244.78,0.0682
009999,0.00000,130.0889,0.0021,0.000000,0.000000,0.0000,0.0000,0.0000,0.00,244.78,0.0682
009999,0.00000,130.2253,0.0021,0.000000,0.000000,0.0000,0.0000,0.0000,0.00,244.78,0.0682
009999,0.00000,130.3617,0.0021,0.000000,0.000000,0.0000,0.0000,0.0000,0.00,244.78,0.0682
009999,0.00000,130.4982,0.0021,0.000000,0.000000,0.0000,0.0000,0.0000,0.00,244.78,0.0682
009999,0.00000,130.6346,0.0021,0.000000,0.000000,0.0000,0.0000,0.0000,0.00,244.78,0.0682
009999,0.00000,130.7710,0.0021,0.000000,0.000000,0.0000,0.0000,0.0000,0.00,244.78,0.0682
009999,0.00000,130.9075,0.0021,0.000000,0.000000,0.0000,0.0000,0.0000,0.00,244.78,0.0682
009999,0.00000,131.0439,0.0021,0.000000,0.000000,0.0000,0.0000,0.0000,0.00,244.78,0.0682
009999,0.00000,131.1803,0.0021,0.000000,0.000000,0.0000,0.0000,0.0000,0.00,244.78,0.0682
009999,0.00000,131.3168,0.0021,0.000000,0.000000,0.0000,0.0000,0.0000,0.00,244.78,0.0682
009999,0.00000,131.4532,0.0021,0.000000,0.000000,0.0000,0.0000,0.0000,0.00,244.78,0.0682
009999,0.00000,131.5896,0.0021,0.000000,0.000000,0.0000,0.0000,0.0000,0.00,244.78,0.0682
009999,0.00000,131.7261,0.0021,0.000000,0.000000,0.0000,0.0000,0.0000,0.00,244.78,0.0682
009999,0.00000,131.8625,0.0021,0.000000,0.000000,0.0000,0.0000,0.0000,0.00,244.78,0.0682
009999,0.00000,131.9989,0.0021,0.000000,0.000000,0.0000,0.0000,0.0000,0.00,244.78,0.0682
009999,0.00000,132.1354,0.0021,0.000000,0.000000,0.0000,0.0000,0.0000,0.00,244.78,0.0682
009999,0.00000,132.2718,0.0021,0.000000,0.000000,0.0000,0.0000,0.0000,0.00,244.78,0.0682
009999,0.00000,132.4082,0.0021,0.000000,0.000000,0.0000,0.0000,0.0000,0.00,244.78,0.0682
009999,0.00000,132.5447,0.0021,0.000000,0.000000,0.0000,0.0000,0.0000,0.00,244.78,0.0682
009999,0.00000,132.6811,0.0021,0.000000,0.000000,0.0000,0.0000,0.0000,0.00,244.78,0.0682
009999,0.00000,132.8175,0.0021,0.000000,0.000000,0.0000,0.0000,0.0000,0.00,244.78,0.0682
009999,0.00000,132.9540,0.0021,0.000000,0.000000,0.0000,0.0000,0.0000,0.00,244.78,0.0682
009999,0.00000,133.0904,0.0021,0.000000,0.000000,0.0000,0.0000,0.0000,0.00,244.78,0.0682
009999,0.00000,133.2268,0.0021,0.000000,0.000000,0.0000,0.0000,0.0000,0.00,244.78,0.0682
009999,0.00000,133.3633,0.0021,0.000000,0.000000,0.0000,0.0000,0.0000,0.00,244.78,0.0682
009999,0.00000,133.4997,0.0021,0.000000,0.000000,0.0000,0.0000,0.0000,0.00,244.78,0.0682
009999,0.00000,133.6361,0.0021,0.000000,0.000000,0.0000,0.0000,0.0000,0.00,244.78,0.0682
009999,0.00000,133.7726,0.0021,0.000000,0.000000,0.0000,0.0000,0.0000,0.00,244.78,0.0682
009999,0.00000,133.9090,0.0021,0.000000,0.000000,0.0000,0.0000,0.0000,0.00,244.78,0.0682
009999,0.00000,134.0454,0.0021,0.000000,0.000000,0.0000,0.0000,0.0000,0.00,244.78,0.0682
009999,0.00000,134.1819,0.0021,0.000000,0.000000,0.0000,0.0000,0.0000,0.00,244.78,0.0682
009999,0.00000,134.3183,0.0021,0.000000,0.000000,0.0000,0.0000,0.0000,0.00,244.78,0.0682
009999,0.00000,134.4547,0.0021,0.000000,0.000000,0.0000,0.0000,0.0000,0.00,244.78,0.0682
009999,0.00000,134.5912,0.0021,0.000000,0.000000,0.0000,0.0000,0.0000,0.00,244.78,0.0682
009999,0.00000,134.7276,0.0021,0.000000,0.000000,0.0000,0.0000,0.0000,0.00,244.78,0.0682
009999,0.00000,134.8640,0.0021,0.000000,0.000000,0.0000,0.0000,0.0000,0.00,244.78,0.0682
009999,0.00000,135.0005,0.0021,0.000000,0.000000,0.0000,0.0000,0.0000,0.00,244.78,0.0682
009999,0.00000,135.1369,0.0021,0.000000,0.000000,0.0000,0.0000,0.0000,0.00,244.78,0.0682
009999,0.00000,135.2733,0.0021,0.000000,0.000000,0.0000,0.0000,0.0000,0.00,244.78,0.0682
009999,0.00000,135.4098,0.0021,0.000000,0.000000,0.0000,0.0000,0.0000,0.00,244.78,0.0682
009999,0.00000,135.5462,0.0021,0.000000,0.000000,0.0000,0.0000,0.0000,0.00,244.78,0.0682
009999,0.00000,135.6826,0.0021,0.000000,0.000000,0.0000,0.0000,0.0000,0.00,244.78,0.0682
009999,0.00000,135.8191,0.0021,0.000000,0.000000,0.0000,0.0000,0.0000,0.00,244.78,0.0682
009999,0.00000,135.9555,0.0021,0.000000,0.000000,0.0000,0.0000,0.0000,0.00,244.78,0.0682
009999,0.00000,136.0919,0.0021,0.000000,0.000000,0.0000,0.0000,0.0000,0.00,244.78,0.0682
009999,0.00000,136.2284,0.0021,0.000000,0.000000,0.0000,0.0000,0.0000,0.00,244.78,0.0682
009999,0.00000,136.3648,0.0021,0.000000,0.000000,0.0000,0.0000,0.0000,0.00,244.78,0.0682
009999,0.00000,136.5012,0.0021,0.000000,0.000000,0.0000,0.0000,0.0000,0.00,244.78,0.0682
009999,0.00000,136.6376,0.0021,0.000000,0.000000,0.0000,0.0000,0.0000,0.00,244.78,0.0682
009999,0.00000,136.7741,0.0021,0.000000,0.000000,0.0000,0.0000,0.0000,0.00,244.78,0.0682
009999,0.00000,136.9105,0.0021,0.000000,0.000000,0.0000,0.0000,0.0000,0.00,244.78,0.0682
009999,0.00000,137.0469,0.0021,0.000000,0.000000,0.0000,0.0000,0.0000,0.00,244.78,0.0682
009999,0.00000,137.1834,0.0021,0.000000,0.000000,0.0000,0.0000,0.0000,0.00,244.78,0.0682
009999,0.00000,137.3198,0.0021,0.000000,0.000000,0.0000,0.0000,0.0000,0.00,244.78,0.0682
009999,0.00000,137.4562,0.0021,0.000000,0.000000,0.0000,0.0000,0.0000,0.00,244.78,0.0682
009999,0.00000,137.5927,0.0021,0.000000,0.000000,0.0000,0.0000,0.0000,0.00,244.78,0.0682
009999,0.00000,137.7291,0.0021,0.000000,0.000000,0.0000,0.0000,0.0000,0.00,244.78,0.0682
009999,0.00000,137.8655,0.0021,0.000000,0.000000,0.0000,0.0000,0.0000,0.00,244.78,0.0682
009999,0.00000,138.0020,0.0021,0.000000,0.000000,0.0000,0.0000,0.0000,0.00,244.78,0.0682
009999,0.00000,138.1384,0.0021,0.000000,0.000000,0.0000,0.0000,0.0000,0.00,244.78,0.0682
009999,0.00000,138.2748,0.0021,0.000000,0.000000,0.0000,0.0000,0.0000,0.00,244.78,0.0682
009999,0.00000,138.4113,0.0021,0.000000,0.000000,0.0000,0.0000,0.0000,0.00,244.78,0.0682
009999,0.00000,138.5477,0.0021,0.000000,0.000000,0.0000,0.0000,0.0000,0.00,244.78,0.0682
009999,0.00000,138.6841,0.0021,0.000000,0.000000,0.0000,0.0000,0.0000,0.00,244.78,0.0682
009999,0.00000,138.8206,0.0021,0.000000,0.000000,0.0000,0.0000,0.0000,0.00,244.78,0.0682
009999,0.00000,138.9570,0.0021,0.000000,0.000000,0.0000,0.0000,0.0000,0.00,244.78,0.0682
009999,0.00000,139.0934,0.0021,0.000000,0.000000,0.0000,0.0000,0.0000,0.00,244.78,0.0682
009999,0.00000,139.2299,0.0021,0.000000,0.000000,0.0000,0.0000,0.0000,0.00,244.78,0.0682
009999,0.00000,139.3663,0.0021,0.000000,0.000000,0.0000,0.0000,0.0000,0.00,244.78,0.0682
009999,0.00000,139.5027,0.0021,0.000000,0.000000,0.0000,0.0000,0.0000,0.00,244.78,0.0682
009999,0.00000,139.6392,0.0021,0.000000,0.000000,0.0000,0.0000,0.0000,0.00,244.78,0.0682
009999,0.00000,139.7756,0.0021,0.000000,0.000000,0.0000,0.0000,0.0000,0.00,244.78,0.0682
009999,0.00000,139.9120,0.0021,0.000000,0.000000,0.0000,0.0000,0.0000,0.00,244.78,0.0682
009999,0.00000,140.0485,0.0021,0.000000,0.000000,0.0000,0.0000,0.0000,0.00,244.78,0.0682
009999,0.00000,140.1849,0.0021,0.000000,0.000000,0.0000,0.0000,0.0000,0.00,244.78,0.0682
009999,0.00000,140.3213,0.0021,0.000000,0.000000,0.0000,0.0000,0.0000,0.00,244.78,0.0682
009999,0.00000,140.4578,0.0021,0.000000,0.000000,0.0000,0.0000,0.0000,0.00,244.78,0.0682
009999,0.00000,140.5942,0.0021,0.000000,0.000000,0.0000,0.0000,0.0000,0.00,244.78,0.0682
009999,0.00000,140.7306,0.0021,0.000000,0.000000,0.0000,0.0000,0.0000,0.00,244.78,0.0682
009999,0.00000,140.8671,0.0021,0.000000,0.000000,0.0000,0.0000,0.0000,0.00,244.78,0.0682
009999,0.00000,141.0035,0.0021,0.000000,0.000000,0.0000,0.0000,0.0000,0.00,244.78,0.0682
009999,0.00000,141.1399,0.0021,0.000000,0.000000,0.0000,0.0000,0.0000,0.00,244.78,0.0682
009999,0.00000,141.2764,0.0021,0.000000,0.000000,0.0000,0.0000,0.0000,0.00,244.78,0.0682
009999,0.00000,141.4128,0.0021,0.000000,0.000000,0.0000,0.0000,0.0000,0.00,244.78,0.0682
009999,0.00000,141.5492,0.0021,0.000000,0.000000,0.0000,0.0000,0.0000,0.00,244.78,0.0682
009999,0.00000,141.6857,0.0021,0.000000,0.000000,0.0000,0.0000,0.0000,0.00,244.78,0.0682
009999,0.00000,141.8221,0.0021,0.000000,0.000000,0.0000,0.0000,0.0000,0.00,244.78,0.0682
009999,0.00000,141.9585,0.0021,0.000000,0.000000,0.0000,0.0000,0.0000,0.00,244.78,0.0682
009999,0.00000,142.0950,0.0021,0.000000,0.000000,0.0000,0.0000,0.0000,0.00,244.78,0.0682
009999,0.00000,142.2314,0.0021,0.000000,0.000000,0.0000,0.0000,0.0000,0.00,244.78,0.0682
009999,0.00000,142.3678,0.0021,0.000000,0.000000,0.0000,0.0000,0.0000,0.00,244.78,0.0682
009999,0.00000,142.5043,0.0021,0.000000,0.000000,0.0000,0.0000,0.0000,0.00,244.78,0.0682
009999,0.00000,142.6407,0.0021,0.000000,0.000000,0.0000,0.0000,0.0000,0.00,244.78,0.0682
009999,0.00000,142.7771,0.0021,0.000000,0.000000,0.0000,0.0000,0.0000,0.00,244.78,0.0682
009999,0.00000,142.9136,0.0021,0.000000,0.000000,0.0000,0.0000,0.0000,0.00,244.78,0.0682
009999,0.00000,143.0500,0.0021,0.000000,0.000000,0.0000,0.0000,0.0000,0.00,244.78,0.0682
009999,0.00000,143.1864,0.0021,0.000000,0.000000,0.0000,0.0000,0.0000,0.00,244.78,0.0682
009999,0.00000,143.3229,0.0021,0.000000,0.000000,0.0000,0.0000,0.0000,0.00,244.78,0.0682
009999,0.00000,143.4593,0.0021,0.000000,0.000000,0.0000,0.0000,0.0000,0.00,244.78,0.0682
009999,0.00000,143.5957,0.0021,0.000000,0.000000,0.0000,0.0000,0.0000,0.00,244.78,0.0682
009999,0.00000,143.7322,0.0021,0.000000,0.000000,0.0000,0.0000,0.0000,0.00,244.78,0.0682
009999,0.00000,143.8686,0.0021,0.000000,0.000000,0.0000,0.0000,0.0000,0.00,244.78,0.0682
009999,0.00000,144.0050,0.0021,0.000000,0.000000,0.0000,0.0000,0.0000,0.00,244.78,0.0682
009999,0.00000,144.1415,0.0021,0.000000,0.000000,0.0000,0.0000,0.0000,0.00,244.78,0.0682
009999,0.00000,144.2779,0.0021,0.000000,0.000000,0.0000,0.0000,0.0000,0.00,244.78,0.0682
009999,0.00000,144.4143,0.0021,0.000000,0.000000,0.0000,0.0000,0.0000,0.00,244.78,0.0682
009999,0.00000,144.5508,0.0021,0.000000,0.000000,0.0000,0.0000,0.0000,0.00,244.78,0.0682
009999,0.00000,144.6872,0.0021,0.000000,0.000000,0.0000,0.0000,0.0000,0.00,244.78,0.0682
009999,0.00000,144.8236,0.0021,0.000000,0.000000,0.0000,0.0000,0.0000,0.00,244.78,0.0682
009999,0.00000,144.9601,0.0021,0.000000,0.000000,0.0000,0.0000,0.0000,0.00,244.78,0.0682
009999,0.00000,145.0965,0.0021,0.000000,0.000000,0.0000,0.0000,0.0000,0.00,244.78,0.0682
009999,0.00000,145.2329,0.0021,0.000000,0.000000,0.0000,0.0000,0.0000,0.00,244.78,0.0682
009999,0.00000,145.3694,0.0021,0.000000,0.000000,0.0000,0.0000,0.0000,0.00,244.78,0.0682
009999,0.00000,145.5058,0.0021,0.000000,0.000000,0.0000,0.0000,0.0000,0.00,244.78,0.0682
009999,0.00000,145.6422,0.0021,0.000000,0.000000,0.0000,0.0000,0.0000,0.00,244.78,0.0682
009999,0.00000,145.7787,0.0021,0.000000,0.000000,0.0000,0.0000,0.0000,0.00,244.78,0.0682
009999,0.00000,145.9151,0.0021,0.000000,0.000000,0.0000,0.0000,0.0000,0.00,244.78,0.0682
009999,0.00000,146.0515,0.0021,0.000000,0.000000,0.0000,0.0000,0.0000,0.00,244.78,0.0682
009999,0.00000,146.1880,0.0021,0.000000,0.000000,0.0000,0.0000,0.0000,0.00,244.78,0.0682
009999,0.00000,146.3244,0.0021,0.000000,0.000000,0.0000,0.0000,0.0000,0.00,244.78,0.0682
009999,0.00000,146.4608,0.0021,0.000000,0.000000,0.0000,0.0000,0.0000,0.00,244.78,0.0682
009999,0.00000,146.5973,0.0021,0.000000,0.000000,0.0000,0.0000,0.0000,0.00,244.78,0.0682
009999,0.00000,146.7337,0.0021,0.000000,0.000000,0.0000,0.0000,0.0000,0.00,244.78,0.0682
009999,0.00000,146.8701,0.0021,0.000000,0.000000,0.0000,0.0000,0.0000,0.00,244.78,0.0682
009999,0.00000,147.0066,0.0021,0.000000,0.000000,0.0000,0.0000,0.0000,0.00,244.78,0.0682
009999,0.00000,147.1430,0.0021,0.000000,0.000000,0.0000,0.0000,0.0000,0.00,244.78,0.0682
009999,0.00000,147.2794,0.0021,0.000000,0.000000,0.0000,0.0000,0.0000,0.00,244.78,0.0682
009999,0.00000,147.4159,0.0021,0.000000,0.000000,0.0000,0.0000,0.0000,0.00,244.78,0.0682
009999,0.00000,147.5523,0.0021,0.000000,0.000000,0.0000,0.0000,0.0000,0.00,244.78,0.0682
009999,0.00000,147.6887,0.0021,0.000000,0.000000,0.0000,0.0000,0.0000,0.00,244.78,0.0682
009999,0.00000,147.8252,0.0021,0.000000,0.000000,0.0000,0.0000,0.0000,0.00,244.78,0.0682
009999,0.00000,147.9616,0.0021,0.000000,0.000000,0.0000,0.0000,0.0000,0.00,244.78,0.0682
009999,0.00000,148.0980,0.0021,0.000000,0.000000,0.0000,0.0000,0.0000,0.00,244.78,0.0682
009999,0.00000,148.2345,0.0021,0.000000,0.000000,0.0000,0.0000,0.0000,0.00,244.78,0.0682
009999,0.00000,148.3709,0.0021,0.000000,0.000000,0.0000,0.0000,0.0000,0.00,244.78,0.0682
009999,0.00000,148.5073,0.0021,0.000000,0.000000,0.0000,0.0000,0.0000,0.00,244.78,0.0682
009999,0.00000,148.6438,0.0021,0.000000,0.000000,0.0000,0.0000,0.0000,0.00,244.78,0.0682
009999,0.00000,148.7802,0.0021,0.000000,0.000000,0.0000,0.0000,0.0000,0.00,244.78,0.0682
009999,0.00000,148.9166,0.0021,0.000000,0.000000,0.0000,0.0000,0.0000,0.00,244.78,0.0682
009999,0.00000,149.0531,0.0021,0.000000,0.000000,0.0000,0.0000,0.0000,0.00,244.78,0.0682
009999,0.00000,149.1895,0.0021,0.000000,0.000000,0.0000,0.0000,0.0000,0.00,244.78,0.0682
009999,0.00000,149.3259,0.0021,0.000000,0.000000,0.0000,0.0000,0.0000,0.00,244.78,0.0682
009999,0.00000,149.4624,0.0021,0.000000,0.000000,0.0000,0.0000,0.0000,0.00,244.78,0.0682
009999,0.00000,149.5988,0.0021,0.000000,0.000000,0.0000,0.0000,0.0000,0.00,244.78,0.0682
009999,0.00000,149.7352,0.0021,0.000000,0.000000,0.0000,0.0000,0.0000,0.00,244.78,0.0682
009999,0.00000,149.8717,0.0021,0.000000,0.000000,0.0000,0.0000,0.0000,0.00,244.78,0.0682
009999,0.00000,150.0081,0.0021,0.000000,0.000000,0.0000,0.0000,0.0000,0.00,244.78,0.0682
009999,0.00000,150.1445,0.0021,0.000000,0.000000,0.0000,0.0000,0.0000,0.00,244.78,0.0682
009999,0.00000,150.2809,0.0021,0.000000,0.000000,0.0000,0.0000,0.0000,0.00,244.78,0.0682
009999,0.00000,150.4174,0.0021,0.000000,0.000000,0.0000,0.0000,0.0000,0.00,244.78,0.0682
009999,0.00000,150.5538,0.0021,0.000000,0.000000,0.0000,0.0000,0.0000,0.00,244.78,0.0682
009999,0.00000,150.6902,0.0021,0.000000,0.000000,0.0000,0.0000,0.0000,0.00,244.78,0.0682
009999,0.00000,150.8267,0.0021,0.000000,0.000000,0.0000,0.0000,0.0000,0.00,244.78,0.0682
009999,0.00000,150.9631,0.0021,0.000000,0.000000,0.0000,0.0000,0.0000,0.00,244.78,0.0682
009999,0.00000,151.0995,0.0021,0.000000,0.000000,0.0000,0.0000,0.0000,0.00,244.78,0.0682
009999,0.00000,151.2360,0.0021,0.000000,0.000000,0.0000,0.0000,0.0000,0.00,244.78,0.0682
009999,0.00000,151.3724,0.0021,0.000000,0.000000,0.0000,0.0000,0.0000,0.00,244.78,0.0682
009999,0.00000,151.5088,0.0021,0.000000,0.000000,0.0000,0.0000,0.0000,0.00,244.78,0.0682
009999,0.00000,151.6453,0.0021,0.000000,0.000000,0.0000,0.0000,0.0000,0.00,244.78,0.0682
009999,0.00000,151.7817,0.0021,0.000000,0.000000,0.0000,0.0000,0.0000,0.00,244.78,0.0682
009999,0.00000,151.9181,0.0021,0.000000,0.000000,0.0000,0.0000,0.0000,0.00,244.78,0.0682
009999,0.00000,152.0546,0.0021,0.000000,0.000000,0.0000,0.0000,0.0000,0.00,244.78,0.0682
009999,0.00000,152.1910,0.0021,0.000000,0.000000,0.0000,0.0000,0.0000,0.00,244.78,0.0682
009999,0.00000,152.3274,0.0021,0.000000,0.000000,0.0000,0.0000,0.0000,0.00,244.78,0.0682
009999,0.00000,152.4639,0.0021,0.000000,0.000000,0.0000,0.0000,0.0000,0.00,244.78,0.0682
009999,0.00000,152.6003,0.0021,0.000000,0.000000,0.0000,0.0000,0.0000,0.00,244.78,0.0682
009999,0.00000,152.7367,0.0021,0.000000,0.000000,0.0000,0.0000,0.0000,0.00,244.78,0.0682
009999,0.00000,152.8732,0.0021,0.000000,0.000000,0.0000,0.0000,0.0000,0.00,244.78,0.0682
009999,0.00000,153.0096,0.0021,0.000000,0.000000,0.0000,0.0000,0.0000,0.00,244.78,0.0682
009999,0.00000,153.1460,0.0021,0.000000,0.000000,0.0000,0.0000,0.0000,0.00,244.78,0.0682
009999,0.00000,153.2825,0.0021,0.000000,0.000000,0.0000,0.0000,0.0000,0.00,244.78,0.0682
009999,0.00000,153.4189,0.0021,0.000000,0.000000,0.0000,0.0000,0.0000,0.00,244.78,0.0682
009999,0.00000,153.5553,0.0021,0.000000,0.000000,0.0000,0.0000,0.0000,0.00,244.78,0.0682
009999,0.00000,153.6918,0.0021,0.000000,0.000000,0.0000,0.0000,0.0000,0.00,244.78,0.0682
009999,0.00000,153.8282,0.0021,0.000000,0.000000,0.0000,0.0000,0.0000,0.00,244.78,0.0682
009999,0.00000,153.9646,0.0021,0.000000,0.000000,0.0000,0.0000,0.0000,0.00,244.78,0.0682
009999,0.00000,154.1011,0.0021,0.000000,0.000000,0.0000,0.0000,0.0000,0.00,244.78,0.0682
009999,0.00000,154.2375,0.0021,0.000000,0.000000,0.0000,0.0000,0.0000,0.00,244.78,0.0682
009999,0.00000,154.3739,0.0021,0.000000,0.000000,0.0000,0.0000,0.0000,0.00,244.78,0.0682
009999,0.00000,154.5104,0.0021,0.000000,0.000000,0.0000,0.0000,0.0000,0.00,244.78,0.0682
009999,0.00000,154.6468,0.0021,0.000000,0.000000,0.0000,0.0000,0.0000,0.00,244.78,0.0682
009999,0.00000,154.7832,0.0021,0.000000,0.000000,0.0000,0.0000,0.0000,0.00,244.78,0.0682
009999,0.00000,154.9197,0.0021,0.000000,0.000000,0.0000,0.0000,0.0000,0.00,244.78,0.0682
009999,0.00000,155.0561,0.0021,0.000000,0.000000,0.0000,0.0000,0.0000,0.00,244.78,0.0682
009999,0.00000,155.1925,0.0021,0.000000,0.000000,0.0000,0.0000,0.0000,0.00,244.78,0.0682
009999,0.00000,155.3290,0.0021,0.000000,0.000000,0.0000,0.0000,0.0000,0.00,244.78,0.0682
009999,0.00000,155.4654,0.0021,0.000000,0.000000,0.0000,0.0000,0.0000,0.00,244.78,0.0682
009999,0.00000,155.6018,0.0021,0.000000,0.000000,0.0000,0.0000,0.0000,0.00,244.78,0.0682
009999,0.00000,155.7383,0.0021,0.000000,0.000000,0.0000,0.0000,0.0000,0.00,244.78,0.0682
009999,0.00000,155.8747,0.0021,0.000000,0.000000,0.0000,0.0000,0.0000,0.00,244.78,0.0682
009999,0.00000,156.0111,0.0021,0.000000,0.000000,0.0000,0.0000,0.0000,0.00,244.78,0.0682
009999,0.00000,156.1476,0.0021,0.000000,0.000000,0.0000,0.0000,0.0000,0.00,244.78,0.0682
009999,0.00000,156.2840,0.0021,0.000000,0.000000,0.0000,0.0000,0.0000,0.00,244.78,0.0682
009999,0.00000,156.4204,0.0021,0.000000,0.000000,0.0000,0.0000,0.0000,0.00,244.78,0.0682
009999,0.00000,156.5569,0.0021,0.000000,0.000000,0.0000,0.0000,0.0000,0.00,244.78,0.0682
009999,0.00000,156.6933,0.0021,0.000000,0.000000,0.0000,0.0000,0.0000,0.00,244.78,0.0682
009999,0.00000,156.8297,0.0021,0.000000,0.000000,0.0000,0.0000,0.0000,0.00,244.78,0.0682
009999,0.00000,156.9662,0.0021,0.000000,0.000000,0.0000,0.0000,0.0000,0.00,244.78,0.0682
009999,0.00000,157.1026,0.0021,0.000000,0.000000,0.0000,0.0000,0.0000,0.00,244.78,0.0682
009999,0.00000,157.2390,0.0021,0.000000,0.000000,0.0000,0.0000,0.0000,0.00,244.78,0.0682
009999,0.00000,157.3755,0.0021,0.000000,0.000000,0.0000,0.0000,0.0000,0.00,244.78,0.0682
009999,0.00000,157.5119,0.0021,0.000000,0.000000,0.0000,0.0000,0.0000,0.00,244.78,0.0682
009999,0.00000,157.6483,0.0021,0.000000,0.000000,0.0000,0.0000,0.0000,0.00,244.78,0.0682
009999,0.00000,157.7848,0.0021,0.000000,0.000000,0.0000,0.0000,0.0000,0.00,244.78,0.0682
009999,0.00000,157.9212,0.0021,0.000000,0.000000,0.0000,0.0000,0.0000,0.00,244.78,0.0682
009999,0.00000,158.0576,0.0021,0.000000,0.000000,0.0000,0.0000,0.0000,0.00,244.78,0.0682
009999,0.00000,158.1941,0.0021,0.000000,0.000000,0.0000,0.0000,0.0000,0.00,244.78,0.0682
009999,0.00000,158.3305,0.0021,0.000000,0.000000,0.0000,0.0000,0.0000,0.00,244.78,0.0682
009999,0.00000,158.4669,0.0021,0.000000,0.000000,0.0000,0.0000,0.0000,0.00,244.78,0.0682
009999,0.00000,158.6034,0.0021,0.000000,0.000000,0.0000,0.0000,0.0000,0.00,244.78,0.0682
009999,0.00000,158.7398,0.0021,0.000000,0.000000,0.0000,0.0000,0.0000,0.00,244.78,0.0682
009999,0.00000,158.8762,0.0021,0.000000,0.000000,0.0000,0.0000,0.0000,0.00,244.78,0.0682
009999,0.00000,159.0127,0.0021,0.000000,0.000000,0.0000,0.0000,0.0000,0.00,244.78,0.0682
009999,0.00000,159.1491,0.0021,0.000000,0.000000,0.0000,0.0000,0.0000,0.00,244.78,0.0682
009999,0.00000,159.2855,0.0021,0.000000,0.000000,0.0000,0.0000,0.0000,0.00,244.78,0.0682
009999,0.00000,159.4220,0.0021,0.000000,0.000000,0.0000,0.0000,0.0000,0.00,244.78,0.0682
009999,0.00000,159.5584,0.0021,0.000000,0.000000,0.0000,0.0000,0.0000,0.00,244.78,0.0682
009999,0.00000,159.6948,0.0021,0.000000,0.000000,0.0000,0.0000,0.0000,0.00,244.78,0.0682
009999,0.00000,159.8313,0.0021,0.000000,0.000000,0.0000,0.0000,0.0000,0.00,244.78,0.0682
009999,0.00000,159.9677,0.0021,0.000000,0.000000,0.0000,0.0000,0.0000,0.00,244.78,0.0682
009999,0.00000,160.1041,0.0021,0.000000,0.000000,0.0000,0.0000,0.0000,0.00,244.78,0.0682
009999,0.00000,160.2406,0.0021,0.000000,0.000000,0.0000,0.0000,0.0000,0.00,244.78,0.0682
009999,0.00000,160.3770,0.0021,0.000000,0.000000,0.0000,0.0000,0.0000,0.00,244.78,0.0682
009999,0.00000,160.5134,0.0021,0.000000,0.000000,0.0000,0.0000,0.0000,0.00,244.78,0.0682
009999,0.00000,160.6499,0.0021,0.000000,0.000000,0.0000,0.0000,0.0000,0.00,244.78,0.0682
009999,0.00000,160.7863,0.0021,0.000000,0.000000,0.0000,0.0000,0.0000,0.00,244.78,0.0682
009999,0.00000,160.9227,0.0021,0.000000,0.000000,0.0000,0.0000,0.0000,0.00,244.78,0.0682
009999,0.00000,161.0592,0.0021,0.000000,0.000000,0.0000,0.0000,0.0000,0.00,244.78,0.0682
009999,0.00000,161.1956,0.0021,0.000000,0.000000,0.0000,0.0000,0.0000,0.00,244.78,0.0682
009999,0.00000,161.3320,0.0021,0.000000,0.000000,0.0000,0.0000,0.0000,0.00,244.78,0.0682
009999,0.00000,161.4685,0.0021,0.000000,0.000000,0.0000,0.0000,0.0000,0.00,244.78,0.0682
009999,0.00000,161.6049,0.0021,0.000000,0.000000,0.0000,0.0000,0.0000,0.00,244.78,0.0682
009999,0.00000,161.7413,0.0021,0.000000,0.000000,0.0000,0.0000,0.0000,0.00,244.78,0.0682
009999,0.00000,161.8778,0.0021,0.000000,0.000000,0.0000,0.0000,0.0000,0.00,244.78,0.0682
009999,0.00000,162.0142,0.0021,0.000000,0.000000,0.0000,0.0000,0.0000,0.00,244.78,0.0682
009999,0.00000,162.1506,0.0021,0.000000,0.000000,0.0000,0.0000,0.0000,0.00,244.78,0.0682
009999,0.00000,162.2871,0.0021,0.000000,0.000000,0.0000,0.0000,0.0000,0.00,244.78,0.0682
009999,0.00000,162.4235,0.0021,0.000000,0.000000,0.0000,0.0000,0.0000,0.00,244.78,0.0682
009999,0.00000,162.5599,0.0021,0.000000,0.000000,0.0000,0.0000,0.0000,0.00,244.78,0.0682
009999,0.00000,162.6964,0.0021,0.000000,0.000000,0.0000,0.0000,0.0000,0.00,244.78,0.0682
009999,0.00000,162.8328,0.0021,0.000000,0.000000,0.0000,0.0000,0.0000,0.00,244.78,0.0682
009999,0.00000,162.9692,0.0021,0.000000,0.000000,0.0000,0.0000,0.0000,0.00,244.78,0.0682
009999,0.00000,163.1057,0.0021,0.000000,0.000000,0.0000,0.0000,0.0000,0.00,244.78,0.0682
009999,0.00000,163.2421,0.0021,0.000000,0.000000,0.0000,0.0000,0.0000,0.00,244.78,0.0682
009999,0.00000,163.3785,0.0021,0.000000,0.000000,0.0000,0.0000,0.0000,0.00,244.78,0.0682
009999,0.00000,163.5150,0.0021,0.000000,0.000000,0.0000,0.0000,0.0000,0.00,244.78,0.0682
009999,0.00000,163.6514,0.0021,0.000000,0.000000,0.0000,0.0000,0.0000,0.00,244.78,0.0682
009999,0.00000,163.7878,0.0021,0.000000,0.000000,0.0000,0.0000,0.0000,0.00,244.78,0.0682
009999,0.00000,163.9242,0.0021,0.000000,0.000000,0.0000,0.0000,0.0000,0.00,244.78,0.0682
009999,0.00000,164.0607,0.0021,0.000000,0.000000,0.0000,0.0000,0.0000,0.00,244.78,0.0682
009999,0.00000,164.1971,0.0021,0.000000,0.000000,0.0000,0.0000,0.0000,0.00,244.78,0.0682
009999,0.00000,164.3335,0.0021,0.000000,0.000000,0.0000,0.0000,0.0000,0.00,244.78,0.0682
009999,0.00000,164.4700,0.0021,0.000000,0.000000,0.0000,0.0000,0.0000,0.00,244.78,0.0682
009999,0.00000,164.6064,0.0021,0.000000,0.000000,0.0000,0.0000,0.0000,0.00,244.78,0.0682
009999,0.00000,164.7428,0.0021,0.000000,0.000000,0.0000,0.0000,0.0000,0.00,244.78,0.0682
009999,0.00000,164.8793,0.0021,0.000000,0.000000,0.0000,0.0000,0.0000,0.00,244.78,0.0682
009999,0.00000,165.0157,0.0021,0.000000,0.000000,0.0000,0.0000,0.0000,0.00,244.78,0.0682
009999,0.00000,165.1521,0.0021,0.000000,0.000000,0.0000,0.0000,0.0000,0.00,244.78,0.0682
009999,0.00000,165.2886,0.0021,0.000000,0.000000,0.0000,0.0000,0.0000,0.00,244.78,0.0682
009999,0.00000,165.4250,0.0021,0.000000,0.000000,0.0000,0.0000,0.0000,0.00,244.78,0.0682
009999,0.00000,165.5614,0.0021,0.000000,0.000000,0.0000,0.0000,0.0000,0.00,244.78,0.0682
009999,0.00000,165.6979,0.0021,0.000000,0.000000,0.0000,0.0000,0.0000,0.00,244.78,0.0682
009999,0.00000,165.8343,0.0021,0.000000,0.000000,0.0000,0.0000,0.0000,0.00,244.78,0.0682
009999,0.00000,165.9707,0.0021,0.000000,0.000000,0.0000,0.0000,0.0000,0.00,244.78,0.0682
009999,0.00000,166.1072,0.0021,0.000000,0.000000,0.0000,0.0000,0.0000,0.00,244.78,0.0682
009999,0.00000,166.2436,0.0021,0.000000,0.000000,0.0000,0.0000,0.0000,0.00,244.78,0.0682
009999,0.00000,166.3800,0.0021,0.000000,0.000000,0.0000,0.0000,0.0000,0.00,244.78,0.0682
009999,0.00000,166.5165,0.0021,0.000000,0.000000,0.0000,0.0000,0.0000,0.00,244.78,0.0682
009999,0.00000,166.6529,0.0021,0.000000,0.000000,0.0000,0.0000,0.0000,0.00,244.78,0.0682
009999,0.00000,166.7893,0.0021,0.000000,0.000000,0.0000,0.0000,0.0000,0.00,244.78,0.0682
009999,0.00000,166.9258,0.0021,0.000000,0.000000,0.0000,0.0000,0.0000,0.00,244.78,0.0682
009999,0.00000,167.0622,0.0021,0.000000,0.000000,0.0000,0.0000,0.0000,0.00,244.78,0.0682
009999,0.00000,167.1986,0.0021,0.000000,0.000000,0.0000,0.0000,0.0000,0.00,244.78,0.0682
009999,0.00000,167.3351,0.0021,0.000000,0.000000,0.0000,0.0000,0.0000,0.00,244.78,0.0682
009999,0.00000,167.4715,0.0021,0.000000,0.000000,0.0000,0.0000,0.0000,0.00,244.78,0.0682
009999,0.00000,167.6079,0.0021,0.000000,0.000000,0.0000,0.0000,0.0000,0.00,244.78,0.0682
009999,0.00000,167.7444,0.0021,0.000000,0.000000,0.0000,0.0000,0.0000,0.00,244.78,0.0682
009999,0.00000,167.8808,0.0021,0.000000,0.000000,0.0000,0.0000,0.0000,0.00,244.78,0.0682
009999,0.00000,168.0172,0.0021,0.000000,0.000000,0.0000,0.0000,0.0000,0.00,244.78,0.0682
009999,0.00000,168.1537,0.0021,0.000000,0.000000,0.0000,0.0000,0.0000,0.00,244.78,0.0682
009999,0.00000,168.2901,0.0021,0.000000,0.000000,0.0000,0.0000,0.0000,0.00,244.78,0.0682
009999,0.00000,168.4265,0.0021,0.000000,0.000000,0.0000,0.0000,0.0000,0.00,244.78,0.0682
009999,0.00000,168.5630,0.0021,0.000000,0.000000,0.0000,0.0000,0.0000,0.00,244.78,0.0682
009999,0.00000,168.6994,0.0021,0.000000,0.000000,0.0000,0.0000,0.0000,0.00,244.78,0.0682
009999,0.00000,168.8358,0.0021,0.000000,0.000000,0.0000,0.0000,0.0000,0.00,244.78,0.0682
009999,0.00000,168.9723,0.0021,0.000000,0.000000,0.0000,0.0000,0.0000,0.00,244.78,0.0682
009999,0.00000,169.1087,0.0021,0.000000,0.000000,0.0000,0.0000,0.0000,0.00,244.78,0.0682
009999,0.00000,169.2451,0.0021,0.000000,0.000000,0.0000,0.0000,0.0000,0.00,244.78,0.0682
009999,0.00000,169.3816,0.0021,0.000000,0.000000,0.0000,0.0000,0.0000,0.00,244.78,0.0682
009999,0.00000,169.5180,0.0021,0.000000,0.000000,0.0000,0.0000,0.0000,0.00,244.78,0.0682
009999,0.00000,169.6544,0.0021,0.000000,0.000000,0.0000,0.0000,0.0000,0.00,244.78,0.0682
009999,0.00000,169.7909,0.0021,0.000000,0.000000,0.0000,0.0000,0.0000,0.00,244.78,0.0682
009999,0.00000,169.9273,0.0021,0.000000,0.000000,0.0000,0.0000,0.0000,0.00,244.78,0.0682
009999,0.00000,170.0637,0.0021,0.000000,0.000000,0.0000,0.0000,0.0000,0.00,244.78,0.0682
009999,0.00000,170.2002,0.0021,0.000000,0.000000,0.0000,0.0000,0.0000,0.00,244.78,0.0682
009999,0.00000,170.3366,0.0021,0.000000,0.000000,0.0000,0.0000,0.0000,0.00,244.78,0.0682
009999,0.00000,170.4730,0.0021,0.000000,0.000000,0.0000,0.0000,0.0000,0.00,244.78,0.0682
009999,0.00000,170.6095,0.0021,0.000000,0.000000,0.0000,0.0000,0.0000,0.00,244.78,0.0682
009999,0.00000,170.7459,0.0021,0.000000,0.000000,0.0000,0.0000,0.0000,0.00,244.78,0.0682
009999,0.00000,170.8823,0.0021,0.000000,0.000000,0.0000,0.0000,0.0000,0.00,244.78,0.0682
009999,0.00000,171.0188,0.0021,0.000000,0.000000,0.0000,0.0000,0.0000,0.00,244.78,0.0682
009999,0.00000,171.1552,0.0021,0.000000,0.000000,0.0000,0.0000,0.0000,0.00,244.78,0.0682
009999,0.00000,171.2916,0.0021,0.000000,0.000000,0.0000,0.0000,0.0000,0.00,244.78,0.0682
009999,0.00000,171.4281,0.0021,0.000000,0.000000,0.0000,0.0000,0.0000,0.00,244.78,0.0682
009999,0.00000,171.5645,0.0021,0.000000,0.000000,0.0000,0.0000,0.0000,0.00,244.78,0.0682
009999,0.00000,171.7009,0.0021,0.000000,0.000000,0.0000,0.0000,0.0000,0.00,244.78,0.0682
009999,0.00000,171.8374,0.0021,0.000000,0.000000,0.0000,0.0000,0.0000,0.00,244.78,0.0682
009999,0.00000,171.9738,0.0021,0.000000,0.000000,0.0000,0.0000,0.0000,0.00,244.78,0.0682
009999,0.00000,172.1102,0.0021,0.000000,0.000000,0.0000,0.0000,0.0000,0.00,244.78,0.0682
009999,0.00000,172.2467,0.0021,0.000000,0.000000,0.0000,0.0000,0.0000,0.00,244.78,0.0682
009999,0.00000,172.3831,0.0021,0.000000,0.000000,0.0000,0.0000,0.0000,0.00,244.78,0.0682
009999,0.00000,172.5195,0.0021,0.000000,0.000000,0.0000,0.0000,0.0000,0.00,244.78,0.0682
009999,0.00000,172.6560,0.0021,0.000000,0.000000,0.0000,0.0000,0.0000,0.00,244.78,0.0682
009999,0.00000,172.7924,0.0021,0.000000,0.000000,0.0000,0.0000,0.0000,0.00,244.78,0.0682
009999,0.00000,172.9288,0.0021,0.000000,0.000000,0.0000,0.0000,0.0000,0.00,244.78,0.0682
009999,0.00000,173.0653,0.0021,0.000000,0.000000,0.0000,0.0000,0.0000,0.00,244.78,0.0682
009999,0.00000,173.2017,0.0021,0.000000,0.000000,0.0000,0.0000,0.0000,0.00,244.78,0.0682
009999,0.00000,173.3381,0.0021,0.000000,0.000000,0.0000,0.0000,0.0000,0.00,244.78,0.0682
009999,0.00000,173.4746,0.0021,0.000000,0.000000,0.0000,0.0000,0.0000,0.00,244.78,0.0682
009999,0.00000,173.6110,0.0021,0.000000,0.000000,0.0000,0.0000,0.0000,0.00,244.78,0.0682
009999,0.00000,173.7474,0.0021,0.000000,0.000000,0.0000,0.0000,0.0000,0.00,244.78,0.0682
009999,0.00000,173.8839,0.0021,0.000000,0.000000,0.0000,0.0000,0.0000,0.00,244.78,0.0682
009999,0.00000,174.0203,0.0021,0.000000,0.000000,0.0000,0.0000,0.0000,0.00,244.78,0.0682
009999,0.00000,174.1567,0.0021,0.000000,0.000000,0.0000,0.0000,0.0000,0.00,244.78,0.0682
009999,0.00000,174.2932,0.0021,0.000000,0.000000,0.0000,0.0000,0.0000,0.00,244.78,0.0682
009999,0.00000,174.4296,0.0021,0.000000,0.000000,0.0000,0.0000,0.0000,0.00,244.78,0.0682
009999,0.00000,174.5660,0.0021,0.000000,0.000000,0.0000,0.0000,0.0000,0.00,244.78,0.0682
009999,0.00000,174.7025,0.0021,0.000000,0.000000,0.0000,0.0000,0.0000,0.00,244.78,0.0682
009999,0.00000,174.8389,0.0021,0.000000,0.000000,0.0000,0.0000,0.0000,0.00,244.78,0.0682
009999,0.00000,174.9753,0.0021,0.000000,0.000000,0.0000,0.0000,0.0000,0.00,244.78,0.0682
009999,0.00000,175.1118,0.0021,0.000000,0.000000,0.0000,0.0000,0.0000,0.00,244.78,0.0682
009999,0.00000,175.2482,0.0021,0.000000,0.000000,0.0000,0.0000,0.0000,0.00,244.78,0.0682
009999,0.00000,175.3846,0.0021,0.000000,0.000000,0.0000,0.0000,0.0000,0.00,244.78,0.0682
009999,0.00000,175.5211,0.0021,0.000000,0.000000,0.0000,0.0000,0.0000,0.00,244.78,0.0682
009999,0.00000,175.6575,0.0021,0.000000,0.000000,0.0000,0.0000,0.0000,0.00,244.78,0.0682
009999,0.00000,175.7939,0.0021,0.000000,0.000000,0.0000,0.0000,0.0000,0.00,244.78,0.0682
009999,0.00000,175.9304,0.0021,0.000000,0.000000,0.0000,0.0000,0.0000,0.00,244.78,0.0682
009999,0.00000,176.0668,0.0021,0.000000,0.000000,0.0000,0.0000,0.0000,0.00,244.78,0.0682
009999,0.00000,176.2032,0.0021,0.000000,0.000000,0.0000,0.0000,0.0000,0.00,244.78,0.0682
009999,0.00000,176.3397,0.0021,0.000000,0.000000,0.0000,0.0000,0.0000,0.00,244.78,0.0682
009999,0.00000,176.4761,0.0021,0.000000,0.000000,0.0000,0.0000,0.0000,0.00,244.78,0.0682
009999,0.00000,176.6125,0.0021,0.000000,0.000000,0.0000,0.0000,0.0000,0.00,244.78,0.0682
009999,0.00000,176.7490,0.0021,0.000000,0.000000,0.0000,0.0000,0.0000,0.00,244.78,0.0682
009999,0.00000,176.8854,0.0021,0.000000,0.000000,0.0000,0.0000,0.0000,0.00,244.78,0.0682
009999,0.00000,177.0218,0.0021,0.000000,0.000000,0.0000,0.0000,0.0000,0.00,244.78,0.0682
009999,0.00000,177.1583,0.0021,0.000000,0.000000,0.0000,0.0000,0.0000,0.00,244.78,0.0682
009999,0.00000,177.2947,0.0021,0.000000,0.000000,0.0000,0.0000,0.0000,0.00,244.78,0.0682
009999,0.00000,177.4311,0.0021,0.000000,0.000000,0.0000,0.0000,0.0000,0.00,244.78,0.0682
009999,0.00000,177.5675,0.0021,0.000000,0.000000,0.0000,0.0000,0.0000,0.00,244.78,0.0682
009999,0.00000,177.7040,0.0021,0.000000,0.000000,0.0000,0.0000,0.0000,0.00,244.78,0.0682
009999,0.00000,177.8404,0.0021,0.000000,0.000000,0.0000,0.0000,0.0000,0.00,244.78,0.0682
009999,0.00000,177.9768,0.0021,0.000000,0.000000,0.0000,0.0000,0.0000,0.00,244.78,0.0682
009999,0.00000,178.1133,0.0021,0.000000,0.000000,0.0000,0.0000,0.0000,0.00,244.78,0.0682
009999,0.00000,178.2497,0.0021,0.000000,0.000000,0.0000,0.0000,0.0000,0.00,244.78,0.0682
009999,0.00000,178.3861,0.0021,0.000000,0.000000,0.0000,0.0000,0.0000,0.00,244.78,0.0682
009999,0.00000,178.5226,0.0021,0.000000,0.000000,0.0000,0.0000,0.0000,0.00,244.78,0.0682
009999,0.00000,178.6590,0.0021,0.000000,0.000000,0.0000,0.0000,0.0000,0.00,244.78,0.0682
009999,0.00000,178.7954,0.0021,0.000000,0.000000,0.0000,0.0000,0.0000,0.00,244.78,0.0682
009999,0.00000,178.9319,0.0021,0.000000,0.000000,0.0000,0.0000,0.0000,0.00,244.78,0.0682
009999,0.00000,179.0683,0.0021,0.000000,0.000000,0.0000,0.0000,0.0000,0.00,244.78,0.0682
009999,0.00000,179.2047,0.0021,0.000000,0.000000,0.0000,0.0000,0.0000,0.00,244.78,0.0682
009999,0.00000,179.3412,0.0021,0.000000,0.000000,0.0000,0.0000,0.0000,0.00,244.78,0.0682
009999,0.00000,179.4776,0.0021,0.000000,0.000000,0.0000,0.0000,0.0000,0.00,244.78,0.0682
009999,0.00000,179.6140,0.0021,0.000000,0.000000,0.0000,0.0000,0.0000,0.00,244.78,0.0682
009999,0.00000,179.7505,0.0021,0.000000,0.000000,0.0000,0.0000,0.0000,0.00,244.78,0.0682
009999,0.00000,179.8869,0.0021,0.000000,0.000000,0.0000,0.0000,0.0000,0.00,244.78,0.0682
009999,0.00000,180.0233,0.0021,0.000000,0.000000,0.0000,0.0000,0.0000,0.00,244.78,0.0682
009999,0.00000,180.1598,0.0021,0.000000,0.000000,0.0000,0.0000,0.0000,0.00,244.78,0.0682
009999,0.00000,180.2962,0.0021,0.000000,0.000000,0.0000,0.0000,0.0000,0.00,244.78,0.0682
009999,0.00000,180.4326,0.0021,0.000000,0.000000,0.0000,0.0000,0.0000,0.00,244.78,0.0682
009999,0.00000,180.5691,0.0021,0.000000,0.000000,0.0000,0.0000,0.0000,0.00,244.78,0.0682
009999,0.00000,180.7055,0.0021,0.000000,0.000000,0.0000,0.0000,0.0000,0.00,244.78,0.0682
009999,0.00000,180.8419,0.0021,0.000000,0.000000,0.0000,0.0000,0.0000,0.00,244.78,0.0682
009999,0.00000,180.9784,0.0021,0.000000,0.000000,0.0000,0.0000,0.0000,0.00,244.78,0.0682
009999,0.00000,181.1148,0.0021,0.000000,0.000000,0.0000,0.0000,0.0000,0.00,244.78,0.0682
009999,0.00000,181.2512,0.0021,0.000000,0.000000,0.0000,0.0000,0.0000,0.00,244.78,0.0682
009999,0.00000,181.3877,0.0021,0.000000,0.000000,0.0000,0.0000,0.0000,0.00,244.78,0.0682
009999,0.00000,181.5241,0.0021,0.000000,0.000000,0.0000,0.0000,0.0000,0.00,244.78,0.0682
009999,0.00000,181.6605,0.0021,0.000000,0.000000,0.0000,0.0000,0.0000,0.00,244.78,0.0682
009999,0.00000,181.7970,0.0021,0.000000,0.000000,0.0000,0.0000,0.0000,0.00,244.78,0.0682
009999,0.00000,181.9334,0.0021,0.000000,0.000000,0.0000,0.0000,0.0000,0.00,244.78,0.0682
009999,0.00000,182.0698,0.0021,0.000000,0.000000,0.0000,0.0000,0.0000,0.00,244.78,0.0682
009999,0.00000,182.2063,0.0021,0.000000,0.000000,0.0000,0.0000,0.0000,0.00,244.78,0.0682
009999,0.00000,182.3427,0.0021,0.000000,0.000000,0.0000,0.0000,0.0000,0.00,244.78,0.0682
009999,0.00000,182.4791,0.0021,0.000000,0.000000,0.0000,0.0000,0.0000,0.00,244.78,0.0682
009999,0.00000,182.6156,0.0021,0.000000,0.000000,0.0000,0.0000,0.0000,0.00,244.78,0.0682
009999,0.00000,182.7520,0.0021,0.000000,0.000000,0.0000,0.0000,0.0000,0.00,244.78,0.0682
009999,0.00000,182.8884,0.0021,0.000000,0.000000,0.0000,0.0000,0.0000,0.00,244.78,0.0682
009999,0.00000,183.0249,0.0021,0.000000,0.000000,0.0000,0.0000,0.0000,0.00,244.78,0.0682
009999,0.00000,183.1613,0.0021,0.000000,0.000000,0.0000,0.0000,0.0000,0.00,244.78,0.0682
009999,0.00000,183.2977,0.0021,0.000000,0.000000,0.0000,0.0000,0.0000,0.00,244.78,0.0682
009999,0.00000,183.4342,0.0021,0.000000,0.000000,0.0000,0.0000,0.0000,0.00,244.78,0.0682
009999,0.00000,183.5706,0.0021,0.000000,0.000000,0.0000,0.0000,0.0000,0.00,244.78,0.0682
009999,0.00000,183.7070,0.0021,0.000000,0.000000,0.0000,0.0000,0.0000,0.00,244.78,0.0682
009999,0.00000,183.8435,0.0021,0.000000,0.000000,0.0000,0.0000,0.0000,0.00,244.78,0.0682
009999,0.00000,183.9799,0.0021,0.000000,0.000000,0.0000,0.0000,0.0000,0.00,244.78,0.0682
009999,0.00000,184.1163,0.0021,0.000000,0.000000,0.0000,0.0000,0.0000,0.00,244.78,0.0682
009999,0.00000,184.2528,0.0021,0.000000,0.000000,0.0000,0.0000,0.0000,0.00,244.78,0.0682
009999,0.00000,184.3892,0.0021,0.000000,0.000000,0.0000,0.0000,0.0000,0.00,244.78,0.0682
009999,0.00000,184.5256,0.0021,0.000000,0.000000,0.0000,0.0000,0.0000,0.00,244.78,0.0682
009999,0.00000,184.6621,0.0021,0.000000,0.000000,0.0000,0.0000,0.0000,0.00,244.78,0.0682
009999,0.00000,184.7985,0.0021,0.000000,0.000000,0.0000,0.0000,0.0000,0.00,244.78,0.0682
009999,0.00000,184.9349,0.0021,0.000000,0.000000,0.0000,0.0000,0.0000,0.00,244.78,0.0682
009999,0.00000,185.0714,0.0021,0.000000,0.000000,0.0000,0.0000,0.0000,0.00,244.78,0.0682
009999,0.00000,185.2078,0.0021,0.000000,0.000000,0.0000,0.0000,0.0000,0.00,244.78,0.0682
009999,0.00000,185.3442,0.0021,0.000000,0.000000,0.0000,0.0000,0.0000,0.00,244.78,0.0682
009999,0.00000,185.4807,0.0021,0.000000,0.000000,0.0000,0.0000,0.0000,0.00,244.78,0.0682
009999,0.00000,185.6171,0.0021,0.000000,0.000000,0.0000,0.0000,0.0000,0.00,244.78,0.0682
009999,0.00000,185.7535,0.0021,0.000000,0.000000,0.0000,0.0000,0.0000,0.00,244.78,0.0682
009999,0.00000,185.8900,0.0021,0.000000,0.000000,0.0000,0.0000,0.0000,0.00,244.78,0.0682
009999,0.00000,186.0264,0.0021,0.000000,0.000000,0.0000,0.0000,0.0000,0.00,244.78,0.0682
009999,0.00000,186.1628,0.0021,0.000000,0.000000,0.0000,0.0000,0.0000,0.00,244.78,0.0682
009999,0.00000,186.2993,0.0021,0.000000,0.000000,0.0000,0.0000,0.0000,0.00,244.78,0.0682
009999,0.00000,186.4357,0.0021,0.000000,0.000000,0.0000,0.0000,0.0000,0.00,244.78,0.0682
009999,0.00000,186.5721,0.0021,0.000000,0.000000,0.0000,0.0000,0.0000,0.00,244.78,0.0682
009999,0.00000,186.7086,0.0021,0.000000,0.000000,0.0000,0.0000,0.0000,0.00,244.78,0.0682
009999,0.00000,186.8450,0.0021,0.000000,0.000000,0.0000,0.0000,0.0000,0.00,244.78,0.0682
009999,0.00000,186.9814,0.0021,0.000000,0.000000,0.0000,0.0000,0.0000,0.00,244.78,0.0682
009999,0.00000,187.1179,0.0021,0.000000,0.000000,0.0000,0.0000,0.0000,0.00,244.78,0.0682
009999,0.00000,187.2543,0.0021,0.000000,0.000000,0.0000,0.0000,0.0000,0.00,244.78,0.0682
009999,0.00000,187.3907,0.0021,0.000000,0.000000,0.0000,0.0000,0.0000,0.00,244.78,0.0682
009999,0.00000,187.5272,0.0021,0.000000,0.000000,0.0000,0.0000,0.0000,0.00,244.78,0.0682
009999,0.00000,187.6636,0.0021,0.000000,0.000000,0.0000,0.0000,0.0000,0.00,244.78,0.0682
009999,0.00000,187.8000,0.0021,0.000000,0.000000,0.0000,0.0000,0.0000,0.00,244.78,0.0682
009999,0.00000,187.9365,0.0021,0.000000,0.000000,0.0000,0.0000,0.0000,0.00,244.78,0.0682
009999,0.00000,188.0729,0.0021,0.000000,0.000000,0.0000,0.0000,0.0000,0.00,244.78,0.0682
009999,0.00000,188.2093,0.0021,0.000000,0.000000,0.0000,0.0000,0.0000,0.00,244.78,0.0682
009999,0.00000,188.3458,0.0021,0.000000,0.000000,0.0000,0.0000,0.0000,0.00,244.78,0.0682
009999,0.00000,188.4822,0.0021,0.000000,0.000000,0.0000,0.0000,0.0000,0.00,244.78,0.0682
009999,0.00000,188.6186,0.0021,0.000000,0.000000,0.0000,0.0000,0.0000,0.00,244.78,0.0682
009999,0.00000,188.7551,0.0021,0.000000,0.000000,0.0000,0.0000,0.0000,0.00,244.78,0.0682
009999,0.00000,188.8915,0.0021,0.000000,0.000000,0.0000,0.0000,0.0000,0.00,244.78,0.0682
009999,0.00000,189.0279,0.0021,0.000000,0.000000,0.0000,0.0000,0.0000,0.00,244.78,0.0682
009999,0.00000,189.1644,0.0021,0.000000,0.000000,0.0000,0.0000,0.0000,0.00,244.78,0.0682
009999,0.00000,189.3008,0.0021,0.000000,0.000000,0.0000,0.0000,0.0000,0.00,244.78,0.0682
009999,0.00000,189.4372,0.0021,0.000000,0.000000,0.0000,0.0000,0.0000,0.00,244.78,0.0682
009999,0.00000,189.5737,0.0021,0.000000,0.000000,0.0000,0.0000,0.0000,0.00,244.78,0.0682
009999,0.00000,189.7101,0.0021,0.000000,0.000000,0.0000,0.0000,0.0000,0.00,244.78,0.0682
009999,0.00000,189.8465,0.0021,0.000000,0.000000,0.0000,0.0000,0.0000,0.00,244.78,0.0682
009999,0.00000,189.9830,0.0021,0.000000,0.000000,0.0000,0.0000,0.0000,0.00,244.78,0.0682
009999,0.00000,190.1194,0.0021,0.000000,0.000000,0.0000,0.0000,0.0000,0.00,244.78,0.0682
009999,0.00000,190.2558,0.0021,0.000000,0.000000,0.0000,0.0000,0.0000,0.00,244.78,0.0682
009999,0.00000,190.3923,0.0021,0.000000,0.000000,0.0000,0.0000,0.0000,0.00,244.78,0.0682
009999,0.00000,190.5287,0.0021,0.000000,0.000000,0.0000,0.0000,0.0000,0.00,244.78,0.0682
009999,0.00000,190.6651,0.0021,0.000000,0.000000,0.0000,0.0000,0.0000,0.00,244.78,0.0682
009999,0.00000,190.8016,0.0021,0.000000,0.000000,0.0000,0.0000,0.0000,0.00,244.78,0.0682
009999,0.00000,190.9380,0.0021,0.000000,0.000000,0.0000,0.0000,0.0000,0.00,244.78,0.0682
009999,0.00000,191.0744,0.0021,0.000000,0.000000,0.0000,0.0000,0.0000,0.00,244.78,0.0682
009999,0.00000,191.2108,0.0021,0.000000,0.000000,0.0000,0.0000,0.0000,0.00,244.78,0.0682
009999,0.00000,191.3473,0.0021,0.000000,0.000000,0.0000,0.0000,0.0000,0.00,244.78,0.0682
009999,0.00000,191.4837,0.0021,0.000000,0.000000,0.0000,0.0000,0.0000,0.00,244.78,0.0682
009999,0.00000,191.6201,0.0021,0.000000,0.000000,0.0000,0.0000,0.0000,0.00,244.78,0.0682
009999,0.00000,191.7566,0.0021,0.000000,0.000000,0.0000,0.0000,0.0000,0.00,244.78,0.0682
009999,0.00000,191.8930,0.0021,0.000000,0.000000,0.0000,0.0000,0.0000,0.00,244.78,0.0682
009999,0.00000,192.0294,0.0021,0.000000,0.000000,0.0000,0.0000,0.0000,0.00,244.78,0.0682
009999,0.00000,192.1659,0.0021,0.000000,0.000000,0.0000,0.0000,0.0000,0.00,244.78,0.0682
009999,0.00000,192.3023,0.0021,0.000000,0.000000,0.0000,0.0000,0.0000,0.00,244.78,0.0682
009999,0.00000,192.4387,0.0021,0.000000,0.000000,0.0000,0.0000,0.0000,0.00,244.78,0.0682
009999,0.00000,192.5752,0.0021,0.000000,0.000000,0.0000,0.0000,0.0000,0.00,244.78,0.0682
009999,0.00000,192.7116,0.0021,0.000000,0.000000,0.0000,0.0000,0.0000,0.00,244.78,0.0682
009999,0.00000,192.8480,0.0021,0.000000,0.000000,0.0000,0.0000,0.0000,0.00,244.78,0.0682
009999,0.00000,192.9845,0.0021,0.000000,0.000000,0.0000,0.0000,0.0000,0.00,244.78,0.0682
009999,0.00000,193.1209,0.0021,0.000000,0.000000,0.0000,0.0000,0.0000,0.00,244.78,0.0682
009999,0.00000,193.2573,0.0021,0.000000,0.000000,0.0000,0.0000,0.0000,0.00,244.78,0.0682
009999,0.00000,193.3938,0.0021,0.000000,0.000000,0.0000,0.0000,0.0000,0.00,244.78,0.0682
009999,0.00000,193.5302,0.0021,0.000000,0.000000,0.0000,0.0000,0.0000,0.00,244.78,0.0682
009999,0.00000,193.6666,0.0021,0.000000,0.000000,0.0000,0.0000,0.0000,0.00,244.78,0.0682
009999,0.00000,193.8031,0.0021,0.000000,0.000000,0.0000,0.0000,0.0000,0.00,244.78,0.0682
009999,0.00000,193.9395,0.0021,0.000000,0.000000,0.0000,0.0000,0.0000,0.00,244.78,0.0682
009999,0.00000,194.0759,0.0021,0.000000,0.000000,0.0000,0.0000,0.0000,0.00,244.78,0.0682
009999,0.00000,194.2124,0.0021,0.000000,0.000000,0.0000,0.0000,0.0000,0.00,244.78,0.0682
009999,0.00000,194.3488,0.0021,0.000000,0.000000,0.0000,0.0000,0.0000,0.00,244.78,0.0682
009999,0.00000,194.4852,0.0021,0.000000,0.000000,0.0000,0.0000,0.0000,0.00,244.78,0.0682
009999,0.00000,194.6217,0.0021,0.000000,0.000000,0.0000,0.0000,0.0000,0.00,244.78,0.0682
009999,0.00000,194.7581,0.0021,0.000000,0.000000,0.0000,0.0000,0.0000,0.00,244.78,0.0682
009999,0.00000,194.8945,0.0021,0.000000,0.000000,0.0000,0.0000,0.0000,0.00,244.78,0.0682
009999,0.00000,195.0310,0.0021,0.000000,0.000000,0.0000,0.0000,0.0000,0.00,244.78,0.0682
009999,0.00000,195.1674,0.0021,0.000000,0.000000,0.0000,0.0000,0.0000,0.00,244.78,0.0682
009999,0.00000,195.3038,0.0021,0.000000,0.000000,0.0000,0.0000,0.0000,0.00,244.78,0.0682
009999,0.00000,195.4403,0.0021,0.000000,0.000000,0.0000,0.0000,0.0000,0.00,244.78,0.0682
009999,0.00000,195.5767,0.0021,0.000000,0.000000,0.0000,0.0000,0.0000,0.00,244.78,0.0682
009999,0.00000,195.7131,0.0021,0.000000,0.000000,0.0000,0.0000,0.0000,0.00,244.78,0.0682
009999,0.00000,195.8496,0.0021,0.000000,0.000000,0.0000,0.0000,0.0000,0.00,244.78,0.0682
009999,0.00000,195.9860,0.0021,0.000000,0.000000,0.0000,0.0000,0.0000,0.00,244.78,0.0682
009999,0.00000,196.1224,0.0021,0.000000,0.000000,0.0000,0.0000,0.0000,0.00,244.78,0.0682
009999,0.00000,196.2589,0.0021,0.000000,0.000000,0.0000,0.0000,0.0000,0.00,244.78,0.0682
009999,0.00000,196.3953,0.0021,0.000000,0.000000,0.0000,0.0000,0.0000,0.00,244.78,0.0682
009999,0.00000,196.5317,0.0021,0.000000,0.000000,0.0000,0.0000,0.0000,0.00,244.78,0.0682
009999,0.00000,196.6682,0.0021,0.000000,0.000000,0.0000,0.0000,0.0000,0.00,244.78,0.0682
009999,0.00000,196.8046,0.0021,0.000000,0.000000,0.0000,0.0000,0.0000,0.00,244.78,0.0682
009999,0.00000,196.9410,0.0021,0.000000,0.000000,0.0000,0.0000,0.0000,0.00,244.78,0.0682
009999,0.00000,197.0775,0.0021,0.000000,0.000000,0.0000,0.0000,0.0000,0.00,244.78,0.0682
009999,0.00000,197.2139,0.0021,0.000000,0.000000,0.0000,0.0000,0.0000,0.00,244.78,0.0682
009999,0.00000,197.3503,0.0021,0.000000,0.000000,0.0000,0.0000,0.0000,0.00,244.78,0.0682
009999,0.00000,197.4868,0.0021,0.000000,0.000000,0.0000,0.0000,0.0000,0.00,244.78,0.0682
009999,0.00000,197.6232,0.0021,0.000000,0.000000,0.0000,0.0000,0.0000,0.00,244.78,0.0682
009999,0.00000,197.7596,0.0021,0.000000,0.000000,0.0000,0.0000,0.0000,0.00,244.78,0.0682
009999,0.00000,197.8961,0.0021,0.000000,0.000000,0.0000,0.0000,0.0000,0.00,244.78,0.0682
009999,0.00000,198.0325,0.0021,0.000000,0.000000,0.0000,0.0000,0.0000,0.00,244.78,0.0682
009999,0.00000,198.1689,0.0021,0.000000,0.000000,0.0000,0.0000,0.0000,0.00,244.78,0.0682
009999,0.00000,198.3054,0.0021,0.000000,0.000000,0.0000,0.0000,0.0000,0.00,244.78,0.0682
009999,0.00000,198.4418,0.0021,0.000000,0.000000,0.0000,0.0000,0.0000,0.00,244.78,0.0682
009999,0.00000,198.5782,0.0021,0.000000,0.000000,0.0000,0.0000,0.0000,0.00,244.78,0.0682
009999,0.00000,198.7147,0.0021,0.000000,0.000000,0.0000,0.0000,0.0000,0.00,244.78,0.0682
009999,0.00000,198.8511,0.0021,0.000000,0.000000,0.0000,0.0000,0.0000,0.00,244.78,0.0682
009999,0.00000,198.9875,0.0021,0.000000,0.000000,0.0000,0.0000,0.0000,0.00,244.78,0.0682
009999,0.00000,199.1240,0.0021,0.000000,0.000000,0.0000,0.0000,0.0000,0.00,244.78,0.0682
009999,0.00000,199.2604,0.0021,0.000000,0.000000,0.0000,0.0000,0.0000,0.00,244.78,0.0682
009999,0.00000,199.3968,0.0021,0.000000,0.000000,0.0000,0.0000,0.0000,0.00,244.78,0.0682
009999,0.00000,199.5333,0.0021,0.000000,0.000000,0.0000,0.0000,0.0000,0.00,244.78,0.0682
009999,0.00000,199.6697,0.0021,0.000000,0.000000,0.0000,0.0000,0.0000,0.00,244.78,0.0682
009999,0.00000,199.8061,0.0021,0.000000,0.000000,0.0000,0.0000,0.0000,0.00,244.78,0.0682
009999,0.00000,199.9426,0.0021,0.000000,0.000000,0.0000,0.0000,0.0000,0.00,244.78,0.0682
009999,0.00000,200.0790,0.0021,0.000000,0.000000,0.0000,0.0000,0.0000,0.00,244.78,0.0682
009999,0.00000,200.2154,0.0021,0.000000,0.000000,0.0000,0.0000,0.0000,0.00,244.78,0.0682
009999,0.00000,200.3519,0.0021,0.000000,0.000000,0.0000,0.0000,0.0000,0.00,244.78,0.0682
009999,0.00000,200.4883,0.0021,0.000000,0.000000,0.0000,0.0000,0.0000,0.00,244.78,0.0682
009999,0.00000,200.6247,0.0021,0.000000,0.000000,0.0000,0.0000,0.0000,0.00,244.78,0.0682
009999,0.00000,200.7612,0.0021,0.000000,0.000000,0.0000,0.0000,0.0000,0.00,244.78,0.0682
009999,0.00000,200.8976,0.0021,0.000000,0.000000,0.0000,0.0000,0.0000,0.00,244.78,0.0682
009999,0.00000,201.0340,0.0021,0.000000,0.000000,0.0000,0.0000,0.0000,0.00,244.78,0.0682
009999,0.00000,201.1705,0.0021,0.000000,0.000000,0.0000,0.0000,0.0000,0.00,244.78,0.0682
009999,0.00000,201.3069,0.0021,0.000000,0.000000,0.0000,0.0000,0.0000,0.00,244.78,0.0682
009999,0.00000,201.4433,0.0021,0.000000,0.000000,0.0000,0.0000,0.0000,0.00,244.78,0.0682
009999,0.00000,201.5798,0.0021,0.000000,0.000000,0.0000,0.0000,0.0000,0.00,244.78,0.0682
009999,0.00000,201.7162,0.0021,0.000000,0.000000,0.0000,0.0000,0.0000,0.00,244.78,0.0682
009999,0.00000,201.8526,0.0021,0.000000,0.000000,0.0000,0.0000,0.0000,0.00,244.78,0.0682
009999,0.00000,201.9891,0.0021,0.000000,0.000000,0.0000,0.0000,0.0000,0.00,244.78,0.0682
009999,0.00000,202.1255,0.0021,0.000000,0.000000,0.0000,0.0000,0.0000,0.00,244.78,0.0682
009999,0.00000,202.2619,0.0021,0.000000,0.000000,0.0000,0.0000,0.0000,0.00,244.78,0.0682
009999,0.00000,202.3984,0.0021,0.000000,0.000000,0.0000,0.0000,0.0000,0.00,244.78,0.0682
009999,0.00000,202.5348,0.0021,0.000000,0.000000,0.0000,0.0000,0.0000,0.00,244.78,0.0682
009999,0.00000,202.6712,0.0021,0.000000,0.000000,0.0000,0.0000,0.0000,0.00,244.78,0.0682
009999,0.00000,202.8077,0.0021,0.000000,0.000000,0.0000,0.0000,0.0000,0.00,244.78,0.0682
009999,0.00000,202.9441,0.0021,0.000000,0.000000,0.0000,0.0000,0.0000,0.00,244.78,0.0682
009999,0.00000,203.0805,0.0021,0.000000,0.000000,0.0000,0.0000,0.0000,0.00,244.78,0.0682
009999,0.00000,203.2170,0.0021,0.000000,0.000000,0.0000,0.0000,0.0000,0.00,244.78,0.0682
009999,0.00000,203.3534,0.0021,0.000000,0.000000,0.0000,0.0000,0.0000,0.00,244.78,0.0682
009999,0.00000,203.4898,0.0021,0.000000,0.000000,0.0000,0.0000,0.0000,0.00,244.78,0.0682
009999,0.00000,203.6263,0.0021,0.000000,0.000000,0.0000,0.0000,0.0000,0.00,244.78,0.0682
009999,0.00000,203.7627,0.0021,0.000000,0.000000,0.0000,0.0000,0.0000,0.00,244.78,0.0682
009999,0.00000,203.8991,0.0021,0.000000,0.000000,0.0000,0.0000,0.0000,0.00,244.78,0.0682
009999,0.00000,204.0356,0.0021,0.000000,0.000000,0.0000,0.0000,0.0000,0.00,244.78,0.0682
009999,0.00000,204.1720,0.0021,0.000000,0.000000,0.0000,0.0000,0.0000,0.00,244.78,0.0682
009999,0.00000,204.3084,0.0021,0.000000,0.000000,0.0000,0.0000,0.0000,0.00,244.78,0.0682
009999,0.00000,204.4449,0.0021,0.000000,0.000000,0.0000,0.0000,0.0000,0.00,244.78,0.0682
009999,0.00000,204.5813,0.0021,0.000000,0.000000,0.0000,0.0000,0.0000,0.00,244.78,0.0682
009999,0.00000,204.7177,0.0021,0.000000,0.000000,0.0000,0.0000,0.0000,0.00,244.78,0.0682
009999,0.00000,204.8541,0.0021,0.000000,0.000000,0.0000,0.0000,0.0000,0.00,244.78,0.0682
009999,0.00000,204.9906,0.0021,0.000000,0.000000,0.0000,0.0000,0.0000,0.00,244.78,0.0682
009999,0.00000,205.1270,0.0021,0.000000,0.000000,0.0000,0.0000,0.0000,0.00,244.78,0.0682
009999,0.00000,205.2634,0.0021,0.000000,0.000000,0.0000,0.0000,0.0000,0.00,244.78,0.0682
009999,0.00000,205.3999,0.0021,0.000000,0.000000,0.0000,0.0000,0.0000,0.00,244.78,0.0682
009999,0.00000,205.5363,0.0021,0.000000,0.000000,0.0000,0.0000,0.0000,0.00,244.78,0.0682
009999,0.00000,205.6727,0.0021,0.000000,0.000000,0.0000,0.0000,0.0000,0.00,244.78,0.0682
009999,0.00000,205.8092,0.0021,0.000000,0.000000,0.0000,0.0000,0.0000,0.00,244.78,0.0682
009999,0.00000,205.9456,0.0021,0.000000,0.000000,0.0000,0.0000,0.0000,0.00,244.78,0.0682
009999,0.00000,206.0820,0.0021,0.000000,0.000000,0.0000,0.0000,0.0000,0.00,244.78,0.0682
009999,0.00000,206.2185,0.0021,0.000000,0.000000,0.0000,0.0000,0.0000,0.00,244.78,0.0682
009999,0.00000,206.3549,0.0021,0.000000,0.000000,0.0000,0.0000,0.0000,0.00,244.78,0.0682
009999,0.00000,206.4913,0.0021,0.000000,0.000000,0.0000,0.0000,0.0000,0.00,244.78,0.0682
009999,0.00000,206.6278,0.0021,0.000000,0.000000,0.0000,0.0000,0.0000,0.00,244.78,0.0682
009999,0.00000,206.7642,0.0021,0.000000,0.000000,0.0000,0.0000,0.0000,0.00,244.78,0.0682
009999,0.00000,206.9006,0.0021,0.000000,0.000000,0.0000,0.0000,0.0000,0.00,244.78,0.0682
009999,0.00000,207.0371,0.0021,0.000000,0.000000,0.0000,0.0000,0.0000,0.00,244.78,0.0682
009999,0.00000,207.1735,0.0021,0.000000,0.000000,0.0000,0.0000,0.0000,0.00,244.78,0.0682
009999,0.00000,207.3099,0.0021,0.000000,0.000000,0.0000,0.0000,0.0000,0.00,244.78,0.0682
009999,0.00000,207.4464,0.0021,0.000000,0.000000,0.0000,0.0000,0.0000,0.00,244.78,0.0682
009999,0.00000,207.5828,0.0021,0.000000,0.000000,0.0000,0.0000,0.0000,0.00,244.78,0.0682
009999,0.00000,207.7192,0.0021,0.000000,0.000000,0.0000,0.0000,0.0000,0.00,244.78,0.0682
009999,0.00000,207.8557,0.0021,0.000000,0.000000,0.0000,0.0000,0.0000,0.00,244.78,0.0682
009999,0.00000,207.9921,0.0021,0.000000,0.000000,0.0000,0.0000,0.0000,0.00,244.78,0.0682
009999,0.00000,208.1285,0.0021,0.000000,0.000000,0.0000,0.0000,0.0000,0.00,244.78,0.0682
009999,0.00000,208.2650,0.0021,0.000000,0.000000,0.0000,0.0000,0.0000,0.00,244.78,0.0682
009999,0.00000,208.4014,0.0021,0.000000,0.000000,0.0000,0.0000,0.0000,0.00,244.78,0.0682
009999,0.00000,208.5378,0.0021,0.000000,0.000000,0.0000,0.0000,0.0000,0.00,244.78,0.0682
009999,0.00000,208.6743,0.0021,0.000000,0.000000,0.0000,0.0000,0.0000,0.00,244.78,0.0682
009999,0.00000,208.8107,0.0021,0.000000,0.000000,0.0000,0.0000,0.0000,0.00,244.78,0.0682
009999,0.00000,208.9471,0.0021,0.000000,0.000000,0.0000,0.0000,0.0000,0.00,244.78,0.0682
009999,0.00000,209.0836,0.0021,0.000000,0.000000,0.0000,0.0000,0.0000,0.00,244.78,0.0682
009999,0.00000,209.2200,0.0021,0.000000,0.000000,0.0000,0.0000,0.0000,0.00,244.78,0.0682
009999,0.00000,209.3564,0.0021,0.000000,0.000000,0.0000,0.0000,0.0000,0.00,244.78,0.0682
009999,0.00000,209.4929,0.0021,0.000000,0.000000,0.0000,0.0000,0.0000,0.00,244.78,0.0682
009999,0.00000,209.6293,0.0021,0.000000,0.000000,0.0000,0.0000,0.0000,0.00,244.78,0.0682
009999,0.00000,209.7657,0.0021,0.000000,0.000000,0.0000,0.0000,0.0000,0.00,244.78,0.0682
009999,0.00000,209.9022,0.0021,0.000000,0.000000,0.0000,0.0000,0.0000,0.00,244.78,0.0682
009999,0.00000,210.0386,0.0021,0.000000,0.000000,0.0000,0.0000,0.0000,0.00,244.78,0.0682
009999,0.00000,210.1750,0.0021,0.000000,0.000000,0.0000,0.0000,0.0000,0.00,244.78,0.0682
009999,0.00000,210.3115,0.0021,0.000000,0.000000,0.0000,0.0000,0.0000,0.00,244.78,0.0682
009999,0.00000,210.4479,0.0021,0.000000,0.000000,0.0000,0.0000,0.0000,0.00,244.78,0.0682
009999,0.00000,210.5843,0.0021,0.000000,0.000000,0.0000,0.0000,0.0000,0.00,244.78,0.0682
009999,0.00000,210.7208,0.0021,0.000000,0.000000,0.0000,0.0000,0.0000,0.00,244.78,0.0682
009999,0.00000,210.8572,0.0021,0.000000,0.000000,0.0000,0.0000,0.0000,0.00,244.78,0.0682
009999,0.00000,210.9936,0.0021,0.000000,0.000000,0.0000,0.0000,0.0000,0.00,244.78,0.0682
009999,0.00000,211.1301,0.0021,0.000000,0.000000,0.0000,0.0000,0.0000,0.00,244.78,0.0682
009999,0.00000,211.2665,0.0021,0.000000,0.000000,0.0000,0.0000,0.0000,0.00,244.78,0.0682
009999,0.00000,211.4029,0.0021,0.000000,0.000000,0.0000,0.0000,0.0000,0.00,244.78,0.0682
009999,0.00000,211.5394,0.0021,0.000000,0.000000,0.0000,0.0000,0.0000,0.00,244.78,0.0682
009999,0.00000,211.6758,0.0021,0.000000,0.000000,0.0000,0.0000,0.0000,0.00,244.78,0.0682
009999,0.00000,211.8122,0.0021,0.000000,0.000000,0.0000,0.0000,0.0000,0.00,244.78,0.0682
009999,0.00000,211.9487,0.0021,0.000000,0.000000,0.0000,0.0000,0.0000,0.00,244.78,0.0682
009999,0.00000,212.0851,0.0021,0.000000,0.000000,0.0000,0.0000,0.0000,0.00,244.78,0.0682
009999,0.00000,212.2215,0.0021,0.000000,0.000000,0.0000,0.0000,0.0000,0.00,244.78,0.0682
009999,0.00000,212.3580,0.0021,0.000000,0.000000,0.0000,0.0000,0.0000,0.00,244.78,0.0682
009999,0.00000,212.4944,0.0021,0.000000,0.000000,0.0000,0.0000,0.0000,0.00,244.78,0.0682
009999,0.00000,212.6308,0.0021,0.000000,0.000000,0.0000,0.0000,0.0000,0.00,244.78,0.0682
009999,0.00000,212.7673,0.0021,0.000000,0.000000,0.0000,0.0000,0.0000,0.00,244.78,0.0682
009999,0.00000,212.9037,0.0021,0.000000,0.000000,0.0000,0.0000,0.0000,0.00,244.78,0.0682
009999,0.00000,213.0401,0.0021,0.000000,0.000000,0.0000,0.0000,0.0000,0.00,244.78,0.0682
009999,0.00000,213.1766,0.0021,0.000000,0.000000,0.0000,0.0000,0.0000,0.00,244.78,0.0682
009999,0.00000,213.3130,0.0021,0.000000,0.000000,0.0000,0.0000,0.0000,0.00,244.78,0.0682
009999,0.00000,213.4494,0.0021,0.000000,0.000000,0.0000,0.0000,0.0000,0.00,244.78,0.0682
009999,0.00000,213.5859,0.0021,0.000000,0.000000,0.0000,0.0000,0.0000,0.00,244.78,0.0682
009999,0.00000,213.7223,0.0021,0.000000,0.000000,0.0000,0.0000,0.0000,0.00,244.78,0.0682
009999,0.00000,213.8587,0.0021,0.000000,0.000000,0.0000,0.0000,0.0000,0.00,244.78,0.0682
009999,0.00000,213.9952,0.0021,0.000000,0.000000,0.0000,0.0000,0.0000,0.00,244.78,0.0682
009999,0.00000,214.1316,0.0021,0.000000,0.000000,0.0000,0.0000,0.0000,0.00,244.78,0.0682
009999,0.00000,214.2680,0.0021,0.000000,0.000000,0.0000,0.0000,0.0000,0.00,244.78,0.0682
009999,0.00000,214.4045,0.0021,0.000000,0.000000,0.0000,0.0000,0.0000,0.00,244.78,0.0682
009999,0.00000,214.5409,0.0021,0.000000,0.000000,0.0000,0.0000,0.0000,0.00,244.78,0.0682
009999,0.00000,214.6773,0.0021,0.000000,0.000000,0.0000,0.0000,0.0000,0.00,244.78,0.0682
009999,0.00000,214.8138,0.0021,0.000000,0.000000,0.0000,0.0000,0.0000,0.00,244.78,0.0682
009999,0.00000,214.9502,0.0021,0.000000,0.000000,0.0000,0.0000,0.0000,0.00,244.78,0.0682
009999,0.00000,215.0866,0.0021,0.000000,0.000000,0.0000,0.0000,0.0000,0.00,244.78,0.0682
009999,0.00000,215.2231,0.0021,0.000000,0.000000,0.0000,0.0000,0.0000,0.00,244.78,0.0682
009999,0.00000,215.3595,0.0021,0.000000,0.000000,0.0000,0.0000,0.0000,0.00,244.78,0.0682
009999,0.00000,215.4959,0.0021,0.000000,0.000000,0.0000,0.0000,0.0000,0.00,244.78,0.0682
009999,0.00000,215.6324,0.0021,0.000000,0.000000,0.0000,0.0000,0.0000,0.00,244.78,0.0682
009999,0.00000,215.7688,0.0021,0.000000,0.000000,0.0000,0.0000,0.0000,0.00,244.78,0.0682
009999,0.00000,215.9052,0.0021,0.000000,0.000000,0.0000,0.0000,0.0000,0.00,244.78,0.0682
009999,0.00000,216.0417,0.0021,0.000000,0.000000,0.0000,0.0000,0.0000,0.00,244.78,0.0682
009999,0.00000,216.1781,0.0021,0.000000,0.000000,0.0000,0.0000,0.0000,0.00,244.78,0.0682
009999,0.00000,216.3145,0.0021,0.000000,0.000000,0.0000,0.0000,0.0000,0.00,244.78,0.0682
009999,0.00000,216.4510,0.0021,0.000000,0.000000,0.0000,0.0000,0.0000,0.00,244.78,0.0682
009999,0.00000,216.5874,0.0021,0.000000,0.000000,0.0000,0.0000,0.0000,0.00,244.78,0.0682
009999,0.00000,216.7238,0.0021,0.000000,0.000000,0.0000,0.0000,0.0000,0.00,244.78,0.0682
009999,0.00000,216.8603,0.0021,0.000000,0.000000,0.0000,0.0000,0.0000,0.00,244.78,0.0682
009999,0.00000,216.9967,0.0021,0.000000,0.000000,0.0000,0.0000,0.0000,0.00,244.78,0.0682
009999,0.00000,217.1331,0.0021,0.000000,0.000000,0.0000,0.0000,0.0000,0.00,244.78,0.0682
009999,0.00000,217.2696,0.0021,0.000000,0.000000,0.0000,0.0000,0.0000,0.00,244.78,0.0682
009999,0.00000,217.4060,0.0021,0.000000,0.000000,0.0000,0.0000,0.0000,0.00,244.78,0.0682
009999,0.00000,217.5424,0.0021,0.000000,0.000000,0.0000,0.0000,0.0000,0.00,244.78,0.0682
009999,0.00000,217.6789,0.0021,0.000000,0.000000,0.0000,0.0000,0.0000,0.00,244.78,0.0682
009999,0.00000,217.8153,0.0021,0.000000,0.000000,0.0000,0.0000,0.0000,0.00,244.78,0.0682
009999,0.00000,217.9517,0.0021,0.000000,0.000000,0.0000,0.0000,0.0000,0.00,244.78,0.0682
009999,0.00000,218.0882,0.0021,0.000000,0.000000,0.0000,0.0000,0.0000,0.00,244.78,0.0682
009999,0.00000,218.2246,0.0021,0.000000,0.000000,0.0000,0.0000,0.0000,0.00,244.78,0.0682
009999,0.00000,218.3610,0.0021,0.000000,0.000000,0.0000,0.0000,0.0000,0.00,244.78,0.0682
011472,1120.00000,0.0682,0.0022,0.000049,0.049803,15.4238,3.4387,19.1083,297.63,262.24,0.6307
011472,1120.00000,0.2046,0.0022,0.000084,0.050481,15.4287,3.4899,19.1081,297.63,262.40,0.6777
011472,1120.00000,0.3411,0.0022,0.000151,0.051761,15.4452,3.5878,19.1085,297.61,262.67,0.7110
011472,1120.00000,0.4775,0.0022,0.000275,0.053619,15.4831,3.7324,19.1133,297.57,263.01,0.7315
011472,1120.00000,0.6139,0.0022,0.000500,0.056034,15.5545,3.9247,19.1308,297.49,263.40,0.7413
011472,1120.00000,0.7504,0.0022,0.000887,0.058962,15.6710,4.1650,19.1716,297.39,263.81,0.7436
011472,1120.00000,0.8868,0.0022,0.001506,0.062312,15.8414,4.4507,19.2456,297.30,264.20,0.7414
011472,1120.00000,1.0232,0.0022,0.002422,0.065948,16.0705,4.7762,19.3608,297.25,264.53,0.7378
011472,1120.00000,1.1597,0.0022,0.003667,0.069697,16.3595,5.1333,19.5226,297.24,264.78,0.7352
011472,1120.00000,1.2961,0.0022,0.005222,0.073381,16.7077,5.5119,19.7342,297.29,264.90,0.7353
011472,1120.00000,1.4325,0.0022,0.007010,0.076842,17.1128,5.9018,19.9973,297.39,264.89,0.7389
011472,1120.00000,1.5690,0.0023,0.008920,0.079968,17.5716,6.2944,20.3124,297.56,264.75,0.7463
011472,1120.00000,1.7054,0.0023,0.010829,0.082698,18.0809,6.6832,20.6790,297.80,264.50,0.7574
011472,1120.00000,1.8418,0.0023,0.012632,0.085016,18.6370,7.0643,21.0960,298.11,264.14,0.7719
011472,1120.00000,1.9783,0.0023,0.014252,0.086940,19.2365,7.4354,21.5617,298.49,263.71,0.7895
011472,1120.00000,2.1147,0.0023,0.015649,0.088504,19.8752,7.7958,22.0740,298.94,263.22,0.8096
011472,1120.00000,2.2511,0.0023,0.016809,0.089755,20.5494,8.1457,22.6306,299.46,262.69,0.8321
011472,1120.00000,2.3876,0.0023,0.017742,0.090741,21.2552,8.4857,23.2288,300.07,262.14,0.8565
011472,1120.00000,2.5240,0.0023,0.018469,0.091508,21.9890,8.8167,23.8664,300.77,261.59,0.8827
011472,1120.00000,2.6604,0.0023,0.019018,0.092098,22.7467,9.1396,24.5407,301.56,261.05,0.9105
011472,1120.00000,2.7969,0.0023,0.019421,0.092547,23.5248,9.4551,25.2499,302.47,260.52,0.9398
011472,1120.00000,2.9333,0.0023,0.019705,0.092888,24.3194,9.7641,25.9925,303.52,260.01,0.9703
011472,1120.00000,3.0697,0.0023,0.019895,0.093148,25.1274,10.0672,26.7679,304.72,259.53,1.0022
011472,1120.00000,3.2062,0.0023,0.020022,0.093337,25.9454,10.3645,27.5777,306.15,259.08,1.0351
011472,1120.00000,3.3426,0.0023,0.020131,0.093458,26.7705,10.6563,28.4302,307.98,258.65,1.0692
011472,1120.00000,3.4790,0.0023,0.020243,0.093524,27.5983,10.9428,29.2874,309.96,258.26,1.1043
011472,1120.00000,3.6155,0.0023,0.020319,0.093587,28.4272,11.2247,30.1109,311.62,257.92,1.1404
011472,1120.00000,3.7519,0.0023,0.020345,0.093664,29.2568,11.5023,30.9253,313.10,257.62,1.1775
011472,1120.00000,3.8883,0.0023,0.020322,0.093763,30.0868,11.7758,31.7353,314.42,257.35,1.2156
011472,1120.00000,4.0248,0.0023,0.020250,0.093890,30.9171,12.0451,32.5400,315.58,257.12,1.2546
011472,1120.00000,4.1612,0.0023,0.020137,0.094045,31.7471,12.3102,33.3395,316.58,256.92,1.2944
011472,1120.00000,4.2976,0.0023,0.019989,0.094226,32.5765,12.5710,34.1346,317.47,256.76,1.3352
011472,1120.00000,4.4341,0.0023,0.019815,0.094430,33.4043,12.8272,34.9258,318.26,256.63,1.3768
011472,1120.00000,4.5705,0.0023,0.019619,0.094657,34.2301,13.0788,35.7132,318.98,256.52,1.4192
011472,1120.00000,4.7069,0.0023,0.019405,0.094903,35.0537,13.3256,36.4969,319.64,256.44,1.4625
011472,1120.00000,4.8434,0.0023,0.019178,0.095167,35.8745,13.5675,37.2768,320.25,256.37,1.5065
011472,1120.00000,4.9798,0.0023,0.018939,0.095445,36.6925,13.8042,38.0524,320.81,256.33,1.5513
011472,1120.00000,5.1162,0.0023,0.018692,0.095736,37.5074,14.0356,38.8239,321.34,256.31,1.5968
011472,1120.00000,5.2527,0.0023,0.018439,0.096037,38.3191,14.2615,39.5908,321.83,256.30,1.6430
011472,1120.00000,5.3891,0.0023,0.018181,0.096344,39.1273,14.4818,40.3532,322.29,256.31,1.6899
011472,1120.00000,5.5255,0.0023,0.017920,0.096656,39.9321,14.6962,41.1105,322.73,256.33,1.7375
011472,1120.00000,5.6620,0.0023,0.017658,0.096969,40.7333,14.9047,41.8627,323.14,256.35,1.7857
011472,1120.00000,5.7984,0.0023,0.017395,0.097281,41.5310,15.1072,42.6094,323.54,256.39,1.8345
011472,1120.00000,5.9348,0.0023,0.017133,0.097590,42.3250,15.3034,43.3505,323.91,256.43,1.8838
011472,1120.00000,6.0713,0.0023,0.016873,0.097894,43.1152,15.4933,44.0855,324.27,256.48,1.9338
011472,1120.00000,6.2077,0.0023,0.016616,0.098190,43.9018,15.6769,44.8141,324.61,256.53,1.9842
011472,1120.00000,6.3441,0.0023,0.016362,0.098477,44.6844,15.8541,45.5362,324.93,256.58,2.0351
011472,1120.00000,6.4806,0.0023,0.016112,0.098753,45.4634,16.0247,46.2513,325.24,256.63,2.0865
011472,1120.00000,6.6170,0.0023,0.015866,0.099016,46.2385,16.1887,46.9590,325.54,256.69,2.1384
011472,1120.00000,6.7534,0.0023,0.015624,0.099266,47.0099,16.3464,47.6592,325.83,256.74,2.1906
011472,1120.00000,6.8899,0.0023,0.015388,0.099502,47.7773,16.4976,48.3512,326.11,256.79,2.2433
011472,1120.00000,7.0263,0.0023,0.015156,0.099721,48.5409,16.6422,49.0348,326.37,256.84,2.2963
011472,1120.00000,7.1627,0.0023,0.014930,0.099925,49.3007,16.7804,49.7096,326.63,256.89,2.3496
011472,1120.00000,7.2992,0.0023,0.014710,0.100112,50.0564,16.9123,50.3752,326.87,256.94,2.4033
011472,1120.00000,7.4356,0.0023,0.014494,0.100281,50.8083,17.0379,51.0310,327.11,256.98,2.4573
011472,1120.00000,7.5720,0.0023,0.014285,0.100434,51.5561,17.1574,51.6769,327.34,257.02,2.5116
011472,1120.00000,7.7085,0.0023,0.014080,0.100569,52.3001,17.2707,52.3122,327.55,257.06,2.5662
011472,1120.00000,7.8449,0.0023,0.013881,0.100686,53.0400,17.3780,52.9367,327.76,257.10,2.6211
011472,1120.00000,7.9813,0.0023,0.013686,0.100786,53.7758,17.4795,53.5498,327.97,257.13,2.6762
011472,1120.00000,8.1178,0.0023,0.013497,0.100869,54.5077,17.5752,54.1512,328.16,257.16,2.7316
011472,1120.00000,8.2542,0.0023,0.013312,0.100935,55.2355,17.6653,54.7405,328.35,257.18,2.7873
011472,1120.00000,8.3906,0.0023,0.013132,0.100984,55.9593,17.7500,55.3173,328.52,257.21,2.8432
011472,1120.00000,8.5271,0.0023,0.012957,0.101017,56.6789,17.8292,55.8813,328.70,257.23,2.8993
011472,1120.00000,8.6635,0.0023,0.012786,0.101035,57.3943,17.9033,56.4320,328.86,257.25,2.9557
011472,1120.00000,8.7999,0.0023,0.012619,0.101037,58.1059,17.9723,56.9691,329.02,257.27,3.0123
011472,1120.00000,8.9364,0.0023,0.012456,0.101024,58.8131,18.0363,57.4925,329.16,257.29,3.0692
011472,1120.00000,9.0728,0.0023,0.012297,0.100997,59.5162,18.0956,58.0016,329.31,257.30,3.1263
011472,1120.00000,9.2092,0.0023,0.012141,0.100957,60.2153,18.1502,58.4962,329.44,257.31,3.1837
011472,1120.00000,9.3457,0.0023,0.011989,0.100903,60.9101,18.2002,58.9763,329.57,257.33,3.2413
011472,1120.00000,9.4821,0.0023,0.011841,0.100836,61.6006,18.2458,59.4414,329.69,257.34,3.2991
011472,1120.00000,9.6185,0.0023,0.011695,0.100757,62.2871,18.2870,59.8916,329.80,257.35,3.3571
011472,1120.00000,9.7550,0.0023,0.011553,0.100667,62.9695,18.3242,60.3266,329.91,257.36,3.4153
011472,1120.00000,9.8914,0.0023,0.011414,0.100565,63.6476,18.3571,60.7462,330.01,257.37,3.4738
011472,1120.00000,10.0278,0.0023,0.011278,0.100452,64.3215,18.3861,61.1505,330.11,257.38,3.5324
011472,1120.00000,10.1643,0.0023,0.011145,0.100329,64.9913,18.4112,61.5395,330.20,257.39,3.5913
011472,1120.00000,10.3007,0.0023,0.011014,0.100195,65.6568,18.4325,61.9132,330.28,257.40,3.6503
011472,1120.00000,10.4371,0.0023,0.010887,0.100052,66.3183,18.4502,62.2714,330.36,257.41,3.7095
011472,1120.00000,10.5736,0.0023,0.010762,0.099900,66.9758,18.4642,62.6144,330.43,257.41,3.7688
011472,1120.00000,10.7100,0.0023,0.010640,0.099739,67.6292,18.4748,62.9424,330.49,257.42,3.8282
011472,1120.00000,10.8464,0.0023,0.010521,0.099569,68.2784,18.4818,63.2553,330.55,257.43,3.8878
011472,1120.00000,10.9829,0.0023,0.010405,0.099391,68.9237,18.4856,63.5535,330.60,257.43,3.9474
011472,1120.00000,11.1193,0.0023,0.010291,0.099205,69.5650,18.4861,63.8370,330.65,257.43,4.0071
011472,1120.00000,11.2557,0.0023,0.010180,0.099012,70.2024,18.4835,64.1063,330.70,257.44,4.0669
011472,1120.00000,11.3922,0.0023,0.010072,0.098810,70.8359,18.4777,64.3616,330.73,257.44,4.1266
011472,1120.00000,11.5286,0.0023,0.009967,0.098602,71.4657,18.4689,64.6032,330.77,257.43,4.1864
011472,1120.00000,11.6650,0.0023,0.009865,0.098387,72.0917,18.4573,64.8313,330.80,257.43,4.2461
011472,1120.00000,11.8015,0.0023,0.009765,0.098165,72.7139,18.4428,65.0465,330.82,257.42,4.3057
011472,1120.00000,11.9379,0.0023,0.009669,0.097937,73.3327,18.4255,65.2489,330.84,257.41,4.3652
011472,1120.00000,12.0743,0.0023,0.009576,0.097702,73.9479,18.4055,65.4393,330.86,257.40,4.4246
011472,1120.00000,12.2108,0.0023,0.009486,0.097462,74.5597,18.3828,65.6177,330.87,257.39,4.4839
011472,1120.00000,12.3472,0.0023,0.009399,0.097216,75.1679,18.3577,65.7849,330.88,257.37,4.5429
011472,1120.00000,12.4836,0.0023,0.009316,0.096964,75.7730,18.3302,65.9409,330.88,257.35,4.6017
011472,1120.00000,12.6201,0.0023,0.009236,0.096708,76.3748,18.3001,66.0866,330.88,257.33,4.6603
011472,1120.00000,12.7565,0.0023,0.009160,0.096446,76.9735,18.2680,66.2223,330.88,257.30,4.7185
011472,1120.00000,12.8929,0.0023,0.009087,0.096180,77.5691,18.2336,66.3483,330.88,257.27,4.7765
011472,1120.00000,13.0294,0.0023,0.009019,0.095909,78.1617,18.1971,66.4651,330.87,257.24,4.8341
011472,1120.00000,13.1658,0.0023,0.008955,0.095635,78.7514,18.1587,66.5734,330.86,257.20,4.8914
011472,1120.00000,13.3022,0.0023,0.008895,0.095356,79.3382,18.1185,66.6734,330.85,257.15,4.9482
011472,1120.00000,13.4387,0.0023,0.008839,0.095075,79.9223,18.0764,66.7657,330.83,257.11,5.0046
011472,1120.00000,13.5751,0.0023,0.008789,0.094790,80.5034,18.0325,66.8505,330.81,257.06,5.0606
011472,1120.00000,13.7115,0.0023,0.008743,0.094502,81.0819,17.9873,66.9287,330.80,257.01,5.1161
011472,1120.00000,13.8479,0.0023,0.008703,0.094212,81.6576,17.9404,67.0002,330.77,256.95,5.1711
011472,1120.00000,13.9844,0.0023,0.008668,0.093919,82.2305,17.8921,67.0658,330.75,256.89,5.2256
011472,1120.00000,14.1208,0.0023,0.008638,0.093624,82.8006,17.8426,67.1257,330.73,256.82,5.2796
011472,1120.00000,14.2572,0.0023,0.008615,0.093329,83.3681,17.7919,67.1803,330.70,256.75,5.3330
011472,1120.00000,14.3937,0.0023,0.008598,0.093032,83.9325,17.7402,67.2300,330.67,256.68,5.3858
011472,1120.00000,14.5301,0.0023,0.008587,0.092733,84.4939,17.6875,67.2751,330.64,256.61,5.4381
011472,1120.00000,14.6665,0.0023,0.008584,0.092435,85.0523,17.6339,67.3160,330.61,256.53,5.4898
011472,1120.00000,14.8030,0.0023,0.008588,0.092136,85.6073,17.5795,67.3532,330.58,256.45,5.5409
011472,1120.00000,14.9394,0.0023,0.008599,0.091837,86.1589,17.5245,67.3867,330.55,256.36,5.5914
011472,1120.00000,15.0758,0.0023,0.008619,0.091539,86.7068,17.4688,67.4169,330.52,256.27,5.6412
011472,1120.00000,15.2123,0.0023,0.008647,0.091241,87.2507,17.4128,67.4440,330.48,256.18,5.6904
011472,1120.00000,15.3487,0.0023,0.008684,0.090944,87.7904,17.3564,67.4684,330.45,256.09,5.7390
011472,1120.00000,15.4851,0.0023,0.008730,0.090649,88.3256,17.2995,67.4904,330.41,256.00,5.7869
011472,1120.00000,15.6216,0.0023,0.008785,0.090355,88.8557,17.2426,67.5100,330.38,255.90,5.8342
011472,1120.00000,15.7580,0.0023,0.008851,0.090062,89.3807,17.1855,67.5276,330.34,255.80,5.8808
011472,1120.00000,15.8944,0.0023,0.008927,0.089771,89.9000,17.1282,67.5433,330.31,255.71,5.9267
011472,1120.00000,16.0309,0.0023,0.009014,0.089483,90.4131,17.0710,67.5573,330.27,255.60,5.9720
011472,1120.00000,16.1673,0.0023,0.009112,0.089196,90.9196,17.0139,67.5697,330.23,255.50,6.0165
011472,1120.00000,16.3037,0.0023,0.009222,0.088912,91.4192,16.9569,67.5807,330.20,255.40,6.0603
011472,1120.00000,16.4402,0.0023,0.009343,0.088630,91.9112,16.9000,67.5905,330.16,255.29,6.1034
011472,1120.00000,16.5766,0.0023,0.009478,0.088350,92.3951,16.8435,67.5993,330.12,255.19,6.1457
011472,1120.00000,16.7130,0.0023,0.009624,0.088074,92.8704,16.7872,67.6071,330.08,255.08,6.1873
011472,1120.00000,16.8495,0.0023,0.009784,0.087799,93.3369,16.7313,67.6139,330.04,254.98,6.2281
011472,1120.00000,16.9859,0.0023,0.009957,0.087528,93.7938,16.6757,67.6200,330.01,254.87,6.2681
011472,1120.00000,17.1223,0.0023,0.010143,0.087259,94.2408,16.6207,67.6253,329.97,254.76,6.3074
011472,1120.00000,17.2588,0.0023,0.010342,0.086993,94.6775,16.5659,67.6301,329.93,254.65,6.3457
011472,1120.00000,17.3952,0.0023,0.010556,0.086729,95.1034,16.5118,67.6343,329.89,254.55,6.3832
011472,1120.00000,17.5316,0.0023,0.010783,0.086469,95.5181,16.4580,67.6380,329.85,254.44,6.4198
011472,1120.00000,17.6681,0.0023,0.011024,0.086210,95.9214,16.4049,67.6413,329.81,254.33,6.4555
011472,1120.00000,17.8045,0.0023,0.011278,0.085955,96.3131,16.3524,67.6442,329.77,254.22,6.4903
011472,1120.00000,17.9409,0.0023,0.011546,0.085702,96.6926,16.3003,67.6468,329.74,254.11,6.5241
011472,1120.00000,18.0774,0.0023,0.011827,0.085452,97.0599,16.2488,67.6489,329.70,254.00,6.5569
011472,1120.00000,18.2138,0.0023,0.012120,0.085205,97.4150,16.1980,67.6508,329.66,253.89,6.5887
011472,1120.00000,18.3502,0.0023,0.012427,0.084960,97.7575,16.1478,67.6525,329.62,253.78,6.6194
011472,1120.00000,18.4867,0.0023,0.012745,0.084718,98.0875,16.0982,67.6540,329.58,253.67,6.6491
011472,1120.00000,18.6231,0.0023,0.013074,0.084479,98.4052,16.0491,67.6552,329.54,253.57,6.6776
011472,1120.00000,18.7595,0.0023,0.013415,0.084242,98.7102,16.0009,67.6562,329.50,253.46,6.7050
011472,1120.00000,18.8960,0.0023,0.013765,0.084009,99.0027,15.9533,67.6569,329.46,253.35,6.7312
011472,1120.00000,19.0324,0.0023,0.014125,0.083779,99.2830,15.9063,67.6573,329.42,253.24,6.7561
011472,1120.00000,19.1688,0.0023,0.014493,0.083551,99.5510,15.8602,67.6573,329.37,253.13,6.7799
011472,1120.00000,19.3053,0.0023,0.014868,0.083327,99.8070,15.8147,67.6571,329.33,253.02,6.8024
011472,1120.00000,19.4417,0.0023,0.015250,0.083106,100.0512,15.7698,67.6566,329.29,252.92,6.8237
011472,1120.00000,19.5781,0.0023,0.015638,0.082887,100.2837,15.7258,67.6559,329.24,252.81,6.8436
011472,1120.00000,19.7146,0.0023,0.016031,0.082672,100.5049,15.6825,67.6549,329.19,252.70,6.8622
011472,1120.00000,19.8510,0.0023,0.016427,0.082460,100.7151,15.6397,67.6537,329.14,252.60,6.8796
011472,1120.00000,19.9874,0.0023,0.016826,0.082251,100.9142,15.5978,67.6522,329.09,252.49,6.8955
011472,1120.00000,20.1239,0.0023,0.017227,0.082045,101.1030,15.5566,67.6504,329.04,252.38,6.9101
011472,1120.00000,20.2603,0.0023,0.017629,0.081841,101.2813,15.5161,67.6484,328.99,252.28,6.9233
011472,1120.00000,20.3967,0.0023,0.018032,0.081641,101.4497,15.4762,67.6461,328.93,252.17,6.9352
011472,1120.00000,20.5332,0.0023,0.018433,0.081444,101.6084,15.4373,67.6436,328.88,252.06,6.9457
011472,1120.00000,20.6696,0.0023,0.018834,0.081249,101.7578,15.3988,67.6408,328.82,251.96,6.9548
011472,1120.00000,20.8060,0.0023,0.019232,0.081057,101.8979,15.3611,67.6378,328.76,251.85,6.9625
011472,1120.00000,20.9425,0.0023,0.019629,0.080868,102.0294,15.3242,67.6345,328.70,251.75,6.9688
011472,1120.00000,21.0789,0.0023,0.020022,0.080681,102.1524,15.2879,67.6311,328.64,251.64,6.9738
011472,1120.00000,21.2153,0.0023,0.020412,0.080497,102.2671,15.2522,67.6272,328.58,251.54,6.9773
011472,1120.00000,21.3518,0.0023,0.020798,0.080315,102.3739,15.2175,67.6233,328.51,251.44,6.9795
011472,1120.00000,21.4882,0.0023,0.021181,0.080135,102.4730,15.1832,67.6191,328.45,251.33,6.9804
011472,1120.00000,21.6246,0.0023,0.021560,0.079958,102.5648,15.1497,67.6146,328.38,251.23,6.9799
011472,1120.00000,21.7611,0.0023,0.021935,0.079783,102.6494,15.1170,67.6099,328.31,251.13,6.9781
011472,1120.00000,21.8975,0.0023,0.022306,0.079610,102.7273,15.0848,67.6049,328.24,251.02,6.9750
011472,1120.00000,22.0339,0.0023,0.022674,0.079439,102.7984,15.0534,67.5997,328.17,250.92,6.9706
011472,1120.00000,22.1704,0.0023,0.023038,0.079269,102.8634,15.0227,67.5944,328.10,250.82,6.9649
011472,1120.00000,22.3068,0.0023,0.023399,0.079102,102.9221,14.9926,67.5886,328.02,250.72,6.9579
011472,1120.00000,22.4432,0.0023,0.023757,0.078935,102.9750,14.9633,67.5828,327.95,250.62,6.9498
011472,1120.00000,22.5797,0.0023,0.024112,0.078771,103.0224,14.9346,67.5766,327.87,250.52,6.9405
011472,1120.00000,22.7161,0.0023,0.024465,0.078607,103.0642,14.9065,67.5702,327.79,250.42,6.9300
011472,1120.00000,22.8525,0.0023,0.024816,0.078445,103.1009,14.8793,67.5637,327.71,250.33,6.9183
011472,1120.00000,22.9890,0.0023,0.025165,0.078284,103.1326,14.8526,67.5567,327.63,250.23,6.9056
011472,1120.00000,23.1254,0.0023,0.025513,0.078125,103.1597,14.8266,67.5496,327.55,250.13,6.8918
011472,1120.00000,23.2618,0.0023,0.025860,0.077966,103.1821,14.8013,67.5424,327.47,250.04,6.8769
011472,1120.00000,23.3983,0.0023,0.026207,0.077808,103.2003,14.7767,67.5347,327.38,249.95,6.8611
011472,1120.00000,23.5347,0.0023,0.026553,0.077650,103.2141,14.7528,67.5271,327.30,249.85,6.8443
011472,1120.00000,23.6711,0.0023,0.026900,0.077494,103.2240,14.7296,67.5191,327.21,249.76,6.8266
011472,1120.00000,23.8076,0.0023,0.027247,0.077338,103.2302,14.7070,67.5109,327.13,249.67,6.8081
011472,1120.00000,23.9440,0.0023,0.027594,0.077182,103.2328,14.6851,67.5025,327.04,249.58,6.7887
011472,1120.00000,24.0804,0.0023,0.027943,0.077027,103.2318,14.6638,67.4941,326.95,249.50,6.7685
011472,1120.00000,24.2169,0.0023,0.028293,0.076872,103.2277,14.6431,67.4855,326.86,249.41,6.7475
011472,1120.00000,24.3533,0.0023,0.028644,0.076717,103.2204,14.6232,67.4766,326.77,249.33,6.7259
011472,1120.00000,24.4897,0.0023,0.028997,0.076563,103.2102,14.6039,67.4679,326.69,249.25,6.7036
011472,1120.00000,24.6262,0.0023,0.029351,0.076408,103.1972,14.5852,67.4589,326.59,249.16,6.6806
011472,1120.00000,24.7626,0.0023,0.029707,0.076254,103.1814,14.5671,67.4499,326.50,249.09,6.6571
011472,1120.00000,24.8990,0.0023,0.030065,0.076100,103.1632,14.5497,67.4409,326.41,249.01,6.6331
011472,1120.00000,25.0355,0.0023,0.030426,0.075946,103.1426,14.5329,67.4319,326.32,248.93,6.6085
011472,1120.00000,25.1719,0.0023,0.030788,0.075791,103.1198,14.5167,67.4229,326.23,248.86,6.5835
011472,1120.00000,25.3083,0.0023,0.031152,0.075637,103.0948,14.5010,67.4139,326.14,248.79,6.5582
011472,1120.00000,25.4448,0.0023,0.031519,0.075483,103.0678,14.4861,67.4050,326.04,248.72,6.5324
011472,1120.00000,25.5812,0.0023,0.031888,0.075328,103.0389,14.4716,67.3963,325.95,248.65,6.5063
011472,1120.00000,25.7176,0.0023,0.032259,0.075174,103.0081,14.4577,67.3875,325.86,248.58,6.4799
011472,1120.00000,25.8541,0.0023,0.032632,0.075019,102.9757,14.4443,67.3789,325.76,248.52,6.4533
011472,1120.00000,25.9905,0.0023,0.033007,0.074864,102.9416,14.4314,67.3705,325.67,248.46,6.4264
011472,1120.00000,26.1269,0.0023,0.033385,0.074709,102.9061,14.4193,67.3622,325.57,248.40,6.3993
011472,1120.00000,26.2634,0.0023,0.033765,0.074554,102.8691,14.4074,67.3540,325.48,248.34,6.3722
011472,1120.00000,26.3998,0.0023,0.034147,0.074399,102.8307,14.3962,67.3459,325.38,248.28,6.3449
011472,1120.00000,26.5362,0.0023,0.034530,0.074245,102.7911,14.3855,67.3380,325.29,248.22,6.3175
011472,1120.00000,26.6727,0.0023,0.034916,0.074090,102.7502,14.3751,67.3301,325.19,248.17,6.2901
011472,1120.00000,26.8091,0.0023,0.035304,0.073936,102.7081,14.3654,67.3225,325.10,248.12,6.2627
011472,1120.00000,26.9455,0.0023,0.035693,0.073781,102.6649,14.3560,67.3150,325.00,248.07,6.2352
011472,1120.00000,27.0820,0.0023,0.036085,0.073627,102.6208,14.3470,67.3074,324.91,248.02,6.2079
011472,1120.00000,27.2184,0.0023,0.036477,0.073474,102.5755,14.3385,67.3001,324.81,247.98,6.1805
011472,1120.00000,27.3548,0.0023,0.036872,0.073321,102.5294,14.3304,67.2927,324.71,247.93,6.1533
011472,1120.00000,27.4912,0.0023,0.037267,0.073169,102.4823,14.3227,67.2855,324.62,247.89,6.1262
011472,1120.00000,27.6277,0.0023,0.037664,0.073018,102.4342,14.3155,67.2783,324.52,247.85,6.0992
011472,1120.00000,27.7641,0.0023,0.038062,0.072867,102.3855,14.3085,67.2712,324.42,247.81,6.0723
011472,1120.00000,27.9005,0.0023,0.038461,0.072718,102.3357,14.3019,67.2639,324.32,247.77,6.0457
011472,1120.00000,28.0370,0.0023,0.038860,0.072570,102.2853,14.2956,67.2568,324.23,247.74,6.0192
011472,1120.00000,28.1734,0.0023,0.039260,0.072423,102.2341,14.2898,67.2496,324.13,247.70,5.9929
011472,1120.00000,28.3098,0.0023,0.039661,0.072278,102.1823,14.2842,67.2424,324.03,247.67,5.9669
011472,1120.00000,28.4463,0.0023,0.040063,0.072135,102.1296,14.2790,67.2353,323.93,247.64,5.9410
011472,1120.00000,28.5827,0.0023,0.040464,0.071993,102.0764,14.2740,67.2280,323.83,247.61,5.9155
011472,1120.00000,28.7191,0.0023,0.040865,0.071854,102.0224,14.2694,67.2207,323.74,247.58,5.8901
011472,1120.00000,28.8556,0.0023,0.041267,0.071717,101.9680,14.2650,67.2134,323.64,247.55,5.8651
011472,1120.00000,28.9920,0.0023,0.041668,0.071582,101.9128,14.2608,67.2061,323.54,247.52,5.8403
011472,1120.00000,29.1284,0.0023,0.042070,0.071449,101.8570,14.2571,67.1987,323.44,247.49,5.8158
011472,1120.00000,29.2649,0.0023,0.042470,0.071320,101.8008,14.2534,67.1913,323.34,247.47,5.7915
011472,1120.00000,29.4013,0.0023,0.042871,0.071193,101.7440,14.2501,67.1840,323.24,247.45,5.7676
011472,1120.00000,29.5377,0.0023,0.043271,0.071069,101.6867,14.2470,67.1767,323.14,247.42,5.7439
011472,1120.00000,29.6742,0.0023,0.043670,0.070949,101.6288,14.2442,67.1694,323.04,247.40,5.7206
011472,1120.00000,29.8106,0.0023,0.044068,0.070832,101.5705,14.2415,67.1620,322.94,247.38,5.6975
011472,1120.00000,29.9470,0.0023,0.044467,0.070718,101.5117,14.2392,67.1546,322.84,247.36,5.6747
011472,1120.00000,30.0835,0.0023,0.044864,0.070608,101.4526,14.2369,67.1474,322.73,247.34,5.6523
011472,1120.00000,30.2199,0.0023,0.045261,0.070501,101.3929,14.2350,67.1402,322.63,247.32,5.6301
011472,1120.00000,30.3563,0.0023,0.045657,0.070399,101.3329,14.2333,67.1331,322.53,247.30,5.6082
011472,1120.00000,30.4928,0.0023,0.046053,0.070300,101.2725,14.2318,67.1261,322.43,247.28,5.5865
011472,1120.00000,30.6292,0.0023,0.046448,0.070205,101.2116,14.2304,67.1192,322.33,247.26,5.5652
011472,1120.00000,30.7656,0.0023,0.046843,0.070115,101.1504,14.2291,67.1122,322.23,247.25,5.5442
011472,1120.00000,30.9021,0.0023,0.047238,0.070028,101.0887,14.2283,67.1055,322.12,247.23,5.5234
011472,1120.00000,31.0385,0.0023,0.047632,0.069946,101.0267,14.2274,67.0990,322.02,247.21,5.5029
011472,1120.00000,31.1749,0.0023,0.048026,0.069869,100.9644,14.2269,67.0924,321.92,247.20,5.4827
011472,1120.00000,31.3114,0.0023,0.048421,0.069795,100.9016,14.2265,67.0862,321.81,247.18,5.4627
011472,1120.00000,31.4478,0.0023,0.048815,0.069726,100.8385,14.2262,67.0800,321.71,247.17,5.4429
011472,1120.00000,31.5842,0.0023,0.049210,0.069662,100.7750,14.2262,67.0740,321.61,247.15,5.4234
011472,1120.00000,31.7207,0.0023,0.049606,0.069602,100.7112,14.2263,67.0681,321.50,247.14,5.4042
011472,1120.00000,31.8571,0.0023,0.050002,0.069546,100.6470,14.2266,67.0625,321.40,247.13,5.3852
011472,1120.00000,31.9935,0.0023,0.050399,0.069496,100.5825,14.2272,67.0571,321.30,247.11,5.3664
011472,1120.00000,32.1300,0.0023,0.050798,0.069449,100.5175,14.2279,67.0518,321.19,247.10,5.3478
011472,1120.00000,32.2664,0.0023,0.051197,0.069407,100.4523,14.2287,67.0466,321.09,247.09,5.3294
011472,1120.00000,32.4028,0.0023,0.051599,0.069369,100.3866,14.2297,67.0417,320.98,247.08,5.3113
011472,1120.00000,32.5393,0.0023,0.052002,0.069336,100.3203,14.2309,67.0368,320.88,247.07,5.2933
011472,1120.00000,32.6757,0.0023,0.052407,0.069307,100.2538,14.2323,67.0321,320.77,247.06,5.2755
011472,1120.00000,32.8121,0.0023,0.052815,0.069282,100.1869,14.2339,67.0278,320.67,247.05,5.2579
011472,1120.00000,32.9486,0.0023,0.053226,0.069261,100.1194,14.2355,67.0234,320.56,247.04,5.2405
011472,1120.00000,33.0850,0.0024,0.053639,0.069245,100.0516,14.2375,67.0192,320.46,247.03,5.2233
011472,1120.00000,33.2214,0.0024,0.054055,0.069233,99.9832,14.2395,67.0152,320.35,247.02,5.2062
011472,1120.00000,33.3579,0.0024,0.054475,0.069224,99.9143,14.2417,67.0113,320.25,247.01,5.1893
011472,1120.00000,33.4943,0.0024,0.054899,0.069220,99.8448,14.2442,67.0073,320.14,247.01,5.1725
011472,1120.00000,33.6307,0.0024,0.055326,0.069219,99.7748,14.2467,67.0036,320.03,247.00,5.1559
011472,1120.00000,33.7672,0.0024,0.055758,0.069222,99.7043,14.2495,66.9999,319.93,246.99,5.1394
011472,1120.00000,33.9036,0.0024,0.056194,0.069229,99.6331,14.2524,66.9962,319.82,246.99,5.1231
011472,1120.00000,34.0400,0.0024,0.056635,0.069240,99.5613,14.2555,66.9926,319.71,246.99,5.1069
011472,1120.00000,34.1765,0.0024,0.057080,0.069254,99.4889,14.2587,66.9890,319.61,246.98,5.0908
011472,1120.00000,34.3129,0.0024,0.057531,0.069271,99.4157,14.2621,66.9853,319.50,246.98,5.0748
011472,1120.00000,34.4493,0.0024,0.057987,0.069292,99.3418,14.2657,66.9816,319.39,246.98,5.0590
011472,1120.00000,34.5858,0.0024,0.058449,0.069316,99.2672,14.2694,66.9780,319.28,246.98,5.0433
011472,1120.00000,34.7222,0.0024,0.058916,0.069342,99.1917,14.2733,66.9741,319.18,246.98,5.0277
011472,1120.00000,34.8586,0.0024,0.059390,0.069372,99.1156,14.2773,66.9703,319.07,246.98,5.0122
011472,1120.00000,34.9951,0.0024,0.059869,0.069405,99.0384,14.2814,66.9664,318.96,246.98,4.9968
011472,1120.00000,35.1315,0.0024,0.060355,0.069441,98.9605,14.2857,66.9623,318.85,246.98,4.9815
011472,1120.00000,35.2679,0.0024,0.060847,0.069480,98.8816,14.2902,66.9580,318.74,246.98,4.9663
011472,1120.00000,35.4044,0.0024,0.061346,0.069521,98.8017,14.2948,66.9537,318.63,246.99,4.9512
011472,1120.00000,35.5408,0.0024,0.061852,0.069565,98.7210,14.2995,66.9492,318.52,246.99,4.9362
011472,1120.00000,35.6772,0.0024,0.062364,0.069611,98.6392,14.3044,66.9445,318.41,247.00,4.9213
011472,1120.00000,35.8137,0.0024,0.062884,0.069660,98.5565,14.3095,66.9396,318.30,247.00,4.9064
011472,1120.00000,35.9501,0.0024,0.063411,0.069711,98.4726,14.3146,66.9346,318.18,247.01,4.8917
011472,1120.00000,36.0865,0.0024,0.063946,0.069765,98.3877,14.3199,66.9294,318.07,247.02,4.8771
011472,1120.00000,36.2230,0.0024,0.064488,0.069820,98.3018,14.3253,66.9241,317.96,247.03,4.8625
011472,1120.00000,36.3594,0.0024,0.065038,0.069878,98.2146,14.3308,66.9186,317.85,247.04,4.8480
011472,1120.00000,36.4958,0.0024,0.065596,0.069938,98.1262,14.3364,66.9129,317.73,247.06,4.8336
011472,1120.00000,36.6323,0.0024,0.066162,0.070000,98.0368,14.3422,66.9072,317.62,247.07,4.8192
011472,1120.00000,36.7687,0.0024,0.066736,0.070064,97.9461,14.3482,66.9011,317.50,247.08,4.8050
011472,1120.00000,36.9051,0.0024,0.067320,0.070130,97.8542,14.3540,66.8950,317.39,247.10,4.7908
011472,1120.00000,37.0416,0.0024,0.067912,0.070198,97.7611,14.3602,66.8887,317.27,247.12,4.7766
011472,1120.00000,37.1780,0.0024,0.068513,0.070267,97.6667,14.3665,66.8825,317.16,247.13,4.7626
011472,1120.00000,37.3144,0.0024,0.069124,0.070338,97.5708,14.3728,66.8760,317.04,247.15,4.7486
011472,1120.00000,37.4509,0.0024,0.069744,0.070412,97.4737,14.3792,66.8695,316.92,247.17,4.7347
011472,1120.00000,37.5873,0.0024,0.070374,0.070486,97.3752,14.3856,66.8628,316.80,247.20,4.7208
011472,1120.00000,37.7237,0.0024,0.071015,0.070563,97.2753,14.3923,66.8561,316.68,247.22,4.7070
011472,1120.00000,37.8602,0.0024,0.071666,0.070641,97.1740,14.3990,66.8493,316.57,247.24,4.6933
011472,1120.00000,37.9966,0.0024,0.072328,0.070720,97.0713,14.4059,66.8426,316.45,247.27,4.6797
011472,1120.00000,38.1330,0.0024,0.073001,0.070802,96.9670,14.4127,66.8357,316.32,247.29,4.6661
011472,1120.00000,38.2695,0.0024,0.073685,0.070884,96.8612,14.4197,66.8288,316.20,247.32,4.6525
011472,1120.00000,38.4059,0.0024,0.074381,0.070968,96.7539,14.4268,66.8219,316.08,247.35,4.6391
011472,1120.00000,38.5423,0.0024,0.075089,0.071054,96.6449,14.4340,66.8151,315.96,247.38,4.6257
011472,1120.00000,38.6788,0.0024,0.075810,0.071141,96.5344,14.4412,66.8081,315.83,247.41,4.6123
011472,1120.00000,38.8152,0.0024,0.076543,0.071229,96.4222,14.4486,66.8011,315.71,247.44,4.5990
011472,1120.00000,38.9516,0.0024,0.077289,0.071319,96.3082,14.4560,66.7942,315.58,247.48,4.5858
011472,1120.00000,39.0881,0.0024,0.078048,0.071410,96.1926,14.4634,66.7874,315.46,247.51,4.5727
011472,1120.00000,39.2245,0.0024,0.078820,0.071502,96.0751,14.4710,66.7804,315.33,247.55,4.5596
011472,1120.00000,39.3609,0.0024,0.079606,0.071595,95.9559,14.4787,66.7734,315.20,247.59,4.5466
011472,1120.00000,39.4974,0.0024,0.080405,0.071690,95.8347,14.4864,66.7665,315.07,247.63,4.5337
011472,1120.00000,39.6338,0.0024,0.081218,0.071785,95.7118,14.4940,66.7595,314.94,247.67,4.5208
011472,1120.00000,39.7702,0.0024,0.082045,0.071881,95.5867,14.5019,66.7526,314.81,247.71,4.5080
011472,1120.00000,39.9067,0.0024,0.082885,0.071979,95.4598,14.5096,66.7456,314.67,247.75,4.4954
011472,1120.00000,40.0431,0.0024,0.083739,0.072076,95.3309,14.5174,66.7387,314.54,247.80,4.4828
011472,1120.00000,40.1795,0.0024,0.084607,0.072174,95.1998,14.5251,66.7317,314.40,247.84,4.4703
011472,1120.00000,40.3160,0.0024,0.085488,0.072271,95.0666,14.5328,66.7247,314.27,247.89,4.4579
011472,1120.00000,40.4524,0.0024,0.086382,0.072368,94.9314,14.5403,66.7176,314.13,247.93,4.4457
011472,1120.00000,40.5888,0.0024,0.087290,0.072463,94.7937,14.5477,66.7104,313.99,247.98,4.4336
011472,1120.00000,40.7253,0.0024,0.088210,0.072556,94.6540,14.5548,66.7032,313.85,248.02,4.4216
011472,1120.00000,40.8617,0.0025,0.089143,0.072644,94.5120,14.5614,66.6961,313.70,248.07,4.4097
011472,1120.00000,40.9981,0.0025,0.090091,0.072726,94.3675,14.5674,66.6891,313.56,248.12,4.3980
011472,1120.00000,41.1345,0.0025,0.091052,0.072802,94.2208,14.5730,66.6823,313.42,248.16,4.3863
011472,1120.00000,41.2710,0.0025,0.092028,0.072871,94.0717,14.5777,66.6755,313.27,248.20,4.3748
011472,1120.00000,41.4074,0.0025,0.093019,0.072933,93.9200,14.5821,66.6689,313.13,248.24,4.3634
011472,1120.00000,41.5438,0.0025,0.094024,0.072987,93.7660,14.5856,66.6624,312.98,248.28,4.3520
011472,1120.00000,41.6803,0.0025,0.095045,0.073034,93.6093,14.5885,66.6558,312.84,248.32,4.3407
011472,1120.00000,41.8167,0.0025,0.096081,0.073073,93.4500,14.5906,66.6496,312.69,248.35,4.3295
011472,1120.00000,41.9531,0.0025,0.097134,0.073103,93.2882,14.5921,66.6433,312.54,248.39,4.3183
011472,1120.00000,42.0896,0.0025,0.098203,0.073125,93.1238,14.5930,66.6370,312.39,248.42,4.3071
011472,1120.00000,42.2260,0.0025,0.099290,0.073138,92.9566,14.5931,66.6309,312.24,248.45,4.2960
011472,1120.00000,42.3624,0.0025,0.100393,0.073143,92.7869,14.5926,66.6246,312.09,248.48,4.2848
011472,1120.00000,42.4989,0.0025,0.101514,0.073140,92.6144,14.5913,66.6186,311.94,248.51,4.2736
011472,1120.00000,42.6353,0.0025,0.102652,0.073128,92.4391,14.5893,66.6125,311.79,248.54,4.2624
011472,1120.00000,42.7717,0.0025,0.103807,0.073107,92.2611,14.5868,66.6063,311.64,248.56,4.2512
011472,1120.00000,42.9082,0.0025,0.104979,0.073078,92.0802,14.5836,66.6003,311.48,248.59,4.2399
011472,1120.00000,43.0446,0.0025,0.106167,0.073040,91.8966,14.5798,66.5942,311.33,248.62,4.2286
011472,1120.00000,43.1810,0.0025,0.107371,0.072994,91.7101,14.5754,66.5879,311.17,248.65,4.2172
011472,1120.00000,43.3175,0.0025,0.108591,0.072939,91.5209,14.5702,66.5818,311.01,248.67,4.2058
011472,1120.00000,43.4539,0.0025,0.109824,0.072874,91.3287,14.5643,66.5753,310.85,248.71,4.1943
011472,1120.00000,43.5903,0.0025,0.111071,0.072801,91.1338,14.5576,66.5691,310.69,248.74,4.1828
011472,1120.00000,43.7268,0.0025,0.112330,0.072716,90.9361,14.5504,66.5625,310.53,248.78,4.1713
011472,1120.00000,43.8632,0.0025,0.113598,0.072621,90.7356,14.5421,66.5558,310.36,248.82,4.1598
011472,1120.00000,43.9996,0.0025,0.114875,0.072514,90.5323,14.5329,66.5492,310.20,248.87,4.1483
011472,1120.00000,44.1361,0.0025,0.116158,0.072395,90.3262,14.5228,66.5423,310.03,248.93,4.1367
011472,1120.00000,44.2725,0.0025,0.117444,0.072262,90.1174,14.5115,66.5354,309.86,248.99,4.1252
011472,1120.00000,44.4089,0.0025,0.118732,0.072112,89.9060,14.4991,66.5283,309.70,249.07,4.1137
011472,1120.00000,44.5454,0.0025,0.120019,0.071946,89.6919,14.4852,66.5212,309.53,249.17,4.1023
011472,1120.00000,44.6818,0.0025,0.121301,0.071761,89.4753,14.4699,66.5138,309.36,249.28,4.0910
011472,1120.00000,44.8182,0.0025,0.122577,0.071557,89.2562,14.4531,66.5066,309.19,249.42,4.0797
011472,1120.00000,44.9547,0.0026,0.123843,0.071339,89.0347,14.4354,66.4955,309.02,249.58,4.0685
011472,1120.00000,45.0911,0.0026,0.125064,0.071115,88.8106,14.4172,66.3837,308.70,249.77,4.0575
011472,1120.00000,45.2275,0.0026,0.126275,0.070823,88.5838,14.3932,66.2843,308.38,249.92,4.0465
011472,1120.00000,45.3640,0.0026,0.127493,0.070461,88.3546,14.3633,66.2041,308.07,250.04,4.0355
011472,1120.00000,45.5004,0.0026,0.128726,0.070046,88.1234,14.3290,66.1468,307.78,250.13,4.0242
011472,1120.00000,45.6368,0.0026,0.129969,0.069594,87.8902,14.2919,66.1127,307.51,250.19,4.0126
011472,1120.00000,45.7733,0.0026,0.131216,0.069115,87.6551,14.2529,66.0969,307.26,250.24,4.0008
011472,1120.00000,45.9097,0.0026,0.132461,0.068619,87.4184,14.2128,66.0853,307.01,250.28,3.9887
011472,1120.00000,46.0461,0.0026,0.133695,0.068113,87.1802,14.1722,66.0714,306.78,250.31,3.9765
011472,1120.00000,46.1826,0.0026,0.134912,0.067602,86.9404,14.1316,66.0551,306.54,250.33,3.9640
011472,1120.00000,46.3190,0.0026,0.136106,0.067090,86.6994,14.0911,66.0363,306.32,250.36,3.9514
011472,1120.00000,46.4554,0.0026,0.137272,0.066579,86.4572,14.0511,66.0154,306.09,250.38,3.9388
011472,1120.00000,46.5919,0.0026,0.138405,0.066070,86.2141,14.0115,65.9928,305.88,250.40,3.9261
011472,1120.00000,46.7283,0.0026,0.139500,0.065563,85.9702,13.9724,65.9685,305.66,250.43,3.9133
011472,1120.00000,46.8647,0.0026,0.140554,0.065060,85.7257,13.9340,65.9428,305.46,250.45,3.9006
011472,1120.00000,47.0012,0.0026,0.141564,0.064560,85.4807,13.8960,65.9160,305.26,250.48,3.8878
011472,1120.00000,47.1376,0.0026,0.142527,0.064061,85.2355,13.8585,65.8881,305.06,250.51,3.8750
011472,1120.00000,47.2740,0.0026,0.143443,0.063565,84.9903,13.8215,65.8595,304.86,250.54,3.8622
011472,1120.00000,47.4105,0.0026,0.144310,0.063069,84.7452,13.7850,65.8302,304.67,250.58,3.8493
011472,1120.00000,47.5469,0.0026,0.145129,0.062574,84.5005,13.7488,65.8004,304.48,250.61,3.8363
011472,1120.00000,47.6833,0.0026,0.145900,0.062077,84.2564,13.7130,65.7704,304.30,250.65,3.8232
011472,1120.00000,47.8198,0.0026,0.146625,0.061579,84.0130,13.6775,65.7404,304.12,250.68,3.8100
011472,1120.00000,47.9562,0.0026,0.147306,0.061079,83.7705,13.6424,65.7104,303.94,250.72,3.7966
011472,1120.00000,48.0926,0.0026,0.147944,0.060576,83.5291,13.6075,65.6805,303.77,250.75,3.7830
011472,1120.00000,48.2291,0.0026,0.148543,0.060071,83.2891,13.5730,65.6507,303.59,250.79,3.7692
011472,1120.00000,48.3655,0.0026,0.149103,0.059562,83.0505,13.5388,65.6211,303.42,250.82,3.7550
011472,1120.00000,48.5019,0.0026,0.149629,0.059049,82.8136,13.5049,65.5917,303.26,250.85,3.7406
011472,1120.00000,48.6384,0.0026,0.150123,0.058533,82.5786,13.4714,65.5623,303.10,250.88,3.7258
011472,1120.00000,48.7748,0.0026,0.150588,0.058014,82.3455,13.4384,65.5333,302.93,250.91,3.7107
011472,1120.00000,48.9112,0.0026,0.151025,0.057491,82.1147,13.4057,65.5043,302.78,250.94,3.6953
011472,1120.00000,49.0477,0.0026,0.151439,0.056966,81.8861,13.3735,65.4756,302.62,250.96,3.6795
011472,1120.00000,49.1841,0.0026,0.151830,0.056438,81.6599,13.3418,65.4470,302.47,250.98,3.6633
011472,1120.00000,49.3205,0.0026,0.152202,0.055908,81.4363,13.3106,65.4187,302.32,250.99,3.6467
011472,1120.00000,49.4570,0.0026,0.152557,0.055378,81.2154,13.2801,65.3904,302.17,251.01,3.6299
011472,1120.00000,49.5934,0.0026,0.152895,0.054846,80.9972,13.2502,65.3625,302.02,251.02,3.6126
011472,1120.00000,49.7298,0.0026,0.153220,0.054314,80.7819,13.2209,65.3348,301.88,251.02,3.5951
011472,1120.00000,49.8663,0.0026,0.153532,0.053784,80.5698,13.1924,65.3072,301.73,251.03,3.5773
011472,1120.00000,50.0027,0.0026,0.153833,0.053255,80.3607,13.1646,65.2801,301.59,251.03,3.5592
011472,1120.00000,50.1391,0.0026,0.154124,0.052728,80.1548,13.1376,65.2530,301.45,251.02,3.5408
011472,1120.00000,50.2756,0.0026,0.154405,0.052205,79.9522,13.1114,65.2264,301.32,251.02,3.5223
011472,1120.00000,50.4120,0.0026,0.154678,0.051686,79.7529,13.0861,65.2001,301.18,251.00,3.5036
011472,1120.00000,50.5484,0.0026,0.154944,0.051171,79.5570,13.0617,65.1740,301.05,250.99,3.4847
011472,1120.00000,50.6849,0.0026,0.155202,0.050662,79.3646,13.0381,65.1485,300.92,250.98,3.4658
011472,1120.00000,50.8213,0.0026,0.155454,0.050160,79.1757,13.0155,65.1234,300.79,250.96,3.4468
011472,1120.00000,50.9577,0.0026,0.155699,0.049665,78.9904,12.9938,65.0987,300.67,250.93,3.4278
011472,1120.00000,51.0942,0.0026,0.155939,0.049178,78.8084,12.9730,65.0746,300.54,250.91,3.4089
011472,1120.00000,51.2306,0.0026,0.156173,0.048699,78.6301,12.9532,65.0510,300.42,250.88,3.3900
011472,1120.00000,51.3670,0.0026,0.156402,0.048228,78.4555,12.9343,65.0279,300.30,250.86,3.3712
011472,1120.00000,51.5035,0.0026,0.156626,0.047768,78.2844,12.9163,65.0053,300.18,250.83,3.3524
011472,1120.00000,51.6399,0.0026,0.156846,0.047317,78.1168,12.8993,64.9833,300.06,250.79,3.3339
011472,1120.00000,51.7763,0.0026,0.157063,0.046876,77.9527,12.8833,64.9619,299.94,250.76,3.3156
011472,1120.00000,51.9128,0.0026,0.157275,0.046445,77.7922,12.8681,64.9410,299.83,250.73,3.2974
011472,1120.00000,52.0492,0.0026,0.157486,0.046025,77.6352,12.8538,64.9207,299.71,250.69,3.2795
011472,1120.00000,52.1856,0.0026,0.157694,0.045616,77.4815,12.8404,64.9009,299.60,250.66,3.2618
011472,1120.00000,52.3221,0.0026,0.157901,0.045218,77.3313,12.8279,64.8818,299.49,250.62,3.2443
011472,1120.00000,52.4585,0.0026,0.158107,0.044831,77.1845,12.8162,64.8632,299.38,250.58,3.2271
011472,1120.00000,52.5949,0.0026,0.158314,0.044454,77.0408,12.8054,64.8452,299.27,250.55,3.2103
011472,1120.00000,52.7314,0.0026,0.158522,0.044088,76.9004,12.7953,64.8278,299.16,250.51,3.1936
011472,1120.00000,52.8678,0.0026,0.158732,0.043733,76.7630,12.7861,64.8109,299.05,250.47,3.1773
011472,1120.00000,53.0042,0.0026,0.158946,0.043389,76.6289,12.7775,64.7945,298.94,250.43,3.1613
011472,1120.00000,53.1407,0.0026,0.159164,0.043055,76.4977,12.7697,64.7787,298.84,250.40,3.1455
011472,1120.00000,53.2771,0.0026,0.159388,0.042730,76.3694,12.7627,64.7634,298.73,250.36,3.1301
011472,1120.00000,53.4135,0.0026,0.159619,0.042416,76.2440,12.7563,64.7485,298.63,250.32,3.1149
011472,1120.00000,53.5500,0.0026,0.159858,0.042112,76.1214,12.7505,64.7343,298.52,250.29,3.1000
011472,1120.00000,53.6864,0.0026,0.160106,0.041816,76.0015,12.7455,64.7205,298.42,250.25,3.0854
011472,1120.00000,53.8228,0.0026,0.160365,0.041530,75.8842,12.7410,64.7072,298.32,250.21,3.0710
011472,1120.00000,53.9593,0.0026,0.160636,0.041252,75.7695,12.7371,64.6943,298.22,250.18,3.0569
011472,1120.00000,54.0957,0.0026,0.160919,0.040983,75.6572,12.7338,64.6821,298.11,250.14,3.0430
011472,1120.00000,54.2321,0.0026,0.161218,0.040722,75.5472,12.7311,64.6701,298.02,250.11,3.0294
011472,1120.00000,54.3686,0.0026,0.161532,0.040468,75.4396,12.7290,64.6586,297.92,250.07,3.0160
011472,1120.00000,54.5050,0.0026,0.161863,0.040222,75.3342,12.7273,64.6475,297.82,250.04,3.0029
011472,1120.00000,54.6414,0.0026,0.162213,0.039983,75.2310,12.7262,64.6369,297.72,250.01,2.9899
011472,1120.00000,54.7778,0.0026,0.162582,0.039751,75.1297,12.7256,64.6267,297.62,249.98,2.9772
011472,1120.00000,54.9143,0.0026,0.162972,0.039525,75.0305,12.7254,64.6169,297.53,249.95,2.9646
011472,1120.00000,55.0507,0.0026,0.163384,0.039305,74.9331,12.7257,64.6074,297.43,249.91,2.9522
011472,1120.00000,55.1871,0.0026,0.163820,0.039091,74.8375,12.7265,64.5983,297.34,249.88,2.9400
011472,1120.00000,55.3236,0.0026,0.164280,0.038882,74.7436,12.7278,64.5896,297.24,249.86,2.9280
011472,1120.00000,55.4600,0.0026,0.164765,0.038679,74.6515,12.7294,64.5811,297.15,249.83,2.9161
011472,1120.00000,55.5964,0.0026,0.165278,0.038480,74.5608,12.7315,64.5731,297.06,249.80,2.9043
011472,1120.00000,55.7329,0.0026,0.165819,0.038286,74.4717,12.7340,64.5653,296.96,249.77,2.8927
011472,1120.00000,55.8693,0.0026,0.166389,0.038097,74.3840,12.7369,64.5578,296.87,249.74,2.8813
011472,1120.00000,56.0057,0.0026,0.166990,0.037911,74.2977,12.7402,64.5505,296.78,249.72,2.8700
011472,1120.00000,56.1422,0.0026,0.167621,0.037730,74.2126,12.7439,64.5437,296.69,249.69,2.8587
011472,1120.00000,56.2786,0.0026,0.168286,0.037552,74.1287,12.7479,64.5370,296.60,249.67,2.8476
011472,1120.00000,56.4150,0.0026,0.168984,0.037377,74.0460,12.7524,64.5306,296.51,249.64,2.8366
011472,1120.00000,56.5515,0.0026,0.169716,0.037206,73.9643,12.7571,64.5245,296.42,249.62,2.8257
011472,1120.00000,56.6879,0.0026,0.170484,0.037038,73.8837,12.7623,64.5185,296.34,249.60,2.8149
011472,1120.00000,56.8243,0.0026,0.171289,0.036872,73.8039,12.7677,64.5128,296.25,249.58,2.8042
011472,1120.00000,56.9608,0.0026,0.172131,0.036709,73.7249,12.7735,64.5072,296.16,249.55,2.7935
011472,1120.00000,57.0972,0.0026,0.173012,0.036548,73.6467,12.7796,64.5018,296.08,249.53,2.7830
011472,1120.00000,57.2336,0.0026,0.173932,0.036390,73.5691,12.7860,64.4967,295.99,249.51,2.7725
011472,1120.00000,57.3701,0.0026,0.174893,0.036234,73.4923,12.7927,64.4916,295.91,249.49,2.7621
011472,1120.00000,57.5065,0.0026,0.175895,0.036079,73.4160,12.7998,64.4867,295.82,249.47,2.7517
011472,1120.00000,57.6429,0.0027,0.176939,0.035926,73.3402,12.8071,64.4819,295.74,249.45,2.7414
011472,1120.00000,57.7794,0.0027,0.178027,0.035775,73.2649,12.8146,64.4773,295.65,249.43,2.7312
011472,1120.00000,57.9158,0.0027,0.179159,0.035625,73.1899,12.8225,64.4726,295.57,249.42,2.7210
011472,1120.00000,58.0522,0.0027,0.180336,0.035477,73.1151,12.8306,64.4683,295.49,249.40,2.7109
011472,1120.00000,58.1887,0.0027,0.181559,0.035329,73.0406,12.8389,64.4639,295.41,249.38,2.7008
011472,1120.00000,58.3251,0.0027,0.182829,0.035183,72.9664,12.8475,64.4597,295.32,249.36,2.6908
011472,1120.00000,58.4615,0.0027,0.184148,0.035037,72.8922,12.8563,64.4555,295.24,249.35,2.6808
011472,1120.00000,58.5980,0.0027,0.185516,0.034892,72.8180,12.8653,64.4514,295.16,249.33,2.6709
011472,1120.00000,58.7344,0.0027,0.186935,0.034747,72.7438,12.8746,64.4473,295.08,249.32,2.6610
011472,1120.00000,58.8708,0.0027,0.188404,0.034603,72.6696,12.8840,64.4433,295.00,249.30,2.6511
011472,1120.00000,59.0073,0.0027,0.189927,0.034459,72.5952,12.8936,64.4394,294.92,249.28,2.6413
011472,1120.00000,59.1437,0.0027,0.191504,0.034316,72.5205,12.9034,64.4354,294.84,249.27,2.6315
011472,1120.00000,59.2801,0.0027,0.193136,0.034172,72.4457,12.9133,64.4316,294.76,249.26,2.6217
011472,1120.00000,59.4166,0.0027,0.194824,0.034028,72.3703,12.9234,64.4279,294.69,249.24,2.6119
011472,1120.00000,59.5530,0.0027,0.196571,0.033884,72.2947,12.9337,64.4241,294.61,249.23,2.6022
011472,1120.00000,59.6894,0.0027,0.198377,0.033739,72.2186,12.9440,64.4204,294.53,249.21,2.5925
011472,1120.00000,59.8259,0.0027,0.200244,0.033594,72.1420,12.9545,64.4167,294.45,249.20,2.5829
011472,1120.00000,59.9623,0.0027,0.202174,0.033449,72.0647,12.9650,64.4130,294.38,249.19,2.5732
011472,1120.00000,60.0987,0.0027,0.204168,0.033302,71.9869,12.9757,64.4095,294.30,249.17,2.5636
011472,1120.00000,60.2352,0.0027,0.206229,0.033154,71.9082,12.9863,64.4059,294.22,249.16,2.5540
011472,1120.00000,60.3716,0.0028,0.208358,0.033006,71.8289,12.9971,64.4025,294.15,249.15,2.5444
011472,1120.00000,60.5080,0.0028,0.210556,0.032856,71.7485,13.0079,64.3990,294.07,249.14,2.5348
011472,1120.00000,60.6445,0.0028,0.212827,0.032704,71.6673,13.0186,64.3956,293.99,249.12,2.5253
011472,1120.00000,60.7809,0.0028,0.215172,0.032551,71.5852,13.0294,64.3923,293.92,249.11,2.5157
011472,1120.00000,60.9173,0.0028,0.217593,0.032396,71.5019,13.0401,64.3890,293.84,249.10,2.5062
011472,1120.00000,61.0538,0.0028,0.220092,0.032240,71.4173,13.0508,64.3857,293.77,249.09,2.4966
011472,1120.00000,61.1902,0.0028,0.222671,0.032081,71.3318,13.0614,64.3825,293.69,249.08,2.4871
011472,1120.00000,61.3266,0.0028,0.225334,0.031920,71.2448,13.0719,64.3793,293.62,249.06,2.4776
011472,1120.00000,61.4631,0.0028,0.228081,0.031756,71.1565,13.0823,64.3762,293.55,249.05,2.4681
011472,1120.00000,61.5995,0.0028,0.230916,0.031590,71.0668,13.0926,64.3730,293.47,249.04,2.4586
011472,1120.00000,61.7359,0.0028,0.233839,0.031421,70.9755,13.1026,64.3700,293.40,249.03,2.4491
011472,1120.00000,61.8724,0.0029,0.236854,0.031249,70.8826,13.1125,64.3670,293.32,249.02,2.4396
011472,1120.00000,62.0088,0.0029,0.239963,0.031075,70.7880,13.1221,64.3640,293.25,249.00,2.4301
011472,1120.00000,62.1452,0.0029,0.243166,0.030897,70.6917,13.1315,64.3612,293.18,248.99,2.4206
011472,1120.00000,62.2817,0.0029,0.246467,0.030715,70.5935,13.1406,64.3582,293.11,248.98,2.4111
011472,1120.00000,62.4181,0.0029,0.249866,0.030530,70.4934,13.1493,64.3553,293.03,248.96,2.4016
011472,1120.00000,62.5545,0.0029,0.253365,0.030341,70.3913,13.1576,64.3524,292.96,248.95,2.3921
011472,1120.00000,62.6910,0.0029,0.256964,0.030149,70.2872,13.1656,64.3497,292.89,248.94,2.3826
011472,1120.00000,62.8274,0.0029,0.260665,0.029952,70.1808,13.1731,64.3469,292.82,248.92,2.3730
011472,1120.00000,62.9638,0.0030,0.264467,0.029752,70.0723,13.1801,64.3440,292.74,248.91,2.3635
011472,1120.00000,63.1003,0.0030,0.268371,0.029548,69.9615,13.1866,64.3411,292.67,248.89,2.3540
011472,1120.00000,63.2367,0.0030,0.272375,0.029339,69.8483,13.1925,64.3383,292.60,248.88,2.3445
011472,1120.00000,63.3731,0.0030,0.276478,0.029126,69.7327,13.1978,64.3354,292.53,248.86,2.3349
011472,1120.00000,63.5096,0.0030,0.280679,0.028910,69.6146,13.2024,64.3325,292.46,248.85,2.3254
011472,1120.00000,63.6460,0.0030,0.284974,0.028689,69.4940,13.2063,64.3295,292.38,248.83,2.3158
011472,1120.00000,63.7824,0.0031,0.289360,0.028464,69.3709,13.2094,64.3265,292.31,248.81,2.3062
011472,1120.00000,63.9189,0.0031,0.293833,0.028234,69.2452,13.2117,64.3234,292.24,248.79,2.2966
011472,1120.00000,64.0553,0.0031,0.298388,0.028002,69.1168,13.2132,64.3202,292.17,248.78,2.2870
011472,1120.00000,64.1917,0.0031,0.303018,0.027765,68.9857,13.2138,64.3170,292.10,248.76,2.2773
011472,1120.00000,64.3282,0.0031,0.307717,0.027525,68.8520,13.2134,64.3136,292.02,248.74,2.2677
011472,1120.00000,64.4646,0.0032,0.312477,0.027282,68.7156,13.2120,64.3100,291.95,248.71,2.2580
011472,1120.00000,64.6010,0.0032,0.317289,0.027035,68.5766,13.2095,64.3063,291.88,248.69,2.2484
011472,1120.00000,64.7375,0.0032,0.322142,0.026787,68.4349,13.2060,64.3025,291.81,248.67,2.2387
011472,1120.00000,64.8739,0.0032,0.327027,0.026535,68.2905,13.2013,64.2986,291.73,248.65,2.2289
011472,1120.00000,65.0103,0.0033,0.331930,0.026283,68.1437,13.1954,64.2943,291.66,248.62,2.2192
011472,1120.00000,65.1468,0.0033,0.336840,0.026028,67.9941,13.1883,64.2898,291.59,248.59,2.2095
011472,1120.00000,65.2832,0.0033,0.341743,0.025774,67.8423,13.1799,64.2852,291.51,248.57,2.1997
011472,1120.00000,65.4196,0.0033,0.346624,0.025518,67.6878,13.1703,64.2804,291.44,248.54,2.1899
011472,1120.00000,65.5561,0.0034,0.351469,0.025263,67.5312,13.1594,64.2754,291.36,248.51,2.1801
011472,1120.00000,65.6925,0.0034,0.356262,0.025009,67.3723,13.1471,64.2699,291.28,248.48,2.1703
011472,1120.00000,65.8289,0.0034,0.360988,0.024757,67.2114,13.1335,64.2644,291.21,248.45,2.1604
011472,1120.00000,65.9654,0.0034,0.365630,0.024506,67.0484,13.1186,64.2586,291.13,248.42,2.1506
011472,1120.00000,66.1018,0.0035,0.370173,0.024259,66.8835,13.1023,64.2526,291.05,248.38,2.1407
011472,1120.00000,66.2382,0.0035,0.374599,0.024015,66.7168,13.0847,64.2462,290.97,248.35,2.1308
011472,1120.00000,66.3747,0.0035,0.378895,0.023775,66.5486,13.0658,64.2396,290.89,248.31,2.1209
011472,1120.00000,66.5111,0.0035,0.383043,0.023539,66.3790,13.0456,64.2329,290.81,248.27,2.1109
011472,1120.00000,66.6475,0.0035,0.387029,0.023309,66.2079,13.0241,64.2258,290.73,248.24,2.1010
011472,1120.00000,66.7840,0.0036,0.390839,0.023085,66.0359,13.0014,64.2187,290.64,248.20,2.0911
011472,1120.00000,66.9204,0.0036,0.394459,0.022868,65.8628,12.9775,64.2112,290.56,248.16,2.0811
011472,1120.00000,67.0568,0.0036,0.397877,0.022657,65.6890,12.9526,64.2037,290.48,248.12,2.0712
011472,1120.00000,67.1933,0.0036,0.401082,0.022454,65.5144,12.9266,64.1961,290.39,248.07,2.0612
011472,1120.00000,67.3297,0.0036,0.404064,0.022259,65.3395,12.8997,64.1882,290.31,248.03,2.0513
011472,1120.00000,67.4661,0.0037,0.406813,0.022072,65.1644,12.8718,64.1803,290.22,247.99,2.0413
011472,1120.00000,67.6026,0.0037,0.409322,0.021895,64.9892,12.8432,64.1722,290.13,247.94,2.0314
011472,1120.00000,67.7390,0.0037,0.411586,0.021726,64.8141,12.8139,64.1642,290.05,247.90,2.0214
011472,1120.00000,67.8754,0.0037,0.413600,0.021566,64.6394,12.7840,64.1560,289.96,247.85,2.0115
011472,1120.00000,68.0119,0.0037,0.415360,0.021416,64.4653,12.7536,64.1478,289.87,247.81,2.0016
011472,1120.00000,68.1483,0.0037,0.416866,0.021276,64.2919,12.7229,64.1397,289.78,247.76,1.9917
011472,1120.00000,68.2847,0.0037,0.418117,0.021145,64.1193,12.6919,64.1317,289.70,247.72,1.9818
011472,1120.00000,68.4211,0.0037,0.419115,0.021024,63.9480,12.6608,64.1236,289.61,247.67,1.9720
011472,1120.00000,68.5576,0.0037,0.419864,0.020913,63.7780,12.6297,64.1157,289.52,247.63,1.9621
011472,1120.00000,68.6940,0.0037,0.420367,0.020811,63.6094,12.5987,64.1081,289.43,247.58,1.9523
011472,1120.00000,68.8304,0.0037,0.420632,0.020719,63.4427,12.5679,64.1005,289.35,247.54,1.9425
011472,1120.00000,68.9669,0.0037,0.420664,0.020637,63.2778,12.5374,64.0929,289.26,247.49,1.9328
011472,1120.00000,69.1033,0.0037,0.420475,0.020563,63.1149,12.5074,64.0857,289.17,247.45,1.9231
011472,1120.00000,69.2397,0.0037,0.420072,0.020498,62.9545,12.4779,64.0788,289.09,247.40,1.9134
011472,1120.00000,69.3762,0.0037,0.419466,0.020442,62.7963,12.4491,64.0721,289.00,247.36,1.9037
011472,1120.00000,69.5126,0.0037,0.418671,0.020394,62.6408,12.4211,64.0657,288.92,247.31,1.8941
011472,1120.00000,69.6490,0.0037,0.417699,0.020354,62.4881,12.3939,64.0595,288.84,247.27,1.8845
011472,1120.00000,69.7855,0.0037,0.416563,0.020321,62.3383,12.3676,64.0538,288.75,247.23,1.8750
011472,1120.00000,69.9219,0.0037,0.415278,0.020296,62.1916,12.3424,64.0483,288.67,247.19,1.8655
011472,1120.00000,70.0583,0.0037,0.413858,0.020277,62.0479,12.3183,64.0433,288.59,247.15,1.8561
011472,1120.00000,70.1948,0.0037,0.412318,0.020264,61.9076,12.2954,64.0386,288.51,247.11,1.8467
011472,1120.00000,70.3312,0.0037,0.410675,0.020257,61.7708,12.2736,64.0344,288.43,247.07,1.8373
011472,1120.00000,70.4676,0.0037,0.408943,0.020255,61.6375,12.2532,64.0306,288.35,247.03,1.8280
011472,1120.00000,70.6041,0.0037,0.407137,0.020258,61.5080,12.2341,64.0273,288.28,247.00,1.8187
011472,1120.00000,70.7405,0.0036,0.405274,0.020265,61.3819,12.2164,64.0245,288.20,246.96,1.8095
011472,1120.00000,70.8769,0.0036,0.403368,0.020276,61.2598,12.2001,64.0221,288.13,246.93,1.8003
011472,1120.00000,71.0134,0.0036,0.401434,0.020291,61.1415,12.1852,64.0204,288.06,246.89,1.7911
011472,1120.00000,71.1498,0.0036,0.399486,0.020308,61.0269,12.1718,64.0190,287.99,246.86,1.7820
011472,1120.00000,71.2862,0.0036,0.397537,0.020328,60.9162,12.1599,64.0182,287.92,246.83,1.7730
011472,1120.00000,71.4227,0.0036,0.395602,0.020350,60.8096,12.1495,64.0178,287.85,246.80,1.7639
011472,1120.00000,71.5591,0.0036,0.393691,0.020374,60.7067,12.1405,64.0180,287.78,246.77,1.7549
011472,1120.00000,71.6955,0.0036,0.391817,0.020399,60.6078,12.1331,64.0187,287.72,246.74,1.7460
011472,1120.00000,71.8320,0.0036,0.389991,0.020426,60.5128,12.1272,64.0200,287.65,246.72,1.7371
011472,1120.00000,71.9684,0.0035,0.388222,0.020453,60.4215,12.1227,64.0217,287.59,246.69,1.7282
011472,1120.00000,72.1048,0.0035,0.386519,0.020480,60.3341,12.1198,64.0239,287.53,246.67,1.7193
011472,1120.00000,72.2413,0.0035,0.384891,0.020508,60.2504,12.1183,64.0266,287.47,246.64,1.7105
011472,1120.00000,72.3777,0.0035,0.383346,0.020535,60.1703,12.1184,64.0299,287.41,246.62,1.7017
011472,1120.00000,72.5141,0.0035,0.381890,0.020563,60.0940,12.1199,64.0335,287.35,246.60,1.6929
011472,1120.00000,72.6506,0.0035,0.380529,0.020589,60.0211,12.1229,64.0376,287.29,246.57,1.6842
011472,1120.00000,72.7870,0.0035,0.379268,0.020615,59.9516,12.1273,64.0419,287.24,246.55,1.6754
011472,1120.00000,72.9234,0.0035,0.378112,0.020640,59.8857,12.1331,64.0468,287.18,246.53,1.6667
011472,1120.00000,73.0599,0.0035,0.377064,0.020665,59.8228,12.1404,64.0520,287.13,246.52,1.6581
011472,1120.00000,73.1963,0.0035,0.376128,0.020688,59.7633,12.1490,64.0575,287.07,246.50,1.6494
011472,1120.00000,73.3327,0.0035,0.375307,0.020709,59.7067,12.1591,64.0633,287.02,246.48,1.6407
011472,1120.00000,73.4692,0.0035,0.374602,0.020730,59.6531,12.1705,64.0693,286.97,246.47,1.6321
011472,1120.00000,73.6056,0.0035,0.374017,0.020749,59.6024,12.1833,64.0758,286.92,246.45,1.6235
011472,1120.00000,73.7420,0.0035,0.373551,0.020767,59.5545,12.1974,64.0822,286.87,246.44,1.6149
011472,1120.00000,73.8785,0.0035,0.373206,0.020783,59.5094,12.2129,64.0889,286.82,246.42,1.6063
011472,1120.00000,74.0149,0.0035,0.372983,0.020797,59.4667,12.2297,64.0957,286.77,246.41,1.5977
011472,1120.00000,74.1513,0.0035,0.372882,0.020810,59.4265,12.2478,64.1025,286.73,246.40,1.5892
011472,1120.00000,74.2878,0.0035,0.372904,0.020821,59.3888,12.2672,64.1095,286.68,246.38,1.5806
011472,1120.00000,74.4242,0.0035,0.373048,0.020831,59.3531,12.2879,64.1164,286.63,246.37,1.5720
011472,1120.00000,74.5606,0.0035,0.373316,0.020838,59.3199,12.3100,64.1234,286.59,246.36,1.5635
011472,1120.00000,74.6971,0.0035,0.373706,0.020844,59.2886,12.3332,64.1303,286.54,246.35,1.5549
011472,1120.00000,74.8335,0.0035,0.374218,0.020849,59.2594,12.3578,64.1372,286.49,246.34,1.5463
011472,1120.00000,74.9699,0.0035,0.374853,0.020851,59.2320,12.3837,64.1437,286.45,246.34,1.5378
011472,1120.00000,75.1064,0.0035,0.375610,0.020851,59.2066,12.4109,64.1503,286.40,246.33,1.5292
011472,1120.00000,75.2428,0.0035,0.376489,0.020850,59.1827,12.4393,64.1565,286.36,246.32,1.5207
011472,1120.00000,75.3792,0.0035,0.377489,0.020847,59.1606,12.4690,64.1625,286.32,246.31,1.5121
011472,1120.00000,75.5157,0.0035,0.378611,0.020842,59.1400,12.5000,64.1683,286.27,246.31,1.5035
011472,1120.00000,75.6521,0.0035,0.379853,0.020835,59.1210,12.5323,64.1736,286.23,246.30,1.4949
011472,1120.00000,75.7885,0.0035,0.381216,0.020826,59.1034,12.5658,64.1786,286.18,246.30,1.4863
011472,1120.00000,75.9250,0.0035,0.382699,0.020815,59.0872,12.6007,64.1831,286.14,246.29,1.4777
011472,1120.00000,76.0614,0.0035,0.384303,0.020802,59.0723,12.6369,64.1874,286.10,246.29,1.4691
011472,1120.00000,76.1978,0.0035,0.386027,0.020786,59.0586,12.6743,64.1909,286.05,246.29,1.4604
011472,1120.00000,76.3343,0.0035,0.387871,0.020769,59.0461,12.7131,64.1940,286.01,246.28,1.4518
011472,1120.00000,76.4707,0.0036,0.389835,0.020750,59.0347,12.7533,64.1966,285.97,246.28,1.4431
011472,1120.00000,76.6071,0.0036,0.391918,0.020729,59.0245,12.7948,64.1987,285.92,246.28,1.4344
011472,1120.00000,76.7436,0.0036,0.394122,0.020705,59.0151,12.8376,64.1999,285.88,246.28,1.4257
011472,1120.00000,76.8800,0.0036,0.396446,0.020679,59.0069,12.8819,64.2007,285.83,246.28,1.4170
011472,1120.00000,77.0164,0.0036,0.398890,0.020651,58.9995,12.9275,64.2007,285.79,246.28,1.4082
011472,1120.00000,77.1529,0.0036,0.401455,0.020621,58.9929,12.9746,64.1999,285.74,246.28,1.3995
011472,1120.00000,77.2893,0.0036,0.404140,0.020589,58.9873,13.0231,64.1985,285.70,246.28,1.3907
011472,1120.00000,77.4257,0.0037,0.406947,0.020554,58.9824,13.0731,64.1964,285.65,246.29,1.3818
011472,1120.00000,77.5622,0.0037,0.409875,0.020516,58.9784,13.1245,64.1934,285.61,246.29,1.3730
011472,1120.00000,77.6986,0.0037,0.412925,0.020476,58.9750,13.1775,64.1895,285.56,246.29,1.3641
011472,1120.00000,77.8350,0.0037,0.416099,0.020434,58.9724,13.2321,64.1849,285.51,246.30,1.3552
011472,1120.00000,77.9715,0.0037,0.419396,0.020389,58.9705,13.2882,64.1794,285.46,246.30,1.3463
011472,1120.00000,78.1079,0.0038,0.422819,0.020341,58.9693,13.3460,64.1730,285.41,246.30,1.3373
011472,1120.00000,78.2443,0.0038,0.426369,0.020290,58.9687,13.4054,64.1658,285.36,246.31,1.3283
011472,1120.00000,78.3808,0.0038,0.430046,0.020237,58.9687,13.4665,64.1578,285.31,246.32,1.3192
011472,1120.00000,78.5172,0.0038,0.433854,0.020181,58.9694,13.5293,64.1488,285.26,246.32,1.3101
011472,1120.00000,78.6536,0.0039,0.437794,0.020121,58.9705,13.5940,64.1388,285.21,246.33,1.3010
011472,1120.00000,78.7901,0.0039,0.441869,0.020058,58.9725,13.6604,64.1279,285.15,246.34,1.2918
011472,1120.00000,78.9265,0.0039,0.446082,0.019992,58.9749,13.7287,64.1161,285.10,246.35,1.2826
011472,1120.00000,79.0629,0.0039,0.450437,0.019922,58.9778,13.7990,64.1035,285.04,246.36,1.2734
011472,1120.00000,79.1994,0.0040,0.454937,0.019848,58.9813,13.8712,64.0897,284.99,246.37,1.2641
011472,1120.00000,79.3358,0.0040,0.459586,0.019770,58.9854,13.9454,64.0751,284.93,246.38,1.2547
011472,1120.00000,79.4722,0.0041,0.464390,0.019689,58.9900,14.0217,64.0594,284.87,246.40,1.2453
011472,1120.00000,79.6087,0.0041,0.469354,0.019602,58.9951,14.1001,64.0429,284.81,246.41,1.2359
011472,1120.00000,79.7451,0.0041,0.474483,0.019511,59.0007,14.1809,64.0253,284.74,246.43,1.2264
011472,1120.00000,79.8815,0.0042,0.479785,0.019414,59.0067,14.2638,64.0067,284.68,246.44,1.2168
011472,1120.00000,80.0180,0.0042,0.485265,0.019311,59.0134,14.3490,63.9872,284.61,246.46,1.2072
011472,1120.00000,80.1544,0.0043,0.490932,0.019203,59.0204,14.4365,63.9666,284.55,246.48,1.1975
011472,1120.00000,80.2908,0.0043,0.496792,0.019089,59.0280,14.5266,63.9451,284.48,246.50,1.1878
011472,1120.00000,80.4273,0.0044,0.502855,0.018967,59.0358,14.6191,63.9225,284.41,246.52,1.1780
011472,1120.00000,80.5637,0.0044,0.509127,0.018838,59.0442,14.7141,63.8991,284.33,246.54,1.1681
011472,1120.00000,80.7001,0.0045,0.515618,0.018701,59.0528,14.8117,63.8747,284.26,246.56,1.1581
011472,1120.00000,80.8366,0.0045,0.522335,0.018556,59.0619,14.9120,63.8491,284.18,246.58,1.1481
011472,1120.00000,80.9730,0.0046,0.529285,0.018402,59.0712,15.0148,63.8227,284.11,246.61,1.1380
011472,1120.00000,81.1094,0.0047,0.536476,0.018238,59.0808,15.1206,63.7954,284.03,246.63,1.1278
011472,1120.00000,81.2459,0.0048,0.543914,0.018064,59.0906,15.2290,63.7671,283.95,246.66,1.1176
011472,1120.00000,81.3823,0.0048,0.551604,0.017880,59.1006,15.3401,63.7381,283.86,246.69,1.1072
011472,1120.00000,81.5187,0.0049,0.559550,0.017685,59.1107,15.4542,63.7082,283.78,246.72,1.0968
011472,1120.00000,81.6552,0.0050,0.567753,0.017478,59.1209,15.5710,63.6775,283.69,246.75,1.0863
011472,1120.00000,81.7916,0.0051,0.576214,0.017259,59.1311,15.6906,63.6461,283.60,246.79,1.0756
011472,1120.00000,81.9280,0.0052,0.584930,0.017028,59.1412,15.8129,63.6141,283.51,246.82,1.0649
011472,1120.00000,82.0644,0.0054,0.593896,0.016784,59.1512,15.9381,63.5813,283.42,246.86,1.0540
011472,1120.00000,82.2009,0.0055,0.603106,0.016528,59.1610,16.0658,63.5483,283.33,246.89,1.0431
011472,1120.00000,82.3373,0.0056,0.612548,0.016259,59.1705,16.1961,63.5147,283.23,246.93,1.0320
011472,1120.00000,82.4737,0.0058,0.622208,0.015978,59.1796,16.3292,63.4809,283.14,246.97,1.0208
011472,1120.00000,82.6102,0.0059,0.632070,0.015684,59.1882,16.4646,63.4469,283.04,247.02,1.0094
011472,1120.00000,82.7466,0.0061,0.642115,0.015378,59.1964,16.6024,63.4128,282.94,247.06,0.9979
011472,1120.00000,82.8830,0.0063,0.652319,0.015060,59.2039,16.7422,63.3787,282.84,247.11,0.9863
011472,1120.00000,83.0195,0.0064,0.662656,0.014731,59.2106,16.8841,63.3448,282.75,247.15,0.9745
011472,1120.00000,83.1559,0.0067,0.673099,0.014392,59.2163,17.0277,63.3109,282.65,247.20,0.9626
011472,1120.00000,83.2923,0.0069,0.683618,0.014044,59.2212,17.1729,63.2775,282.55,247.25,0.9505
011472,1120.00000,83.4288,0.0071,0.694180,0.013687,59.2251,17.3195,63.2445,282.46,247.30,0.9383
011472,1120.00000,83.5652,0.0074,0.704753,0.013322,59.2277,17.4670,63.2120,282.36,247.36,0.9258
011472,1120.00000,83.7016,0.0076,0.715303,0.012952,59.2291,17.6151,63.1801,282.27,247.41,0.9132
011472,1120.00000,83.8381,0.0079,0.725797,0.012577,59.2288,17.7638,63.1490,282.17,247.46,0.9004
011472,1120.00000,83.9745,0.0082,0.736201,0.012198,59.2271,17.9124,63.1185,282.08,247.52,0.8874
011472,1120.00000,84.1109,0.0086,0.746483,0.011817,59.2236,18.0605,63.0889,281.99,247.58,0.8741
011472,1120.00000,84.2474,0.0089,0.756611,0.011434,59.2183,18.2078,63.0602,281.90,247.63,0.8607
011472,1120.00000,84.3838,0.0093,0.766558,0.011052,59.2110,18.3536,63.0323,281.81,247.69,0.8470
011472,1120.00000,84.5202,0.0097,0.776296,0.010671,59.2015,18.4976,63.0056,281.73,247.75,0.8332
011472,1120.00000,84.6567,0.0101,0.785802,0.010293,59.1896,18.6391,62.9797,281.65,247.81,0.8191
011472,1120.00000,84.7931,0.0106,0.795053,0.009919,59.1753,18.7777,62.9547,281.57,247.87,0.8047
011472,1120.00000,84.9295,0.0111,0.804031,0.009550,59.1583,18.9126,62.9308,281.49,247.93,0.7901
011472,1120.00000,85.0660,0.0116,0.812721,0.009186,59.1385,19.0432,62.9079,281.42,247.99,0.7753
011472,1120.00000,85.2024,0.0121,0.821110,0.008829,59.1157,19.1688,62.8861,281.34,248.04,0.7602
011472,1120.00000,85.3388,0.0127,0.829188,0.008479,59.0896,19.2887,62.8651,281.27,248.10,0.7449
011472,1120.00000,85.4753,0.0133,0.836948,0.008137,59.0603,19.4021,62.8450,281.20,248.16,0.7293
011472,1120.00000,85.6117,0.0139,0.844387,0.007804,59.0273,19.5083,62.8259,281.14,248.22,0.7135
011472,1120.00000,85.7481,0.0146,0.851500,0.007480,58.9905,19.6065,62.8078,281.07,248.27,0.6974
011472,1120.00000,85.8846,0.0153,0.858290,0.007165,58.9499,19.6956,62.7904,281.01,248.32,0.6811
011472,1120.00000,86.0210,0.0160,0.864758,0.006859,58.9051,19.7752,62.7739,280.95,248.38,0.6645
011472,1120.00000,86.1574,0.0167,0.870908,0.006564,58.8560,19.8440,62.7581,280.90,248.42,0.6477
011472,1120.00000,86.2939,0.0175,0.876744,0.006278,58.8024,19.9013,62.7431,280.84,248.47,0.6306
011472,1120.00000,86.4303,0.0183,0.882274,0.006002,58.7440,19.9461,62.7289,280.79,248.52,0.6134
011472,1120.00000,86.5667,0.0192,0.887505,0.005736,58.6809,19.9775,62.7152,280.74,248.56,0.5959
011472,1120.00000,86.7032,0.0200,0.892445,0.005479,58.6127,19.9944,62.7023,280.69,248.60,0.5782
011472,1120.00000,86.8396,0.0209,0.897103,0.005233,58.5392,19.9961,62.6899,280.64,248.63,0.5604
011472,1120.00000,86.9760,0.0218,0.901487,0.004996,58.4604,19.9813,62.6780,280.59,248.66,0.5424
011472,1120.00000,87.1125,0.0228,0.905608,0.004768,58.3760,19.9491,62.6667,280.55,248.69,0.5242
011472,1120.00000,87.2489,0.0237,0.909474,0.004549,58.2858,19.8987,62.6558,280.51,248.72,0.5059
011472,1120.00000,87.3853,0.0247,0.913096,0.004340,58.1897,19.8290,62.6454,280.46,248.74,0.4876
011472,1120.00000,87.5218,0.0256,0.916481,0.004138,58.0876,19.7388,62.6354,280.42,248.75,0.4692
011472,1120.00000,87.6582,0.0266,0.919640,0.003946,57.9793,19.6275,62.6257,280.38,248.76,0.4507
011472,1120.00000,87.7946,0.0276,0.922579,0.003761,57.8647,19.4937,62.6165,280.34,248.77,0.4322
011472,1120.00000,87.9311,0.0285,0.925308,0.003584,57.7435,19.3367,62.6076,280.31,248.77,0.4138
011472,1120.00000,88.0675,0.0295,0.927833,0.003415,57.6158,19.1554,62.5989,280.27,248.76,0.3955
011472,1120.00000,88.2039,0.0304,0.930161,0.003253,57.4813,18.9490,62.5905,280.23,248.76,0.3772
011472,1120.00000,88.3404,0.0314,0.932298,0.003098,57.3400,18.7164,62.5824,280.20,248.74,0.3591
011472,1120.00000,88.4768,0.0322,0.934247,0.002949,57.1916,18.4566,62.5744,280.16,248.72,0.3412
011472,1120.00000,88.6132,0.0331,0.936014,0.002807,57.0361,18.1686,62.5668,280.13,248.70,0.3236
011472,1120.00000,88.7497,0.0339,0.937599,0.002672,56.8734,17.8517,62.5593,280.09,248.67,0.3062
011472,1120.00000,88.8861,0.0346,0.939004,0.002542,56.7034,17.5045,62.5519,280.06,248.64,0.2891
011472,1120.00000,89.0225,0.0353,0.940227,0.002418,56.5259,17.1259,62.5447,280.03,248.60,0.2724
011472,1120.00000,89.1590,0.0358,0.941265,0.002299,56.3407,16.7150,62.5376,279.99,248.56,0.2561
011472,1120.00000,89.2954,0.0363,0.942112,0.002186,56.1479,16.2701,62.5308,279.96,248.51,0.2403
011472,1120.00000,89.4318,0.0367,0.942758,0.002078,55.9473,15.7897,62.5238,279.93,248.46,0.2249
011472,1120.00000,89.5683,0.0369,0.943188,0.001974,55.7388,15.2718,62.5171,279.90,248.40,0.2101
011472,1120.00000,89.7047,0.0370,0.943383,0.001875,55.5220,14.7145,62.5105,279.87,248.34,0.1959
011472,1120.00000,89.8411,0.0369,0.943315,0.001780,55.2972,14.1151,62.5039,279.83,248.27,0.1823
011472,1120.00000,89.9776,0.0366,0.942944,0.001689,55.0640,13.4708,62.4974,279.80,248.19,0.1693
011472,1120.00000,90.1140,0.0362,0.942217,0.001602,54.8227,12.7782,62.4908,279.77,248.10,0.1571
011472,1120.00000,90.2504,0.0354,0.941062,0.001518,54.5730,12.0340,62.4844,279.74,248.00,0.1455
011472,1120.00000,90.3869,0.0344,0.939378,0.001438,54.3153,11.2354,62.4780,279.70,247.88,0.1348
011472,1120.00000,90.5233,0.0332,0.937025,0.001361,54.0497,10.3807,62.4716,279.67,247.74,0.1248
011472,1120.00000,90.6597,0.0316,0.933813,0.001286,53.7769,9.4709,62.4652,279.64,247.57,0.1158
011472,1120.00000,90.7962,0.0296,0.929474,0.001214,53.4974,8.5117,62.4589,279.60,247.38,0.1076
011472,1120.00000,90.9326,0.0274,0.923645,0.001144,53.2124,7.5148,62.4526,279.57,247.15,0.1003
011472,1120.00000,91.0690,0.0249,0.915828,0.001076,52.9230,6.5000,62.4463,279.54,246.90,0.0939
011472,1120.00000,91.2055,0.0222,0.905352,0.001011,52.6311,5.4944,62.4401,279.50,246.63,0.0884
011472,1120.00000,91.3419,0.0193,0.891336,0.000946,52.3382,4.5305,62.4339,279.47,246.35,0.0838
011472,1120.00000,91.4783,0.0165,0.872651,0.000883,52.0463,3.6407,62.4278,279.44,246.07,0.0800
011472,1120.00000,91.6148,0.0139,0.847914,0.000820,51.7572,2.8517,62.4218,279.40,245.81,0.0770
011472,1120.00000,91.7512,0.0115,0.815540,0.000757,51.4723,2.1797,62.4159,279.37,245.58,0.0747
011472,1120.00000,91.8876,0.0094,0.773894,0.000691,51.1931,1.6288,62.4099,279.34,245.39,0.0729
011472,1120.00000,92.0241,0.0076,0.721612,0.000621,50.9203,1.1926,62.4042,279.31,245.23,0.0715
011472,1120.00000,92.1605,0.0062,0.658095,0.000549,50.6548,0.8576,62.3985,279.28,245.11,0.0705
011472,1120.00000,92.2969,0.0051,0.584113,0.000473,50.3969,0.6071,62.3927,279.25,245.01,0.0698
011472,1120.00000,92.4334,0.0043,0.502261,0.000395,50.1468,0.4238,62.3871,279.22,244.95,0.0693
011472,1120.00000,92.5698,0.0036,0.416926,0.000320,49.9042,0.2922,62.3817,279.19,244.90,0.0690
011472,1120.00000,92.7062,0.0032,0.333526,0.000250,49.6691,0.1992,62.3761,279.17,244.86,0.0687
011472,1120.00000,92.8427,0.0029,0.257220,0.000189,49.4414,0.1345,62.3706,279.14,244.84,0.0686
011472,1120.00000,92.9791,0.0026,0.191685,0.000138,49.2206,0.0899,62.3652,279.12,244.82,0.0684
011472,1120.00000,93.1155,0.0025,0.138539,0.000098,49.0067,0.0596,62.3598,279.09,244.81,0.0684
011472,1120.00000,93.2520,0.0024,0.097522,0.000067,48.7990,0.0392,62.3544,279.07,244.80,0.0683
011472,1120.00000,93.3884,0.0023,0.067143,0.000046,48.5978,0.0255,62.3491,279.05,244.79,0.0683
011472,1120.00000,93.5248,0.0022,0.045381,0.000030,48.4025,0.0165,62.3436,279.03,244.79,0.0683
011472,1120.00000,93.6613,0.0022,0.030201,0.000020,48.2131,0.0106,62.3383,279.01,244.79,0.0682
011472,1120.00000,93.7977,0.0022,0.019836,0.000013,48.0298,0.0067,62.3330,278.99,244.79,0.0682
011472,1120.00000,93.9341,0.0022,0.012880,0.000008,47.8523,0.0042,62.3276,278.97,244.79,0.0682
011472,1120.00000,94.0706,0.0021,0.008277,0.000005,47.6813,0.0027,62.3225,278.95,244.79,0.0682
011472,1120.00000,94.2070,0.0021,0.005267,0.000003,47.5170,0.0016,62.3173,278.93,244.79,0.0682
011472,1120.00000,94.3434,0.0021,0.003319,0.000002,47.3602,0.0010,62.3122,278.91,244.78,0.0682
011472,1120.00000,94.4799,0.0021,0.002071,0.000001,47.2122,0.0006,62.3073,278.90,244.78,0.0682
011472,1120.00000,94.6163,0.0021,0.001276,0.000001,47.0746,0.0004,62.3027,278.88,244.78,0.0682
011472,1120.00000,94.7527,0.0021,0.000775,0.000000,46.9492,0.0002,62.2983,278.87,244.78,0.0682
011472,1120.00000,94.8892,0.0021,0.000461,0.000000,46.8388,0.0001,62.2945,278.86,244.78,0.0682
011472,1120.00000,95.0256,0.0021,0.000266,0.000000,46.7465,0.0001,62.2912,278.85,244.78,0.0682
011472,1120.00000,95.1620,0.0021,0.000145,0.000000,46.6751,0.0000,62.2886,278.84,244.78,0.0682
011472,1120.00000,95.2985,0.0021,0.000070,0.000000,46.6280,0.0000,62.2870,278.84,244.78,0.0682
011472,1120.00000,95.4349,0.0021,0.000024,0.000000,46.6081,0.0000,62.2863,278.83,244.78,0.0682
011472,1120.00000,95.5713,0.0021,0.000000,0.000000,0.0000,0.0000,0.0000,0.00,244.78,0.0682
011472,1120.00000,95.7077,0.0021,0.000000,0.000000,0.0000,0.0000,0.0000,0.00,244.78,0.0682
011472,1120.00000,95.8442,0.0021,0.000000,0.000000,0.0000,0.0000,0.0000,0.00,244.78,0.0682
011472,1120.00000,95.9806,0.0021,0.000000,0.000000,0.0000,0.0000,0.0000,0.00,244.78,0.0682
011472,1120.00000,96.1170,0.0021,0.000000,0.000000,0.0000,0.0000,0.0000,0.00,244.78,0.0682
011472,1120.00000,96.2535,0.0021,0.000000,0.000000,0.0000,0.0000,0.0000,0.00,244.78,0.0682
011472,1120.00000,96.3899,0.0021,0.000000,0.000000,0.0000,0.0000,0.0000,0.00,244.78,0.0682
011472,1120.00000,96.5263,0.0021,0.000000,0.000000,0.0000,0.0000,0.0000,0.00,244.78,0.0682
011472,1120.00000,96.6628,0.0021,0.000000,0.000000,0.0000,0.0000,0.0000,0.00,244.78,0.0682
011472,1120.00000,96.7992,0.0021,0.000000,0.000000,0.0000,0.0000,0.0000,0.00,244.78,0.0682
011472,1120.00000,96.9356,0.0021,0.000000,0.000000,0.0000,0.0000,0.0000,0.00,244.78,0.0682
011472,1120.00000,97.0721,0.0021,0.000000,0.000000,0.0000,0.0000,0.0000,0.00,244.78,0.0682
011472,1120.00000,97.2085,0.0021,0.000000,0.000000,0.0000,0.0000,0.0000,0.00,244.78,0.0682
011472,1120.00000,97.3449,0.0021,0.000000,0.000000,0.0000,0.0000,0.0000,0.00,244.78,0.0682
011472,1120.00000,97.4814,0.0021,0.000000,0.000000,0.0000,0.0000,0.0000,0.00,244.78,0.0682
011472,1120.00000,97.6178,0.0021,0.000000,0.000000,0.0000,0.0000,0.0000,0.00,244.78,0.0682
011472,1120.00000,97.7542,0.0021,0.000000,0.000000,0.0000,0.0000,0.0000,0.00,244.78,0.0682
011472,1120.00000,97.8907,0.0021,0.000000,0.000000,0.0000,0.0000,0.0000,0.00,244.78,0.0682
011472,1120.00000,98.0271,0.0021,0.000000,0.000000,0.0000,0.0000,0.0000,0.00,244.78,0.0682
011472,1120.00000,98.1635,0.0021,0.000000,0.000000,0.0000,0.0000,0.0000,0.00,244.78,0.0682
011472,1120.00000,98.3000,0.0021,0.000000,0.000000,0.0000,0.0000,0.0000,0.00,244.78,0.0682
011472,1120.00000,98.4364,0.0021,0.000000,0.000000,0.0000,0.0000,0.0000,0.00,244.78,0.0682
011472,1120.00000,98.5728,0.0021,0.000000,0.000000,0.0000,0.0000,0.0000,0.00,244.78,0.0682
011472,1120.00000,98.7093,0.0021,0.000000,0.000000,0.0000,0.0000,0.0000,0.00,244.78,0.0682
011472,1120.00000,98.8457,0.0021,0.000000,0.000000,0.0000,0.0000,0.0000,0.00,244.78,0.0682
011472,1120.00000,98.9821,0.0021,0.000000,0.000000,0.0000,0.0000,0.0000,0.00,244.78,0.0682
011472,1120.00000,99.1186,0.0021,0.000000,0.000000,0.0000,0.0000,0.0000,0.00,244.78,0.0682
011472,1120.00000,99.2550,0.0021,0.000000,0.000000,0.0000,0.0000,0.0000,0.00,244.78,0.0682
011472,1120.00000,99.3914,0.0021,0.000000,0.000000,0.0000,0.0000,0.0000,0.00,244.78,0.0682
011472,1120.00000,99.5279,0.0021,0.000000,0.000000,0.0000,0.0000,0.0000,0.00,244.78,0.0682
011472,1120.00000,99.6643,0.0021,0.000000,0.000000,0.0000,0.0000,0.0000,0.00,244.78,0.0682
011472,1120.00000,99.8007,0.0021,0.000000,0.000000,0.0000,0.0000,0.0000,0.00,244.78,0.0682
011472,1120.00000,99.9372,0.0021,0.000000,0.000000,0.0000,0.0000,0.0000,0.00,244.78,0.0682
011472,1120.00000,100.0736,0.0021,0.000000,0.000000,0.0000,0.0000,0.0000,0.00,244.78,0.0682
011472,1120.00000,100.2100,0.0021,0.000000,0.000000,0.0000,0.0000,0.0000,0.00,244.78,0.0682
011472,1120.00000,100.3465,0.0021,0.000000,0.000000,0.0000,0.0000,0.0000,0.00,244.78,0.0682
011472,1120.00000,100.4829,0.0021,0.000000,0.000000,0.0000,0.0000,0.0000,0.00,244.78,0.0682
011472,1120.00000,100.6193,0.0021,0.000000,0.000000,0.0000,0.0000,0.0000,0.00,244.78,0.0682
011472,1120.00000,100.7558,0.0021,0.000000,0.000000,0.0000,0.0000,0.0000,0.00,244.78,0.0682
011472,1120.00000,100.8922,0.0021,0.000000,0.000000,0.0000,0.0000,0.0000,0.00,244.78,0.0682
011472,1120.00000,101.0286,0.0021,0.000000,0.000000,0.0000,0.0000,0.0000,0.00,244.78,0.0682
011472,1120.00000,101.1651,0.0021,0.000000,0.000000,0.0000,0.0000,0.0000,0.00,244.78,0.0682
011472,1120.00000,101.3015,0.0021,0.000000,0.000000,0.0000,0.0000,0.0000,0.00,244.78,0.0682
011472,1120.00000,101.4379,0.0021,0.000000,0.000000,0.0000,0.0000,0.0000,0.00,244.78,0.0682
011472,1120.00000,101.5744,0.0021,0.000000,0.000000,0.0000,0.0000,0.0000,0.00,244.78,0.0682
011472,1120.00000,101.7108,0.0021,0.000000,0.000000,0.0000,0.0000,0.0000,0.00,244.78,0.0682
011472,1120.00000,101.8472,0.0021,0.000000,0.000000,0.0000,0.0000,0.0000,0.00,244.78,0.0682
011472,1120.00000,101.9837,0.0021,0.000000,0.000000,0.0000,0.0000,0.0000,0.00,244.78,0.0682
011472,1120.00000,102.1201,0.0021,0.000000,0.000000,0.0000,0.0000,0.0000,0.00,244.78,0.0682
011472,1120.00000,102.2565,0.0021,0.000000,0.000000,0.0000,0.0000,0.0000,0.00,244.78,0.0682
011472,1120.00000,102.3930,0.0021,0.000000,0.000000,0.0000,0.0000,0.0000,0.00,244.78,0.0682
011472,1120.00000,102.5294,0.0021,0.000000,0.000000,0.0000,0.0000,0.0000,0.00,244.78,0.0682
011472,1120.00000,102.6658,0.0021,0.000000,0.000000,0.0000,0.0000,0.0000,0.00,244.78,0.0682
011472,1120.00000,102.8023,0.0021,0.000000,0.000000,0.0000,0.0000,0.0000,0.00,244.78,0.0682
011472,1120.00000,102.9387,0.0021,0.000000,0.000000,0.0000,0.0000,0.0000,0.00,244.78,0.0682
011472,1120.00000,103.0751,0.0021,0.000000,0.000000,0.0000,0.0000,0.0000,0.00,244.78,0.0682
011472,1120.00000,103.2116,0.0021,0.000000,0.000000,0.0000,0.0000,0.0000,0.00,244.78,0.0682
011472,1120.00000,103.3480,0.0021,0.000000,0.000000,0.0000,0.0000,0.0000,0.00,244.78,0.0682
011472,1120.00000,103.4844,0.0021,0.000000,0.000000,0.0000,0.0000,0.0000,0.00,244.78,0.0682
011472,1120.00000,103.6209,0.0021,0.000000,0.000000,0.0000,0.0000,0.0000,0.00,244.78,0.0682
011472,1120.00000,103.7573,0.0021,0.000000,0.000000,0.0000,0.0000,0.0000,0.00,244.78,0.0682
011472,1120.00000,103.8937,0.0021,0.000000,0.000000,0.0000,0.0000,0.0000,0.00,244.78,0.0682
011472,1120.00000,104.0302,0.0021,0.000000,0.000000,0.0000,0.0000,0.0000,0.00,244.78,0.0682
011472,1120.00000,104.1666,0.0021,0.000000,0.000000,0.0000,0.0000,0.0000,0.00,244.78,0.0682
011472,1120.00000,104.3030,0.0021,0.000000,0.000000,0.0000,0.0000,0.0000,0.00,244.78,0.0682
011472,1120.00000,104.4395,0.0021,0.000000,0.000000,0.0000,0.0000,0.0000,0.00,244.78,0.0682
011472,1120.00000,104.5759,0.0021,0.000000,0.000000,0.0000,0.0000,0.0000,0.00,244.78,0.0682
011472,1120.00000,104.7123,0.0021,0.000000,0.000000,0.0000,0.0000,0.0000,0.00,244.78,0.0682
011472,1120.00000,104.8488,0.0021,0.000000,0.000000,0.0000,0.0000,0.0000,0.00,244.78,0.0682
011472,1120.00000,104.9852,0.0021,0.000000,0.000000,0.0000,0.0000,0.0000,0.00,244.78,0.0682
011472,1120.00000,105.1216,0.0021,0.000000,0.000000,0.0000,0.0000,0.0000,0.00,244.78,0.0682
011472,1120.00000,105.2581,0.0021,0.000000,0.000000,0.0000,0.0000,0.0000,0.00,244.78,0.0682
011472,1120.00000,105.3945,0.0021,0.000000,0.000000,0.0000,0.0000,0.0000,0.00,244.78,0.0682
011472,1120.00000,105.5309,0.0021,0.000000,0.000000,0.0000,0.0000,0.0000,0.00,244.78,0.0682
011472,1120.00000,105.6674,0.0021,0.000000,0.000000,0.0000,0.0000,0.0000,0.00,244.78,0.0682
011472,1120.00000,105.8038,0.0021,0.000000,0.000000,0.0000,0.0000,0.0000,0.00,244.78,0.0682
011472,1120.00000,105.9402,0.0021,0.000000,0.000000,0.0000,0.0000,0.0000,0.00,244.78,0.0682
011472,1120.00000,106.0767,0.0021,0.000000,0.000000,0.0000,0.0000,0.0000,0.00,244.78,0.0682
011472,1120.00000,106.2131,0.0021,0.000000,0.000000,0.0000,0.0000,0.0000,0.00,244.78,0.0682
011472,1120.00000,106.3495,0.0021,0.000000,0.000000,0.0000,0.0000,0.0000,0.00,244.78,0.0682
011472,1120.00000,106.4860,0.0021,0.000000,0.000000,0.0000,0.0000,0.0000,0.00,244.78,0.0682
011472,1120.00000,106.6224,0.0021,0.000000,0.000000,0.0000,0.0000,0.0000,0.00,244.78,0.0682
011472,1120.00000,106.7588,0.0021,0.000000,0.000000,0.0000,0.0000,0.0000,0.00,244.78,0.0682
011472,1120.00000,106.8953,0.0021,0.000000,0.000000,0.0000,0.0000,0.0000,0.00,244.78,0.0682
011472,1120.00000,107.0317,0.0021,0.000000,0.000000,0.0000,0.0000,0.0000,0.00,244.78,0.0682
011472,1120.00000,107.1681,0.0021,0.000000,0.000000,0.0000,0.0000,0.0000,0.00,244.78,0.0682
011472,1120.00000,107.3046,0.0021,0.000000,0.000000,0.0000,0.0000,0.0000,0.00,244.78,0.0682
011472,1120.00000,107.4410,0.0021,0.000000,0.000000,0.0000,0.0000,0.0000,0.00,244.78,0.0682
011472,1120.00000,107.5774,0.0021,0.000000,0.000000,0.0000,0.0000,0.0000,0.00,244.78,0.0682
011472,1120.00000,107.7139,0.0021,0.000000,0.000000,0.0000,0.0000,0.0000,0.00,244.78,0.0682
011472,1120.00000,107.8503,0.0021,0.000000,0.000000,0.0000,0.0000,0.0000,0.00,244.78,0.0682
011472,1120.00000,107.9867,0.0021,0.000000,0.000000,0.0000,0.0000,0.0000,0.00,244.78,0.0682
011472,1120.00000,108.1232,0.0021,0.000000,0.000000,0.0000,0.0000,0.0000,0.00,244.78,0.0682
011472,1120.00000,108.2596,0.0021,0.000000,0.000000,0.0000,0.0000,0.0000,0.00,244.78,0.0682
011472,1120.00000,108.3960,0.0021,0.000000,0.000000,0.0000,0.0000,0.0000,0.00,244.78,0.0682
011472,1120.00000,108.5325,0.0021,0.000000,0.000000,0.0000,0.0000,0.0000,0.00,244.78,0.0682
011472,1120.00000,108.6689,0.0021,0.000000,0.000000,0.0000,0.0000,0.0000,0.00,244.78,0.0682
011472,1120.00000,108.8053,0.0021,0.000000,0.000000,0.0000,0.0000,0.0000,0.00,244.78,0.0682
011472,1120.00000,108.9418,0.0021,0.000000,0.000000,0.0000,0.0000,0.0000,0.00,244.78,0.0682
011472,1120.00000,109.0782,0.0021,0.000000,0.000000,0.0000,0.0000,0.0000,0.00,244.78,0.0682
011472,1120.00000,109.2146,0.0021,0.000000,0.000000,0.0000,0.0000,0.0000,0.00,244.78,0.0682
011472,1120.00000,109.3510,0.0021,0.000000,0.000000,0.0000,0.0000,0.0000,0.00,244.78,0.0682
011472,1120.00000,109.4875,0.0021,0.000000,0.000000,0.0000,0.0000,0.0000,0.00,244.78,0.0682
011472,1120.00000,109.6239,0.0021,0.000000,0.000000,0.0000,0.0000,0.0000,0.00,244.78,0.0682
011472,1120.00000,109.7603,0.0021,0.000000,0.000000,0.0000,0.0000,0.0000,0.00,244.78,0.0682
011472,1120.00000,109.8968,0.0021,0.000000,0.000000,0.0000,0.0000,0.0000,0.00,244.78,0.0682
011472,1120.00000,110.0332,0.0021,0.000000,0.000000,0.0000,0.0000,0.0000,0.00,244.78,0.0682
011472,1120.00000,110.1696,0.0021,0.000000,0.000000,0.0000,0.0000,0.0000,0.00,244.78,0.0682
011472,1120.00000,110.3061,0.0021,0.000000,0.000000,0.0000,0.0000,0.0000,0.00,244.78,0.0682
011472,1120.00000,110.4425,0.0021,0.000000,0.000000,0.0000,0.0000,0.0000,0.00,244.78,0.0682
011472,1120.00000,110.5789,0.0021,0.000000,0.000000,0.0000,0.0000,0.0000,0.00,244.78,0.0682
011472,1120.00000,110.7154,0.0021,0.000000,0.000000,0.0000,0.0000,0.0000,0.00,244.78,0.0682
011472,1120.00000,110.8518,0.0021,0.000000,0.000000,0.0000,0.0000,0.0000,0.00,244.78,0.0682
011472,1120.00000,110.9882,0.0021,0.000000,0.000000,0.0000,0.0000,0.0000,0.00,244.78,0.0682
011472,1120.00000,111.1247,0.0021,0.000000,0.000000,0.0000,0.0000,0.0000,0.00,244.78,0.0682
011472,1120.00000,111.2611,0.0021,0.000000,0.000000,0.0000,0.0000,0.0000,0.00,244.78,0.0682
011472,1120.00000,111.3975,0.0021,0.000000,0.000000,0.0000,0.0000,0.0000,0.00,244.78,0.0682
011472,1120.00000,111.5340,0.0021,0.000000,0.000000,0.0000,0.0000,0.0000,0.00,244.78,0.0682
011472,1120.00000,111.6704,0.0021,0.000000,0.000000,0.0000,0.0000,0.0000,0.00,244.78,0.0682
011472,1120.00000,111.8068,0.0021,0.000000,0.000000,0.0000,0.0000,0.0000,0.00,244.78,0.0682
011472,1120.00000,111.9433,0.0021,0.000000,0.000000,0.0000,0.0000,0.0000,0.00,244.78,0.0682
011472,1120.00000,112.0797,0.0021,0.000000,0.000000,0.0000,0.0000,0.0000,0.00,244.78,0.0682
011472,1120.00000,112.2161,0.0021,0.000000,0.000000,0.0000,0.0000,0.0000,0.00,244.78,0.0682
011472,1120.00000,112.3526,0.0021,0.000000,0.000000,0.0000,0.0000,0.0000,0.00,244.78,0.0682
011472,1120.00000,112.4890,0.0021,0.000000,0.000000,0.0000,0.0000,0.0000,0.00,244.78,0.0682
011472,1120.00000,112.6254,0.0021,0.000000,0.000000,0.0000,0.0000,0.0000,0.00,244.78,0.0682
011472,1120.00000,112.7619,0.0021,0.000000,0.000000,0.0000,0.0000,0.0000,0.00,244.78,0.0682
011472,1120.00000,112.8983,0.0021,0.000000,0.000000,0.0000,0.0000,0.0000,0.00,244.78,0.0682
011472,1120.00000,113.0347,0.0021,0.000000,0.000000,0.0000,0.0000,0.0000,0.00,244.78,0.0682
011472,1120.00000,113.1712,0.0021,0.000000,0.000000,0.0000,0.0000,0.0000,0.00,244.78,0.0682
011472,1120.00000,113.3076,0.0021,0.000000,0.000000,0.0000,0.0000,0.0000,0.00,244.78,0.0682
011472,1120.00000,113.4440,0.0021,0.000000,0.000000,0.0000,0.0000,0.0000,0.00,244.78,0.0682
011472,1120.00000,113.5805,0.0021,0.000000,0.000000,0.0000,0.0000,0.0000,0.00,244.78,0.0682
011472,1120.00000,113.7169,0.0021,0.000000,0.000000,0.0000,0.0000,0.0000,0.00,244.78,0.0682
011472,1120.00000,113.8533,0.0021,0.000000,0.000000,0.0000,0.0000,0.0000,0.00,244.78,0.0682
011472,1120.00000,113.9898,0.0021,0.000000,0.000000,0.0000,0.0000,0.0000,0.00,244.78,0.0682
011472,1120.00000,114.1262,0.0021,0.000000,0.000000,0.0000,0.0000,0.0000,0.00,244.78,0.0682
011472,1120.00000,114.2626,0.0021,0.000000,0.000000,0.0000,0.0000,0.0000,0.00,244.78,0.0682
011472,1120.00000,114.3991,0.0021,0.000000,0.000000,0.0000,0.0000,0.0000,0.00,244.78,0.0682
011472,1120.00000,114.5355,0.0021,0.000000,0.000000,0.0000,0.0000,0.0000,0.00,244.78,0.0682
011472,1120.00000,114.6719,0.0021,0.000000,0.000000,0.0000,0.0000,0.0000,0.00,244.78,0.0682
011472,1120.00000,114.8084,0.0021,0.000000,0.000000,0.0000,0.0000,0.0000,0.00,244.78,0.0682
011472,1120.00000,114.9448,0.0021,0.000000,0.000000,0.0000,0.0000,0.0000,0.00,244.78,0.0682
011472,1120.00000,115.0812,0.0021,0.000000,0.000000,0.0000,0.0000,0.0000,0.00,244.78,0.0682
011472,1120.00000,115.2177,0.0021,0.000000,0.000000,0.0000,0.0000,0.0000,0.00,244.78,0.0682
011472,1120.00000,115.3541,0.0021,0.000000,0.000000,0.0000,0.0000,0.0000,0.00,244.78,0.0682
011472,1120.00000,115.4905,0.0021,0.000000,0.000000,0.0000,0.0000,0.0000,0.00,244.78,0.0682
011472,1120.00000,115.6270,0.0021,0.000000,0.000000,0.0000,0.0000,0.0000,0.00,244.78,0.0682
011472,1120.00000,115.7634,0.0021,0.000000,0.000000,0.0000,0.0000,0.0000,0.00,244.78,0.0682
011472,1120.00000,115.8998,0.0021,0.000000,0.000000,0.0000,0.0000,0.0000,0.00,244.78,0.0682
011472,1120.00000,116.0363,0.0021,0.000000,0.000000,0.0000,0.0000,0.0000,0.00,244.78,0.0682
011472,1120.00000,116.1727,0.0021,0.000000,0.000000,0.0000,0.0000,0.0000,0.00,244.78,0.0682
011472,1120.00000,116.3091,0.0021,0.000000,0.000000,0.0000,0.0000,0.0000,0.00,244.78,0.0682
011472,1120.00000,116.4456,0.0021,0.000000,0.000000,0.0000,0.0000,0.0000,0.00,244.78,0.0682
011472,1120.00000,116.5820,0.0021,0.000000,0.000000,0.0000,0.0000,0.0000,0.00,244.78,0.0682
011472,1120.00000,116.7184,0.0021,0.000000,0.000000,0.0000,0.0000,0.0000,0.00,244.78,0.0682
011472,1120.00000,116.8549,0.0021,0.000000,0.000000,0.0000,0.0000,0.0000,0.00,244.78,0.0682
011472,1120.00000,116.9913,0.0021,0.000000,0.000000,0.0000,0.0000,0.0000,0.00,244.78,0.0682
011472,1120.00000,117.1277,0.0021,0.000000,0.000000,0.0000,0.0000,0.0000,0.00,244.78,0.0682
011472,1120.00000,117.2642,0.0021,0.000000,0.000000,0.0000,0.0000,0.0000,0.00,244.78,0.0682
011472,1120.00000,117.4006,0.0021,0.000000,0.000000,0.0000,0.0000,0.0000,0.00,244.78,0.0682
011472,1120.00000,117.5370,0.0021,0.000000,0.000000,0.0000,0.0000,0.0000,0.00,244.78,0.0682
011472,1120.00000,117.6735,0.0021,0.000000,0.000000,0.0000,0.0000,0.0000,0.00,244.78,0.0682
011472,1120.00000,117.8099,0.0021,0.000000,0.000000,0.0000,0.0000,0.0000,0.00,244.78,0.0682
011472,1120.00000,117.9463,0.0021,0.000000,0.000000,0.0000,0.0000,0.0000,0.00,244.78,0.0682
011472,1120.00000,118.0828,0.0021,0.000000,0.000000,0.0000,0.0000,0.0000,0.00,244.78,0.0682
011472,1120.00000,118.2192,0.0021,0.000000,0.000000,0.0000,0.0000,0.0000,0.00,244.78,0.0682
011472,1120.00000,118.3556,0.0021,0.000000,0.000000,0.0000,0.0000,0.0000,0.00,244.78,0.0682
011472,1120.00000,118.4921,0.0021,0.000000,0.000000,0.0000,0.0000,0.0000,0.00,244.78,0.0682
011472,1120.00000,118.6285,0.0021,0.000000,0.000000,0.0000,0.0000,0.0000,0.00,244.78,0.0682
011472,1120.00000,118.7649,0.0021,0.000000,0.000000,0.0000,0.0000,0.0000,0.00,244.78,0.0682
011472,1120.00000,118.9014,0.0021,0.000000,0.000000,0.0000,0.0000,0.0000,0.00,244.78,0.0682
011472,1120.00000,119.0378,0.0021,0.000000,0.000000,0.0000,0.0000,0.0000,0.00,244.78,0.0682
011472,1120.00000,119.1742,0.0021,0.000000,0.000000,0.0000,0.0000,0.0000,0.00,244.78,0.0682
011472,1120.00000,119.3107,0.0021,0.000000,0.000000,0.0000,0.0000,0.0000,0.00,244.78,0.0682
011472,1120.00000,119.4471,0.0021,0.000000,0.000000,0.0000,0.0000,0.0000,0.00,244.78,0.0682
011472,1120.00000,119.5835,0.0021,0.000000,0.000000,0.0000,0.0000,0.0000,0.00,244.78,0.0682
011472,1120.00000,119.7200,0.0021,0.000000,0.000000,0.0000,0.0000,0.0000,0.00,244.78,0.0682
011472,1120.00000,119.8564,0.0021,0.000000,0.000000,0.0000,0.0000,0.0000,0.00,244.78,0.0682
011472,1120.00000,119.9928,0.0021,0.000000,0.000000,0.0000,0.0000,0.0000,0.00,244.78,0.0682
011472,1120.00000,120.1293,0.0021,0.000000,0.000000,0.0000,0.0000,0.0000,0.00,244.78,0.0682
011472,1120.00000,120.2657,0.0021,0.000000,0.000000,0.0000,0.0000,0.0000,0.00,244.78,0.0682
011472,1120.00000,120.4021,0.0021,0.000000,0.000000,0.0000,0.0000,0.0000,0.00,244.78,0.0682
011472,1120.00000,120.5386,0.0021,0.000000,0.000000,0.0000,0.0000,0.0000,0.00,244.78,0.0682
011472,1120.00000,120.6750,0.0021,0.000000,0.000000,0.0000,0.0000,0.0000,0.00,244.78,0.0682
011472,1120.00000,120.8114,0.0021,0.000000,0.000000,0.0000,0.0000,0.0000,0.00,244.78,0.0682
011472,1120.00000,120.9479,0.0021,0.000000,0.000000,0.0000,0.0000,0.0000,0.00,244.78,0.0682
011472,1120.00000,121.0843,0.0021,0.000000,0.000000,0.0000,0.0000,0.0000,0.00,244.78,0.0682
011472,1120.00000,121.2207,0.0021,0.000000,0.000000,0.0000,0.0000,0.0000,0.00,244.78,0.0682
011472,1120.00000,121.3572,0.0021,0.000000,0.000000,0.0000,0.0000,0.0000,0.00,244.78,0.0682
011472,1120.00000,121.4936,0.0021,0.000000,0.000000,0.0000,0.0000,0.0000,0.00,244.78,0.0682
011472,1120.00000,121.6300,0.0021,0.000000,0.000000,0.0000,0.0000,0.0000,0.00,244.78,0.0682
011472,1120.00000,121.7665,0.0021,0.000000,0.000000,0.0000,0.0000,0.0000,0.00,244.78,0.0682
011472,1120.00000,121.9029,0.0021,0.000000,0.000000,0.0000,0.0000,0.0000,0.00,244.78,0.0682
011472,1120.00000,122.0393,0.0021,0.000000,0.000000,0.0000,0.0000,0.0000,0.00,244.78,0.0682
011472,1120.00000,122.1758,0.0021,0.000000,0.000000,0.0000,0.0000,0.0000,0.00,244.78,0.0682
011472,1120.00000,122.3122,0.0021,0.000000,0.000000,0.0000,0.0000,0.0000,0.00,244.78,0.0682
011472,1120.00000,122.4486,0.0021,0.000000,0.000000,0.0000,0.0000,0.0000,0.00,244.78,0.0682
011472,1120.00000,122.5851,0.0021,0.000000,0.000000,0.0000,0.0000,0.0000,0.00,244.78,0.0682
011472,1120.00000,122.7215,0.0021,0.000000,0.000000,0.0000,0.0000,0.0000,0.00,244.78,0.0682
011472,1120.00000,122.8579,0.0021,0.000000,0.000000,0.0000,0.0000,0.0000,0.00,244.78,0.0682
011472,1120.00000,122.9943,0.0021,0.000000,0.000000,0.0000,0.0000,0.0000,0.00,244.78,0.0682
011472,1120.00000,123.1308,0.0021,0.000000,0.000000,0.0000,0.0000,0.0000,0.00,244.78,0.0682
011472,1120.00000,123.2672,0.0021,0.000000,0.000000,0.0000,0.0000,0.0000,0.00,244.78,0.0682
011472,1120.00000,123.4036,0.0021,0.000000,0.000000,0.0000,0.0000,0.0000,0.00,244.78,0.0682
011472,1120.00000,123.5401,0.0021,0.000000,0.000000,0.0000,0.0000,0.0000,0.00,244.78,0.0682
011472,1120.00000,123.6765,0.0021,0.000000,0.000000,0.0000,0.0000,0.0000,0.00,244.78,0.0682
011472,1120.00000,123.8129,0.0021,0.000000,0.000000,0.0000,0.0000,0.0000,0.00,244.78,0.0682
011472,1120.00000,123.9494,0.0021,0.000000,0.000000,0.0000,0.0000,0.0000,0.00,244.78,0.0682
011472,1120.00000,124.0858,0.0021,0.000000,0.000000,0.0000,0.0000,0.0000,0.00,244.78,0.0682
011472,1120.00000,124.2222,0.0021,0.000000,0.000000,0.0000,0.0000,0.0000,0.00,244.78,0.0682
011472,1120.00000,124.3587,0.0021,0.000000,0.000000,0.0000,0.0000,0.0000,0.00,244.78,0.0682
011472,1120.00000,124.4951,0.0021,0.000000,0.000000,0.0000,0.0000,0.0000,0.00,244.78,0.0682
011472,1120.00000,124.6315,0.0021,0.000000,0.000000,0.0000,0.0000,0.0000,0.00,244.78,0.0682
011472,1120.00000,124.7680,0.0021,0.000000,0.000000,0.0000,0.0000,0.0000,0.00,244.78,0.0682
011472,1120.00000,124.9044,0.0021,0.000000,0.000000,0.0000,0.0000,0.0000,0.00,244.78,0.0682
011472,1120.00000,125.0408,0.0021,0.000000,0.000000,0.0000,0.0000,0.0000,0.00,244.78,0.0682
011472,1120.00000,125.1773,0.0021,0.000000,0.000000,0.0000,0.0000,0.0000,0.00,244.78,0.0682
011472,1120.00000,125.3137,0.0021,0.000000,0.000000,0.0000,0.0000,0.0000,0.00,244.78,0.0682
011472,1120.00000,125.4501,0.0021,0.000000,0.000000,0.0000,0.0000,0.0000,0.00,244.78,0.0682
011472,1120.00000,125.5866,0.0021,0.000000,0.000000,0.0000,0.0000,0.0000,0.00,244.78,0.0682
011472,1120.00000,125.7230,0.0021,0.000000,0.000000,0.0000,0.0000,0.0000,0.00,244.78,0.0682
011472,1120.00000,125.8594,0.0021,0.000000,0.000000,0.0000,0.0000,0.0000,0.00,244.78,0.0682
011472,1120.00000,125.9959,0.0021,0.000000,0.000000,0.0000,0.0000,0.0000,0.00,244.78,0.0682
011472,1120.00000,126.1323,0.0021,0.000000,0.000000,0.0000,0.0000,0.0000,0.00,244.78,0.0682
011472,1120.00000,126.2687,0.0021,0.000000,0.000000,0.0000,0.0000,0.0000,0.00,244.78,0.0682
011472,1120.00000,126.4052,0.0021,0.000000,0.000000,0.0000,0.0000,0.0000,0.00,244.78,0.0682
011472,1120.00000,126.5416,0.0021,0.000000,0.000000,0.0000,0.0000,0.0000,0.00,244.78,0.0682
011472,1120.00000,126.6780,0.0021,0.000000,0.000000,0.0000,0.0000,0.0000,0.00,244.78,0.0682
011472,1120.00000,126.8145,0.0021,0.000000,0.000000,0.0000,0.0000,0.0000,0.00,244.78,0.0682
011472,1120.00000,126.9509,0.0021,0.000000,0.000000,0.0000,0.0000,0.0000,0.00,244.78,0.0682
011472,1120.00000,127.0873,0.0021,0.000000,0.000000,0.0000,0.0000,0.0000,0.00,244.78,0.0682
011472,1120.00000,127.2238,0.0021,0.000000,0.000000,0.0000,0.0000,0.0000,0.00,244.78,0.0682
011472,1120.00000,127.3602,0.0021,0.000000,0.000000,0.0000,0.0000,0.0000,0.00,244.78,0.0682
011472,1120.00000,127.4966,0.0021,0.000000,0.000000,0.0000,0.0000,0.0000,0.00,244.78,0.0682
011472,1120.00000,127.6331,0.0021,0.000000,0.000000,0.0000,0.0000,0.0000,0.00,244.78,0.0682
011472,1120.00000,127.7695,0.0021,0.000000,0.000000,0.0000,0.0000,0.0000,0.00,244.78,0.0682
011472,1120.00000,127.9059,0.0021,0.000000,0.000000,0.0000,0.0000,0.0000,0.00,244.78,0.0682
011472,1120.00000,128.0424,0.0021,0.000000,0.000000,0.0000,0.0000,0.0000,0.00,244.78,0.0682
011472,1120.00000,128.1788,0.0021,0.000000,0.000000,0.0000,0.0000,0.0000,0.00,244.78,0.0682
011472,1120.00000,128.3152,0.0021,0.000000,0.000000,0.0000,0.0000,0.0000,0.00,244.78,0.0682
011472,1120.00000,128.4517,0.0021,0.000000,0.000000,0.0000,0.0000,0.0000,0.00,244.78,0.0682
011472,1120.00000,128.5881,0.0021,0.000000,0.000000,0.0000,0.0000,0.0000,0.00,244.78,0.0682
011472,1120.00000,128.7245,0.0021,0.000000,0.000000,0.0000,0.0000,0.0000,0.00,244.78,0.0682
011472,1120.00000,128.8610,0.0021,0.000000,0.000000,0.0000,0.0000,0.0000,0.00,244.78,0.0682
011472,1120.00000,128.9974,0.0021,0.000000,0.000000,0.0000,0.0000,0.0000,0.00,244.78,0.0682
011472,1120.00000,129.1338,0.0021,0.000000,0.000000,0.0000,0.0000,0.0000,0.00,244.78,0.0682
011472,1120.00000,129.2703,0.0021,0.000000,0.000000,0.0000,0.0000,0.0000,0.00,244.78,0.0682
011472,1120.00000,129.4067,0.0021,0.000000,0.000000,0.0000,0.0000,0.0000,0.00,244.78,0.0682
011472,1120.00000,129.5431,0.0021,0.000000,0.000000,0.0000,0.0000,0.0000,0.00,244.78,0.0682
011472,1120.00000,129.6796,0.0021,0.000000,0.000000,0.0000,0.0000,0.0000,0.00,244.78,0.0682
011472,1120.00000,129.8160,0.0021,0.000000,0.000000,0.0000,0.0000,0.0000,0.00,244.78,0.0682
011472,1120.00000,129.9524,0.0021,0.000000,0.000000,0.0000,0.0000,0.0000,0.00,244.78,0.0682
011472,1120.00000,130.0889,0.0021,0.000000,0.000000,0.0000,0.0000,0.0000,0.00,244.78,0.0682
011472,1120.00000,130.2253,0.0021,0.000000,0.000000,0.0000,0.0000,0.0000,0.00,244.78,0.0682
011472,1120.00000,130.3617,0.0021,0.000000,0.000000,0.0000,0.0000,0.0000,0.00,244.78,0.0682
011472,1120.00000,130.4982,0.0021,0.000000,0.000000,0.0000,0.0000,0.0000,0.00,244.78,0.0682
011472,1120.00000,130.6346,0.0021,0.000000,0.000000,0.0000,0.0000,0.0000,0.00,244.78,0.0682
011472,1120.00000,130.7710,0.0021,0.000000,0.000000,0.0000,0.0000,0.0000,0.00,244.78,0.0682
011472,1120.00000,130.9075,0.0021,0.000000,0.000000,0.0000,0.0000,0.0000,0.00,244.78,0.0682
011472,1120.00000,131.0439,0.0021,0.000000,0.000000,0.0000,0.0000,0.0000,0.00,244.78,0.0682
011472,1120.00000,131.1803,0.0021,0.000000,0.000000,0.0000,0.0000,0.0000,0.00,244.78,0.0682
011472,1120.00000,131.3168,0.0021,0.000000,0.000000,0.0000,0.0000,0.0000,0.00,244.78,0.0682
011472,1120.00000,131.4532,0.0021,0.000000,0.000000,0.0000,0.0000,0.0000,0.00,244.78,0.0682
011472,1120.00000,131.5896,0.0021,0.000000,0.000000,0.0000,0.0000,0.0000,0.00,244.78,0.0682
011472,1120.00000,131.7261,0.0021,0.000000,0.000000,0.0000,0.0000,0.0000,0.00,244.78,0.0682
011472,1120.00000,131.8625,0.0021,0.000000,0.000000,0.0000,0.0000,0.0000,0.00,244.78,0.0682
011472,1120.00000,131.9989,0.0021,0.000000,0.000000,0.0000,0.0000,0.0000,0.00,244.78,0.0682
011472,1120.00000,132.1354,0.0021,0.000000,0.000000,0.0000,0.0000,0.0000,0.00,244.78,0.0682
011472,1120.00000,132.2718,0.0021,0.000000,0.000000,0.0000,0.0000,0.0000,0.00,244.78,0.0682
011472,1120.00000,132.4082,0.0021,0.000000,0.000000,0.0000,0.0000,0.0000,0.00,244.78,0.0682
011472,1120.00000,132.5447,0.0021,0.000000,0.000000,0.0000,0.0000,0.0000,0.00,244.78,0.0682
011472,1120.00000,132.6811,0.0021,0.000000,0.000000,0.0000,0.0000,0.0000,0.00,244.78,0.0682
011472,1120.00000,132.8175,0.0021,0.000000,0.000000,0.0000,0.0000,0.0000,0.00,244.78,0.0682
011472,1120.00000,132.9540,0.0021,0.000000,0.000000,0.0000,0.0000,0.0000,0.00,244.78,0.0682
011472,1120.00000,133.0904,0.0021,0.000000,0.000000,0.0000,0.0000,0.0000,0.00,244.78,0.0682
011472,1120.00000,133.2268,0.0021,0.000000,0.000000,0.0000,0.0000,0.0000,0.00,244.78,0.0682
011472,1120.00000,133.3633,0.0021,0.000000,0.000000,0.0000,0.0000,0.0000,0.00,244.78,0.0682
011472,1120.00000,133.4997,0.0021,0.000000,0.000000,0.0000,0.0000,0.0000,0.00,244.78,0.0682
011472,1120.00000,133.6361,0.0021,0.000000,0.000000,0.0000,0.0000,0.0000,0.00,244.78,0.0682
011472,1120.00000,133.7726,0.0021,0.000000,0.000000,0.0000,0.0000,0.0000,0.00,244.78,0.0682
011472,1120.00000,133.9090,0.0021,0.000000,0.000000,0.0000,0.0000,0.0000,0.00,244.78,0.0682
011472,1120.00000,134.0454,0.0021,0.000000,0.000000,0.0000,0.0000,0.0000,0.00,244.78,0.0682
011472,1120.00000,134.1819,0.0021,0.000000,0.000000,0.0000,0.0000,0.0000,0.00,244.78,0.0682
011472,1120.00000,134.3183,0.0021,0.000000,0.000000,0.0000,0.0000,0.0000,0.00,244.78,0.0682
011472,1120.00000,134.4547,0.0021,0.000000,0.000000,0.0000,0.0000,0.0000,0.00,244.78,0.0682
011472,1120.00000,134.5912,0.0021,0.000000,0.000000,0.0000,0.0000,0.0000,0.00,244.78,0.0682
011472,1120.00000,134.7276,0.0021,0.000000,0.000000,0.0000,0.0000,0.0000,0.00,244.78,0.0682
011472,1120.00000,134.8640,0.0021,0.000000,0.000000,0.0000,0.0000,0.0000,0.00,244.78,0.0682
011472,1120.00000,135.0005,0.0021,0.000000,0.000000,0.0000,0.0000,0.0000,0.00,244.78,0.0682
011472,1120.00000,135.1369,0.0021,0.000000,0.000000,0.0000,0.0000,0.0000,0.00,244.78,0.0682
011472,1120.00000,135.2733,0.0021,0.000000,0.000000,0.0000,0.0000,0.0000,0.00,244.78,0.0682
011472,1120.00000,135.4098,0.0021,0.000000,0.000000,0.0000,0.0000,0.0000,0.00,244.78,0.0682
011472,1120.00000,135.5462,0.0021,0.000000,0.000000,0.0000,0.0000,0.0000,0.00,244.78,0.0682
011472,1120.00000,135.6826,0.0021,0.000000,0.000000,0.0000,0.0000,0.0000,0.00,244.78,0.0682
011472,1120.00000,135.8191,0.0021,0.000000,0.000000,0.0000,0.0000,0.0000,0.00,244.78,0.0682
011472,1120.00000,135.9555,0.0021,0.000000,0.000000,0.0000,0.0000,0.0000,0.00,244.78,0.0682
011472,1120.00000,136.0919,0.0021,0.000000,0.000000,0.0000,0.0000,0.0000,0.00,244.78,0.0682
011472,1120.00000,136.2284,0.0021,0.000000,0.000000,0.0000,0.0000,0.0000,0.00,244.78,0.0682
011472,1120.00000,136.3648,0.0021,0.000000,0.000000,0.0000,0.0000,0.0000,0.00,244.78,0.0682
011472,1120.00000,136.5012,0.0021,0.000000,0.000000,0.0000,0.0000,0.0000,0.00,244.78,0.0682
011472,1120.00000,136.6376,0.0021,0.000000,0.000000,0.0000,0.0000,0.0000,0.00,244.78,0.0682
011472,1120.00000,136.7741,0.0021,0.000000,0.000000,0.0000,0.0000,0.0000,0.00,244.78,0.0682
011472,1120.00000,136.9105,0.0021,0.000000,0.000000,0.0000,0.0000,0.0000,0.00,244.78,0.0682
011472,1120.00000,137.0469,0.0021,0.000000,0.000000,0.0000,0.0000,0.0000,0.00,244.78,0.0682
011472,1120.00000,137.1834,0.0021,0.000000,0.000000,0.0000,0.0000,0.0000,0.00,244.78,0.0682
011472,1120.00000,137.3198,0.0021,0.000000,0.000000,0.0000,0.0000,0.0000,0.00,244.78,0.0682
011472,1120.00000,137.4562,0.0021,0.000000,0.000000,0.0000,0.0000,0.0000,0.00,244.78,0.0682
011472,1120.00000,137.5927,0.0021,0.000000,0.000000,0.0000,0.0000,0.0000,0.00,244.78,0.0682
011472,1120.00000,137.7291,0.0021,0.000000,0.000000,0.0000,0.0000,0.0000,0.00,244.78,0.0682
011472,1120.00000,137.8655,0.0021,0.000000,0.000000,0.0000,0.0000,0.0000,0.00,244.78,0.0682
011472,1120.00000,138.0020,0.0021,0.000000,0.000000,0.0000,0.0000,0.0000,0.00,244.78,0.0682
011472,1120.00000,138.1384,0.0021,0.000000,0.000000,0.0000,0.0000,0.0000,0.00,244.78,0.0682
011472,1120.00000,138.2748,0.0021,0.000000,0.000000,0.0000,0.0000,0.0000,0.00,244.78,0.0682
011472,1120.00000,138.4113,0.0021,0.000000,0.000000,0.0000,0.0000,0.0000,0.00,244.78,0.0682
011472,1120.00000,138.5477,0.0021,0.000000,0.000000,0.0000,0.0000,0.0000,0.00,244.78,0.0682
011472,1120.00000,138.6841,0.0021,0.000000,0.000000,0.0000,0.0000,0.0000,0.00,244.78,0.0682
011472,1120.00000,138.8206,0.0021,0.000000,0.000000,0.0000,0.0000,0.0000,0.00,244.78,0.0682
011472,1120.00000,138.9570,0.0021,0.000000,0.000000,0.0000,0.0000,0.0000,0.00,244.78,0.0682
011472,1120.00000,139.0934,0.0021,0.000000,0.000000,0.0000,0.0000,0.0000,0.00,244.78,0.0682
011472,1120.00000,139.2299,0.0021,0.000000,0.000000,0.0000,0.0000,0.0000,0.00,244.78,0.0682
011472,1120.00000,139.3663,0.0021,0.000000,0.000000,0.0000,0.0000,0.0000,0.00,244.78,0.0682
011472,1120.00000,139.5027,0.0021,0.000000,0.000000,0.0000,0.0000,0.0000,0.00,244.78,0.0682
011472,1120.00000,139.6392,0.0021,0.000000,0.000000,0.0000,0.0000,0.0000,0.00,244.78,0.0682
011472,1120.00000,139.7756,0.0021,0.000000,0.000000,0.0000,0.0000,0.0000,0.00,244.78,0.0682
011472,1120.00000,139.9120,0.0021,0.000000,0.000000,0.0000,0.0000,0.0000,0.00,244.78,0.0682
011472,1120.00000,140.0485,0.0021,0.000000,0.000000,0.0000,0.0000,0.0000,0.00,244.78,0.0682
011472,1120.00000,140.1849,0.0021,0.000000,0.000000,0.0000,0.0000,0.0000,0.00,244.78,0.0682
011472,1120.00000,140.3213,0.0021,0.000000,0.000000,0.0000,0.0000,0.0000,0.00,244.78,0.0682
011472,1120.00000,140.4578,0.0021,0.000000,0.000000,0.0000,0.0000,0.0000,0.00,244.78,0.0682
011472,1120.00000,140.5942,0.0021,0.000000,0.000000,0.0000,0.0000,0.0000,0.00,244.78,0.0682
011472,1120.00000,140.7306,0.0021,0.000000,0.000000,0.0000,0.0000,0.0000,0.00,244.78,0.0682
011472,1120.00000,140.8671,0.0021,0.000000,0.000000,0.0000,0.0000,0.0000,0.00,244.78,0.0682
011472,1120.00000,141.0035,0.0021,0.000000,0.000000,0.0000,0.0000,0.0000,0.00,244.78,0.0682
011472,1120.00000,141.1399,0.0021,0.000000,0.000000,0.0000,0.0000,0.0000,0.00,244.78,0.0682
011472,1120.00000,141.2764,0.0021,0.000000,0.000000,0.0000,0.0000,0.0000,0.00,244.78,0.0682
011472,1120.00000,141.4128,0.0021,0.000000,0.000000,0.0000,0.0000,0.0000,0.00,244.78,0.0682
011472,1120.00000,141.5492,0.0021,0.000000,0.000000,0.0000,0.0000,0.0000,0.00,244.78,0.0682
011472,1120.00000,141.6857,0.0021,0.000000,0.000000,0.0000,0.0000,0.0000,0.00,244.78,0.0682
011472,1120.00000,141.8221,0.0021,0.000000,0.000000,0.0000,0.0000,0.0000,0.00,244.78,0.0682
011472,1120.00000,141.9585,0.0021,0.000000,0.000000,0.0000,0.0000,0.0000,0.00,244.78,0.0682
011472,1120.00000,142.0950,0.0021,0.000000,0.000000,0.0000,0.0000,0.0000,0.00,244.78,0.0682
011472,1120.00000,142.2314,0.0021,0.000000,0.000000,0.0000,0.0000,0.0000,0.00,244.78,0.0682
011472,1120.00000,142.3678,0.0021,0.000000,0.000000,0.0000,0.0000,0.0000,0.00,244.78,0.0682
011472,1120.00000,142.5043,0.0021,0.000000,0.000000,0.0000,0.0000,0.0000,0.00,244.78,0.0682
011472,1120.00000,142.6407,0.0021,0.000000,0.000000,0.0000,0.0000,0.0000,0.00,244.78,0.0682
011472,1120.00000,142.7771,0.0021,0.000000,0.000000,0.0000,0.0000,0.0000,0.00,244.78,0.0682
011472,1120.00000,142.9136,0.0021,0.000000,0.000000,0.0000,0.0000,0.0000,0.00,244.78,0.0682
011472,1120.00000,143.0500,0.0021,0.000000,0.000000,0.0000,0.0000,0.0000,0.00,244.78,0.0682
011472,1120.00000,143.1864,0.0021,0.000000,0.000000,0.0000,0.0000,0.0000,0.00,244.78,0.0682
011472,1120.00000,143.3229,0.0021,0.000000,0.000000,0.0000,0.0000,0.0000,0.00,244.78,0.0682
011472,1120.00000,143.4593,0.0021,0.000000,0.000000,0.0000,0.0000,0.0000,0.00,244.78,0.0682
011472,1120.00000,143.5957,0.0021,0.000000,0.000000,0.0000,0.0000,0.0000,0.00,244.78,0.0682
011472,1120.00000,143.7322,0.0021,0.000000,0.000000,0.0000,0.0000,0.0000,0.00,244.78,0.0682
011472,1120.00000,143.8686,0.0021,0.000000,0.000000,0.0000,0.0000,0.0000,0.00,244.78,0.0682
011472,1120.00000,144.0050,0.0021,0.000000,0.000000,0.0000,0.0000,0.0000,0.00,244.78,0.0682
011472,1120.00000,144.1415,0.0021,0.000000,0.000000,0.0000,0.0000,0.0000,0.00,244.78,0.0682
011472,1120.00000,144.2779,0.0021,0.000000,0.000000,0.0000,0.0000,0.0000,0.00,244.78,0.0682
011472,1120.00000,144.4143,0.0021,0.000000,0.000000,0.0000,0.0000,0.0000,0.00,244.78,0.0682
011472,1120.00000,144.5508,0.0021,0.000000,0.000000,0.0000,0.0000,0.0000,0.00,244.78,0.0682
011472,1120.00000,144.6872,0.0021,0.000000,0.000000,0.0000,0.0000,0.0000,0.00,244.78,0.0682
011472,1120.00000,144.8236,0.0021,0.000000,0.000000,0.0000,0.0000,0.0000,0.00,244.78,0.0682
011472,1120.00000,144.9601,0.0021,0.000000,0.000000,0.0000,0.0000,0.0000,0.00,244.78,0.0682
011472,1120.00000,145.0965,0.0021,0.000000,0.000000,0.0000,0.0000,0.0000,0.00,244.78,0.0682
011472,1120.00000,145.2329,0.0021,0.000000,0.000000,0.0000,0.0000,0.0000,0.00,244.78,0.0682
011472,1120.00000,145.3694,0.0021,0.000000,0.000000,0.0000,0.0000,0.0000,0.00,244.78,0.0682
011472,1120.00000,145.5058,0.0021,0.000000,0.000000,0.0000,0.0000,0.0000,0.00,244.78,0.0682
011472,1120.00000,145.6422,0.0021,0.000000,0.000000,0.0000,0.0000,0.0000,0.00,244.78,0.0682
011472,1120.00000,145.7787,0.0021,0.000000,0.000000,0.0000,0.0000,0.0000,0.00,244.78,0.0682
011472,1120.00000,145.9151,0.0021,0.000000,0.000000,0.0000,0.0000,0.0000,0.00,244.78,0.0682
011472,1120.00000,146.0515,0.0021,0.000000,0.000000,0.0000,0.0000,0.0000,0.00,244.78,0.0682
011472,1120.00000,146.1880,0.0021,0.000000,0.000000,0.0000,0.0000,0.0000,0.00,244.78,0.0682
011472,1120.00000,146.3244,0.0021,0.000000,0.000000,0.0000,0.0000,0.0000,0.00,244.78,0.0682
011472,1120.00000,146.4608,0.0021,0.000000,0.000000,0.0000,0.0000,0.0000,0.00,244.78,0.0682
011472,1120.00000,146.5973,0.0021,0.000000,0.000000,0.0000,0.0000,0.0000,0.00,244.78,0.0682
011472,1120.00000,146.7337,0.0021,0.000000,0.000000,0.0000,0.0000,0.0000,0.00,244.78,0.0682
011472,1120.00000,146.8701,0.0021,0.000000,0.000000,0.0000,0.0000,0.0000,0.00,244.78,0.0682
011472,1120.00000,147.0066,0.0021,0.000000,0.000000,0.0000,0.0000,0.0000,0.00,244.78,0.0682
011472,1120.00000,147.1430,0.0021,0.000000,0.000000,0.0000,0.0000,0.0000,0.00,244.78,0.0682
011472,1120.00000,147.2794,0.0021,0.000000,0.000000,0.0000,0.0000,0.0000,0.00,244.78,0.0682
011472,1120.00000,147.4159,0.0021,0.000000,0.000000,0.0000,0.0000,0.0000,0.00,244.78,0.0682
011472,1120.00000,147.5523,0.0021,0.000000,0.000000,0.0000,0.0000,0.0000,0.00,244.78,0.0682
011472,1120.00000,147.6887,0.0021,0.000000,0.000000,0.0000,0.0000,0.0000,0.00,244.78,0.0682
011472,1120.00000,147.8252,0.0021,0.000000,0.000000,0.0000,0.0000,0.0000,0.00,244.78,0.0682
011472,1120.00000,147.9616,0.0021,0.000000,0.000000,0.0000,0.0000,0.0000,0.00,244.78,0.0682
011472,1120.00000,148.0980,0.0021,0.000000,0.000000,0.0000,0.0000,0.0000,0.00,244.78,0.0682
011472,1120.00000,148.2345,0.0021,0.000000,0.000000,0.0000,0.0000,0.0000,0.00,244.78,0.0682
011472,1120.00000,148.3709,0.0021,0.000000,0.000000,0.0000,0.0000,0.0000,0.00,244.78,0.0682
011472,1120.00000,148.5073,0.0021,0.000000,0.000000,0.0000,0.0000,0.0000,0.00,244.78,0.0682
011472,1120.00000,148.6438,0.0021,0.000000,0.000000,0.0000,0.0000,0.0000,0.00,244.78,0.0682
011472,1120.00000,148.7802,0.0021,0.000000,0.000000,0.0000,0.0000,0.0000,0.00,244.78,0.0682
011472,1120.00000,148.9166,0.0021,0.000000,0.000000,0.0000,0.0000,0.0000,0.00,244.78,0.0682
011472,1120.00000,149.0531,0.0021,0.000000,0.000000,0.0000,0.0000,0.0000,0.00,244.78,0.0682
011472,1120.00000,149.1895,0.0021,0.000000,0.000000,0.0000,0.0000,0.0000,0.00,244.78,0.0682
011472,1120.00000,149.3259,0.0021,0.000000,0.000000,0.0000,0.0000,0.0000,0.00,244.78,0.0682
011472,1120.00000,149.4624,0.0021,0.000000,0.000000,0.0000,0.0000,0.0000,0.00,244.78,0.0682
011472,1120.00000,149.5988,0.0021,0.000000,0.000000,0.0000,0.0000,0.0000,0.00,244.78,0.0682
011472,1120.00000,149.7352,0.0021,0.000000,0.000000,0.0000,0.0000,0.0000,0.00,244.78,0.0682
011472,1120.00000,149.8717,0.0021,0.000000,0.000000,0.0000,0.0000,0.0000,0.00,244.78,0.0682
011472,1120.00000,150.0081,0.0021,0.000000,0.000000,0.0000,0.0000,0.0000,0.00,244.78,0.0682
011472,1120.00000,150.1445,0.0021,0.000000,0.000000,0.0000,0.0000,0.0000,0.00,244.78,0.0682
011472,1120.00000,150.2809,0.0021,0.000000,0.000000,0.0000,0.0000,0.0000,0.00,244.78,0.0682
011472,1120.00000,150.4174,0.0021,0.000000,0.000000,0.0000,0.0000,0.0000,0.00,244.78,0.0682
011472,1120.00000,150.5538,0.0021,0.000000,0.000000,0.0000,0.0000,0.0000,0.00,244.78,0.0682
011472,1120.00000,150.6902,0.0021,0.000000,0.000000,0.0000,0.0000,0.0000,0.00,244.78,0.0682
011472,1120.00000,150.8267,0.0021,0.000000,0.000000,0.0000,0.0000,0.0000,0.00,244.78,0.0682
011472,1120.00000,150.9631,0.0021,0.000000,0.000000,0.0000,0.0000,0.0000,0.00,244.78,0.0682
011472,1120.00000,151.0995,0.0021,0.000000,0.000000,0.0000,0.0000,0.0000,0.00,244.78,0.0682
011472,1120.00000,151.2360,0.0021,0.000000,0.000000,0.0000,0.0000,0.0000,0.00,244.78,0.0682
011472,1120.00000,151.3724,0.0021,0.000000,0.000000,0.0000,0.0000,0.0000,0.00,244.78,0.0682
011472,1120.00000,151.5088,0.0021,0.000000,0.000000,0.0000,0.0000,0.0000,0.00,244.78,0.0682
011472,1120.00000,151.6453,0.0021,0.000000,0.000000,0.0000,0.0000,0.0000,0.00,244.78,0.0682
011472,1120.00000,151.7817,0.0021,0.000000,0.000000,0.0000,0.0000,0.0000,0.00,244.78,0.0682
011472,1120.00000,151.9181,0.0021,0.000000,0.000000,0.0000,0.0000,0.0000,0.00,244.78,0.0682
011472,1120.00000,152.0546,0.0021,0.000000,0.000000,0.0000,0.0000,0.0000,0.00,244.78,0.0682
011472,1120.00000,152.1910,0.0021,0.000000,0.000000,0.0000,0.0000,0.0000,0.00,244.78,0.0682
011472,1120.00000,152.3274,0.0021,0.000000,0.000000,0.0000,0.0000,0.0000,0.00,244.78,0.0682
011472,1120.00000,152.4639,0.0021,0.000000,0.000000,0.0000,0.0000,0.0000,0.00,244.78,0.0682
011472,1120.00000,152.6003,0.0021,0.000000,0.000000,0.0000,0.0000,0.0000,0.00,244.78,0.0682
011472,1120.00000,152.7367,0.0021,0.000000,0.000000,0.0000,0.0000,0.0000,0.00,244.78,0.0682
011472,1120.00000,152.8732,0.0021,0.000000,0.000000,0.0000,0.0000,0.0000,0.00,244.78,0.0682
011472,1120.00000,153.0096,0.0021,0.000000,0.000000,0.0000,0.0000,0.0000,0.00,244.78,0.0682
011472,1120.00000,153.1460,0.0021,0.000000,0.000000,0.0000,0.0000,0.0000,0.00,244.78,0.0682
011472,1120.00000,153.2825,0.0021,0.000000,0.000000,0.0000,0.0000,0.0000,0.00,244.78,0.0682
011472,1120.00000,153.4189,0.0021,0.000000,0.000000,0.0000,0.0000,0.0000,0.00,244.78,0.0682
011472,1120.00000,153.5553,0.0021,0.000000,0.000000,0.0000,0.0000,0.0000,0.00,244.78,0.0682
011472,1120.00000,153.6918,0.0021,0.000000,0.000000,0.0000,0.0000,0.0000,0.00,244.78,0.0682
011472,1120.00000,153.8282,0.0021,0.000000,0.000000,0.0000,0.0000,0.0000,0.00,244.78,0.0682
011472,1120.00000,153.9646,0.0021,0.000000,0.000000,0.0000,0.0000,0.0000,0.00,244.78,0.0682
011472,1120.00000,154.1011,0.0021,0.000000,0.000000,0.0000,0.0000,0.0000,0.00,244.78,0.0682
011472,1120.00000,154.2375,0.0021,0.000000,0.000000,0.0000,0.0000,0.0000,0.00,244.78,0.0682
011472,1120.00000,154.3739,0.0021,0.000000,0.000000,0.0000,0.0000,0.0000,0.00,244.78,0.0682
011472,1120.00000,154.5104,0.0021,0.000000,0.000000,0.0000,0.0000,0.0000,0.00,244.78,0.0682
011472,1120.00000,154.6468,0.0021,0.000000,0.000000,0.0000,0.0000,0.0000,0.00,244.78,0.0682
011472,1120.00000,154.7832,0.0021,0.000000,0.000000,0.0000,0.0000,0.0000,0.00,244.78,0.0682
011472,1120.00000,154.9197,0.0021,0.000000,0.000000,0.0000,0.0000,0.0000,0.00,244.78,0.0682
011472,1120.00000,155.0561,0.0021,0.000000,0.000000,0.0000,0.0000,0.0000,0.00,244.78,0.0682
011472,1120.00000,155.1925,0.0021,0.000000,0.000000,0.0000,0.0000,0.0000,0.00,244.78,0.0682
011472,1120.00000,155.3290,0.0021,0.000000,0.000000,0.0000,0.0000,0.0000,0.00,244.78,0.0682
011472,1120.00000,155.4654,0.0021,0.000000,0.000000,0.0000,0.0000,0.0000,0.00,244.78,0.0682
011472,1120.00000,155.6018,0.0021,0.000000,0.000000,0.0000,0.0000,0.0000,0.00,244.78,0.0682
011472,1120.00000,155.7383,0.0021,0.000000,0.000000,0.0000,0.0000,0.0000,0.00,244.78,0.0682
011472,1120.00000,155.8747,0.0021,0.000000,0.000000,0.0000,0.0000,0.0000,0.00,244.78,0.0682
011472,1120.00000,156.0111,0.0021,0.000000,0.000000,0.0000,0.0000,0.0000,0.00,244.78,0.0682
011472,1120.00000,156.1476,0.0021,0.000000,0.000000,0.0000,0.0000,0.0000,0.00,244.78,0.0682
011472,1120.00000,156.2840,0.0021,0.000000,0.000000,0.0000,0.0000,0.0000,0.00,244.78,0.0682
011472,1120.00000,156.4204,0.0021,0.000000,0.000000,0.0000,0.0000,0.0000,0.00,244.78,0.0682
011472,1120.00000,156.5569,0.0021,0.000000,0.000000,0.0000,0.0000,0.0000,0.00,244.78,0.0682
011472,1120.00000,156.6933,0.0021,0.000000,0.000000,0.0000,0.0000,0.0000,0.00,244.78,0.0682
011472,1120.00000,156.8297,0.0021,0.000000,0.000000,0.0000,0.0000,0.0000,0.00,244.78,0.0682
011472,1120.00000,156.9662,0.0021,0.000000,0.000000,0.0000,0.0000,0.0000,0.00,244.78,0.0682
011472,1120.00000,157.1026,0.0021,0.000000,0.000000,0.0000,0.0000,0.0000,0.00,244.78,0.0682
011472,1120.00000,157.2390,0.0021,0.000000,0.000000,0.0000,0.0000,0.0000,0.00,244.78,0.0682
011472,1120.00000,157.3755,0.0021,0.000000,0.000000,0.0000,0.0000,0.0000,0.00,244.78,0.0682
011472,1120.00000,157.5119,0.0021,0.000000,0.000000,0.0000,0.0000,0.0000,0.00,244.78,0.0682
011472,1120.00000,157.6483,0.0021,0.000000,0.000000,0.0000,0.0000,0.0000,0.00,244.78,0.0682
011472,1120.00000,157.7848,0.0021,0.000000,0.000000,0.0000,0.0000,0.0000,0.00,244.78,0.0682
011472,1120.00000,157.9212,0.0021,0.000000,0.000000,0.0000,0.0000,0.0000,0.00,244.78,0.0682
011472,1120.00000,158.0576,0.0021,0.000000,0.000000,0.0000,0.0000,0.0000,0.00,244.78,0.0682
011472,1120.00000,158.1941,0.0021,0.000000,0.000000,0.0000,0.0000,0.0000,0.00,244.78,0.0682
011472,1120.00000,158.3305,0.0021,0.000000,0.000000,0.0000,0.0000,0.0000,0.00,244.78,0.0682
011472,1120.00000,158.4669,0.0021,0.000000,0.000000,0.0000,0.0000,0.0000,0.00,244.78,0.0682
011472,1120.00000,158.6034,0.0021,0.000000,0.000000,0.0000,0.0000,0.0000,0.00,244.78,0.0682
011472,1120.00000,158.7398,0.0021,0.000000,0.000000,0.0000,0.0000,0.0000,0.00,244.78,0.0682
011472,1120.00000,158.8762,0.0021,0.000000,0.000000,0.0000,0.0000,0.0000,0.00,244.78,0.0682
011472,1120.00000,159.0127,0.0021,0.000000,0.000000,0.0000,0.0000,0.0000,0.00,244.78,0.0682
011472,1120.00000,159.1491,0.0021,0.000000,0.000000,0.0000,0.0000,0.0000,0.00,244.78,0.0682
011472,1120.00000,159.2855,0.0021,0.000000,0.000000,0.0000,0.0000,0.0000,0.00,244.78,0.0682
011472,1120.00000,159.4220,0.0021,0.000000,0.000000,0.0000,0.0000,0.0000,0.00,244.78,0.0682
011472,1120.00000,159.5584,0.0021,0.000000,0.000000,0.0000,0.0000,0.0000,0.00,244.78,0.0682
011472,1120.00000,159.6948,0.0021,0.000000,0.000000,0.0000,0.0000,0.0000,0.00,244.78,0.0682
011472,1120.00000,159.8313,0.0021,0.000000,0.000000,0.0000,0.0000,0.0000,0.00,244.78,0.0682
011472,1120.00000,159.9677,0.0021,0.000000,0.000000,0.0000,0.0000,0.0000,0.00,244.78,0.0682
011472,1120.00000,160.1041,0.0021,0.000000,0.000000,0.0000,0.0000,0.0000,0.00,244.78,0.0682
011472,1120.00000,160.2406,0.0021,0.000000,0.000000,0.0000,0.0000,0.0000,0.00,244.78,0.0682
011472,1120.00000,160.3770,0.0021,0.000000,0.000000,0.0000,0.0000,0.0000,0.00,244.78,0.0682
011472,1120.00000,160.5134,0.0021,0.000000,0.000000,0.0000,0.0000,0.0000,0.00,244.78,0.0682
011472,1120.00000,160.6499,0.0021,0.000000,0.000000,0.0000,0.0000,0.0000,0.00,244.78,0.0682
011472,1120.00000,160.7863,0.0021,0.000000,0.000000,0.0000,0.0000,0.0000,0.00,244.78,0.0682
011472,1120.00000,160.9227,0.0021,0.000000,0.000000,0.0000,0.0000,0.0000,0.00,244.78,0.0682
011472,1120.00000,161.0592,0.0021,0.000000,0.000000,0.0000,0.0000,0.0000,0.00,244.78,0.0682
011472,1120.00000,161.1956,0.0021,0.000000,0.000000,0.0000,0.0000,0.0000,0.00,244.78,0.0682
011472,1120.00000,161.3320,0.0021,0.000000,0.000000,0.0000,0.0000,0.0000,0.00,244.78,0.0682
011472,1120.00000,161.4685,0.0021,0.000000,0.000000,0.0000,0.0000,0.0000,0.00,244.78,0.0682
011472,1120.00000,161.6049,0.0021,0.000000,0.000000,0.0000,0.0000,0.0000,0.00,244.78,0.0682
011472,1120.00000,161.7413,0.0021,0.000000,0.000000,0.0000,0.0000,0.0000,0.00,244.78,0.0682
011472,1120.00000,161.8778,0.0021,0.000000,0.000000,0.0000,0.0000,0.0000,0.00,244.78,0.0682
011472,1120.00000,162.0142,0.0021,0.000000,0.000000,0.0000,0.0000,0.0000,0.00,244.78,0.0682
011472,1120.00000,162.1506,0.0021,0.000000,0.000000,0.0000,0.0000,0.0000,0.00,244.78,0.0682
011472,1120.00000,162.2871,0.0021,0.000000,0.000000,0.0000,0.0000,0.0000,0.00,244.78,0.0682
011472,1120.00000,162.4235,0.0021,0.000000,0.000000,0.0000,0.0000,0.0000,0.00,244.78,0.0682
011472,1120.00000,162.5599,0.0021,0.000000,0.000000,0.0000,0.0000,0.0000,0.00,244.78,0.0682
011472,1120.00000,162.6964,0.0021,0.000000,0.000000,0.0000,0.0000,0.0000,0.00,244.78,0.0682
011472,1120.00000,162.8328,0.0021,0.000000,0.000000,0.0000,0.0000,0.0000,0.00,244.78,0.0682
011472,1120.00000,162.9692,0.0021,0.000000,0.000000,0.0000,0.0000,0.0000,0.00,244.78,0.0682
011472,1120.00000,163.1057,0.0021,0.000000,0.000000,0.0000,0.0000,0.0000,0.00,244.78,0.0682
011472,1120.00000,163.2421,0.0021,0.000000,0.000000,0.0000,0.0000,0.0000,0.00,244.78,0.0682
011472,1120.00000,163.3785,0.0021,0.000000,0.000000,0.0000,0.0000,0.0000,0.00,244.78,0.0682
011472,1120.00000,163.5150,0.0021,0.000000,0.000000,0.0000,0.0000,0.0000,0.00,244.78,0.0682
011472,1120.00000,163.6514,0.0021,0.000000,0.000000,0.0000,0.0000,0.0000,0.00,244.78,0.0682
011472,1120.00000,163.7878,0.0021,0.000000,0.000000,0.0000,0.0000,0.0000,0.00,244.78,0.0682
011472,1120.00000,163.9242,0.0021,0.000000,0.000000,0.0000,0.0000,0.0000,0.00,244.78,0.0682
011472,1120.00000,164.0607,0.0021,0.000000,0.000000,0.0000,0.0000,0.0000,0.00,244.78,0.0682
011472,1120.00000,164.1971,0.0021,0.000000,0.000000,0.0000,0.0000,0.0000,0.00,244.78,0.0682
011472,1120.00000,164.3335,0.0021,0.000000,0.000000,0.0000,0.0000,0.0000,0.00,244.78,0.0682
011472,1120.00000,164.4700,0.0021,0.000000,0.000000,0.0000,0.0000,0.0000,0.00,244.78,0.0682
011472,1120.00000,164.6064,0.0021,0.000000,0.000000,0.0000,0.0000,0.0000,0.00,244.78,0.0682
011472,1120.00000,164.7428,0.0021,0.000000,0.000000,0.0000,0.0000,0.0000,0.00,244.78,0.0682
011472,1120.00000,164.8793,0.0021,0.000000,0.000000,0.0000,0.0000,0.0000,0.00,244.78,0.0682
011472,1120.00000,165.0157,0.0021,0.000000,0.000000,0.0000,0.0000,0.0000,0.00,244.78,0.0682
011472,1120.00000,165.1521,0.0021,0.000000,0.000000,0.0000,0.0000,0.0000,0.00,244.78,0.0682
011472,1120.00000,165.2886,0.0021,0.000000,0.000000,0.0000,0.0000,0.0000,0.00,244.78,0.0682
011472,1120.00000,165.4250,0.0021,0.000000,0.000000,0.0000,0.0000,0.0000,0.00,244.78,0.0682
011472,1120.00000,165.5614,0.0021,0.000000,0.000000,0.0000,0.0000,0.0000,0.00,244.78,0.0682
011472,1120.00000,165.6979,0.0021,0.000000,0.000000,0.0000,0.0000,0.0000,0.00,244.78,0.0682
011472,1120.00000,165.8343,0.0021,0.000000,0.000000,0.0000,0.0000,0.0000,0.00,244.78,0.0682
011472,1120.00000,165.9707,0.0021,0.000000,0.000000,0.0000,0.0000,0.0000,0.00,244.78,0.0682
011472,1120.00000,166.1072,0.0021,0.000000,0.000000,0.0000,0.0000,0.0000,0.00,244.78,0.0682
011472,1120.00000,166.2436,0.0021,0.000000,0.000000,0.0000,0.0000,0.0000,0.00,244.78,0.0682
011472,1120.00000,166.3800,0.0021,0.000000,0.000000,0.0000,0.0000,0.0000,0.00,244.78,0.0682
011472,1120.00000,166.5165,0.0021,0.000000,0.000000,0.0000,0.0000,0.0000,0.00,244.78,0.0682
011472,1120.00000,166.6529,0.0021,0.000000,0.000000,0.0000,0.0000,0.0000,0.00,244.78,0.0682
011472,1120.00000,166.7893,0.0021,0.000000,0.000000,0.0000,0.0000,0.0000,0.00,244.78,0.0682
011472,1120.00000,166.9258,0.0021,0.000000,0.000000,0.0000,0.0000,0.0000,0.00,244.78,0.0682
011472,1120.00000,167.0622,0.0021,0.000000,0.000000,0.0000,0.0000,0.0000,0.00,244.78,0.0682
011472,1120.00000,167.1986,0.0021,0.000000,0.000000,0.0000,0.0000,0.0000,0.00,244.78,0.0682
011472,1120.00000,167.3351,0.0021,0.000000,0.000000,0.0000,0.0000,0.0000,0.00,244.78,0.0682
011472,1120.00000,167.4715,0.0021,0.000000,0.000000,0.0000,0.0000,0.0000,0.00,244.78,0.0682
011472,1120.00000,167.6079,0.0021,0.000000,0.000000,0.0000,0.0000,0.0000,0.00,244.78,0.0682
011472,1120.00000,167.7444,0.0021,0.000000,0.000000,0.0000,0.0000,0.0000,0.00,244.78,0.0682
011472,1120.00000,167.8808,0.0021,0.000000,0.000000,0.0000,0.0000,0.0000,0.00,244.78,0.0682
011472,1120.00000,168.0172,0.0021,0.000000,0.000000,0.0000,0.0000,0.0000,0.00,244.78,0.0682
011472,1120.00000,168.1537,0.0021,0.000000,0.000000,0.0000,0.0000,0.0000,0.00,244.78,0.0682
011472,1120.00000,168.2901,0.0021,0.000000,0.000000,0.0000,0.0000,0.0000,0.00,244.78,0.0682
011472,1120.00000,168.4265,0.0021,0.000000,0.000000,0.0000,0.0000,0.0000,0.00,244.78,0.0682
011472,1120.00000,168.5630,0.0021,0.000000,0.000000,0.0000,0.0000,0.0000,0.00,244.78,0.0682
011472,1120.00000,168.6994,0.0021,0.000000,0.000000,0.0000,0.0000,0.0000,0.00,244.78,0.0682
011472,1120.00000,168.8358,0.0021,0.000000,0.000000,0.0000,0.0000,0.0000,0.00,244.78,0.0682
011472,1120.00000,168.9723,0.0021,0.000000,0.000000,0.0000,0.0000,0.0000,0.00,244.78,0.0682
011472,1120.00000,169.1087,0.0021,0.000000,0.000000,0.0000,0.0000,0.0000,0.00,244.78,0.0682
011472,1120.00000,169.2451,0.0021,0.000000,0.000000,0.0000,0.0000,0.0000,0.00,244.78,0.0682
011472,1120.00000,169.3816,0.0021,0.000000,0.000000,0.0000,0.0000,0.0000,0.00,244.78,0.0682
011472,1120.00000,169.5180,0.0021,0.000000,0.000000,0.0000,0.0000,0.0000,0.00,244.78,0.0682
011472,1120.00000,169.6544,0.0021,0.000000,0.000000,0.0000,0.0000,0.0000,0.00,244.78,0.0682
011472,1120.00000,169.7909,0.0021,0.000000,0.000000,0.0000,0.0000,0.0000,0.00,244.78,0.0682
011472,1120.00000,169.9273,0.0021,0.000000,0.000000,0.0000,0.0000,0.0000,0.00,244.78,0.0682
011472,1120.00000,170.0637,0.0021,0.000000,0.000000,0.0000,0.0000,0.0000,0.00,244.78,0.0682
011472,1120.00000,170.2002,0.0021,0.000000,0.000000,0.0000,0.0000,0.0000,0.00,244.78,0.0682
011472,1120.00000,170.3366,0.0021,0.000000,0.000000,0.0000,0.0000,0.0000,0.00,244.78,0.0682
011472,1120.00000,170.4730,0.0021,0.000000,0.000000,0.0000,0.0000,0.0000,0.00,244.78,0.0682
011472,1120.00000,170.6095,0.0021,0.000000,0.000000,0.0000,0.0000,0.0000,0.00,244.78,0.0682
011472,1120.00000,170.7459,0.0021,0.000000,0.000000,0.0000,0.0000,0.0000,0.00,244.78,0.0682
011472,1120.00000,170.8823,0.0021,0.000000,0.000000,0.0000,0.0000,0.0000,0.00,244.78,0.0682
011472,1120.00000,171.0188,0.0021,0.000000,0.000000,0.0000,0.0000,0.0000,0.00,244.78,0.0682
011472,1120.00000,171.1552,0.0021,0.000000,0.000000,0.0000,0.0000,0.0000,0.00,244.78,0.0682
011472,1120.00000,171.2916,0.0021,0.000000,0.000000,0.0000,0.0000,0.0000,0.00,244.78,0.0682
011472,1120.00000,171.4281,0.0021,0.000000,0.000000,0.0000,0.0000,0.0000,0.00,244.78,0.0682
011472,1120.00000,171.5645,0.0021,0.000000,0.000000,0.0000,0.0000,0.0000,0.00,244.78,0.0682
011472,1120.00000,171.7009,0.0021,0.000000,0.000000,0.0000,0.0000,0.0000,0.00,244.78,0.0682
011472,1120.00000,171.8374,0.0021,0.000000,0.000000,0.0000,0.0000,0.0000,0.00,244.78,0.0682
011472,1120.00000,171.9738,0.0021,0.000000,0.000000,0.0000,0.0000,0.0000,0.00,244.78,0.0682
011472,1120.00000,172.1102,0.0021,0.000000,0.000000,0.0000,0.0000,0.0000,0.00,244.78,0.0682
011472,1120.00000,172.2467,0.0021,0.000000,0.000000,0.0000,0.0000,0.0000,0.00,244.78,0.0682
011472,1120.00000,172.3831,0.0021,0.000000,0.000000,0.0000,0.0000,0.0000,0.00,244.78,0.0682
011472,1120.00000,172.5195,0.0021,0.000000,0.000000,0.0000,0.0000,0.0000,0.00,244.78,0.0682
011472,1120.00000,172.6560,0.0021,0.000000,0.000000,0.0000,0.0000,0.0000,0.00,244.78,0.0682
011472,1120.00000,172.7924,0.0021,0.000000,0.000000,0.0000,0.0000,0.0000,0.00,244.78,0.0682
011472,1120.00000,172.9288,0.0021,0.000000,0.000000,0.0000,0.0000,0.0000,0.00,244.78,0.0682
011472,1120.00000,173.0653,0.0021,0.000000,0.000000,0.0000,0.0000,0.0000,0.00,244.78,0.0682
011472,1120.00000,173.2017,0.0021,0.000000,0.000000,0.0000,0.0000,0.0000,0.00,244.78,0.0682
011472,1120.00000,173.3381,0.0021,0.000000,0.000000,0.0000,0.0000,0.0000,0.00,244.78,0.0682
011472,1120.00000,173.4746,0.0021,0.000000,0.000000,0.0000,0.0000,0.0000,0.00,244.78,0.0682
011472,1120.00000,173.6110,0.0021,0.000000,0.000000,0.0000,0.0000,0.0000,0.00,244.78,0.0682
011472,1120.00000,173.7474,0.0021,0.000000,0.000000,0.0000,0.0000,0.0000,0.00,244.78,0.0682
011472,1120.00000,173.8839,0.0021,0.000000,0.000000,0.0000,0.0000,0.0000,0.00,244.78,0.0682
011472,1120.00000,174.0203,0.0021,0.000000,0.000000,0.0000,0.0000,0.0000,0.00,244.78,0.0682
011472,1120.00000,174.1567,0.0021,0.000000,0.000000,0.0000,0.0000,0.0000,0.00,244.78,0.0682
011472,1120.00000,174.2932,0.0021,0.000000,0.000000,0.0000,0.0000,0.0000,0.00,244.78,0.0682
011472,1120.00000,174.4296,0.0021,0.000000,0.000000,0.0000,0.0000,0.0000,0.00,244.78,0.0682
011472,1120.00000,174.5660,0.0021,0.000000,0.000000,0.0000,0.0000,0.0000,0.00,244.78,0.0682
011472,1120.00000,174.7025,0.0021,0.000000,0.000000,0.0000,0.0000,0.0000,0.00,244.78,0.0682
011472,1120.00000,174.8389,0.0021,0.000000,0.000000,0.0000,0.0000,0.0000,0.00,244.78,0.0682
011472,1120.00000,174.9753,0.0021,0.000000,0.000000,0.0000,0.0000,0.0000,0.00,244.78,0.0682
011472,1120.00000,175.1118,0.0021,0.000000,0.000000,0.0000,0.0000,0.0000,0.00,244.78,0.0682
011472,1120.00000,175.2482,0.0021,0.000000,0.000000,0.0000,0.0000,0.0000,0.00,244.78,0.0682
011472,1120.00000,175.3846,0.0021,0.000000,0.000000,0.0000,0.0000,0.0000,0.00,244.78,0.0682
011472,1120.00000,175.5211,0.0021,0.000000,0.000000,0.0000,0.0000,0.0000,0.00,244.78,0.0682
011472,1120.00000,175.6575,0.0021,0.000000,0.000000,0.0000,0.0000,0.0000,0.00,244.78,0.0682
011472,1120.00000,175.7939,0.0021,0.000000,0.000000,0.0000,0.0000,0.0000,0.00,244.78,0.0682
011472,1120.00000,175.9304,0.0021,0.000000,0.000000,0.0000,0.0000,0.0000,0.00,244.78,0.0682
011472,1120.00000,176.0668,0.0021,0.000000,0.000000,0.0000,0.0000,0.0000,0.00,244.78,0.0682
011472,1120.00000,176.2032,0.0021,0.000000,0.000000,0.0000,0.0000,0.0000,0.00,244.78,0.0682
011472,1120.00000,176.3397,0.0021,0.000000,0.000000,0.0000,0.0000,0.0000,0.00,244.78,0.0682
011472,1120.00000,176.4761,0.0021,0.000000,0.000000,0.0000,0.0000,0.0000,0.00,244.78,0.0682
011472,1120.00000,176.6125,0.0021,0.000000,0.000000,0.0000,0.0000,0.0000,0.00,244.78,0.0682
011472,1120.00000,176.7490,0.0021,0.000000,0.000000,0.0000,0.0000,0.0000,0.00,244.78,0.0682
011472,1120.00000,176.8854,0.0021,0.000000,0.000000,0.0000,0.0000,0.0000,0.00,244.78,0.0682
011472,1120.00000,177.0218,0.0021,0.000000,0.000000,0.0000,0.0000,0.0000,0.00,244.78,0.0682
011472,1120.00000,177.1583,0.0021,0.000000,0.000000,0.0000,0.0000,0.0000,0.00,244.78,0.0682
011472,1120.00000,177.2947,0.0021,0.000000,0.000000,0.0000,0.0000,0.0000,0.00,244.78,0.0682
011472,1120.00000,177.4311,0.0021,0.000000,0.000000,0.0000,0.0000,0.0000,0.00,244.78,0.0682
011472,1120.00000,177.5675,0.0021,0.000000,0.000000,0.0000,0.0000,0.0000,0.00,244.78,0.0682
011472,1120.00000,177.7040,0.0021,0.000000,0.000000,0.0000,0.0000,0.0000,0.00,244.78,0.0682
011472,1120.00000,177.8404,0.0021,0.000000,0.000000,0.0000,0.0000,0.0000,0.00,244.78,0.0682
011472,1120.00000,177.9768,0.0021,0.000000,0.000000,0.0000,0.0000,0.0000,0.00,244.78,0.0682
011472,1120.00000,178.1133,0.0021,0.000000,0.000000,0.0000,0.0000,0.0000,0.00,244.78,0.0682
011472,1120.00000,178.2497,0.0021,0.000000,0.000000,0.0000,0.0000,0.0000,0.00,244.78,0.0682
011472,1120.00000,178.3861,0.0021,0.000000,0.000000,0.0000,0.0000,0.0000,0.00,244.78,0.0682
011472,1120.00000,178.5226,0.0021,0.000000,0.000000,0.0000,0.0000,0.0000,0.00,244.78,0.0682
011472,1120.00000,178.6590,0.0021,0.000000,0.000000,0.0000,0.0000,0.0000,0.00,244.78,0.0682
011472,1120.00000,178.7954,0.0021,0.000000,0.000000,0.0000,0.0000,0.0000,0.00,244.78,0.0682
011472,1120.00000,178.9319,0.0021,0.000000,0.000000,0.0000,0.0000,0.0000,0.00,244.78,0.0682
011472,1120.00000,179.0683,0.0021,0.000000,0.000000,0.0000,0.0000,0.0000,0.00,244.78,0.0682
011472,1120.00000,179.2047,0.0021,0.000000,0.000000,0.0000,0.0000,0.0000,0.00,244.78,0.0682
011472,1120.00000,179.3412,0.0021,0.000000,0.000000,0.0000,0.0000,0.0000,0.00,244.78,0.0682
011472,1120.00000,179.4776,0.0021,0.000000,0.000000,0.0000,0.0000,0.0000,0.00,244.78,0.0682
011472,1120.00000,179.6140,0.0021,0.000000,0.000000,0.0000,0.0000,0.0000,0.00,244.78,0.0682
011472,1120.00000,179.7505,0.0021,0.000000,0.000000,0.0000,0.0000,0.0000,0.00,244.78,0.0682
011472,1120.00000,179.8869,0.0021,0.000000,0.000000,0.0000,0.0000,0.0000,0.00,244.78,0.0682
011472,1120.00000,180.0233,0.0021,0.000000,0.000000,0.0000,0.0000,0.0000,0.00,244.78,0.0682
011472,1120.00000,180.1598,0.0021,0.000000,0.000000,0.0000,0.0000,0.0000,0.00,244.78,0.0682
011472,1120.00000,180.2962,0.0021,0.000000,0.000000,0.0000,0.0000,0.0000,0.00,244.78,0.0682
011472,1120.00000,180.4326,0.0021,0.000000,0.000000,0.0000,0.0000,0.0000,0.00,244.78,0.0682
011472,1120.00000,180.5691,0.0021,0.000000,0.000000,0.0000,0.0000,0.0000,0.00,244.78,0.0682
011472,1120.00000,180.7055,0.0021,0.000000,0.000000,0.0000,0.0000,0.0000,0.00,244.78,0.0682
011472,1120.00000,180.8419,0.0021,0.000000,0.000000,0.0000,0.0000,0.0000,0.00,244.78,0.0682
011472,1120.00000,180.9784,0.0021,0.000000,0.000000,0.0000,0.0000,0.0000,0.00,244.78,0.0682
011472,1120.00000,181.1148,0.0021,0.000000,0.000000,0.0000,0.0000,0.0000,0.00,244.78,0.0682
011472,1120.00000,181.2512,0.0021,0.000000,0.000000,0.0000,0.0000,0.0000,0.00,244.78,0.0682
011472,1120.00000,181.3877,0.0021,0.000000,0.000000,0.0000,0.0000,0.0000,0.00,244.78,0.0682
011472,1120.00000,181.5241,0.0021,0.000000,0.000000,0.0000,0.0000,0.0000,0.00,244.78,0.0682
011472,1120.00000,181.6605,0.0021,0.000000,0.000000,0.0000,0.0000,0.0000,0.00,244.78,0.0682
011472,1120.00000,181.7970,0.0021,0.000000,0.000000,0.0000,0.0000,0.0000,0.00,244.78,0.0682
011472,1120.00000,181.9334,0.0021,0.000000,0.000000,0.0000,0.0000,0.0000,0.00,244.78,0.0682
011472,1120.00000,182.0698,0.0021,0.000000,0.000000,0.0000,0.0000,0.0000,0.00,244.78,0.0682
011472,1120.00000,182.2063,0.0021,0.000000,0.000000,0.0000,0.0000,0.0000,0.00,244.78,0.0682
011472,1120.00000,182.3427,0.0021,0.000000,0.000000,0.0000,0.0000,0.0000,0.00,244.78,0.0682
011472,1120.00000,182.4791,0.0021,0.000000,0.000000,0.0000,0.0000,0.0000,0.00,244.78,0.0682
011472,1120.00000,182.6156,0.0021,0.000000,0.000000,0.0000,0.0000,0.0000,0.00,244.78,0.0682
011472,1120.00000,182.7520,0.0021,0.000000,0.000000,0.0000,0.0000,0.0000,0.00,244.78,0.0682
011472,1120.00000,182.8884,0.0021,0.000000,0.000000,0.0000,0.0000,0.0000,0.00,244.78,0.0682
011472,1120.00000,183.0249,0.0021,0.000000,0.000000,0.0000,0.0000,0.0000,0.00,244.78,0.0682
011472,1120.00000,183.1613,0.0021,0.000000,0.000000,0.0000,0.0000,0.0000,0.00,244.78,0.0682
011472,1120.00000,183.2977,0.0021,0.000000,0.000000,0.0000,0.0000,0.0000,0.00,244.78,0.0682
011472,1120.00000,183.4342,0.0021,0.000000,0.000000,0.0000,0.0000,0.0000,0.00,244.78,0.0682
011472,1120.00000,183.5706,0.0021,0.000000,0.000000,0.0000,0.0000,0.0000,0.00,244.78,0.0682
011472,1120.00000,183.7070,0.0021,0.000000,0.000000,0.0000,0.0000,0.0000,0.00,244.78,0.0682
011472,1120.00000,183.8435,0.0021,0.000000,0.000000,0.0000,0.0000,0.0000,0.00,244.78,0.0682
011472,1120.00000,183.9799,0.0021,0.000000,0.000000,0.0000,0.0000,0.0000,0.00,244.78,0.0682
011472,1120.00000,184.1163,0.0021,0.000000,0.000000,0.0000,0.0000,0.0000,0.00,244.78,0.0682
011472,1120.00000,184.2528,0.0021,0.000000,0.000000,0.0000,0.0000,0.0000,0.00,244.78,0.0682
011472,1120.00000,184.3892,0.0021,0.000000,0.000000,0.0000,0.0000,0.0000,0.00,244.78,0.0682
011472,1120.00000,184.5256,0.0021,0.000000,0.000000,0.0000,0.0000,0.0000,0.00,244.78,0.0682
011472,1120.00000,184.6621,0.0021,0.000000,0.000000,0.0000,0.0000,0.0000,0.00,244.78,0.0682
011472,1120.00000,184.7985,0.0021,0.000000,0.000000,0.0000,0.0000,0.0000,0.00,244.78,0.0682
011472,1120.00000,184.9349,0.0021,0.000000,0.000000,0.0000,0.0000,0.0000,0.00,244.78,0.0682
011472,1120.00000,185.0714,0.0021,0.000000,0.000000,0.0000,0.0000,0.0000,0.00,244.78,0.0682
011472,1120.00000,185.2078,0.0021,0.000000,0.000000,0.0000,0.0000,0.0000,0.00,244.78,0.0682
011472,1120.00000,185.3442,0.0021,0.000000,0.000000,0.0000,0.0000,0.0000,0.00,244.78,0.0682
011472,1120.00000,185.4807,0.0021,0.000000,0.000000,0.0000,0.0000,0.0000,0.00,244.78,0.0682
011472,1120.00000,185.6171,0.0021,0.000000,0.000000,0.0000,0.0000,0.0000,0.00,244.78,0.0682
011472,1120.00000,185.7535,0.0021,0.000000,0.000000,0.0000,0.0000,0.0000,0.00,244.78,0.0682
011472,1120.00000,185.8900,0.0021,0.000000,0.000000,0.0000,0.0000,0.0000,0.00,244.78,0.0682
011472,1120.00000,186.0264,0.0021,0.000000,0.000000,0.0000,0.0000,0.0000,0.00,244.78,0.0682
011472,1120.00000,186.1628,0.0021,0.000000,0.000000,0.0000,0.0000,0.0000,0.00,244.78,0.0682
011472,1120.00000,186.2993,0.0021,0.000000,0.000000,0.0000,0.0000,0.0000,0.00,244.78,0.0682
011472,1120.00000,186.4357,0.0021,0.000000,0.000000,0.0000,0.0000,0.0000,0.00,244.78,0.0682
011472,1120.00000,186.5721,0.0021,0.000000,0.000000,0.0000,0.0000,0.0000,0.00,244.78,0.0682
011472,1120.00000,186.7086,0.0021,0.000000,0.000000,0.0000,0.0000,0.0000,0.00,244.78,0.0682
011472,1120.00000,186.8450,0.0021,0.000000,0.000000,0.0000,0.0000,0.0000,0.00,244.78,0.0682
011472,1120.00000,186.9814,0.0021,0.000000,0.000000,0.0000,0.0000,0.0000,0.00,244.78,0.0682
011472,1120.00000,187.1179,0.0021,0.000000,0.000000,0.0000,0.0000,0.0000,0.00,244.78,0.0682
011472,1120.00000,187.2543,0.0021,0.000000,0.000000,0.0000,0.0000,0.0000,0.00,244.78,0.0682
011472,1120.00000,187.3907,0.0021,0.000000,0.000000,0.0000,0.0000,0.0000,0.00,244.78,0.0682
011472,1120.00000,187.5272,0.0021,0.000000,0.000000,0.0000,0.0000,0.0000,0.00,244.78,0.0682
011472,1120.00000,187.6636,0.0021,0.000000,0.000000,0.0000,0.0000,0.0000,0.00,244.78,0.0682
011472,1120.00000,187.8000,0.0021,0.000000,0.000000,0.0000,0.0000,0.0000,0.00,244.78,0.0682
011472,1120.00000,187.9365,0.0021,0.000000,0.000000,0.0000,0.0000,0.0000,0.00,244.78,0.0682
011472,1120.00000,188.0729,0.0021,0.000000,0.000000,0.0000,0.0000,0.0000,0.00,244.78,0.0682
011472,1120.00000,188.2093,0.0021,0.000000,0.000000,0.0000,0.0000,0.0000,0.00,244.78,0.0682
011472,1120.00000,188.3458,0.0021,0.000000,0.000000,0.0000,0.0000,0.0000,0.00,244.78,0.0682
011472,1120.00000,188.4822,0.0021,0.000000,0.000000,0.0000,0.0000,0.0000,0.00,244.78,0.0682
011472,1120.00000,188.6186,0.0021,0.000000,0.000000,0.0000,0.0000,0.0000,0.00,244.78,0.0682
011472,1120.00000,188.7551,0.0021,0.000000,0.000000,0.0000,0.0000,0.0000,0.00,244.78,0.0682
011472,1120.00000,188.8915,0.0021,0.000000,0.000000,0.0000,0.0000,0.0000,0.00,244.78,0.0682
011472,1120.00000,189.0279,0.0021,0.000000,0.000000,0.0000,0.0000,0.0000,0.00,244.78,0.0682
011472,1120.00000,189.1644,0.0021,0.000000,0.000000,0.0000,0.0000,0.0000,0.00,244.78,0.0682
011472,1120.00000,189.3008,0.0021,0.000000,0.000000,0.0000,0.0000,0.0000,0.00,244.78,0.0682
011472,1120.00000,189.4372,0.0021,0.000000,0.000000,0.0000,0.0000,0.0000,0.00,244.78,0.0682
011472,1120.00000,189.5737,0.0021,0.000000,0.000000,0.0000,0.0000,0.0000,0.00,244.78,0.0682
011472,1120.00000,189.7101,0.0021,0.000000,0.000000,0.0000,0.0000,0.0000,0.00,244.78,0.0682
011472,1120.00000,189.8465,0.0021,0.000000,0.000000,0.0000,0.0000,0.0000,0.00,244.78,0.0682
011472,1120.00000,189.9830,0.0021,0.000000,0.000000,0.0000,0.0000,0.0000,0.00,244.78,0.0682
011472,1120.00000,190.1194,0.0021,0.000000,0.000000,0.0000,0.0000,0.0000,0.00,244.78,0.0682
011472,1120.00000,190.2558,0.0021,0.000000,0.000000,0.0000,0.0000,0.0000,0.00,244.78,0.0682
011472,1120.00000,190.3923,0.0021,0.000000,0.000000,0.0000,0.0000,0.0000,0.00,244.78,0.0682
011472,1120.00000,190.5287,0.0021,0.000000,0.000000,0.0000,0.0000,0.0000,0.00,244.78,0.0682
011472,1120.00000,190.6651,0.0021,0.000000,0.000000,0.0000,0.0000,0.0000,0.00,244.78,0.0682
011472,1120.00000,190.8016,0.0021,0.000000,0.000000,0.0000,0.0000,0.0000,0.00,244.78,0.0682
011472,1120.00000,190.9380,0.0021,0.000000,0.000000,0.0000,0.0000,0.0000,0.00,244.78,0.0682
011472,1120.00000,191.0744,0.0021,0.000000,0.000000,0.0000,0.0000,0.0000,0.00,244.78,0.0682
011472,1120.00000,191.2108,0.0021,0.000000,0.000000,0.0000,0.0000,0.0000,0.00,244.78,0.0682
011472,1120.00000,191.3473,0.0021,0.000000,0.000000,0.0000,0.0000,0.0000,0.00,244.78,0.0682
011472,1120.00000,191.4837,0.0021,0.000000,0.000000,0.0000,0.0000,0.0000,0.00,244.78,0.0682
011472,1120.00000,191.6201,0.0021,0.000000,0.000000,0.0000,0.0000,0.0000,0.00,244.78,0.0682
011472,1120.00000,191.7566,0.0021,0.000000,0.000000,0.0000,0.0000,0.0000,0.00,244.78,0.0682
011472,1120.00000,191.8930,0.0021,0.000000,0.000000,0.0000,0.0000,0.0000,0.00,244.78,0.0682
011472,1120.00000,192.0294,0.0021,0.000000,0.000000,0.0000,0.0000,0.0000,0.00,244.78,0.0682
011472,1120.00000,192.1659,0.0021,0.000000,0.000000,0.0000,0.0000,0.0000,0.00,244.78,0.0682
011472,1120.00000,192.3023,0.0021,0.000000,0.000000,0.0000,0.0000,0.0000,0.00,244.78,0.0682
011472,1120.00000,192.4387,0.0021,0.000000,0.000000,0.0000,0.0000,0.0000,0.00,244.78,0.0682
011472,1120.00000,192.5752,0.0021,0.000000,0.000000,0.0000,0.0000,0.0000,0.00,244.78,0.0682
011472,1120.00000,192.7116,0.0021,0.000000,0.000000,0.0000,0.0000,0.0000,0.00,244.78,0.0682
011472,1120.00000,192.8480,0.0021,0.000000,0.000000,0.0000,0.0000,0.0000,0.00,244.78,0.0682
011472,1120.00000,192.9845,0.0021,0.000000,0.000000,0.0000,0.0000,0.0000,0.00,244.78,0.0682
011472,1120.00000,193.1209,0.0021,0.000000,0.000000,0.0000,0.0000,0.0000,0.00,244.78,0.0682
011472,1120.00000,193.2573,0.0021,0.000000,0.000000,0.0000,0.0000,0.0000,0.00,244.78,0.0682
011472,1120.00000,193.3938,0.0021,0.000000,0.000000,0.0000,0.0000,0.0000,0.00,244.78,0.0682
011472,1120.00000,193.5302,0.0021,0.000000,0.000000,0.0000,0.0000,0.0000,0.00,244.78,0.0682
011472,1120.00000,193.6666,0.0021,0.000000,0.000000,0.0000,0.0000,0.0000,0.00,244.78,0.0682
011472,1120.00000,193.8031,0.0021,0.000000,0.000000,0.0000,0.0000,0.0000,0.00,244.78,0.0682
011472,1120.00000,193.9395,0.0021,0.000000,0.000000,0.0000,0.0000,0.0000,0.00,244.78,0.0682
011472,1120.00000,194.0759,0.0021,0.000000,0.000000,0.0000,0.0000,0.0000,0.00,244.78,0.0682
011472,1120.00000,194.2124,0.0021,0.000000,0.000000,0.0000,0.0000,0.0000,0.00,244.78,0.0682
011472,1120.00000,194.3488,0.0021,0.000000,0.000000,0.0000,0.0000,0.0000,0.00,244.78,0.0682
011472,1120.00000,194.4852,0.0021,0.000000,0.000000,0.0000,0.0000,0.0000,0.00,244.78,0.0682
011472,1120.00000,194.6217,0.0021,0.000000,0.000000,0.0000,0.0000,0.0000,0.00,244.78,0.0682
011472,1120.00000,194.7581,0.0021,0.000000,0.000000,0.0000,0.0000,0.0000,0.00,244.78,0.0682
011472,1120.00000,194.8945,0.0021,0.000000,0.000000,0.0000,0.0000,0.0000,0.00,244.78,0.0682
011472,1120.00000,195.0310,0.0021,0.000000,0.000000,0.0000,0.0000,0.0000,0.00,244.78,0.0682
011472,1120.00000,195.1674,0.0021,0.000000,0.000000,0.0000,0.0000,0.0000,0.00,244.78,0.0682
011472,1120.00000,195.3038,0.0021,0.000000,0.000000,0.0000,0.0000,0.0000,0.00,244.78,0.0682
011472,1120.00000,195.4403,0.0021,0.000000,0.000000,0.0000,0.0000,0.0000,0.00,244.78,0.0682
011472,1120.00000,195.5767,0.0021,0.000000,0.000000,0.0000,0.0000,0.0000,0.00,244.78,0.0682
011472,1120.00000,195.7131,0.0021,0.000000,0.000000,0.0000,0.0000,0.0000,0.00,244.78,0.0682
011472,1120.00000,195.8496,0.0021,0.000000,0.000000,0.0000,0.0000,0.0000,0.00,244.78,0.0682
011472,1120.00000,195.9860,0.0021,0.000000,0.000000,0.0000,0.0000,0.0000,0.00,244.78,0.0682
011472,1120.00000,196.1224,0.0021,0.000000,0.000000,0.0000,0.0000,0.0000,0.00,244.78,0.0682
011472,1120.00000,196.2589,0.0021,0.000000,0.000000,0.0000,0.0000,0.0000,0.00,244.78,0.0682
011472,1120.00000,196.3953,0.0021,0.000000,0.000000,0.0000,0.0000,0.0000,0.00,244.78,0.0682
011472,1120.00000,196.5317,0.0021,0.000000,0.000000,0.0000,0.0000,0.0000,0.00,244.78,0.0682
011472,1120.00000,196.6682,0.0021,0.000000,0.000000,0.0000,0.0000,0.0000,0.00,244.78,0.0682
011472,1120.00000,196.8046,0.0021,0.000000,0.000000,0.0000,0.0000,0.0000,0.00,244.78,0.0682
011472,1120.00000,196.9410,0.0021,0.000000,0.000000,0.0000,0.0000,0.0000,0.00,244.78,0.0682
011472,1120.00000,197.0775,0.0021,0.000000,0.000000,0.0000,0.0000,0.0000,0.00,244.78,0.0682
011472,1120.00000,197.2139,0.0021,0.000000,0.000000,0.0000,0.0000,0.0000,0.00,244.78,0.0682
011472,1120.00000,197.3503,0.0021,0.000000,0.000000,0.0000,0.0000,0.0000,0.00,244.78,0.0682
011472,1120.00000,197.4868,0.0021,0.000000,0.000000,0.0000,0.0000,0.0000,0.00,244.78,0.0682
011472,1120.00000,197.6232,0.0021,0.000000,0.000000,0.0000,0.0000,0.0000,0.00,244.78,0.0682
011472,1120.00000,197.7596,0.0021,0.000000,0.000000,0.0000,0.0000,0.0000,0.00,244.78,0.0682
011472,1120.00000,197.8961,0.0021,0.000000,0.000000,0.0000,0.0000,0.0000,0.00,244.78,0.0682
011472,1120.00000,198.0325,0.0021,0.000000,0.000000,0.0000,0.0000,0.0000,0.00,244.78,0.0682
011472,1120.00000,198.1689,0.0021,0.000000,0.000000,0.0000,0.0000,0.0000,0.00,244.78,0.0682
011472,1120.00000,198.3054,0.0021,0.000000,0.000000,0.0000,0.0000,0.0000,0.00,244.78,0.0682
011472,1120.00000,198.4418,0.0021,0.000000,0.000000,0.0000,0.0000,0.0000,0.00,244.78,0.0682
011472,1120.00000,198.5782,0.0021,0.000000,0.000000,0.0000,0.0000,0.0000,0.00,244.78,0.0682
011472,1120.00000,198.7147,0.0021,0.000000,0.000000,0.0000,0.0000,0.0000,0.00,244.78,0.0682
011472,1120.00000,198.8511,0.0021,0.000000,0.000000,0.0000,0.0000,0.0000,0.00,244.78,0.0682
011472,1120.00000,198.9875,0.0021,0.000000,0.000000,0.0000,0.0000,0.0000,0.00,244.78,0.0682
011472,1120.00000,199.1240,0.0021,0.000000,0.000000,0.0000,0.0000,0.0000,0.00,244.78,0.0682
011472,1120.00000,199.2604,0.0021,0.000000,0.000000,0.0000,0.0000,0.0000,0.00,244.78,0.0682
011472,1120.00000,199.3968,0.0021,0.000000,0.000000,0.0000,0.0000,0.0000,0.00,244.78,0.0682
011472,1120.00000,199.5333,0.0021,0.000000,0.000000,0.0000,0.0000,0.0000,0.00,244.78,0.0682
011472,1120.00000,199.6697,0.0021,0.000000,0.000000,0.0000,0.0000,0.0000,0.00,244.78,0.0682
011472,1120.00000,199.8061,0.0021,0.000000,0.000000,0.0000,0.0000,0.0000,0.00,244.78,0.0682
011472,1120.00000,199.9426,0.0021,0.000000,0.000000,0.0000,0.0000,0.0000,0.00,244.78,0.0682
011472,1120.00000,200.0790,0.0021,0.000000,0.000000,0.0000,0.0000,0.0000,0.00,244.78,0.0682
011472,1120.00000,200.2154,0.0021,0.000000,0.000000,0.0000,0.0000,0.0000,0.00,244.78,0.0682
011472,1120.00000,200.3519,0.0021,0.000000,0.000000,0.0000,0.0000,0.0000,0.00,244.78,0.0682
011472,1120.00000,200.4883,0.0021,0.000000,0.000000,0.0000,0.0000,0.0000,0.00,244.78,0.0682
011472,1120.00000,200.6247,0.0021,0.000000,0.000000,0.0000,0.0000,0.0000,0.00,244.78,0.0682
011472,1120.00000,200.7612,0.0021,0.000000,0.000000,0.0000,0.0000,0.0000,0.00,244.78,0.0682
011472,1120.00000,200.8976,0.0021,0.000000,0.000000,0.0000,0.0000,0.0000,0.00,244.78,0.0682
011472,1120.00000,201.0340,0.0021,0.000000,0.000000,0.0000,0.0000,0.0000,0.00,244.78,0.0682
011472,1120.00000,201.1705,0.0021,0.000000,0.000000,0.0000,0.0000,0.0000,0.00,244.78,0.0682
011472,1120.00000,201.3069,0.0021,0.000000,0.000000,0.0000,0.0000,0.0000,0.00,244.78,0.0682
011472,1120.00000,201.4433,0.0021,0.000000,0.000000,0.0000,0.0000,0.0000,0.00,244.78,0.0682
011472,1120.00000,201.5798,0.0021,0.000000,0.000000,0.0000,0.0000,0.0000,0.00,244.78,0.0682
011472,1120.00000,201.7162,0.0021,0.000000,0.000000,0.0000,0.0000,0.0000,0.00,244.78,0.0682
011472,1120.00000,201.8526,0.0021,0.000000,0.000000,0.0000,0.0000,0.0000,0.00,244.78,0.0682
011472,1120.00000,201.9891,0.0021,0.000000,0.000000,0.0000,0.0000,0.0000,0.00,244.78,0.0682
011472,1120.00000,202.1255,0.0021,0.000000,0.000000,0.0000,0.0000,0.0000,0.00,244.78,0.0682
011472,1120.00000,202.2619,0.0021,0.000000,0.000000,0.0000,0.0000,0.0000,0.00,244.78,0.0682
011472,1120.00000,202.3984,0.0021,0.000000,0.000000,0.0000,0.0000,0.0000,0.00,244.78,0.0682
011472,1120.00000,202.5348,0.0021,0.000000,0.000000,0.0000,0.0000,0.0000,0.00,244.78,0.0682
011472,1120.00000,202.6712,0.0021,0.000000,0.000000,0.0000,0.0000,0.0000,0.00,244.78,0.0682
011472,1120.00000,202.8077,0.0021,0.000000,0.000000,0.0000,0.0000,0.0000,0.00,244.78,0.0682
011472,1120.00000,202.9441,0.0021,0.000000,0.000000,0.0000,0.0000,0.0000,0.00,244.78,0.0682
011472,1120.00000,203.0805,0.0021,0.000000,0.000000,0.0000,0.0000,0.0000,0.00,244.78,0.0682
011472,1120.00000,203.2170,0.0021,0.000000,0.000000,0.0000,0.0000,0.0000,0.00,244.78,0.0682
011472,1120.00000,203.3534,0.0021,0.000000,0.000000,0.0000,0.0000,0.0000,0.00,244.78,0.0682
011472,1120.00000,203.4898,0.0021,0.000000,0.000000,0.0000,0.0000,0.0000,0.00,244.78,0.0682
011472,1120.00000,203.6263,0.0021,0.000000,0.000000,0.0000,0.0000,0.0000,0.00,244.78,0.0682
011472,1120.00000,203.7627,0.0021,0.000000,0.000000,0.0000,0.0000,0.0000,0.00,244.78,0.0682
011472,1120.00000,203.8991,0.0021,0.000000,0.000000,0.0000,0.0000,0.0000,0.00,244.78,0.0682
011472,1120.00000,204.0356,0.0021,0.000000,0.000000,0.0000,0.0000,0.0000,0.00,244.78,0.0682
011472,1120.00000,204.1720,0.0021,0.000000,0.000000,0.0000,0.0000,0.0000,0.00,244.78,0.0682
011472,1120.00000,204.3084,0.0021,0.000000,0.000000,0.0000,0.0000,0.0000,0.00,244.78,0.0682
011472,1120.00000,204.4449,0.0021,0.000000,0.000000,0.0000,0.0000,0.0000,0.00,244.78,0.0682
011472,1120.00000,204.5813,0.0021,0.000000,0.000000,0.0000,0.0000,0.0000,0.00,244.78,0.0682
011472,1120.00000,204.7177,0.0021,0.000000,0.000000,0.0000,0.0000,0.0000,0.00,244.78,0.0682
011472,1120.00000,204.8541,0.0021,0.000000,0.000000,0.0000,0.0000,0.0000,0.00,244.78,0.0682
011472,1120.00000,204.9906,0.0021,0.000000,0.000000,0.0000,0.0000,0.0000,0.00,244.78,0.0682
011472,1120.00000,205.1270,0.0021,0.000000,0.000000,0.0000,0.0000,0.0000,0.00,244.78,0.0682
011472,1120.00000,205.2634,0.0021,0.000000,0.000000,0.0000,0.0000,0.0000,0.00,244.78,0.0682
011472,1120.00000,205.3999,0.0021,0.000000,0.000000,0.0000,0.0000,0.0000,0.00,244.78,0.0682
011472,1120.00000,205.5363,0.0021,0.000000,0.000000,0.0000,0.0000,0.0000,0.00,244.78,0.0682
011472,1120.00000,205.6727,0.0021,0.000000,0.000000,0.0000,0.0000,0.0000,0.00,244.78,0.0682
011472,1120.00000,205.8092,0.0021,0.000000,0.000000,0.0000,0.0000,0.0000,0.00,244.78,0.0682
011472,1120.00000,205.9456,0.0021,0.000000,0.000000,0.0000,0.0000,0.0000,0.00,244.78,0.0682
011472,1120.00000,206.0820,0.0021,0.000000,0.000000,0.0000,0.0000,0.0000,0.00,244.78,0.0682
011472,1120.00000,206.2185,0.0021,0.000000,0.000000,0.0000,0.0000,0.0000,0.00,244.78,0.0682
011472,1120.00000,206.3549,0.0021,0.000000,0.000000,0.0000,0.0000,0.0000,0.00,244.78,0.0682
011472,1120.00000,206.4913,0.0021,0.000000,0.000000,0.0000,0.0000,0.0000,0.00,244.78,0.0682
011472,1120.00000,206.6278,0.0021,0.000000,0.000000,0.0000,0.0000,0.0000,0.00,244.78,0.0682
011472,1120.00000,206.7642,0.0021,0.000000,0.000000,0.0000,0.0000,0.0000,0.00,244.78,0.0682
011472,1120.00000,206.9006,0.0021,0.000000,0.000000,0.0000,0.0000,0.0000,0.00,244.78,0.0682
011472,1120.00000,207.0371,0.0021,0.000000,0.000000,0.0000,0.0000,0.0000,0.00,244.78,0.0682
011472,1120.00000,207.1735,0.0021,0.000000,0.000000,0.0000,0.0000,0.0000,0.00,244.78,0.0682
011472,1120.00000,207.3099,0.0021,0.000000,0.000000,0.0000,0.0000,0.0000,0.00,244.78,0.0682
011472,1120.00000,207.4464,0.0021,0.000000,0.000000,0.0000,0.0000,0.0000,0.00,244.78,0.0682
011472,1120.00000,207.5828,0.0021,0.000000,0.000000,0.0000,0.0000,0.0000,0.00,244.78,0.0682
011472,1120.00000,207.7192,0.0021,0.000000,0.000000,0.0000,0.0000,0.0000,0.00,244.78,0.0682
011472,1120.00000,207.8557,0.0021,0.000000,0.000000,0.0000,0.0000,0.0000,0.00,244.78,0.0682
011472,1120.00000,207.9921,0.0021,0.000000,0.000000,0.0000,0.0000,0.0000,0.00,244.78,0.0682
011472,1120.00000,208.1285,0.0021,0.000000,0.000000,0.0000,0.0000,0.0000,0.00,244.78,0.0682
011472,1120.00000,208.2650,0.0021,0.000000,0.000000,0.0000,0.0000,0.0000,0.00,244.78,0.0682
011472,1120.00000,208.4014,0.0021,0.000000,0.000000,0.0000,0.0000,0.0000,0.00,244.78,0.0682
011472,1120.00000,208.5378,0.0021,0.000000,0.000000,0.0000,0.0000,0.0000,0.00,244.78,0.0682
011472,1120.00000,208.6743,0.0021,0.000000,0.000000,0.0000,0.0000,0.0000,0.00,244.78,0.0682
011472,1120.00000,208.8107,0.0021,0.000000,0.000000,0.0000,0.0000,0.0000,0.00,244.78,0.0682
011472,1120.00000,208.9471,0.0021,0.000000,0.000000,0.0000,0.0000,0.0000,0.00,244.78,0.0682
011472,1120.00000,209.0836,0.0021,0.000000,0.000000,0.0000,0.0000,0.0000,0.00,244.78,0.0682
011472,1120.00000,209.2200,0.0021,0.000000,0.000000,0.0000,0.0000,0.0000,0.00,244.78,0.0682
011472,1120.00000,209.3564,0.0021,0.000000,0.000000,0.0000,0.0000,0.0000,0.00,244.78,0.0682
011472,1120.00000,209.4929,0.0021,0.000000,0.000000,0.0000,0.0000,0.0000,0.00,244.78,0.0682
011472,1120.00000,209.6293,0.0021,0.000000,0.000000,0.0000,0.0000,0.0000,0.00,244.78,0.0682
011472,1120.00000,209.7657,0.0021,0.000000,0.000000,0.0000,0.0000,0.0000,0.00,244.78,0.0682
011472,1120.00000,209.9022,0.0021,0.000000,0.000000,0.0000,0.0000,0.0000,0.00,244.78,0.0682
011472,1120.00000,210.0386,0.0021,0.000000,0.000000,0.0000,0.0000,0.0000,0.00,244.78,0.0682
011472,1120.00000,210.1750,0.0021,0.000000,0.000000,0.0000,0.0000,0.0000,0.00,244.78,0.0682
011472,1120.00000,210.3115,0.0021,0.000000,0.000000,0.0000,0.0000,0.0000,0.00,244.78,0.0682
011472,1120.00000,210.4479,0.0021,0.000000,0.000000,0.0000,0.0000,0.0000,0.00,244.78,0.0682
011472,1120.00000,210.5843,0.0021,0.000000,0.000000,0.0000,0.0000,0.0000,0.00,244.78,0.0682
011472,1120.00000,210.7208,0.0021,0.000000,0.000000,0.0000,0.0000,0.0000,0.00,244.78,0.0682
011472,1120.00000,210.8572,0.0021,0.000000,0.000000,0.0000,0.0000,0.0000,0.00,244.78,0.0682
011472,1120.00000,210.9936,0.0021,0.000000,0.000000,0.0000,0.0000,0.0000,0.00,244.78,0.0682
011472,1120.00000,211.1301,0.0021,0.000000,0.000000,0.0000,0.0000,0.0000,0.00,244.78,0.0682
011472,1120.00000,211.2665,0.0021,0.000000,0.000000,0.0000,0.0000,0.0000,0.00,244.78,0.0682
011472,1120.00000,211.4029,0.0021,0.000000,0.000000,0.0000,0.0000,0.0000,0.00,244.78,0.0682
011472,1120.00000,211.5394,0.0021,0.000000,0.000000,0.0000,0.0000,0.0000,0.00,244.78,0.0682
011472,1120.00000,211.6758,0.0021,0.000000,0.000000,0.0000,0.0000,0.0000,0.00,244.78,0.0682
011472,1120.00000,211.8122,0.0021,0.000000,0.000000,0.0000,0.0000,0.0000,0.00,244.78,0.0682
011472,1120.00000,211.9487,0.0021,0.000000,0.000000,0.0000,0.0000,0.0000,0.00,244.78,0.0682
011472,1120.00000,212.0851,0.0021,0.000000,0.000000,0.0000,0.0000,0.0000,0.00,244.78,0.0682
011472,1120.00000,212.2215,0.0021,0.000000,0.000000,0.0000,0.0000,0.0000,0.00,244.78,0.0682
011472,1120.00000,212.3580,0.0021,0.000000,0.000000,0.0000,0.0000,0.0000,0.00,244.78,0.0682
011472,1120.00000,212.4944,0.0021,0.000000,0.000000,0.0000,0.0000,0.0000,0.00,244.78,0.0682
011472,1120.00000,212.6308,0.0021,0.000000,0.000000,0.0000,0.0000,0.0000,0.00,244.78,0.0682
011472,1120.00000,212.7673,0.0021,0.000000,0.000000,0.0000,0.0000,0.0000,0.00,244.78,0.0682
011472,1120.00000,212.9037,0.0021,0.000000,0.000000,0.0000,0.0000,0.0000,0.00,244.78,0.0682
011472,1120.00000,213.0401,0.0021,0.000000,0.000000,0.0000,0.0000,0.0000,0.00,244.78,0.0682
011472,1120.00000,213.1766,0.0021,0.000000,0.000000,0.0000,0.0000,0.0000,0.00,244.78,0.0682
011472,1120.00000,213.3130,0.0021,0.000000,0.000000,0.0000,0.0000,0.0000,0.00,244.78,0.0682
011472,1120.00000,213.4494,0.0021,0.000000,0.000000,0.0000,0.0000,0.0000,0.00,244.78,0.0682
011472,1120.00000,213.5859,0.0021,0.000000,0.000000,0.0000,0.0000,0.0000,0.00,244.78,0.0682
011472,1120.00000,213.7223,0.0021,0.000000,0.000000,0.0000,0.0000,0.0000,0.00,244.78,0.0682
011472,1120.00000,213.8587,0.0021,0.000000,0.000000,0.0000,0.0000,0.0000,0.00,244.78,0.0682
011472,1120.00000,213.9952,0.0021,0.000000,0.000000,0.0000,0.0000,0.0000,0.00,244.78,0.0682
011472,1120.00000,214.1316,0.0021,0.000000,0.000000,0.0000,0.0000,0.0000,0.00,244.78,0.0682
011472,1120.00000,214.2680,0.0021,0.000000,0.000000,0.0000,0.0000,0.0000,0.00,244.78,0.0682
011472,1120.00000,214.4045,0.0021,0.000000,0.000000,0.0000,0.0000,0.0000,0.00,244.78,0.0682
011472,1120.00000,214.5409,0.0021,0.000000,0.000000,0.0000,0.0000,0.0000,0.00,244.78,0.0682
011472,1120.00000,214.6773,0.0021,0.000000,0.000000,0.0000,0.0000,0.0000,0.00,244.78,0.0682
011472,1120.00000,214.8138,0.0021,0.000000,0.000000,0.0000,0.0000,0.0000,0.00,244.78,0.0682
011472,1120.00000,214.9502,0.0021,0.000000,0.000000,0.0000,0.0000,0.0000,0.00,244.78,0.0682
011472,1120.00000,215.0866,0.0021,0.000000,0.000000,0.0000,0.0000,0.0000,0.00,244.78,0.0682
011472,1120.00000,215.2231,0.0021,0.000000,0.000000,0.0000,0.0000,0.0000,0.00,244.78,0.0682
011472,1120.00000,215.3595,0.0021,0.000000,0.000000,0.0000,0.0000,0.0000,0.00,244.78,0.0682
011472,1120.00000,215.4959,0.0021,0.000000,0.000000,0.0000,0.0000,0.0000,0.00,244.78,0.0682
011472,1120.00000,215.6324,0.0021,0.000000,0.000000,0.0000,0.0000,0.0000,0.00,244.78,0.0682
011472,1120.00000,215.7688,0.0021,0.000000,0.000000,0.0000,0.0000,0.0000,0.00,244.78,0.0682
011472,1120.00000,215.9052,0.0021,0.000000,0.000000,0.0000,0.0000,0.0000,0.00,244.78,0.0682
011472,1120.00000,216.0417,0.0021,0.000000,0.000000,0.0000,0.0000,0.0000,0.00,244.78,0.0682
011472,1120.00000,216.1781,0.0021,0.000000,0.000000,0.0000,0.0000,0.0000,0.00,244.78,0.0682
011472,1120.00000,216.3145,0.0021,0.000000,0.000000,0.0000,0.0000,0.0000,0.00,244.78,0.0682
011472,1120.00000,216.4510,0.0021,0.000000,0.000000,0.0000,0.0000,0.0000,0.00,244.78,0.0682
011472,1120.00000,216.5874,0.0021,0.000000,0.000000,0.0000,0.0000,0.0000,0.00,244.78,0.0682
011472,1120.00000,216.7238,0.0021,0.000000,0.000000,0.0000,0.0000,0.0000,0.00,244.78,0.0682
011472,1120.00000,216.8603,0.0021,0.000000,0.000000,0.0000,0.0000,0.0000,0.00,244.78,0.0682
011472,1120.00000,216.9967,0.0021,0.000000,0.000000,0.0000,0.0000,0.0000,0.00,244.78,0.0682
011472,1120.00000,217.1331,0.0021,0.000000,0.000000,0.0000,0.0000,0.0000,0.00,244.78,0.0682
011472,1120.00000,217.2696,0.0021,0.000000,0.000000,0.0000,0.0000,0.0000,0.00,244.78,0.0682
011472,1120.00000,217.4060,0.0021,0.000000,0.000000,0.0000,0.0000,0.0000,0.00,244.78,0.0682
011472,1120.00000,217.5424,0.0021,0.000000,0.000000,0.0000,0.0000,0.0000,0.00,244.78,0.0682
011472,1120.00000,217.6789,0.0021,0.000000,0.000000,0.0000,0.0000,0.0000,0.00,244.78,0.0682
011472,1120.00000,217.8153,0.0021,0.000000,0.000000,0.0000,0.0000,0.0000,0.00,244.78,0.0682
011472,1120.00000,217.9517,0.0021,0.000000,0.000000,0.0000,0.0000,0.0000,0.00,244.78,0.0682
011472,1120.00000,218.0882,0.0021,0.000000,0.000000,0.0000,0.0000,0.0000,0.00,244.78,0.0682
011472,1120.00000,218.2246,0.0021,0.000000,0.000000,0.0000,0.0000,0.0000,0.00,244.78,0.0682
011472,1120.00000,218.3610,0.0021,0.000000,0.000000,0.0000,0.0000,0.0000,0.00,244.78,0.0682
