# step<1> time<2> LPL<3> VPL<4> U_tip<5> D_tip<5> Chi_st<6> 
000000   0.00000E+000   0.00000E+000   0.00000E+000   0.00000E+000   0.00000E+000   0.00000E+000   0.00000E+000
000010   9.76375E-004   0.00000E+000   6.82165E-002   0.00000E+000   0.00000E+000   1.00000E+003   0.00000E+000
000020   1.95275E-003   0.00000E+000   2.04649E-001   0.00000E+000   0.00000E+000   1.00000E+003   0.00000E+000
000030   2.92912E-003   0.00000E+000   2.04649E-001   0.00000E+000   0.00000E+000   1.00000E+003   0.00000E+000
000040   3.90550E-003   6.82165E-002   3.41082E-001   7.95947E+000   0.00000E+000   1.00000E+003   0.00000E+000
000050   4.88187E-003   2.04649E-001   3.41082E-001   8.27134E+000   0.00000E+000   1.00000E+003   0.00000E+000
000060   5.85825E-003   2.04649E-001   4.77515E-001   1.00424E+001   0.00000E+000   1.00000E+003   0.00000E+000
000070   6.83462E-003   3.41082E-001   4.77515E-001   1.02319E+001   0.00000E+000   1.00000E+003   0.00000E+000
000080   7.81100E-003   3.41082E-001   4.77515E-001   1.18354E+001   0.00000E+000   1.00000E+003   0.00000E+000
000090   8.78737E-003   3.41082E-001   6.13948E-001   1.34754E+001   0.00000E+000   1.00000E+003   0.00000E+000
000100   9.76375E-003   4.77515E-001   6.13948E-001   1.34566E+001   0.00000E+000   1.00000E+003   0.00000E+000
000110   1.07401E-002   4.77515E-001   7.50381E-001   1.49882E+001   0.00000E+000   1.00000E+003   0.00000E+000
000120   1.17165E-002   6.13948E-001   7.50381E-001   1.49664E+001   0.00000E+000   1.00000E+003   0.00000E+000
000130   1.26929E-002   6.13948E-001   7.50381E-001   1.64227E+001   0.00000E+000   1.00000E+003   0.00000E+000
000140   1.36692E-002   6.13948E-001   8.86814E-001   1.79222E+001   0.00000E+000   1.00000E+003   0.00000E+000
000150   1.46456E-002   7.50381E-001   8.86814E-001   1.78034E+001   0.00000E+000   1.00028E+003   0.00000E+000
000160   1.56220E-002   7.50381E-001   1.02325E+000   1.92499E+001   0.00000E+000   1.00000E+003   0.00000E+000
000170   1.65984E-002   8.86814E-001   1.02325E+000   1.91473E+001   0.00000E+000   1.00000E+003   0.00000E+000
000180   1.75747E-002   8.86814E-001   1.02325E+000   2.05562E+001   0.00000E+000   1.00000E+003   0.00000E+000
000190   1.85511E-002   8.86814E-001   1.15968E+000   2.20126E+001   0.00000E+000   1.00000E+003   0.00000E+000
000200   1.95275E-002   1.02325E+000   1.15968E+000   2.18500E+001   0.00000E+000   1.00000E+003   0.00000E+000
000210   2.05039E-002   1.02325E+000   1.29611E+000   2.32809E+001   0.00000E+000   1.00000E+003   0.00000E+000
000220   2.14802E-002   1.15968E+000   1.29611E+000   2.31387E+001   0.00000E+000   1.00000E+003   0.00000E+000
000230   2.24566E-002   1.15968E+000   1.29611E+000   2.45536E+001   0.00000E+000   1.00000E+003   0.00000E+000
000240   2.34330E-002   1.15968E+000   1.43255E+000   2.60209E+001   0.00000E+000   1.00000E+003   0.00000E+000
000250   2.44094E-002   1.29611E+000   1.43255E+000   2.58356E+001   0.00000E+000   1.00000E+003   0.00000E+000
000260   2.53857E-002   1.29611E+000   1.56898E+000   2.72953E+001   0.00000E+000   1.00000E+003   0.00000E+000
000270   2.63621E-002   1.43255E+000   1.56898E+000   2.71313E+001   0.00000E+000   1.00000E+003   0.00000E+000
000280   2.73385E-002   1.43255E+000   1.70541E+000   2.85901E+001   0.00000E+000   1.00000E+003   0.00000E+000
000290   2.83149E-002   1.56898E+000   1.70541E+000   2.84450E+001   0.00000E+000   1.00000E+003   0.00000E+000
000300   2.92912E-002   1.56898E+000   1.84185E+000   2.99086E+001   0.00000E+000   1.00000E+003   0.00000E+000
000310   3.02676E-002   1.70541E+000   1.84185E+000   2.97807E+001   0.00000E+000   1.00000E+003   0.00000E+000
000320   3.12440E-002   1.70541E+000   1.97828E+000   3.12542E+001   0.00000E+000   1.00000E+003   0.00000E+000
000330   3.22204E-002   1.84185E+000   1.97828E+000   3.11422E+001   0.00000E+000   1.00000E+003   0.00000E+000
000340   3.31967E-002   1.84185E+000   2.11471E+000   3.26304E+001   0.00000E+000   1.00000E+003   0.00000E+000
000350   3.41731E-002   1.97828E+000   2.11471E+000   3.25333E+001   0.00000E+000   1.00000E+003   0.00000E+000
000360   3.51495E-002   1.97828E+000   2.25114E+000   3.40406E+001   0.00000E+000   1.00000E+003   0.00000E+000
000370   3.61259E-002   2.11471E+000   2.25114E+000   3.39577E+001   0.00000E+000   1.00000E+003   0.00000E+000
000380   3.71022E-002   2.11471E+000   2.38758E+000   3.54883E+001   0.00000E+000   1.00000E+003   0.00000E+000
000390   3.80786E-002   2.25114E+000   2.38758E+000   3.54192E+001   0.00000E+000   1.00000E+003   0.00000E+000
000400   3.90550E-002   2.25114E+000   2.52401E+000   3.69770E+001   0.00000E+000   1.00000E+003   0.00000E+000
000410   4.00314E-002   2.38758E+000   2.52401E+000   3.69215E+001   0.00000E+000   1.00000E+003   0.00000E+000
000420   4.10077E-002   2.38758E+000   2.66044E+000   3.85103E+001   0.00000E+000   1.00000E+003   0.00000E+000
000430   4.19841E-002   2.52401E+000   2.66044E+000   3.84681E+001   0.00000E+000   1.00000E+003   0.00000E+000
000440   4.29605E-002   2.52401E+000   2.79688E+000   4.00915E+001   0.00000E+000   1.00000E+003   0.00000E+000
000450   4.39369E-002   2.66044E+000   2.79688E+000   4.00624E+001   0.00000E+000   1.00000E+003   0.00000E+000
000460   4.49132E-002   2.79688E+000   2.93331E+000   4.00746E+001   0.00000E+000   1.00000E+003   0.00000E+000
000470   4.58896E-002   2.79688E+000   2.93331E+000   4.17074E+001   0.00000E+000   1.00000E+003   0.00000E+000
000480   4.68660E-002   2.93331E+000   3.06974E+000   4.17311E+001   0.00000E+000   1.00000E+003   0.00000E+000
000490   4.78424E-002   2.93331E+000   3.20618E+000   4.34052E+001   0.00000E+000   1.00000E+003   0.00000E+000
000500   4.88187E-002   3.06974E+000   3.20618E+000   4.34400E+001   0.00000E+000   1.00000E+003   0.00000E+000
000510   4.97951E-002   3.06974E+000   3.34261E+000   4.51560E+001   0.00000E+000   1.00000E+003   0.00000E+000
000520   5.07715E-002   3.20618E+000   3.34261E+000   4.52010E+001   0.00000E+000   1.00000E+003   0.00000E+000
000530   5.17479E-002   3.34261E+000   3.47904E+000   4.52798E+001   0.00000E+000   1.00000E+003   0.00000E+000
000540   5.27242E-002   3.34261E+000   3.61547E+000   4.70110E+001   0.00000E+000   1.00000E+003   0.00000E+000
000550   5.37006E-002   3.47904E+000   3.61547E+000   4.70969E+001   0.00000E+000   1.00000E+003   0.00000E+000
000560   5.46770E-002   3.61547E+000   3.75191E+000   4.72125E+001   0.00000E+000   1.00000E+003   0.00000E+000
000570   5.56534E-002   3.61547E+000   3.75191E+000   4.89539E+001   0.00000E+000   1.00000E+003   0.00000E+000
000580   5.66297E-002   3.75191E+000   3.88834E+000   4.90723E+001   0.00000E+000   9.96745E+002   0.00000E+000
000590   5.76061E-002   3.75191E+000   4.02477E+000   5.08396E+001   0.00000E+000   1.00000E+003   0.00000E+000
000600   5.85825E-002   3.88834E+000   4.02477E+000   5.09571E+001   0.00000E+000   1.00000E+003   0.00000E+000
000610   5.95589E-002   4.02477E+000   4.16121E+000   5.10987E+001   0.00000E+000   1.00000E+003   0.00000E+000
000620   6.05352E-002   4.02477E+000   4.29764E+000   5.28530E+001   0.00000E+000   1.00000E+003   0.00000E+000
000630   6.15116E-002   4.16121E+000   4.29764E+000   5.29879E+001   0.00000E+000   1.00000E+003   0.00000E+000
000640   6.24880E-002   4.29764E+000   4.43407E+000   5.31430E+001   0.00000E+000   1.00000E+003   0.00000E+000
000650   6.34644E-002   4.43407E+000   4.57050E+000   5.33162E+001   0.00000E+000   1.00000E+003   0.00000E+000
000660   6.44407E-002   4.43407E+000   4.57050E+000   5.50115E+001   0.00000E+000   1.03835E+003   0.00000E+000
000670   6.54171E-002   4.57050E+000   4.70694E+000   5.51710E+001   0.00000E+000   1.00000E+003   0.00000E+000
000680   6.63935E-002   4.70694E+000   4.84337E+000   5.53452E+001   0.00000E+000   1.00000E+003   0.00000E+000
000690   6.73699E-002   4.70694E+000   4.84337E+000   5.69957E+001   0.00000E+000   1.00000E+003   0.00000E+000
000700   6.83462E-002   4.84337E+000   4.97980E+000   5.71517E+001   0.00000E+000   1.00000E+003   0.00000E+000
000710   6.93226E-002   4.97980E+000   5.11624E+000   5.73196E+001   0.00000E+000   1.00000E+003   0.00000E+000
000720   7.02990E-002   4.97980E+000   5.25267E+000   5.89144E+001   0.00000E+000   1.00000E+003   0.00000E+000
000730   7.12754E-002   5.11624E+000   5.25267E+000   5.90607E+001   0.00000E+000   1.00000E+003   0.00000E+000
000740   7.22517E-002   5.25267E+000   5.38910E+000   5.92167E+001   0.00000E+000   1.00000E+003   0.00000E+000
000750   7.32281E-002   5.38910E+000   5.52554E+000   5.93811E+001   0.00000E+000   1.00000E+003   0.00000E+000
000760   7.42045E-002   5.38910E+000   5.52554E+000   6.08814E+001   0.00000E+000   1.00000E+003   0.00000E+000
000770   7.51809E-002   5.52554E+000   5.66197E+000   6.10217E+001   0.00000E+000   1.00000E+003   0.00000E+000
000780   7.61572E-002   5.66197E+000   5.79840E+000   6.11689E+001   0.00000E+000   1.00000E+003   0.00000E+000
000790   7.71336E-002   5.66197E+000   5.93483E+000   6.26039E+001   0.00000E+000   1.00000E+003   0.00000E+000
000800   7.81100E-002   5.79840E+000   5.93483E+000   6.27264E+001   0.00000E+000   1.00000E+003   0.00000E+000
000810   7.90864E-002   5.93483E+000   6.07127E+000   6.28547E+001   0.00000E+000   1.00242E+003   0.00000E+000
000820   8.00627E-002   6.07127E+000   6.20770E+000   6.29878E+001   0.00000E+000   1.00000E+003   0.00000E+000
000830   8.10391E-002   6.07127E+000   6.34413E+000   6.43281E+001   0.00000E+000   1.00000E+003   0.00000E+000
000840   8.20155E-002   6.20770E+000   6.34413E+000   6.44368E+001   0.00000E+000   1.00000E+003   0.00000E+000
000850   8.29919E-002   6.34413E+000   6.48057E+000   6.45497E+001   0.00000E+000   1.00000E+003   0.00000E+000
000860   8.39682E-002   6.48057E+000   6.61700E+000   6.46662E+001   0.00000E+000   1.00000E+003   0.00000E+000
000870   8.49446E-002   6.48057E+000   6.61700E+000   6.59173E+001   0.00000E+000   1.00000E+003   0.00000E+000
000880   8.59210E-002   6.61700E+000   6.75343E+000   6.60104E+001   0.00000E+000   1.00000E+003   0.00000E+000
000890   8.68974E-002   6.75343E+000   6.88987E+000   6.61067E+001   0.00000E+000   1.00000E+003   0.00000E+000
000900   8.78737E-002   6.88987E+000   7.02630E+000   6.62057E+001   0.00000E+000   1.00000E+003   0.00000E+000
000910   8.88501E-002   6.88987E+000   7.02630E+000   6.73746E+001   0.00000E+000   1.00000E+003   0.00000E+000
000920   8.98265E-002   7.02630E+000   7.16273E+000   6.74516E+001   0.00000E+000   1.00000E+003   0.00000E+000
000930   9.08029E-002   7.16273E+000   7.29916E+000   6.75312E+001   0.00000E+000   1.00000E+003   0.00000E+000
000940   9.17792E-002   7.29916E+000   7.43560E+000   6.76130E+001   0.00000E+000   9.73136E+002   0.00000E+000
000950   9.27556E-002   7.29916E+000   7.43560E+000   6.87070E+001   0.00000E+000   1.00000E+003   0.00000E+000
000960   9.37320E-002   7.43560E+000   7.57203E+000   6.87684E+001   0.00000E+000   1.00000E+003   0.00000E+000
000970   9.47084E-002   7.57203E+000   7.70846E+000   6.88320E+001   0.00000E+000   1.00000E+003   0.00000E+000
000980   9.56847E-002   7.70846E+000   7.84490E+000   6.88973E+001   0.00000E+000   1.00000E+003   0.00000E+000
000990   9.66611E-002   7.70846E+000   7.98133E+000   6.99236E+001   0.00000E+000   1.00000E+003   0.00000E+000
001000   9.76375E-002   7.84490E+000   7.98133E+000   6.99703E+001   0.00000E+000   1.00000E+003   0.00000E+000
001010   9.86139E-002   7.98133E+000   8.11776E+000   7.00188E+001   0.00000E+000   1.03698E+003   0.00000E+000
001020   9.95902E-002   8.11776E+000   8.25420E+000   7.00688E+001   0.00000E+000   1.00000E+003   0.00000E+000
001030   1.00567E-001   8.25420E+000   8.39063E+000   7.01202E+001   0.00000E+000   1.00000E+003   0.00000E+000
001040   1.01543E-001   8.25420E+000   8.39063E+000   7.10671E+001   0.00000E+000   1.00000E+003   0.00000E+000
001050   1.02519E-001   8.39063E+000   8.52706E+000   7.11017E+001   0.00000E+000   1.00000E+003   0.00000E+000
001060   1.03496E-001   8.52706E+000   8.66349E+000   7.11377E+001   0.00000E+000   1.00000E+003   0.00000E+000
001070   1.04472E-001   8.66349E+000   8.79993E+000   7.11749E+001   0.00000E+000   1.00000E+003   0.00000E+000
001080   1.05448E-001   8.66349E+000   8.79993E+000   7.20684E+001   0.00000E+000   1.00000E+003   0.00000E+000
001090   1.06425E-001   8.79993E+000   8.93636E+000   7.20903E+001   0.00000E+000   1.00000E+003   0.00000E+000
001100   1.07401E-001   8.93636E+000   9.07279E+000   7.21135E+001   0.00000E+000   1.00000E+003   0.00000E+000
001110   1.08378E-001   9.07279E+000   9.20923E+000   7.21378E+001   0.00000E+000   1.00341E+003   0.00000E+000
001120   1.09354E-001   9.07279E+000   9.20923E+000   7.29831E+001   0.00000E+000   1.00000E+003   0.00000E+000
001130   1.10330E-001   9.20923E+000   9.34566E+000   7.29934E+001   0.00000E+000   1.00000E+003   0.00000E+000
001140   1.11307E-001   9.34566E+000   9.48209E+000   7.30049E+001   0.00000E+000   1.00000E+003   0.00000E+000
001150   1.12283E-001   9.48209E+000   9.61853E+000   7.30175E+001   0.00000E+000   1.00000E+003   0.00000E+000
001160   1.13259E-001   9.61853E+000   9.61853E+000   7.30311E+001   0.00000E+000   1.00000E+003   0.00000E+000
001170   1.14236E-001   9.61853E+000   9.75496E+000   7.38190E+001   0.00000E+000   1.00000E+003   0.00000E+000
001180   1.15212E-001   9.75496E+000   9.89139E+000   7.38199E+001   0.00000E+000   1.00000E+003   0.00000E+000
001190   1.16189E-001   9.89139E+000   1.00278E+001   7.38219E+001   0.00000E+000   1.00000E+003   0.00000E+000
001200   1.17165E-001   1.00278E+001   1.00278E+001   7.38248E+001   0.00000E+000   1.00000E+003   0.00000E+000
001210   1.18141E-001   1.00278E+001   1.01643E+001   7.45743E+001   0.00000E+000   9.64447E+002   0.00000E+000
001220   1.19118E-001   1.01643E+001   1.03007E+001   7.45655E+001   0.00000E+000   1.00000E+003   0.00000E+000
001230   1.20094E-001   1.03007E+001   1.04371E+001   7.45578E+001   0.00000E+000   1.00000E+003   0.00000E+000
001240   1.21070E-001   1.04371E+001   1.04371E+001   7.45510E+001   0.00000E+000   1.00000E+003   0.00000E+000
001250   1.22047E-001   1.04371E+001   1.05736E+001   7.52655E+001   0.00000E+000   1.00000E+003   0.00000E+000
001260   1.23023E-001   1.05736E+001   1.07100E+001   7.52479E+001   0.00000E+000   1.00000E+003   0.00000E+000
001270   1.24000E-001   1.07100E+001   1.08464E+001   7.52314E+001   0.00000E+000   1.00000E+003   0.00000E+000
001280   1.24976E-001   1.08464E+001   1.08464E+001   7.52158E+001   0.00000E+000   1.00000E+003   0.00000E+000
001290   1.25952E-001   1.09829E+001   1.09829E+001   7.52010E+001   0.00000E+000   1.00000E+003   0.00000E+000
001300   1.26929E-001   1.09829E+001   1.11193E+001   7.58726E+001   0.00000E+000   1.00000E+003   0.00000E+000
001310   1.27905E-001   1.11193E+001   1.12557E+001   7.58480E+001   0.00000E+000   1.00000E+003   0.00000E+000
001320   1.28881E-001   1.12557E+001   1.12557E+001   7.58243E+001   0.00000E+000   1.00000E+003   0.00000E+000
001330   1.29858E-001   1.13922E+001   1.13922E+001   7.58014E+001   0.00000E+000   1.00000E+003   0.00000E+000
001340   1.30834E-001   1.13922E+001   1.15286E+001   7.64443E+001   0.00000E+000   1.00000E+003   0.00000E+000
001350   1.31811E-001   1.15286E+001   1.15286E+001   7.64119E+001   0.00000E+000   1.00000E+003   0.00000E+000
001360   1.32787E-001   1.16650E+001   1.16650E+001   7.63803E+001   0.00000E+000   1.00000E+003   0.00000E+000
001370   1.33763E-001   1.18015E+001   1.18015E+001   7.63494E+001   0.00000E+000   1.00000E+003   0.00000E+000
001380   1.34740E-001   1.18015E+001   1.19379E+001   7.69649E+001   0.00000E+000   1.00000E+003   0.00000E+000
001390   1.35716E-001   1.19379E+001   1.19379E+001   7.69247E+001   0.00000E+000   1.00000E+003   0.00000E+000
001400   1.36692E-001   1.20743E+001   1.20743E+001   7.68853E+001   0.00000E+000   1.00000E+003   0.00000E+000
001410   1.37669E-001   1.22108E+001   1.22108E+001   7.68465E+001   0.00000E+000   1.00000E+003   0.00000E+000
001420   1.38645E-001   1.23472E+001   1.22108E+001   7.68082E+001   0.00000E+000   1.03536E+003   0.00000E+000
001430   1.39622E-001   1.23472E+001   1.23472E+001   7.73884E+001   0.00000E+000   1.00000E+003   0.00000E+000
001440   1.40598E-001   1.24836E+001   1.24836E+001   7.73415E+001   0.00000E+000   1.00000E+003   0.00000E+000
001450   1.41574E-001   1.26201E+001   1.24836E+001   7.72952E+001   0.00000E+000   1.00000E+003   0.00000E+000
001460   1.42551E-001   1.27565E+001   1.26201E+001   7.72494E+001   0.00000E+000   1.00000E+003   0.00000E+000
001470   1.43527E-001   1.27565E+001   1.27565E+001   7.78057E+001   0.00000E+000   1.00000E+003   0.00000E+000
001480   1.44503E-001   1.28929E+001   1.27565E+001   7.77518E+001   0.00000E+000   1.00000E+003   0.00000E+000
001490   1.45480E-001   1.30293E+001   1.28929E+001   7.76985E+001   0.00000E+000   1.00000E+003   0.00000E+000
001500   1.46456E-001   1.31658E+001   1.30293E+001   7.76457E+001   0.00000E+000   1.00000E+003   0.00000E+000
001510   1.47433E-001   1.31658E+001   1.31658E+001   7.81799E+001   0.00000E+000   1.00000E+003   0.00000E+000
001520   1.48409E-001   1.33022E+001   1.31658E+001   7.81194E+001   0.00000E+000   1.00000E+003   0.00000E+000
001530   1.49385E-001   1.34386E+001   1.33022E+001   7.80595E+001   0.00000E+000   1.00000E+003   0.00000E+000
001540   1.50362E-001   1.35751E+001   1.34386E+001   7.80000E+001   0.00000E+000   9.68812E+002   0.00000E+000
001550   1.51338E-001   1.37115E+001   1.35751E+001   7.79410E+001   0.00000E+000   1.00000E+003   0.00000E+000
001560   1.52314E-001   1.37115E+001   1.37115E+001   7.84465E+001   0.00000E+000   1.00000E+003   0.00000E+000
001570   1.53291E-001   1.38479E+001   1.38479E+001   7.83803E+001   0.00000E+000   1.00000E+003   0.00000E+000
001580   1.54267E-001   1.39844E+001   1.39844E+001   7.83147E+001   0.00000E+000   1.00090E+003   0.00000E+000
001590   1.55244E-001   1.41208E+001   1.41208E+001   7.82496E+001   0.00000E+000   1.00000E+003   0.00000E+000
001600   1.56220E-001   1.41208E+001   1.42572E+001   7.87375E+001   0.00000E+000   1.00000E+003   0.00000E+000
001610   1.57196E-001   1.42572E+001   1.42572E+001   7.86657E+001   0.00000E+000   1.00000E+003   0.00000E+000
001620   1.58173E-001   1.43937E+001   1.43937E+001   7.85944E+001   0.00000E+000   1.00000E+003   0.00000E+000
001630   1.59149E-001   1.45301E+001   1.45301E+001   7.85238E+001   0.00000E+000   1.00000E+003   0.00000E+000
001640   1.60125E-001   1.45301E+001   1.45301E+001   7.89962E+001   0.00000E+000   1.00000E+003   0.00000E+000
001650   1.61102E-001   1.46665E+001   1.46665E+001   7.89192E+001   0.00000E+000   1.04300E+003   0.00000E+000
001660   1.62078E-001   1.48030E+001   1.48030E+001   7.88428E+001   0.00000E+000   1.00000E+003   0.00000E+000
001670   1.63055E-001   1.49394E+001   1.49394E+001   7.87669E+001   0.00000E+000   1.00000E+003   0.00000E+000
001680   1.64031E-001   1.50758E+001   1.49394E+001   7.86915E+001   0.00000E+000   9.69318E+002   0.00000E+000
001690   1.65007E-001   1.50758E+001   1.50758E+001   7.91438E+001   0.00000E+000   1.00000E+003   0.00000E+000
001700   1.65984E-001   1.52123E+001   1.52123E+001   7.90624E+001   0.00000E+000   1.00000E+003   0.00000E+000
001710   1.66960E-001   1.53487E+001   1.53487E+001   7.89816E+001   0.00000E+000   1.00000E+003   0.00000E+000
001720   1.67936E-001   1.54851E+001   1.53487E+001   7.89014E+001   0.00000E+000   1.03220E+003   0.00000E+000
001730   1.68913E-001   1.54851E+001   1.54851E+001   7.93415E+001   0.00000E+000   1.00000E+003   0.00000E+000
001740   1.69889E-001   1.56216E+001   1.56216E+001   7.92555E+001   0.00000E+000   1.00000E+003   0.00000E+000
001750   1.70866E-001   1.57580E+001   1.57580E+001   7.91701E+001   0.00000E+000   1.00771E+003   0.00000E+000
001760   1.71842E-001   1.58944E+001   1.57580E+001   7.90852E+001   0.00000E+000   1.00000E+003   0.00000E+000
001770   1.72818E-001   1.58944E+001   1.58944E+001   7.95143E+001   0.00000E+000   1.00000E+003   0.00000E+000
001780   1.73795E-001   1.60309E+001   1.60309E+001   7.94239E+001   0.00000E+000   1.00000E+003   0.00000E+000
001790   1.74771E-001   1.61673E+001   1.61673E+001   7.93341E+001   0.00000E+000   1.00000E+003   0.00000E+000
001800   1.75747E-001   1.63037E+001   1.61673E+001   7.92448E+001   0.00000E+000   1.00000E+003   0.00000E+000
001810   1.76724E-001   1.63037E+001   1.63037E+001   7.96636E+001   0.00000E+000   1.00000E+003   0.00000E+000
001820   1.77700E-001   1.64402E+001   1.64402E+001   7.95690E+001   0.00000E+000   1.00082E+003   0.00000E+000
001830   1.78677E-001   1.65766E+001   1.65766E+001   7.94751E+001   0.00000E+000   1.00000E+003   0.00000E+000
001840   1.79653E-001   1.67130E+001   1.65766E+001   7.93817E+001   0.00000E+000   1.00000E+003   0.00000E+000
001850   1.80629E-001   1.67130E+001   1.67130E+001   7.97910E+001   0.00000E+000   1.00000E+003   0.00000E+000
001860   1.81606E-001   1.68495E+001   1.68495E+001   7.96925E+001   0.00000E+000   1.00000E+003   0.00000E+000
001870   1.82582E-001   1.69859E+001   1.69859E+001   7.95946E+001   0.00000E+000   1.00000E+003   0.00000E+000
001880   1.83558E-001   1.71223E+001   1.69859E+001   7.94974E+001   0.00000E+000   1.00000E+003   0.00000E+000
001890   1.84535E-001   1.71223E+001   1.71223E+001   7.98977E+001   0.00000E+000   9.99726E+002   0.00000E+000
001900   1.85511E-001   1.72588E+001   1.72588E+001   7.97955E+001   0.00000E+000   1.00000E+003   0.00000E+000
001910   1.86488E-001   1.73952E+001   1.73952E+001   7.96940E+001   0.00000E+000   1.00000E+003   0.00000E+000
001920   1.87464E-001   1.75316E+001   1.73952E+001   7.95931E+001   0.00000E+000   1.00000E+003   0.00000E+000
001930   1.88440E-001   1.76681E+001   1.75316E+001   7.94927E+001   0.00000E+000   1.00000E+003   0.00000E+000
001940   1.89417E-001   1.76681E+001   1.76681E+001   7.98795E+001   0.00000E+000   1.00000E+003   0.00000E+000
001950   1.90393E-001   1.78045E+001   1.78045E+001   7.97744E+001   0.00000E+000   1.00000E+003   0.00000E+000
001960   1.91369E-001   1.79409E+001   1.78045E+001   7.96700E+001   0.00000E+000   9.99577E+002   0.00000E+000
001970   1.92346E-001   1.80774E+001   1.79409E+001   7.95663E+001   0.00000E+000   1.00000E+003   0.00000E+000
001980   1.93322E-001   1.80774E+001   1.80774E+001   7.99455E+001   0.00000E+000   1.00000E+003   0.00000E+000
001990   1.94299E-001   1.82138E+001   1.80774E+001   7.98371E+001   0.00000E+000   1.00000E+003   0.00000E+000
002000   1.95275E-001   1.83502E+001   1.82138E+001   7.97295E+001   0.00000E+000   1.00000E+003   0.00000E+000
002010   1.96251E-001   1.84867E+001   1.83502E+001   7.96225E+001   0.00000E+000   1.00000E+003   0.00000E+000
002020   1.97228E-001   1.84867E+001   1.84867E+001   7.99946E+001   0.00000E+000   1.00000E+003   0.00000E+000
002030   1.98204E-001   1.86231E+001   1.84867E+001   7.98832E+001   0.00000E+000   9.99459E+002   0.00000E+000
002040   1.99180E-001   1.87595E+001   1.86231E+001   7.97725E+001   0.00000E+000   1.00000E+003   0.00000E+000
002050   2.00157E-001   1.88960E+001   1.87595E+001   7.96624E+001   0.00000E+000   1.00000E+003   0.00000E+000
002060   2.01133E-001   1.88960E+001   1.88960E+001   8.00280E+001   0.00000E+000   1.00000E+003   0.00000E+000
002070   2.02110E-001   1.90324E+001   1.88960E+001   7.99137E+001   0.00000E+000   1.00000E+003   0.00000E+000
002080   2.03086E-001   1.91688E+001   1.90324E+001   7.98001E+001   0.00000E+000   1.00000E+003   0.00000E+000
002090   2.04062E-001   1.93053E+001   1.91688E+001   7.96871E+001   0.00000E+000   1.00000E+003   0.00000E+000
002100   2.05039E-001   1.93053E+001   1.93053E+001   8.00466E+001   0.00000E+000   9.98987E+002   0.00000E+000
002110   2.06015E-001   1.94417E+001   1.93053E+001   7.99295E+001   0.00000E+000   1.00000E+003   0.00000E+000
002120   2.06991E-001   1.95781E+001   1.94417E+001   7.98132E+001   0.00000E+000   1.00000E+003   0.00000E+000
002130   2.07968E-001   1.97146E+001   1.95781E+001   7.96975E+001   0.00000E+000   1.00000E+003   0.00000E+000
002140   2.08944E-001   1.97146E+001   1.97146E+001   8.00513E+001   0.00000E+000   1.00000E+003   0.00000E+000
002150   2.09921E-001   1.98510E+001   1.97146E+001   7.99317E+001   0.00000E+000   1.00000E+003   0.00000E+000
002160   2.10897E-001   1.99874E+001   1.98510E+001   7.98127E+001   0.00000E+000   1.00000E+003   0.00000E+000
002170   2.11873E-001   2.01239E+001   1.99874E+001   7.96945E+001   0.00000E+000   9.98110E+002   0.00000E+000
002180   2.12850E-001   2.01239E+001   2.01239E+001   8.00430E+001   0.00000E+000   1.00000E+003   0.00000E+000
002190   2.13826E-001   2.02603E+001   2.01239E+001   7.99209E+001   0.00000E+000   1.00000E+003   0.00000E+000
002200   2.14802E-001   2.03967E+001   2.02603E+001   7.97995E+001   0.00000E+000   9.74355E+002   0.00000E+000
002210   2.15779E-001   2.05332E+001   2.03967E+001   7.96789E+001   0.00000E+000   1.00000E+003   0.00000E+000
002220   2.16755E-001   2.05332E+001   2.05332E+001   8.00224E+001   0.00000E+000   1.00000E+003   0.00000E+000
002230   2.17732E-001   2.06696E+001   2.05332E+001   7.98980E+001   0.00000E+000   1.00000E+003   0.00000E+000
002240   2.18708E-001   2.08060E+001   2.06696E+001   7.97744E+001   0.00000E+000   9.97023E+002   0.00000E+000
002250   2.19684E-001   2.09425E+001   2.08060E+001   7.96515E+001   0.00000E+000   1.00000E+003   0.00000E+000
002260   2.20661E-001   2.09425E+001   2.09425E+001   7.99903E+001   0.00000E+000   1.00000E+003   0.00000E+000
002270   2.21637E-001   2.10789E+001   2.09425E+001   7.98637E+001   0.00000E+000   9.68530E+002   0.00000E+000
002280   2.22613E-001   2.12153E+001   2.10789E+001   7.97380E+001   0.00000E+000   1.00000E+003   0.00000E+000
002290   2.23590E-001   2.13518E+001   2.12153E+001   7.96130E+001   0.00000E+000   1.00000E+003   0.00000E+000
002300   2.24566E-001   2.13518E+001   2.12153E+001   7.99473E+001   0.00000E+000   1.00000E+003   0.00000E+000
002310   2.25543E-001   2.14882E+001   2.13518E+001   7.98187E+001   0.00000E+000   1.03730E+003   0.00000E+000
002320   2.26519E-001   2.16246E+001   2.14882E+001   7.96910E+001   0.00000E+000   1.00000E+003   0.00000E+000
002330   2.27495E-001   2.17611E+001   2.16246E+001   7.95640E+001   0.00000E+000   1.00000E+003   0.00000E+000
002340   2.28472E-001   2.17611E+001   2.16246E+001   7.98941E+001   0.00000E+000   9.65551E+002   0.00000E+000
002350   2.29448E-001   2.18975E+001   2.17611E+001   7.97636E+001   0.00000E+000   1.00000E+003   0.00000E+000
002360   2.30424E-001   2.20339E+001   2.18975E+001   7.96340E+001   0.00000E+000   1.00000E+003   0.00000E+000
002370   2.31401E-001   2.20339E+001   2.20339E+001   7.99643E+001   0.00000E+000   1.00000E+003   0.00000E+000
002380   2.32377E-001   2.21704E+001   2.20339E+001   7.98312E+001   0.00000E+000   1.03263E+003   0.00000E+000
002390   2.33354E-001   2.23068E+001   2.21704E+001   7.96991E+001   0.00000E+000   1.00000E+003   0.00000E+000
002400   2.34330E-001   2.24432E+001   2.23068E+001   7.95677E+001   0.00000E+000   1.00000E+003   0.00000E+000
002410   2.35306E-001   2.24432E+001   2.24432E+001   7.98940E+001   0.00000E+000   1.00213E+003   0.00000E+000
002420   2.36283E-001   2.25797E+001   2.24432E+001   7.97593E+001   0.00000E+000   1.00000E+003   0.00000E+000
002430   2.37259E-001   2.27161E+001   2.25797E+001   7.96255E+001   0.00000E+000   1.00000E+003   0.00000E+000
002440   2.38235E-001   2.28525E+001   2.27161E+001   7.94925E+001   0.00000E+000   1.00000E+003   0.00000E+000
002450   2.39212E-001   2.28525E+001   2.27161E+001   7.98151E+001   0.00000E+000   1.00000E+003   0.00000E+000
002460   2.40188E-001   2.29890E+001   2.28525E+001   7.96788E+001   0.00000E+000   1.00000E+003   0.00000E+000
002470   2.41165E-001   2.31254E+001   2.29890E+001   7.95435E+001   0.00000E+000   1.00000E+003   0.00000E+000
002480   2.42141E-001   2.32618E+001   2.31254E+001   7.94090E+001   0.00000E+000   9.97252E+002   0.00000E+000
002490   2.43117E-001   2.32618E+001   2.31254E+001   7.97279E+001   0.00000E+000   1.00000E+003   0.00000E+000
002500   2.44094E-001   2.33983E+001   2.32618E+001   7.95902E+001   0.00000E+000   1.00000E+003   0.00000E+000
002510   2.45070E-001   2.35347E+001   2.33983E+001   7.94535E+001   0.00000E+000   9.66750E+002   0.00000E+000
002520   2.46046E-001   2.36711E+001   2.35347E+001   7.93177E+001   0.00000E+000   1.00000E+003   0.00000E+000
002530   2.47023E-001   2.36711E+001   2.35347E+001   7.96330E+001   0.00000E+000   1.00000E+003   0.00000E+000
002540   2.47999E-001   2.38076E+001   2.36711E+001   7.94940E+001   0.00000E+000   1.00000E+003   0.00000E+000
002550   2.48976E-001   2.39440E+001   2.38076E+001   7.93560E+001   0.00000E+000   1.03263E+003   0.00000E+000
002560   2.49952E-001   2.39440E+001   2.39440E+001   7.96719E+001   0.00000E+000   1.00000E+003   0.00000E+000
002570   2.50928E-001   2.40804E+001   2.39440E+001   7.95307E+001   0.00000E+000   1.00000E+003   0.00000E+000
002580   2.51905E-001   2.42169E+001   2.40804E+001   7.93906E+001   0.00000E+000   1.00022E+003   0.00000E+000
002590   2.52881E-001   2.43533E+001   2.42169E+001   7.92513E+001   0.00000E+000   1.00000E+003   0.00000E+000
002600   2.53857E-001   2.43533E+001   2.42169E+001   7.95638E+001   0.00000E+000   1.00000E+003   0.00000E+000
002610   2.54834E-001   2.44897E+001   2.43533E+001   7.94216E+001   0.00000E+000   9.69829E+002   0.00000E+000
002620   2.55810E-001   2.46262E+001   2.44897E+001   7.92803E+001   0.00000E+000   1.00000E+003   0.00000E+000
002630   2.56787E-001   2.47626E+001   2.46262E+001   7.91400E+001   0.00000E+000   1.00000E+003   0.00000E+000
002640   2.57763E-001   2.47626E+001   2.46262E+001   7.94491E+001   0.00000E+000   1.00000E+003   0.00000E+000
002650   2.58739E-001   2.48990E+001   2.47626E+001   7.93058E+001   0.00000E+000   1.03506E+003   0.00000E+000
002660   2.59716E-001   2.50355E+001   2.48990E+001   7.91635E+001   0.00000E+000   1.00000E+003   0.00000E+000
002670   2.60692E-001   2.51719E+001   2.48990E+001   7.90222E+001   0.00000E+000   1.00000E+003   0.00000E+000
002680   2.61668E-001   2.51719E+001   2.50355E+001   7.93281E+001   0.00000E+000   1.00191E+003   0.00000E+000
002690   2.62645E-001   2.53083E+001   2.51719E+001   7.91838E+001   0.00000E+000   1.00000E+003   0.00000E+000
002700   2.63621E-001   2.54448E+001   2.53083E+001   7.90407E+001   0.00000E+000   1.00000E+003   0.00000E+000
002710   2.64598E-001   2.54448E+001   2.53083E+001   7.93471E+001   0.00000E+000   9.70378E+002   0.00000E+000
002720   2.65574E-001   2.55812E+001   2.54448E+001   7.92010E+001   0.00000E+000   1.00000E+003   0.00000E+000
002730   2.66550E-001   2.57176E+001   2.55812E+001   7.90560E+001   0.00000E+000   1.00000E+003   0.00000E+000
002740   2.67527E-001   2.58541E+001   2.57176E+001   7.89120E+001   0.00000E+000   1.00000E+003   0.00000E+000
002750   2.68503E-001   2.58541E+001   2.57176E+001   7.92152E+001   0.00000E+000   1.03446E+003   0.00000E+000
002760   2.69479E-001   2.59905E+001   2.58541E+001   7.90684E+001   0.00000E+000   1.00000E+003   0.00000E+000
002770   2.70456E-001   2.61269E+001   2.59905E+001   7.89226E+001   0.00000E+000   1.00000E+003   0.00000E+000
002780   2.71432E-001   2.62633E+001   2.59905E+001   7.87779E+001   0.00000E+000   1.00027E+003   0.00000E+000
002790   2.72409E-001   2.62633E+001   2.61269E+001   7.90778E+001   0.00000E+000   1.00000E+003   0.00000E+000
002800   2.73385E-001   2.63998E+001   2.62633E+001   7.89303E+001   0.00000E+000   1.00000E+003   0.00000E+000
002810   2.74361E-001   2.65362E+001   2.63998E+001   7.87839E+001   0.00000E+000   9.68188E+002   0.00000E+000
002820   2.75338E-001   2.65362E+001   2.63998E+001   7.90844E+001   0.00000E+000   1.00000E+003   0.00000E+000
002830   2.76314E-001   2.66726E+001   2.65362E+001   7.89353E+001   0.00000E+000   1.00000E+003   0.00000E+000
002840   2.77290E-001   2.68091E+001   2.66726E+001   7.87872E+001   0.00000E+000   1.00000E+003   0.00000E+000
002850   2.78267E-001   2.69455E+001   2.66726E+001   7.86402E+001   0.00000E+000   1.03142E+003   0.00000E+000
002860   2.79243E-001   2.69455E+001   2.68091E+001   7.89375E+001   0.00000E+000   1.00000E+003   0.00000E+000
002870   2.80220E-001   2.70819E+001   2.69455E+001   7.87878E+001   0.00000E+000   1.00000E+003   0.00000E+000
002880   2.81196E-001   2.72184E+001   2.70819E+001   7.86392E+001   0.00000E+000   9.97554E+002   0.00000E+000
002890   2.82172E-001   2.73548E+001   2.70819E+001   7.84918E+001   0.00000E+000   1.00000E+003   0.00000E+000
002900   2.83149E-001   2.73548E+001   2.72184E+001   7.87858E+001   0.00000E+000   1.00000E+003   0.00000E+000
002910   2.84125E-001   2.74912E+001   2.73548E+001   7.86357E+001   0.00000E+000   1.00598E+003   0.00000E+000
002920   2.85101E-001   2.76277E+001   2.73548E+001   7.84867E+001   0.00000E+000   1.00000E+003   0.00000E+000
002930   2.86078E-001   2.76277E+001   2.74912E+001   7.87812E+001   0.00000E+000   1.00000E+003   0.00000E+000
002940   2.87054E-001   2.77641E+001   2.76277E+001   7.86296E+001   5.64980E-005   9.70255E+002   0.00000E+000
002950   2.88031E-001   2.79005E+001   2.77641E+001   7.84792E+001   5.64741E-005   1.00000E+003   0.00000E+000
002960   2.89007E-001   2.80370E+001   2.77641E+001   7.83298E+001   5.64461E-005   1.00000E+003   0.00000E+000
002970   2.89983E-001   2.80370E+001   2.79005E+001   7.86211E+001   5.64153E-005   1.00000E+003   0.00000E+000
002980   2.90960E-001   2.81734E+001   2.80370E+001   7.84692E+001   5.63834E-005   1.03244E+003   0.00000E+000
002990   2.91936E-001   2.83098E+001   2.80370E+001   7.83184E+001   5.63520E-005   1.00000E+003   0.00000E+000
003000   2.92912E-001   2.83098E+001   2.81734E+001   7.86101E+001   5.63226E-005   1.00000E+003   0.00000E+000
003010   2.93889E-001   2.84463E+001   2.83098E+001   7.84568E+001   5.62962E-005   9.97568E+002   0.00000E+000
003020   2.94865E-001   2.85827E+001   2.84463E+001   7.83047E+001   5.62741E-005   1.00000E+003   0.00000E+000
003030   2.95842E-001   2.87191E+001   2.84463E+001   7.81537E+001   5.62569E-005   1.00000E+003   0.00000E+000
003040   2.96818E-001   2.87191E+001   2.85827E+001   7.84421E+001   5.62454E-005   1.00311E+003   0.00000E+000
003050   2.97794E-001   2.88556E+001   2.87191E+001   7.82886E+001   5.62401E-005   1.00000E+003   0.00000E+000
003060   2.98771E-001   2.89920E+001   2.87191E+001   7.81364E+001   5.62414E-005   1.00000E+003   0.00000E+000
003070   2.99747E-001   2.89920E+001   2.88556E+001   7.84250E+001   5.62495E-005   9.67993E+002   0.00000E+000
003080   3.00723E-001   2.91284E+001   2.89920E+001   7.82703E+001   5.62649E-005   1.00000E+003   0.00000E+000
003090   3.01700E-001   2.92649E+001   2.89920E+001   7.81167E+001   5.62876E-005   1.00000E+003   0.00000E+000
003100   3.02676E-001   2.94013E+001   2.91284E+001   7.79644E+001   5.63179E-005   9.75482E+002   0.00000E+000
003110   3.03653E-001   2.94013E+001   2.92649E+001   7.82497E+001   5.63561E-005   1.03027E+003   0.00000E+000
003120   3.04629E-001   2.95377E+001   2.94013E+001   7.80949E+001   5.64018E-005   1.00000E+003   0.00000E+000
003130   3.05605E-001   2.96742E+001   2.94013E+001   7.79413E+001   5.64614E-005   1.00000E+003   0.00000E+000
003140   3.06582E-001   2.96742E+001   2.95377E+001   7.82269E+001   5.65433E-005   1.03470E+003   0.00000E+000
003150   3.07558E-001   2.98106E+001   2.96742E+001   7.80709E+001   5.66537E-005   1.00000E+003   0.00000E+000
003160   3.08534E-001   2.99470E+001   2.96742E+001   7.79161E+001   5.67974E-005   1.00000E+003   0.00000E+000
003170   3.09511E-001   3.00835E+001   2.98106E+001   7.77625E+001   5.69787E-005   9.97789E+002   0.00000E+000
003180   3.10487E-001   3.00835E+001   2.99470E+001   7.80447E+001   5.72012E-005   1.00000E+003   0.00000E+000
003190   3.11464E-001   3.02199E+001   3.00835E+001   7.78888E+001   5.74686E-005   1.00000E+003   0.00000E+000
003200   3.12440E-001   3.03563E+001   3.00835E+001   7.77341E+001   5.77838E-005   1.00148E+003   0.00000E+000
003210   3.13416E-001   3.03563E+001   3.02199E+001   7.80163E+001   5.81492E-005   1.00000E+003   0.00000E+000
003220   3.14393E-001   3.04928E+001   3.03563E+001   7.78593E+001   5.85668E-005   1.00000E+003   0.00000E+000
003230   3.15369E-001   3.06292E+001   3.03563E+001   7.77035E+001   5.90369E-005   9.66675E+002   0.00000E+000
003240   3.16345E-001   3.07656E+001   3.04928E+001   7.75489E+001   5.95586E-005   1.00000E+003   0.00000E+000
003250   3.17322E-001   3.07656E+001   3.06292E+001   7.78278E+001   6.01291E-005   1.00000E+003   0.00000E+000
003260   3.18298E-001   3.09021E+001   3.06292E+001   7.76709E+001   6.07430E-005   9.69076E+002   0.00000E+000
003270   3.19275E-001   3.10385E+001   3.07656E+001   7.75153E+001   6.13920E-005   1.00000E+003   0.00000E+000
003280   3.20251E-001   3.10385E+001   3.09021E+001   7.77942E+001   6.20649E-005   1.00000E+003   0.00000E+000
003290   3.21227E-001   3.11749E+001   3.10385E+001   7.76363E+001   6.27471E-005   9.74445E+002   0.00000E+000
003300   3.22204E-001   3.13114E+001   3.10385E+001   7.74796E+001   6.34211E-005   1.03045E+003   0.00000E+000
003310   3.23180E-001   3.13114E+001   3.11749E+001   7.77585E+001   6.40665E-005   1.00000E+003   0.00000E+000
003320   3.24156E-001   3.14478E+001   3.13114E+001   7.75996E+001   6.46613E-005   1.00000E+003   0.00000E+000
003330   3.25133E-001   3.15842E+001   3.13114E+001   7.74420E+001   6.51818E-005   1.03305E+003   0.00000E+000
003340   3.26109E-001   3.17207E+001   3.14478E+001   7.72856E+001   6.56098E-005   1.00000E+003   0.00000E+000
003350   3.27086E-001   3.17207E+001   3.15842E+001   7.75610E+001   6.59596E-005   1.00000E+003   0.00000E+000
003360   3.28062E-001   3.18571E+001   3.15842E+001   7.74024E+001   6.62465E-005   1.03830E+003   0.00000E+000
003370   3.29038E-001   3.19935E+001   3.17207E+001   7.72451E+001   6.64823E-005   1.00000E+003   0.00000E+000
003380   3.30015E-001   3.19935E+001   3.18571E+001   7.75203E+001   6.66768E-005   1.00000E+003   0.00000E+000
003390   3.30991E-001   3.21300E+001   3.19935E+001   7.73608E+001   6.68374E-005   9.97751E+002   0.00000E+000
003400   3.31967E-001   3.22664E+001   3.19935E+001   7.72026E+001   6.69705E-005   1.00000E+003   0.00000E+000
003410   3.32944E-001   3.24028E+001   3.21300E+001   7.70456E+001   6.70809E-005   1.00000E+003   0.00000E+000
003420   3.33920E-001   3.24028E+001   3.22664E+001   7.73173E+001   6.71727E-005   9.99416E+002   0.00000E+000
003430   3.34897E-001   3.25393E+001   3.22664E+001   7.71582E+001   6.72491E-005   1.00000E+003   0.00000E+000
003440   3.35873E-001   3.26757E+001   3.24028E+001   7.70004E+001   6.73128E-005   1.00000E+003   0.00000E+000
003450   3.36849E-001   3.26757E+001   3.25393E+001   7.72719E+001   6.73660E-005   1.00193E+003   0.00000E+000
003460   3.37826E-001   3.28121E+001   3.25393E+001   7.71120E+001   6.74105E-005   1.00000E+003   0.00000E+000
003470   3.38802E-001   3.29486E+001   3.26757E+001   7.69533E+001   6.74479E-005   1.00000E+003   0.00000E+000
003480   3.39778E-001   3.29486E+001   3.28121E+001   7.72245E+001   6.74794E-005   1.00609E+003   0.00000E+000
003490   3.40755E-001   3.30850E+001   3.28121E+001   7.70638E+001   6.75060E-005   1.00000E+003   0.00000E+000
003500   3.41731E-001   3.32214E+001   3.29486E+001   7.69044E+001   6.75287E-005   1.00000E+003   0.00000E+000
003510   3.42708E-001   3.33579E+001   3.30850E+001   7.67462E+001   6.75482E-005   9.66757E+002   0.00000E+000
003520   3.43684E-001   3.33579E+001   3.32214E+001   7.70137E+001   6.75651E-005   1.00000E+003   0.00000E+000
003530   3.44660E-001   3.34943E+001   3.32214E+001   7.68536E+001   6.75801E-005   1.00000E+003   0.00000E+000
003540   3.45637E-001   3.36307E+001   3.33579E+001   7.66947E+001   6.75935E-005   9.67520E+002   0.00000E+000
003550   3.46613E-001   3.36307E+001   3.34943E+001   7.69618E+001   6.76059E-005   1.00000E+003   0.00000E+000
003560   3.47589E-001   3.37672E+001   3.34943E+001   7.68009E+001   6.76175E-005   1.00000E+003   0.00000E+000
003570   3.48566E-001   3.39036E+001   3.36307E+001   7.66413E+001   6.76288E-005   9.68347E+002   0.00000E+000
003580   3.49542E-001   3.39036E+001   3.37672E+001   7.69080E+001   6.76400E-005   1.00000E+003   0.00000E+000
003590   3.50519E-001   3.40400E+001   3.37672E+001   7.67464E+001   6.76514E-005   1.00000E+003   0.00000E+000
003600   3.51495E-001   3.41765E+001   3.39036E+001   7.65861E+001   6.76632E-005   9.69211E+002   0.00000E+000
003610   3.52471E-001   3.41765E+001   3.40400E+001   7.68524E+001   6.76758E-005   1.00000E+003   0.00000E+000
003620   3.53448E-001   3.43129E+001   3.40400E+001   7.66901E+001   6.76892E-005   1.00000E+003   0.00000E+000
003630   3.54424E-001   3.44493E+001   3.41765E+001   7.65292E+001   6.77037E-005   9.70038E+002   0.00000E+000
003640   3.55400E-001   3.45858E+001   3.43129E+001   7.63695E+001   6.77196E-005   1.02965E+003   0.00000E+000
003650   3.56377E-001   3.45858E+001   3.43129E+001   7.66320E+001   6.77369E-005   1.00000E+003   0.00000E+000
003660   3.57353E-001   3.47222E+001   3.44493E+001   7.64704E+001   6.77560E-005   9.70755E+002   0.00000E+000
003670   3.58330E-001   3.48586E+001   3.45858E+001   7.63102E+001   6.77769E-005   1.02997E+003   0.00000E+000
003680   3.59306E-001   3.48586E+001   3.47222E+001   7.65721E+001   6.77998E-005   1.00000E+003   0.00000E+000
003690   3.60282E-001   3.49951E+001   3.47222E+001   7.64099E+001   6.78249E-005   9.71262E+002   0.00000E+000
003700   3.61259E-001   3.51315E+001   3.48586E+001   7.62491E+001   6.78523E-005   1.03019E+003   0.00000E+000
003710   3.62235E-001   3.51315E+001   3.49951E+001   7.65104E+001   6.78822E-005   1.00000E+003   0.00000E+000
003720   3.63211E-001   3.52679E+001   3.49951E+001   7.63476E+001   6.79147E-005   9.71481E+002   0.00000E+000
003730   3.64188E-001   3.54044E+001   3.51315E+001   7.61862E+001   6.79499E-005   1.03031E+003   0.00000E+000
003740   3.65164E-001   3.54044E+001   3.52679E+001   7.64469E+001   6.79879E-005   1.00000E+003   0.00000E+000
003750   3.66141E-001   3.55408E+001   3.52679E+001   7.62836E+001   6.80287E-005   9.71383E+002   0.00000E+000
003760   3.67117E-001   3.56772E+001   3.54044E+001   7.61217E+001   6.80724E-005   1.03033E+003   0.00000E+000
003770   3.68093E-001   3.58137E+001   3.55408E+001   7.59610E+001   6.81189E-005   1.00000E+003   0.00000E+000
003780   3.69070E-001   3.58137E+001   3.55408E+001   7.62178E+001   6.81683E-005   9.70980E+002   0.00000E+000
003790   3.70046E-001   3.59501E+001   3.56772E+001   7.60554E+001   6.82205E-005   1.03022E+003   0.00000E+000
003800   3.71022E-001   3.60865E+001   3.58137E+001   7.58943E+001   6.82753E-005   1.00000E+003   0.00000E+000
003810   3.71999E-001   3.60865E+001   3.58137E+001   7.61503E+001   6.83327E-005   9.70369E+002   0.00000E+000
003820   3.72975E-001   3.62230E+001   3.59501E+001   7.59874E+001   6.83924E-005   1.03002E+003   0.00000E+000
003830   3.73952E-001   3.63594E+001   3.60865E+001   7.58258E+001   6.84544E-005   1.00000E+003   0.00000E+000
003840   3.74928E-001   3.63594E+001   3.60865E+001   7.60811E+001   6.85182E-005   9.69610E+002   0.00000E+000
003850   3.75904E-001   3.64958E+001   3.62230E+001   7.59177E+001   6.85838E-005   1.02972E+003   0.00000E+000
003860   3.76881E-001   3.66323E+001   3.63594E+001   7.57557E+001   6.86508E-005   1.00000E+003   0.00000E+000
003870   3.77857E-001   3.66323E+001   3.63594E+001   7.60101E+001   6.87190E-005   9.68815E+002   0.00000E+000
003880   3.78833E-001   3.67687E+001   3.64958E+001   7.58464E+001   6.87881E-005   1.02937E+003   0.00000E+000
003890   3.79810E-001   3.69051E+001   3.66323E+001   7.56839E+001   6.88578E-005   1.00000E+003   0.00000E+000
003900   3.80786E-001   3.69051E+001   3.66323E+001   7.59375E+001   6.89278E-005   9.68026E+002   0.00000E+000
003910   3.81763E-001   3.70416E+001   3.67687E+001   7.57733E+001   6.89977E-005   1.00000E+003   0.00000E+000
003920   3.82739E-001   3.71780E+001   3.69051E+001   7.56105E+001   6.90674E-005   1.00000E+003   0.00000E+000
003930   3.83715E-001   3.73144E+001   3.70416E+001   7.54490E+001   6.91364E-005   9.67278E+002   0.00000E+000
003940   3.84692E-001   3.73144E+001   3.70416E+001   7.56986E+001   6.92042E-005   1.00000E+003   0.00000E+000
003950   3.85668E-001   3.74509E+001   3.71780E+001   7.55355E+001   6.92707E-005   1.00000E+003   0.00000E+000
003960   3.86644E-001   3.75873E+001   3.73144E+001   7.53736E+001   6.93352E-005   9.66624E+002   0.00000E+000
003970   3.87621E-001   3.75873E+001   3.73144E+001   7.56223E+001   6.93974E-005   1.00000E+003   0.00000E+000
003980   3.88597E-001   3.77237E+001   3.74509E+001   7.54588E+001   6.94569E-005   1.00000E+003   0.00000E+000
003990   3.89574E-001   3.78602E+001   3.75873E+001   7.52966E+001   6.95134E-005   1.00511E+003   0.00000E+000
004000   3.90550E-001   3.78602E+001   3.75873E+001   7.55443E+001   6.95665E-005   1.00000E+003   0.00000E+000
004010   3.91526E-001   3.79966E+001   3.77237E+001   7.53805E+001   6.96161E-005   1.00000E+003   0.00000E+000
004020   3.92503E-001   3.81330E+001   3.78602E+001   7.52180E+001   6.96622E-005   1.00168E+003   0.00000E+000
004030   3.93479E-001   3.81330E+001   3.78602E+001   7.54647E+001   6.97045E-005   1.00000E+003   0.00000E+000
004040   3.94455E-001   3.82695E+001   3.79966E+001   7.53006E+001   6.97436E-005   1.00000E+003   0.00000E+000
004050   3.95432E-001   3.84059E+001   3.81330E+001   7.51378E+001   6.97786E-005   9.99487E+002   0.00000E+000
004060   3.96408E-001   3.84059E+001   3.81330E+001   7.53834E+001   6.98141E-005   1.00000E+003   0.00000E+000
004070   3.97385E-001   3.85423E+001   3.82695E+001   7.52191E+001   6.98546E-005   1.00000E+003   0.00000E+000
004080   3.98361E-001   3.86788E+001   3.84059E+001   7.50561E+001   6.98986E-005   9.97983E+002   0.00000E+000
004090   3.99337E-001   3.86788E+001   3.84059E+001   7.53006E+001   6.99374E-005   1.00000E+003   0.00000E+000
004100   4.00314E-001   3.88152E+001   3.85423E+001   7.51360E+001   6.99684E-005   1.00000E+003   0.00000E+000
004110   4.01290E-001   3.89516E+001   3.86788E+001   7.49728E+001   7.00065E-005   9.96897E+002   0.00000E+000
004120   4.02266E-001   3.89516E+001   3.86788E+001   7.52161E+001   7.00501E-005   1.00000E+003   0.00000E+000
004130   4.03243E-001   3.90880E+001   3.88152E+001   7.50514E+001   7.00977E-005   1.00000E+003   0.00000E+000
004140   4.04219E-001   3.92245E+001   3.89516E+001   7.48880E+001   7.01615E-005   1.03475E+003   0.00000E+000
004150   4.05196E-001   3.92245E+001   3.89516E+001   7.51301E+001   7.02214E-005   1.00000E+003   0.00000E+000
004160   4.06172E-001   3.93609E+001   3.90880E+001   7.49652E+001   7.03051E-005   9.73051E+002   0.00000E+000
004170   4.07148E-001   3.94973E+001   3.92245E+001   7.48016E+001   7.03800E-005   1.03170E+003   0.00000E+000
004180   4.08125E-001   3.94973E+001   3.92245E+001   7.50426E+001   7.04329E-005   1.00000E+003   0.00000E+000
004190   4.09101E-001   3.96338E+001   3.93609E+001   7.48775E+001   7.04732E-005   9.69114E+002   0.00000E+000
004200   4.10077E-001   3.97702E+001   3.94973E+001   7.47138E+001   7.05021E-005   1.02991E+003   0.00000E+000
004210   4.11054E-001   3.97702E+001   3.94973E+001   7.49535E+001   7.05314E-005   1.00000E+003   0.00000E+000
004220   4.12030E-001   3.99066E+001   3.96338E+001   7.47883E+001   7.05525E-005   9.67087E+002   0.00000E+000
004230   4.13007E-001   4.00431E+001   3.97702E+001   7.46244E+001   7.05759E-005   1.00000E+003   0.00000E+000
004240   4.13983E-001   4.01795E+001   3.97702E+001   7.44618E+001   7.05981E-005   1.00000E+003   0.00000E+000
004250   4.14959E-001   4.01795E+001   3.99066E+001   7.46975E+001   7.06174E-005   1.00393E+003   0.00000E+000
004260   4.15936E-001   4.03159E+001   4.00431E+001   7.45335E+001   7.06407E-005   1.00000E+003   0.00000E+000
004270   4.16912E-001   4.04524E+001   4.00431E+001   7.43709E+001   7.06579E-005   1.00000E+003   0.00000E+000
004280   4.17888E-001   4.04524E+001   4.01795E+001   7.46053E+001   7.06784E-005   9.99416E+002   0.00000E+000
004290   4.18865E-001   4.05888E+001   4.03159E+001   7.44412E+001   7.06981E-005   1.00000E+003   0.00000E+000
004300   4.19841E-001   4.07252E+001   4.03159E+001   7.42785E+001   7.07154E-005   1.00000E+003   0.00000E+000
004310   4.20818E-001   4.07252E+001   4.04524E+001   7.45116E+001   7.07366E-005   9.97259E+002   0.00000E+000
004320   4.21794E-001   4.08617E+001   4.05888E+001   7.43475E+001   7.07517E-005   1.00000E+003   0.00000E+000
004330   4.22770E-001   4.09981E+001   4.05888E+001   7.41847E+001   7.07703E-005   1.00000E+003   0.00000E+000
004340   4.23747E-001   4.09981E+001   4.07252E+001   7.44164E+001   7.07894E-005   1.03436E+003   0.00000E+000
004350   4.24723E-001   4.11345E+001   4.08617E+001   7.42523E+001   7.08044E-005   1.00000E+003   0.00000E+000
004360   4.25699E-001   4.12710E+001   4.08617E+001   7.40894E+001   7.08235E-005   9.70082E+002   0.00000E+000
004370   4.26676E-001   4.12710E+001   4.09981E+001   7.43198E+001   7.08371E-005   1.03071E+003   0.00000E+000
004380   4.27652E-001   4.14074E+001   4.11345E+001   7.41556E+001   7.08530E-005   1.00000E+003   0.00000E+000
004390   4.28629E-001   4.15438E+001   4.11345E+001   7.39928E+001   7.08703E-005   9.67048E+002   0.00000E+000
004400   4.29605E-001   4.15438E+001   4.12710E+001   7.42218E+001   7.08818E-005   1.00000E+003   0.00000E+000
004410   4.30581E-001   4.16803E+001   4.12710E+001   7.40576E+001   7.08977E-005   1.00000E+003   0.00000E+000
004420   4.31558E-001   4.18167E+001   4.14074E+001   7.38947E+001   7.09103E-005   1.00223E+003   0.00000E+000
004430   4.32534E-001   4.18167E+001   4.15438E+001   7.41224E+001   7.09227E-005   1.00000E+003   0.00000E+000
004440   4.33510E-001   4.19531E+001   4.15438E+001   7.39582E+001   7.09384E-005   1.00000E+003   0.00000E+000
004450   4.34487E-001   4.20896E+001   4.16803E+001   7.37953E+001   7.09471E-005   9.98098E+002   0.00000E+000
004460   4.35463E-001   4.20896E+001   4.18167E+001   7.40215E+001   7.09599E-005   1.00000E+003   0.00000E+000
004470   4.36440E-001   4.22260E+001   4.18167E+001   7.38574E+001   7.09716E-005   1.00000E+003   0.00000E+000
004480   4.37416E-001   4.23624E+001   4.19531E+001   7.36946E+001   7.09807E-005   1.03586E+003   0.00000E+000
004490   4.38392E-001   4.23624E+001   4.20896E+001   7.39193E+001   7.09937E-005   1.00000E+003   0.00000E+000
004500   4.39369E-001   4.24989E+001   4.20896E+001   7.37553E+001   7.10013E-005   9.69818E+002   0.00000E+000
004510   4.40345E-001   4.26353E+001   4.22260E+001   7.35925E+001   7.10113E-005   1.03083E+003   0.00000E+000
004520   4.41321E-001   4.26353E+001   4.23624E+001   7.38158E+001   7.10227E-005   1.00000E+003   0.00000E+000
004530   4.42298E-001   4.27717E+001   4.23624E+001   7.36518E+001   7.10285E-005   9.66576E+002   0.00000E+000
004540   4.43274E-001   4.27717E+001   4.24989E+001   7.38761E+001   7.10389E-005   1.00000E+003   0.00000E+000
004550   4.44251E-001   4.29082E+001   4.26353E+001   7.37109E+001   7.10473E-005   1.00000E+003   0.00000E+000
004560   4.45227E-001   4.30446E+001   4.26353E+001   7.35470E+001   7.10543E-005   1.00012E+003   0.00000E+000
004570   4.46203E-001   4.30446E+001   4.27717E+001   7.37698E+001   7.10650E-005   1.00000E+003   0.00000E+000
004580   4.47180E-001   4.31810E+001   4.29082E+001   7.36047E+001   7.10695E-005   1.00000E+003   0.00000E+000
004590   4.48156E-001   4.33175E+001   4.29082E+001   7.34409E+001   7.10773E-005   9.96937E+002   0.00000E+000
004600   4.49132E-001   4.33175E+001   4.30446E+001   7.36621E+001   7.10868E-005   1.00000E+003   0.00000E+000
004610   4.50109E-001   4.34539E+001   4.31810E+001   7.34971E+001   7.10906E-005   9.71348E+002   0.00000E+000
004620   4.51085E-001   4.35903E+001   4.31810E+001   7.33335E+001   7.10988E-005   1.03197E+003   0.00000E+000
004630   4.52062E-001   4.35903E+001   4.33175E+001   7.35532E+001   7.11038E-005   1.00000E+003   0.00000E+000
004640   4.53038E-001   4.37268E+001   4.34539E+001   7.33883E+001   7.11090E-005   9.66814E+002   0.00000E+000
004650   4.54014E-001   4.38632E+001   4.34539E+001   7.32249E+001   7.11176E-005   1.00000E+003   0.00000E+000
004660   4.54991E-001   4.38632E+001   4.35903E+001   7.34429E+001   7.11203E-005   1.00000E+003   0.00000E+000
004670   4.55967E-001   4.39996E+001   4.35903E+001   7.32783E+001   7.11262E-005   1.00022E+003   0.00000E+000
004680   4.56943E-001   4.41361E+001   4.37268E+001   7.31150E+001   7.11337E-005   1.00000E+003   0.00000E+000
004690   4.57920E-001   4.41361E+001   4.38632E+001   7.33314E+001   7.11356E-005   1.00000E+003   0.00000E+000
004700   4.58896E-001   4.42725E+001   4.38632E+001   7.31670E+001   7.11420E-005   1.04002E+003   0.00000E+000
004710   4.59873E-001   4.44089E+001   4.39996E+001   7.30038E+001   7.11464E-005   1.00000E+003   0.00000E+000
004720   4.60849E-001   4.44089E+001   4.41361E+001   7.32187E+001   7.11496E-005   9.69712E+002   0.00000E+000
004730   4.61825E-001   4.45454E+001   4.41361E+001   7.30544E+001   7.11564E-005   1.03126E+003   0.00000E+000
004740   4.62802E-001   4.46818E+001   4.42725E+001   7.28915E+001   7.11581E-005   1.00000E+003   0.00000E+000
004750   4.63778E-001   4.46818E+001   4.44089E+001   7.31047E+001   7.11622E-005   1.00715E+003   0.00000E+000
004760   4.64754E-001   4.48182E+001   4.44089E+001   7.29407E+001   7.11692E-005   1.00000E+003   0.00000E+000
004770   4.65731E-001   4.49547E+001   4.45454E+001   7.27780E+001   7.11687E-005   1.00000E+003   0.00000E+000
004780   4.66707E-001   4.49547E+001   4.46818E+001   7.29895E+001   7.11733E-005   9.98364E+002   0.00000E+000
004790   4.67684E-001   4.50911E+001   4.46818E+001   7.28257E+001   7.11769E-005   1.00000E+003   0.00000E+000
004800   4.68660E-001   4.52275E+001   4.48182E+001   7.26632E+001   7.11781E-005   9.74244E+002   0.00000E+000
004810   4.69636E-001   4.52275E+001   4.49547E+001   7.28732E+001   7.11832E-005   1.03412E+003   0.00000E+000
004820   4.70613E-001   4.53640E+001   4.49547E+001   7.27096E+001   7.11840E-005   1.00000E+003   0.00000E+000
004830   4.71589E-001   4.53640E+001   4.50911E+001   7.29202E+001   7.11863E-005   9.67010E+002   0.00000E+000
004840   4.72565E-001   4.55004E+001   4.50911E+001   7.27556E+001   7.11918E-005   1.00000E+003   0.00000E+000
004850   4.73542E-001   4.56368E+001   4.52275E+001   7.25923E+001   7.11904E-005   1.00000E+003   0.00000E+000
004860   4.74518E-001   4.56368E+001   4.53640E+001   7.28013E+001   7.11934E-005   9.99906E+002   0.00000E+000
004870   4.75495E-001   4.57733E+001   4.53640E+001   7.26369E+001   7.11980E-005   1.00000E+003   0.00000E+000
004880   4.76471E-001   4.59097E+001   4.55004E+001   7.24739E+001   7.11971E-005   1.00000E+003   0.00000E+000
004890   4.77447E-001   4.59097E+001   4.56368E+001   7.26812E+001   7.12006E-005   1.03686E+003   0.00000E+000
004900   4.78424E-001   4.60461E+001   4.56368E+001   7.25171E+001   7.12020E-005   1.00000E+003   0.00000E+000
004910   4.79400E-001   4.61826E+001   4.57733E+001   7.23544E+001   7.12024E-005   9.67583E+002   0.00000E+000
004920   4.80376E-001   4.61826E+001   4.59097E+001   7.25599E+001   7.12064E-005   1.03011E+003   0.00000E+000
004930   4.81353E-001   4.63190E+001   4.59097E+001   7.23962E+001   7.12065E-005   1.00000E+003   0.00000E+000
004940   4.82329E-001   4.64554E+001   4.60461E+001   7.22338E+001   7.12077E-005   1.00062E+003   0.00000E+000
004950   4.83306E-001   4.64554E+001   4.60461E+001   7.24375E+001   7.12121E-005   1.00000E+003   0.00000E+000
004960   4.84282E-001   4.65919E+001   4.61826E+001   7.22742E+001   7.12096E-005   1.00000E+003   0.00000E+000
004970   4.85258E-001   4.67283E+001   4.63190E+001   7.21121E+001   7.12115E-005   1.03763E+003   0.00000E+000
004980   4.86235E-001   4.67283E+001   4.63190E+001   7.23141E+001   7.12149E-005   1.00000E+003   0.00000E+000
004990   4.87211E-001   4.68647E+001   4.64554E+001   7.21510E+001   7.12128E-005   9.67444E+002   0.00000E+000
005000   4.88187E-001   4.68647E+001   4.65919E+001   7.23536E+001   7.12152E-005   1.03011E+003   0.00000E+000
005010   4.89164E-001   4.70012E+001   4.65919E+001   7.21896E+001   7.12166E-005   1.00000E+003   0.00000E+000
005020   4.90140E-001   4.71376E+001   4.67283E+001   7.20269E+001   7.12156E-005   1.00005E+003   0.00000E+000
005030   4.91117E-001   4.71376E+001   4.68647E+001   7.22276E+001   7.12185E-005   1.00000E+003   0.00000E+000
005040   4.92093E-001   4.72740E+001   4.68647E+001   7.20640E+001   7.12182E-005   9.75706E+002   0.00000E+000
005050   4.93069E-001   4.74105E+001   4.70012E+001   7.19017E+001   7.12180E-005   1.03580E+003   0.00000E+000
005060   4.94046E-001   4.74105E+001   4.70012E+001   7.21006E+001   7.12211E-005   1.00000E+003   0.00000E+000
005070   4.95022E-001   4.75469E+001   4.71376E+001   7.19374E+001   7.12193E-005   9.66686E+002   0.00000E+000
005080   4.95998E-001   4.76833E+001   4.72740E+001   7.17754E+001   7.12196E-005   1.00000E+003   0.00000E+000
005090   4.96975E-001   4.76833E+001   4.72740E+001   7.19726E+001   7.12229E-005   1.00000E+003   0.00000E+000
005100   4.97951E-001   4.78198E+001   4.74105E+001   7.18097E+001   7.12195E-005   9.98632E+002   0.00000E+000
005110   4.98928E-001   4.79562E+001   4.75469E+001   7.16482E+001   7.12203E-005   1.00000E+003   0.00000E+000
005120   4.99904E-001   4.79562E+001   4.75469E+001   7.18435E+001   7.12224E-005   9.70958E+002   0.00000E+000
005130   5.00880E-001   4.80926E+001   4.76833E+001   7.16811E+001   7.12189E-005   1.03300E+003   0.00000E+000
005140   5.01857E-001   4.80926E+001   4.78198E+001   7.18768E+001   7.12200E-005   1.00000E+003   0.00000E+000
005150   5.02833E-001   4.82291E+001   4.78198E+001   7.17135E+001   7.12198E-005   1.00518E+003   0.00000E+000
005160   5.03809E-001   4.83655E+001   4.79562E+001   7.15514E+001   7.12173E-005   1.00000E+003   0.00000E+000
005170   5.04786E-001   4.83655E+001   4.79562E+001   7.17453E+001   7.12185E-005   1.00000E+003   0.00000E+000
005180   5.05762E-001   4.85019E+001   4.80926E+001   7.15824E+001   7.12163E-005   9.97102E+002   0.00000E+000
005190   5.06739E-001   4.86384E+001   4.82291E+001   7.14208E+001   7.12143E-005   1.00000E+003   0.00000E+000
005200   5.07715E-001   4.86384E+001   4.82291E+001   7.16128E+001   7.12156E-005   9.67724E+002   0.00000E+000
005210   5.08691E-001   4.87748E+001   4.83655E+001   7.14504E+001   7.12127E-005   1.03058E+003   0.00000E+000
005220   5.09668E-001   4.89112E+001   4.85019E+001   7.12892E+001   7.12108E-005   1.00000E+003   0.00000E+000
005230   5.10644E-001   4.89112E+001   4.85019E+001   7.14794E+001   7.12118E-005   9.99678E+002   0.00000E+000
005240   5.11620E-001   4.90477E+001   4.86384E+001   7.13174E+001   7.12066E-005   1.00000E+003   0.00000E+000
005250   5.12597E-001   4.90477E+001   4.86384E+001   7.15078E+001   7.12046E-005   9.71822E+002   0.00000E+000
005260   5.13573E-001   4.91841E+001   4.87748E+001   7.13450E+001   7.12052E-005   1.03392E+003   0.00000E+000
005270   5.14550E-001   4.93205E+001   4.89112E+001   7.11834E+001   7.11989E-005   1.00000E+003   0.00000E+000
005280   5.15526E-001   4.93205E+001   4.89112E+001   7.13720E+001   7.11965E-005   1.00523E+003   0.00000E+000
005290   5.16502E-001   4.94570E+001   4.90477E+001   7.12096E+001   7.11964E-005   1.00000E+003   0.00000E+000
005300   5.17479E-001   4.95934E+001   4.91841E+001   7.10486E+001   7.11889E-005   1.00000E+003   0.00000E+000
005310   5.18455E-001   4.95934E+001   4.91841E+001   7.12352E+001   7.11860E-005   9.96904E+002   0.00000E+000
005320   5.19431E-001   4.97298E+001   4.93205E+001   7.10733E+001   7.11841E-005   1.00000E+003   0.00000E+000
005330   5.20408E-001   4.98663E+001   4.94570E+001   7.09128E+001   7.11765E-005   9.67013E+002   0.00000E+000
005340   5.21384E-001   4.98663E+001   4.94570E+001   7.10974E+001   7.11732E-005   1.03006E+003   0.00000E+000
005350   5.22361E-001   5.00027E+001   4.95934E+001   7.09361E+001   7.11696E-005   1.00000E+003   0.00000E+000
005360   5.23337E-001   5.00027E+001   4.95934E+001   7.11209E+001   7.11621E-005   9.98360E+002   0.00000E+000
005370   5.24313E-001   5.01391E+001   4.97298E+001   7.09587E+001   7.11586E-005   1.00000E+003   0.00000E+000
005380   5.25290E-001   5.02756E+001   4.98663E+001   7.07979E+001   7.11537E-005   9.68789E+002   0.00000E+000
005390   5.26266E-001   5.02756E+001   4.98663E+001   7.09807E+001   7.11464E-005   1.03169E+003   0.00000E+000
005400   5.27242E-001   5.04120E+001   5.00027E+001   7.08191E+001   7.11428E-005   1.00000E+003   0.00000E+000
005410   5.28219E-001   5.05484E+001   5.00027E+001   7.06588E+001   7.11367E-005   1.00035E+003   0.00000E+000
005420   5.29195E-001   5.05484E+001   5.01391E+001   7.08397E+001   7.11297E-005   1.00000E+003   0.00000E+000
005430   5.30172E-001   5.06849E+001   5.02756E+001   7.06786E+001   7.11261E-005   9.71267E+002   0.00000E+000
005440   5.31148E-001   5.06849E+001   5.02756E+001   7.08596E+001   7.11203E-005   1.03388E+003   0.00000E+000
005450   5.32124E-001   5.08213E+001   5.04120E+001   7.06978E+001   7.11132E-005   1.00000E+003   0.00000E+000
005460   5.33101E-001   5.09577E+001   5.05484E+001   7.05373E+001   7.11096E-005   1.00303E+003   0.00000E+000
005470   5.34077E-001   5.09577E+001   5.05484E+001   7.07162E+001   7.11025E-005   1.00000E+003   0.00000E+000
005480   5.35053E-001   5.10942E+001   5.06849E+001   7.05550E+001   7.10955E-005   9.74638E+002   0.00000E+000
005490   5.36030E-001   5.12306E+001   5.06849E+001   7.03950E+001   7.10918E-005   1.03675E+003   0.00000E+000
005500   5.37006E-001   5.12306E+001   5.08213E+001   7.05720E+001   7.10848E-005   1.00000E+003   0.00000E+000
005510   5.37983E-001   5.13670E+001   5.09577E+001   7.04113E+001   7.10779E-005   1.00650E+003   0.00000E+000
005520   5.38959E-001   5.15035E+001   5.09577E+001   7.02519E+001   7.10741E-005   1.00000E+003   0.00000E+000
005530   5.39935E-001   5.15035E+001   5.10942E+001   7.04268E+001   7.10671E-005   1.00000E+003   0.00000E+000
005540   5.40912E-001   5.16399E+001   5.12306E+001   7.02668E+001   7.10601E-005   1.04020E+003   0.00000E+000
005550   5.41888E-001   5.16399E+001   5.12306E+001   7.04417E+001   7.10563E-005   1.00000E+003   0.00000E+000
005560   5.42864E-001   5.17763E+001   5.13670E+001   7.02809E+001   7.10491E-005   9.66302E+002   0.00000E+000
005570   5.43841E-001   5.19128E+001   5.13670E+001   7.01214E+001   7.10419E-005   1.00000E+003   0.00000E+000
005580   5.44817E-001   5.19128E+001   5.15035E+001   7.02943E+001   7.10379E-005   1.00000E+003   0.00000E+000
005590   5.45794E-001   5.20492E+001   5.16399E+001   7.01341E+001   7.10306E-005   9.97098E+002   0.00000E+000
005600   5.46770E-001   5.20492E+001   5.16399E+001   7.03070E+001   7.10233E-005   1.00000E+003   0.00000E+000
005610   5.47746E-001   5.21856E+001   5.17763E+001   7.01461E+001   7.10192E-005   9.66551E+002   0.00000E+000
005620   5.48723E-001   5.23220E+001   5.17763E+001   6.99866E+001   7.10116E-005   1.02976E+003   0.00000E+000
005630   5.49699E-001   5.23220E+001   5.19128E+001   7.01574E+001   7.10042E-005   1.00000E+003   0.00000E+000
005640   5.50675E-001   5.24585E+001   5.20492E+001   6.99972E+001   7.10000E-005   9.97275E+002   0.00000E+000
005650   5.51652E-001   5.25949E+001   5.20492E+001   6.98382E+001   7.09935E-005   1.00000E+003   0.00000E+000
005660   5.52628E-001   5.25949E+001   5.21856E+001   7.00070E+001   7.09859E-005   9.66638E+002   0.00000E+000
005670   5.53605E-001   5.27313E+001   5.23220E+001   6.98474E+001   7.09815E-005   1.02986E+003   0.00000E+000
005680   5.54581E-001   5.27313E+001   5.23220E+001   7.00162E+001   7.09745E-005   1.00000E+003   0.00000E+000
005690   5.55557E-001   5.28678E+001   5.24585E+001   6.98559E+001   7.09666E-005   9.97270E+002   0.00000E+000
005700   5.56534E-001   5.30042E+001   5.24585E+001   6.96969E+001   7.09621E-005   1.00000E+003   0.00000E+000
005710   5.57510E-001   5.30042E+001   5.25949E+001   6.98637E+001   7.09561E-005   9.66524E+002   0.00000E+000
005720   5.58486E-001   5.31406E+001   5.27313E+001   6.97040E+001   7.09477E-005   1.02976E+003   0.00000E+000
005730   5.59463E-001   5.32771E+001   5.27313E+001   6.95457E+001   7.09430E-005   1.00000E+003   0.00000E+000
005740   5.60439E-001   5.32771E+001   5.28678E+001   6.97104E+001   7.09379E-005   9.97086E+002   0.00000E+000
005750   5.61416E-001   5.34135E+001   5.28678E+001   6.95515E+001   7.09290E-005   1.00000E+003   0.00000E+000
005760   5.62392E-001   5.34135E+001   5.30042E+001   6.97161E+001   7.09240E-005   9.66265E+002   0.00000E+000
005770   5.63368E-001   5.35499E+001   5.31406E+001   6.95565E+001   7.09198E-005   1.02951E+003   0.00000E+000
005780   5.64345E-001   5.36864E+001   5.31406E+001   6.93982E+001   7.09102E-005   1.00000E+003   0.00000E+000
005790   5.65321E-001   5.36864E+001   5.32771E+001   6.95608E+001   7.09049E-005   1.04005E+003   0.00000E+000
005800   5.66297E-001   5.38228E+001   5.34135E+001   6.94019E+001   7.09019E-005   1.00000E+003   0.00000E+000
005810   5.67274E-001   5.38228E+001   5.34135E+001   6.95645E+001   7.08913E-005   1.00567E+003   0.00000E+000
005820   5.68250E-001   5.39592E+001   5.35499E+001   6.94049E+001   7.08858E-005   1.00000E+003   0.00000E+000
005830   5.69227E-001   5.40957E+001   5.35499E+001   6.92466E+001   7.08826E-005   9.73201E+002   0.00000E+000
005840   5.70203E-001   5.40957E+001   5.36864E+001   6.94072E+001   7.08736E-005   1.03676E+003   0.00000E+000
005850   5.71179E-001   5.42321E+001   5.38228E+001   6.92483E+001   7.08676E-005   1.00000E+003   0.00000E+000
005860   5.72156E-001   5.43685E+001   5.38228E+001   6.90908E+001   7.08641E-005   1.00257E+003   0.00000E+000
005870   5.73132E-001   5.43685E+001   5.39592E+001   6.92493E+001   7.08565E-005   1.00000E+003   0.00000E+000
005880   5.74108E-001   5.45050E+001   5.39592E+001   6.90911E+001   7.08499E-005   9.70457E+002   0.00000E+000
005890   5.75085E-001   5.45050E+001   5.40957E+001   6.92496E+001   7.08460E-005   1.03405E+003   0.00000E+000
005900   5.76061E-001   5.46414E+001   5.42321E+001   6.90908E+001   7.08397E-005   1.00000E+003   0.00000E+000
005910   5.77038E-001   5.47778E+001   5.42321E+001   6.89333E+001   7.08323E-005   1.00020E+003   0.00000E+000
005920   5.78014E-001   5.47778E+001   5.43685E+001   6.90898E+001   7.08280E-005   1.00000E+003   0.00000E+000
005930   5.78990E-001   5.49143E+001   5.43685E+001   6.89317E+001   7.08232E-005   9.68433E+002   0.00000E+000
005940   5.79967E-001   5.49143E+001   5.45050E+001   6.90881E+001   7.08145E-005   1.03195E+003   0.00000E+000
005950   5.80943E-001   5.50507E+001   5.46414E+001   6.89295E+001   7.08097E-005   1.00000E+003   0.00000E+000
005960   5.81919E-001   5.51871E+001   5.46414E+001   6.87721E+001   7.08070E-005   9.98426E+002   0.00000E+000
005970   5.82896E-001   5.51871E+001   5.47778E+001   6.89265E+001   7.07967E-005   1.00000E+003   0.00000E+000
005980   5.83872E-001   5.53236E+001   5.47778E+001   6.87686E+001   7.07914E-005   9.66977E+002   0.00000E+000
005990   5.84849E-001   5.53236E+001   5.49143E+001   6.89229E+001   7.07883E-005   1.03037E+003   0.00000E+000
006000   5.85825E-001   5.54600E+001   5.50507E+001   6.87644E+001   7.07800E-005   1.00000E+003   0.00000E+000
006010   5.86801E-001   5.55964E+001   5.50507E+001   6.86072E+001   7.07738E-005   9.97112E+002   0.00000E+000
006020   5.87778E-001   5.55964E+001   5.51871E+001   6.87595E+001   7.07702E-005   1.00000E+003   0.00000E+000
006030   5.88754E-001   5.57329E+001   5.51871E+001   6.86017E+001   7.07640E-005   1.00523E+003   0.00000E+000
006040   5.89730E-001   5.58693E+001   5.53236E+001   6.84453E+001   7.07567E-005   1.00000E+003   0.00000E+000
006050   5.90707E-001   5.58693E+001   5.54600E+001   6.85957E+001   7.07524E-005   9.71156E+002   0.00000E+000
006060   5.91683E-001   5.60057E+001   5.54600E+001   6.84386E+001   7.07487E-005   1.03523E+003   0.00000E+000
006070   5.92660E-001   5.60057E+001   5.55964E+001   6.85890E+001   7.07396E-005   1.00000E+003   0.00000E+000
006080   5.93636E-001   5.61422E+001   5.55964E+001   6.84314E+001   7.07345E-005   1.00022E+003   0.00000E+000
006090   5.94612E-001   5.62786E+001   5.57329E+001   6.82751E+001   7.07316E-005   1.00000E+003   0.00000E+000
006100   5.95589E-001   5.62786E+001   5.58693E+001   6.84235E+001   7.07225E-005   9.67950E+002   0.00000E+000
006110   5.96565E-001   5.64150E+001   5.58693E+001   6.82666E+001   7.07164E-005   1.03155E+003   0.00000E+000
006120   5.97541E-001   5.64150E+001   5.60057E+001   6.84149E+001   7.07128E-005   1.00000E+003   0.00000E+000
006130   5.98518E-001   5.65515E+001   5.60057E+001   6.82575E+001   7.07067E-005   9.97735E+002   0.00000E+000
006140   5.99494E-001   5.66879E+001   5.61422E+001   6.81014E+001   7.06992E-005   1.00000E+003   0.00000E+000
006150   6.00471E-001   5.66879E+001   5.62786E+001   6.82478E+001   7.06948E-005   9.66194E+002   0.00000E+000
006160   6.01447E-001   5.68243E+001   5.62786E+001   6.80912E+001   7.06921E-005   1.02955E+003   0.00000E+000
006170   6.02423E-001   5.68243E+001   5.64150E+001   6.82375E+001   7.06823E-005   9.71578E+002   0.00000E+000
006180   6.03400E-001   5.69608E+001   5.64150E+001   6.80803E+001   7.06768E-005   1.03605E+003   0.00000E+000
006190   6.04376E-001   5.70972E+001   5.65515E+001   6.79244E+001   7.06735E-005   1.00000E+003   0.00000E+000
006200   6.05352E-001   5.70972E+001   5.66879E+001   6.80688E+001   7.06656E-005   1.00018E+003   0.00000E+000
006210   6.06329E-001   5.72336E+001   5.66879E+001   6.79124E+001   7.06587E-005   1.00000E+003   0.00000E+000
006220   6.07305E-001   5.72336E+001   5.68243E+001   6.80568E+001   7.06545E-005   9.67614E+002   0.00000E+000
006230   6.08282E-001   5.73701E+001   5.68243E+001   6.78998E+001   7.06507E-005   1.03128E+003   0.00000E+000
006240   6.09258E-001   5.75065E+001   5.69608E+001   6.77442E+001   7.06415E-005   1.00000E+003   0.00000E+000
006250   6.10234E-001   5.75065E+001   5.70972E+001   6.78866E+001   7.06362E-005   9.97321E+002   0.00000E+000
006260   6.11211E-001   5.76429E+001   5.70972E+001   6.77305E+001   7.06329E-005   1.00000E+003   0.00000E+000
006270   6.12187E-001   5.76429E+001   5.72336E+001   6.78729E+001   7.06252E-005   1.00390E+003   0.00000E+000
006280   6.13163E-001   5.77794E+001   5.72336E+001   6.77162E+001   7.06183E-005   1.00000E+003   0.00000E+000
006290   6.14140E-001   5.79158E+001   5.73701E+001   6.75608E+001   7.06141E-005   9.69313E+002   0.00000E+000
006300   6.15116E-001   5.79158E+001   5.75065E+001   6.77013E+001   7.06100E-005   1.03350E+003   0.00000E+000
006310   6.16093E-001   5.80522E+001   5.75065E+001   6.75454E+001   7.06006E-005   1.00000E+003   0.00000E+000
006320   6.17069E-001   5.80522E+001   5.76429E+001   6.76859E+001   7.05952E-005   9.98441E+002   0.00000E+000
006330   6.18045E-001   5.81887E+001   5.76429E+001   6.75295E+001   7.05917E-005   1.00000E+003   0.00000E+000
006340   6.19022E-001   5.83251E+001   5.77794E+001   6.73744E+001   7.05899E-005   9.66355E+002   0.00000E+000
006350   6.19998E-001   5.83251E+001   5.77794E+001   6.75130E+001   7.05823E-005   1.02985E+003   0.00000E+000
006360   6.20974E-001   5.84615E+001   5.79158E+001   6.73574E+001   7.05834E-005   9.71000E+002   0.00000E+000
006370   6.21951E-001   5.84615E+001   5.80522E+001   6.74960E+001   7.05912E-005   1.03604E+003   0.00000E+000
006380   6.22927E-001   5.85980E+001   5.80522E+001   6.73399E+001   7.05991E-005   1.00000E+003   0.00000E+000
006390   6.23904E-001   5.87344E+001   5.81887E+001   6.71851E+001   7.06067E-005   9.99409E+002   0.00000E+000
006400   6.24880E-001   5.87344E+001   5.81887E+001   6.73218E+001   7.06045E-005   1.00000E+003   0.00000E+000
006410   6.25856E-001   5.88708E+001   5.83251E+001   6.71665E+001   7.06021E-005   9.66619E+002   0.00000E+000
006420   6.26833E-001   5.88708E+001   5.84615E+001   6.73032E+001   7.06028E-005   1.03062E+003   0.00000E+000
006430   6.27809E-001   5.90073E+001   5.84615E+001   6.71474E+001   7.06051E-005   9.72025E+002   0.00000E+000
006440   6.28785E-001   5.90073E+001   5.85980E+001   6.72841E+001   7.06082E-005   1.03815E+003   0.00000E+000
006450   6.29762E-001   5.91437E+001   5.85980E+001   6.71277E+001   7.06119E-005   1.00000E+003   0.00000E+000
006460   6.30738E-001   5.92801E+001   5.87344E+001   6.69728E+001   7.06158E-005   9.99946E+002   0.00000E+000
006470   6.31715E-001   5.92801E+001   5.88708E+001   6.71076E+001   7.06198E-005   1.00000E+003   0.00000E+000
006480   6.32691E-001   5.94166E+001   5.88708E+001   6.69521E+001   7.06239E-005   9.66635E+002   0.00000E+000
006490   6.33667E-001   5.94166E+001   5.90073E+001   6.70869E+001   7.06280E-005   1.03101E+003   0.00000E+000
006500   6.34644E-001   5.95530E+001   5.90073E+001   6.69309E+001   7.06321E-005   9.71994E+002   0.00000E+000
006510   6.35620E-001   5.96894E+001   5.91437E+001   6.67763E+001   7.06360E-005   1.03873E+003   0.00000E+000
006520   6.36596E-001   5.96894E+001   5.91437E+001   6.69092E+001   7.06399E-005   1.00000E+003   0.00000E+000
006530   6.37573E-001   5.98259E+001   5.92801E+001   6.67542E+001   7.06436E-005   9.99844E+002   0.00000E+000
006540   6.38549E-001   5.98259E+001   5.94166E+001   6.68871E+001   7.06472E-005   1.00000E+003   0.00000E+000
006550   6.39526E-001   5.99623E+001   5.94166E+001   6.67315E+001   7.06507E-005   9.66383E+002   0.00000E+000
006560   6.40502E-001   6.00987E+001   5.95530E+001   6.65773E+001   7.06540E-005   1.03092E+003   0.00000E+000
006570   6.41478E-001   6.00987E+001   5.95530E+001   6.67083E+001   7.06572E-005   9.70911E+002   0.00000E+000
006580   6.42455E-001   6.02352E+001   5.96894E+001   6.65536E+001   7.06603E-005   1.03748E+003   0.00000E+000
006590   6.43431E-001   6.02352E+001   5.98259E+001   6.66847E+001   7.06633E-005   1.00000E+003   0.00000E+000
006600   6.44407E-001   6.03716E+001   5.98259E+001   6.65295E+001   7.06661E-005   9.99167E+002   0.00000E+000
006610   6.45384E-001   6.03716E+001   5.99623E+001   6.66606E+001   7.06687E-005   1.00000E+003   0.00000E+000
006620   6.46360E-001   6.05080E+001   5.99623E+001   6.65049E+001   7.06713E-005   9.65946E+002   0.00000E+000
006630   6.47337E-001   6.06445E+001   6.00987E+001   6.63506E+001   7.06737E-005   1.03041E+003   0.00000E+000
006640   6.48313E-001   6.06445E+001   6.00987E+001   6.64799E+001   7.06760E-005   9.69313E+002   0.00000E+000
006650   6.49289E-001   6.07809E+001   6.02352E+001   6.63251E+001   7.06781E-005   1.03522E+003   0.00000E+000
006660   6.50266E-001   6.07809E+001   6.03716E+001   6.64543E+001   7.06801E-005   1.00000E+003   0.00000E+000
006670   6.51242E-001   6.09173E+001   6.03716E+001   6.62991E+001   7.06820E-005   9.98177E+002   0.00000E+000
006680   6.52218E-001   6.10538E+001   6.05080E+001   6.61452E+001   7.06837E-005   1.00000E+003   0.00000E+000
006690   6.53195E-001   6.10538E+001   6.05080E+001   6.62726E+001   7.06853E-005   1.00407E+003   0.00000E+000
006700   6.54171E-001   6.11902E+001   6.06445E+001   6.61183E+001   7.06867E-005   1.00000E+003   0.00000E+000
006710   6.55148E-001   6.11902E+001   6.06445E+001   6.62457E+001   7.06880E-005   9.67730E+002   0.00000E+000
006720   6.56124E-001   6.13266E+001   6.07809E+001   6.60909E+001   7.06891E-005   1.03290E+003   0.00000E+000
006730   6.57100E-001   6.13266E+001   6.09173E+001   6.62183E+001   7.06901E-005   9.74468E+002   0.00000E+000
006740   6.58077E-001   6.14631E+001   6.09173E+001   6.60631E+001   7.06909E-005   9.97136E+002   0.00000E+000
006750   6.59053E-001   6.15995E+001   6.10538E+001   6.59092E+001   7.06916E-005   1.00000E+003   0.00000E+000
006760   6.60029E-001   6.15995E+001   6.10538E+001   6.60348E+001   7.06921E-005   1.00053E+003   0.00000E+000
006770   6.61006E-001   6.17359E+001   6.11902E+001   6.58805E+001   7.06925E-005   1.00000E+003   0.00000E+000
006780   6.61982E-001   6.17359E+001   6.13266E+001   6.60061E+001   7.06928E-005   9.66408E+002   0.00000E+000
006790   6.62959E-001   6.18724E+001   6.13266E+001   6.58513E+001   7.06929E-005   1.03095E+003   0.00000E+000
006800   6.63935E-001   6.20088E+001   6.14631E+001   6.56979E+001   7.06929E-005   9.69741E+002   0.00000E+000
006810   6.64911E-001   6.20088E+001   6.14631E+001   6.58217E+001   7.06928E-005   1.03608E+003   0.00000E+000
006820   6.65888E-001   6.21452E+001   6.15995E+001   6.56679E+001   7.06926E-005   1.00000E+003   0.00000E+000
006830   6.66864E-001   6.21452E+001   6.15995E+001   6.57917E+001   7.06923E-005   9.98184E+002   0.00000E+000
006840   6.67840E-001   6.22817E+001   6.17359E+001   6.56374E+001   7.06920E-005   1.00000E+003   0.00000E+000
006850   6.68817E-001   6.22817E+001   6.18724E+001   6.57612E+001   7.06915E-005   1.00296E+003   0.00000E+000
006860   6.69793E-001   6.24181E+001   6.18724E+001   6.56065E+001   7.06911E-005   1.00000E+003   0.00000E+000
006870   6.70770E-001   6.25545E+001   6.20088E+001   6.54532E+001   7.06905E-005   9.67157E+002   0.00000E+000
006880   6.71746E-001   6.25545E+001   6.20088E+001   6.55752E+001   7.06900E-005   1.03202E+003   0.00000E+000
006890   6.72722E-001   6.26910E+001   6.21452E+001   6.54214E+001   7.06894E-005   9.71212E+002   0.00000E+000
006900   6.73699E-001   6.26910E+001   6.21452E+001   6.55434E+001   7.06889E-005   1.03894E+003   0.00000E+000
006910   6.74675E-001   6.28274E+001   6.22817E+001   6.53893E+001   7.06883E-005   1.00000E+003   0.00000E+000
006920   6.75651E-001   6.28274E+001   6.24181E+001   6.55113E+001   7.06878E-005   9.98806E+002   0.00000E+000
006930   6.76628E-001   6.29638E+001   6.24181E+001   6.53567E+001   7.06873E-005   1.00000E+003   0.00000E+000
006940   6.77604E-001   6.31003E+001   6.25545E+001   6.52035E+001   7.06869E-005   1.00422E+003   0.00000E+000
006950   6.78581E-001   6.31003E+001   6.25545E+001   6.53237E+001   7.06865E-005   1.02976E+003   0.00000E+000
006960   6.79557E-001   6.32367E+001   6.26910E+001   6.51701E+001   7.06862E-005   9.67341E+002   0.00000E+000
006970   6.80533E-001   6.32367E+001   6.26910E+001   6.52903E+001   7.06859E-005   1.03245E+003   0.00000E+000
006980   6.81510E-001   6.33731E+001   6.28274E+001   6.51363E+001   7.06857E-005   9.71246E+002   0.00000E+000
006990   6.82486E-001   6.33731E+001   6.29638E+001   6.52566E+001   7.06856E-005   1.03952E+003   0.00000E+000
007000   6.83462E-001   6.35096E+001   6.29638E+001   6.51021E+001   7.06856E-005   1.00000E+003   0.00000E+000
007010   6.84439E-001   6.36460E+001   6.31003E+001   6.49490E+001   7.06857E-005   9.98723E+002   0.00000E+000
007020   6.85415E-001   6.36460E+001   6.31003E+001   6.50675E+001   7.06858E-005   1.00000E+003   0.00000E+000
007030   6.86392E-001   6.37824E+001   6.32367E+001   6.49140E+001   7.06861E-005   1.00339E+003   0.00000E+000
007040   6.87368E-001   6.37824E+001   6.32367E+001   6.50325E+001   7.06865E-005   1.02972E+003   0.00000E+000
007050   6.88344E-001   6.39189E+001   6.33731E+001   6.48786E+001   7.06869E-005   9.66880E+002   0.00000E+000
007060   6.89321E-001   6.39189E+001   6.33731E+001   6.49971E+001   7.06875E-005   1.03205E+003   0.00000E+000
007070   6.90297E-001   6.40553E+001   6.35096E+001   6.48428E+001   7.06881E-005   9.69857E+002   0.00000E+000
007080   6.91273E-001   6.41917E+001   6.36460E+001   6.46900E+001   7.06888E-005   1.03741E+003   0.00000E+000
007090   6.92250E-001   6.41917E+001   6.36460E+001   6.48067E+001   7.06897E-005   1.00000E+003   0.00000E+000
007100   6.93226E-001   6.43282E+001   6.37824E+001   6.46535E+001   7.06905E-005   9.98006E+002   0.00000E+000
007110   6.94203E-001   6.43282E+001   6.37824E+001   6.47701E+001   7.06915E-005   1.00000E+003   0.00000E+000
007120   6.95179E-001   6.44646E+001   6.39189E+001   6.46165E+001   7.06925E-005   1.00121E+003   0.00000E+000
007130   6.96155E-001   6.44646E+001   6.39189E+001   6.47332E+001   7.06877E-005   1.00000E+003   0.00000E+000
007140   6.97132E-001   6.46010E+001   6.40553E+001   6.45792E+001   7.06839E-005   9.66050E+002   0.00000E+000
007150   6.98108E-001   6.47375E+001   6.41917E+001   6.44266E+001   7.06809E-005   1.03102E+003   0.00000E+000
007160   6.99084E-001   6.47375E+001   6.41917E+001   6.45415E+001   7.06785E-005   9.68005E+002   0.00000E+000
007170   7.00061E-001   6.48739E+001   6.43282E+001   6.43886E+001   7.06767E-005   1.03430E+003   0.00000E+000
007180   7.01037E-001   6.48739E+001   6.43282E+001   6.45034E+001   7.06753E-005   9.72108E+002   0.00000E+000
007190   7.02014E-001   6.50103E+001   6.44646E+001   6.43501E+001   7.06743E-005   9.96999E+002   0.00000E+000
007200   7.02990E-001   6.50103E+001   6.44646E+001   6.44650E+001   7.06737E-005   1.00000E+003   0.00000E+000
007210   7.03966E-001   6.51467E+001   6.46010E+001   6.43113E+001   7.06733E-005   9.98923E+002   0.00000E+000
007220   7.04943E-001   6.52832E+001   6.46010E+001   6.41590E+001   7.06732E-005   1.00000E+003   0.00000E+000
007230   7.05919E-001   6.52832E+001   6.47375E+001   6.42721E+001   7.06734E-005   1.00280E+003   0.00000E+000
007240   7.06895E-001   6.54196E+001   6.48739E+001   6.41195E+001   7.06737E-005   1.02986E+003   0.00000E+000
007250   7.07872E-001   6.54196E+001   6.48739E+001   6.42326E+001   7.06716E-005   9.66260E+002   0.00000E+000
007260   7.08848E-001   6.55560E+001   6.50103E+001   6.40796E+001   7.06671E-005   1.03170E+003   0.00000E+000
007270   7.09825E-001   6.55560E+001   6.50103E+001   6.41927E+001   7.06649E-005   9.68219E+002   0.00000E+000
007280   7.10801E-001   6.56925E+001   6.51467E+001   6.40393E+001   7.06638E-005   1.03522E+003   0.00000E+000
007290   7.11777E-001   6.56925E+001   6.51467E+001   6.41525E+001   7.06634E-005   9.72126E+002   0.00000E+000
007300   7.12754E-001   6.58289E+001   6.52832E+001   6.39987E+001   7.06634E-005   9.97086E+002   0.00000E+000
007310   7.13730E-001   6.59653E+001   6.54196E+001   6.38464E+001   7.06637E-005   1.00000E+003   0.00000E+000
007320   7.14706E-001   6.59653E+001   6.54196E+001   6.39577E+001   7.06643E-005   9.98851E+002   0.00000E+000
007330   7.15683E-001   6.61018E+001   6.55560E+001   6.38051E+001   7.06651E-005   1.00000E+003   0.00000E+000
007340   7.16659E-001   6.61018E+001   6.55560E+001   6.39164E+001   7.06614E-005   1.00214E+003   0.00000E+000
007350   7.17636E-001   6.62382E+001   6.56925E+001   6.37634E+001   7.06581E-005   1.00000E+003   0.00000E+000
007360   7.18612E-001   6.62382E+001   6.56925E+001   6.38748E+001   7.06567E-005   9.65803E+002   0.00000E+000
007370   7.19588E-001   6.63746E+001   6.58289E+001   6.37214E+001   7.06562E-005   1.03148E+003   0.00000E+000
007380   7.20565E-001   6.65111E+001   6.58289E+001   6.35696E+001   7.06562E-005   9.67263E+002   0.00000E+000
007390   7.21541E-001   6.65111E+001   6.59653E+001   6.36791E+001   7.06567E-005   1.03423E+003   0.00000E+000
007400   7.22517E-001   6.66475E+001   6.61018E+001   6.35269E+001   7.06574E-005   9.69821E+002   0.00000E+000
007410   7.23494E-001   6.66475E+001   6.61018E+001   6.36364E+001   7.06584E-005   1.04004E+003   0.00000E+000
007420   7.24470E-001   6.67839E+001   6.62382E+001   6.34838E+001   7.06577E-005   9.75486E+002   0.00000E+000
007430   7.25447E-001   6.67839E+001   6.62382E+001   6.35933E+001   7.06533E-005   9.97877E+002   0.00000E+000
007440   7.26423E-001   6.69204E+001   6.63746E+001   6.34404E+001   7.06516E-005   1.00000E+003   0.00000E+000
007450   7.27399E-001   6.69204E+001   6.63746E+001   6.35500E+001   7.06510E-005   9.99940E+002   0.00000E+000
007460   7.28376E-001   6.70568E+001   6.65111E+001   6.33967E+001   7.06511E-005   1.00000E+003   0.00000E+000
007470   7.29352E-001   6.71932E+001   6.65111E+001   6.32450E+001   7.06517E-005   1.00380E+003   0.00000E+000
007480   7.30328E-001   6.71932E+001   6.66475E+001   6.33527E+001   7.06527E-005   1.03070E+003   0.00000E+000
007490   7.31305E-001   6.73297E+001   6.66475E+001   6.32007E+001   7.06539E-005   9.65615E+002   0.00000E+000
007500   7.32281E-001   6.73297E+001   6.67839E+001   6.33083E+001   7.06535E-005   1.03241E+003   0.00000E+000
007510   7.33258E-001   6.74661E+001   6.69204E+001   6.31560E+001   7.06494E-005   9.67014E+002   0.00000E+000
007520   7.34234E-001   6.74661E+001   6.69204E+001   6.32636E+001   7.06478E-005   1.03513E+003   0.00000E+000
007530   7.35210E-001   6.76025E+001   6.70568E+001   6.31109E+001   7.06476E-005   9.69271E+002   0.00000E+000
007540   7.36187E-001   6.76025E+001   6.70568E+001   6.32186E+001   7.06480E-005   1.04060E+003   0.00000E+000
007550   7.37163E-001   6.77390E+001   6.71932E+001   6.30656E+001   7.06489E-005   9.73635E+002   0.00000E+000
007560   7.38139E-001   6.78754E+001   6.71932E+001   6.29141E+001   7.06502E-005   9.97666E+002   0.00000E+000
007570   7.39116E-001   6.78754E+001   6.73297E+001   6.30199E+001   7.06518E-005   1.00000E+003   0.00000E+000
007580   7.40092E-001   6.80118E+001   6.73297E+001   6.28681E+001   7.06483E-005   9.99317E+002   0.00000E+000
007590   7.41069E-001   6.80118E+001   6.74661E+001   6.29739E+001   7.06460E-005   1.00000E+003   0.00000E+000
007600   7.42045E-001   6.81483E+001   6.76025E+001   6.28218E+001   7.06455E-005   1.00203E+003   0.00000E+000
007610   7.43021E-001   6.81483E+001   6.76025E+001   6.29276E+001   7.06459E-005   1.03078E+003   0.00000E+000
007620   7.43998E-001   6.82847E+001   6.77390E+001   6.27752E+001   7.06469E-005   1.00732E+003   0.00000E+000
007630   7.44974E-001   6.82847E+001   6.77390E+001   6.28810E+001   7.06484E-005   1.03211E+003   0.00000E+000
007640   7.45950E-001   6.84211E+001   6.78754E+001   6.27282E+001   7.06502E-005   9.65384E+002   0.00000E+000
007650   7.46927E-001   6.84211E+001   6.78754E+001   6.28340E+001   7.06476E-005   1.03396E+003   0.00000E+000
007660   7.47903E-001   6.85576E+001   6.80118E+001   6.26810E+001   7.06453E-005   9.66760E+002   0.00000E+000
007670   7.48880E-001   6.86940E+001   6.80118E+001   6.25295E+001   7.06450E-005   1.03693E+003   0.00000E+000
007680   7.49856E-001   6.86940E+001   6.81483E+001   6.26334E+001   7.06456E-005   9.68735E+002   0.00000E+000
007690   7.50832E-001   6.88304E+001   6.81483E+001   6.24817E+001   7.06470E-005   1.04264E+003   0.00000E+000
007700   7.51809E-001   6.88304E+001   6.82847E+001   6.25855E+001   7.06488E-005   9.72240E+002   0.00000E+000
007710   7.52785E-001   6.89669E+001   6.84211E+001   6.24335E+001   7.06510E-005   9.97566E+002   0.00000E+000
007720   7.53761E-001   6.89669E+001   6.84211E+001   6.25374E+001   7.06475E-005   1.00000E+003   0.00000E+000
007730   7.54738E-001   6.91033E+001   6.85576E+001   6.23850E+001   7.06461E-005   9.98918E+002   0.00000E+000
007740   7.55714E-001   6.91033E+001   6.85576E+001   6.24889E+001   7.06463E-005   1.00000E+003   0.00000E+000
007750   7.56691E-001   6.92397E+001   6.86940E+001   6.23362E+001   7.06474E-005   1.00091E+003   0.00000E+000
007760   7.57667E-001   6.93762E+001   6.86940E+001   6.21852E+001   7.06492E-005   1.00000E+003   0.00000E+000
007770   7.58643E-001   6.93762E+001   6.88304E+001   6.22871E+001   7.06515E-005   1.00414E+003   0.00000E+000
007780   7.59620E-001   6.95126E+001   6.88304E+001   6.21358E+001   7.06522E-005   1.03228E+003   0.00000E+000
007790   7.60596E-001   6.95126E+001   6.89669E+001   6.22378E+001   7.06491E-005   9.63922E+002   0.00000E+000
007800   7.61572E-001   6.96490E+001   6.89669E+001   6.20862E+001   7.06487E-005   1.03352E+003   0.00000E+000
007810   7.62549E-001   6.96490E+001   6.91033E+001   6.21881E+001   7.06496E-005   9.64692E+002   0.00000E+000
007820   7.63525E-001   6.97855E+001   6.91033E+001   6.20362E+001   7.06513E-005   1.03534E+003   0.00000E+000
007830   7.64502E-001   6.97855E+001   6.92397E+001   6.21381E+001   7.06535E-005   9.65752E+002   0.00000E+000
007840   7.65478E-001   6.99219E+001   6.93762E+001   6.19859E+001   7.06562E-005   1.03798E+003   0.00000E+000
007850   7.66454E-001   6.99219E+001   6.93762E+001   6.20878E+001   7.06531E-005   9.67382E+002   0.00000E+000
007860   7.67431E-001   7.00583E+001   6.95126E+001   6.19354E+001   7.06520E-005   1.04212E+003   0.00000E+000
007870   7.68407E-001   7.01948E+001   6.95126E+001   6.17846E+001   7.06525E-005   9.69684E+002   0.00000E+000
007880   7.69383E-001   7.01948E+001   6.96490E+001   6.18845E+001   7.06541E-005   9.97131E+002   0.00000E+000
007890   7.70360E-001   7.03312E+001   6.96490E+001   6.17335E+001   7.06562E-005   9.73394E+002   0.00000E+000
007900   7.71336E-001   7.03312E+001   6.97855E+001   6.18334E+001   7.06587E-005   9.98048E+002   0.00000E+000
007910   7.72313E-001   7.04676E+001   6.97855E+001   6.16821E+001   7.06581E-005   1.00000E+003   0.00000E+000
007920   7.73289E-001   7.04676E+001   6.99219E+001   6.17819E+001   7.06558E-005   9.99245E+002   0.00000E+000
007930   7.74265E-001   7.06041E+001   6.99219E+001   6.16304E+001   7.06558E-005   1.00000E+003   0.00000E+000
007940   7.75242E-001   7.06041E+001   7.00583E+001   6.17302E+001   7.06569E-005   1.00084E+003   0.00000E+000
007950   7.76218E-001   7.07405E+001   7.00583E+001   6.15784E+001   7.06587E-005   1.00000E+003   0.00000E+000
007960   7.77194E-001   7.07405E+001   7.01948E+001   6.16782E+001   7.06609E-005   1.00311E+003   0.00000E+000
007970   7.78171E-001   7.08769E+001   7.03312E+001   6.15262E+001   7.06624E-005   1.03214E+003   0.00000E+000
007980   7.79147E-001   7.08769E+001   7.03312E+001   6.16259E+001   7.06587E-005   1.00652E+003   0.00000E+000
007990   7.80124E-001   7.10134E+001   7.04676E+001   6.14736E+001   7.06579E-005   1.03284E+003   0.00000E+000
008000   7.81100E-001   7.11498E+001   7.04676E+001   6.13230E+001   7.06584E-005   9.64296E+002   0.00000E+000
008010   7.82076E-001   7.11498E+001   7.06041E+001   6.14208E+001   7.06597E-005   1.03387E+003   0.00000E+000
008020   7.83053E-001   7.12862E+001   7.06041E+001   6.12699E+001   7.06614E-005   9.64999E+002   0.00000E+000
008030   7.84029E-001   7.12862E+001   7.07405E+001   6.13677E+001   7.06635E-005   1.03521E+003   0.00000E+000
008040   7.85005E-001   7.14227E+001   7.07405E+001   6.12166E+001   7.06598E-005   9.65856E+002   0.00000E+000
008050   7.85982E-001   7.14227E+001   7.08769E+001   6.13143E+001   7.06579E-005   1.03690E+003   0.00000E+000
008060   7.86958E-001   7.15591E+001   7.08769E+001   6.11629E+001   7.06577E-005   9.66854E+002   0.00000E+000
008070   7.87935E-001   7.15591E+001   7.10134E+001   6.12606E+001   7.06583E-005   1.03940E+003   0.00000E+000
008080   7.88911E-001   7.16955E+001   7.10134E+001   6.11090E+001   7.06595E-005   9.68042E+002   0.00000E+000
008090   7.89887E-001   7.16955E+001   7.11498E+001   6.12066E+001   7.06610E-005   1.04312E+003   0.00000E+000
008100   7.90864E-001   7.18320E+001   7.11498E+001   6.10549E+001   7.06592E-005   9.69602E+002   0.00000E+000
008110   7.91840E-001   7.18320E+001   7.12862E+001   6.11524E+001   7.06558E-005   9.97171E+002   0.00000E+000
008120   7.92816E-001   7.19684E+001   7.14227E+001   6.10004E+001   7.06545E-005   9.71664E+002   0.00000E+000
008130   7.93793E-001   7.19684E+001   7.14227E+001   6.10978E+001   7.06543E-005   9.97756E+002   0.00000E+000
008140   7.94769E-001   7.21048E+001   7.15591E+001   6.09457E+001   7.06548E-005   9.74394E+002   0.00000E+000
008150   7.95746E-001   7.22413E+001   7.15591E+001   6.07952E+001   7.06557E-005   9.98427E+002   0.00000E+000
008160   7.96722E-001   7.22413E+001   7.16955E+001   6.08907E+001   7.06569E-005   1.00000E+003   0.00000E+000
008170   7.97698E-001   7.23777E+001   7.16955E+001   6.07400E+001   7.06517E-005   9.99209E+002   0.00000E+000
008180   7.98675E-001   7.23777E+001   7.18320E+001   6.08354E+001   7.06490E-005   1.00000E+003   0.00000E+000
008190   7.99651E-001   7.25141E+001   7.18320E+001   6.06845E+001   7.06479E-005   1.00013E+003   0.00000E+000
008200   8.00627E-001   7.25141E+001   7.19684E+001   6.07798E+001   7.06476E-005   1.00000E+003   0.00000E+000
008210   8.01604E-001   7.26506E+001   7.19684E+001   6.06287E+001   7.06478E-005   1.00121E+003   0.00000E+000
008220   8.02580E-001   7.26506E+001   7.21048E+001   6.07240E+001   7.06484E-005   1.03100E+003   0.00000E+000
008230   8.03557E-001   7.27870E+001   7.21048E+001   6.05727E+001   7.06465E-005   1.00252E+003   0.00000E+000
008240   8.04533E-001   7.27870E+001   7.22413E+001   6.06679E+001   7.06418E-005   1.03135E+003   0.00000E+000
008250   8.05509E-001   7.29234E+001   7.22413E+001   6.05164E+001   7.06395E-005   1.00412E+003   0.00000E+000
008260   8.06486E-001   7.29234E+001   7.23777E+001   6.06115E+001   7.06383E-005   1.03180E+003   0.00000E+000
008270   8.07462E-001   7.30599E+001   7.23777E+001   6.04599E+001   7.06379E-005   1.00612E+003   0.00000E+000
008280   8.08438E-001   7.30599E+001   7.25141E+001   6.05549E+001   7.06380E-005   1.03231E+003   0.00000E+000
008290   8.09415E-001   7.31963E+001   7.26506E+001   6.04031E+001   7.06384E-005   9.64814E+002   0.00000E+000
008300   8.10391E-001   7.33327E+001   7.26506E+001   6.02530E+001   7.06348E-005   1.03285E+003   0.00000E+000
008310   8.11368E-001   7.33327E+001   7.27870E+001   6.03460E+001   7.06305E-005   9.65185E+002   0.00000E+000
008320   8.12344E-001   7.34692E+001   7.27870E+001   6.01957E+001   7.06283E-005   1.03343E+003   0.00000E+000
008330   8.13320E-001   7.34692E+001   7.29234E+001   6.02887E+001   7.06271E-005   9.65525E+002   0.00000E+000
008340   8.14297E-001   7.36056E+001   7.29234E+001   6.01382E+001   7.06266E-005   1.03410E+003   0.00000E+000
008350   8.15273E-001   7.36056E+001   7.30599E+001   6.02311E+001   7.06266E-005   9.65853E+002   0.00000E+000
008360   8.16249E-001   7.37420E+001   7.30599E+001   6.00805E+001   7.06269E-005   1.03486E+003   0.00000E+000
008370   8.17226E-001   7.37420E+001   7.31963E+001   6.01732E+001   7.06239E-005   9.66210E+002   0.00000E+000
008380   8.18202E-001   7.38785E+001   7.31963E+001   6.00224E+001   7.06193E-005   1.03563E+003   0.00000E+000
008390   8.19179E-001   7.38785E+001   7.33327E+001   6.01151E+001   7.06168E-005   9.66596E+002   0.00000E+000
008400   8.20155E-001   7.40149E+001   7.33327E+001   5.99642E+001   7.06155E-005   1.03652E+003   0.00000E+000
008410   8.21131E-001   7.40149E+001   7.34692E+001   6.00567E+001   7.06149E-005   9.66951E+002   0.00000E+000
008420   8.22108E-001   7.41513E+001   7.34692E+001   5.99056E+001   7.06148E-005   1.03750E+003   0.00000E+000
008430   8.23084E-001   7.41513E+001   7.36056E+001   5.99980E+001   7.06150E-005   9.67298E+002   0.00000E+000
008440   8.24060E-001   7.42878E+001   7.36056E+001   5.98469E+001   7.06154E-005   1.03858E+003   0.00000E+000
008450   8.25037E-001   7.42878E+001   7.37420E+001   5.99391E+001   7.06101E-005   9.67682E+002   0.00000E+000
008460   8.26013E-001   7.44242E+001   7.37420E+001   5.97878E+001   7.06066E-005   1.03967E+003   0.00000E+000
008470   8.26990E-001   7.44242E+001   7.38785E+001   5.98800E+001   7.06047E-005   9.68061E+002   0.00000E+000
008480   8.27966E-001   7.45606E+001   7.38785E+001   5.97285E+001   7.06037E-005   1.04089E+003   0.00000E+000
008490   8.28942E-001   7.45606E+001   7.40149E+001   5.98206E+001   7.06033E-005   9.68395E+002   0.00000E+000
008500   8.29919E-001   7.46971E+001   7.40149E+001   5.96690E+001   7.06032E-005   9.96779E+002   0.00000E+000
008510   8.30895E-001   7.48335E+001   7.41513E+001   5.95191E+001   7.06034E-005   9.68706E+002   0.00000E+000
008520   8.31871E-001   7.48335E+001   7.42878E+001   5.96092E+001   7.06038E-005   9.96912E+002   0.00000E+000
008530   8.32848E-001   7.49699E+001   7.42878E+001   5.94592E+001   7.06002E-005   9.69018E+002   0.00000E+000
008540   8.33824E-001   7.49699E+001   7.44242E+001   5.95491E+001   7.05959E-005   9.97041E+002   0.00000E+000
008550   8.34801E-001   7.51064E+001   7.44242E+001   5.93991E+001   7.05935E-005   9.69320E+002   0.00000E+000
008560   8.35777E-001   7.51064E+001   7.45606E+001   5.94889E+001   7.05921E-005   9.97154E+002   0.00000E+000
008570   8.36753E-001   7.52428E+001   7.45606E+001   5.93387E+001   7.05913E-005   9.69563E+002   0.00000E+000
008580   8.37730E-001   7.52428E+001   7.46971E+001   5.94283E+001   7.05909E-005   9.97253E+002   0.00000E+000
008590   8.38706E-001   7.53792E+001   7.46971E+001   5.92780E+001   7.05906E-005   9.69761E+002   0.00000E+000
008600   8.39682E-001   7.53792E+001   7.48335E+001   5.93675E+001   7.05906E-005   9.97336E+002   0.00000E+000
008610   8.40659E-001   7.55157E+001   7.48335E+001   5.92171E+001   7.05906E-005   9.69914E+002   0.00000E+000
008620   8.41635E-001   7.55157E+001   7.49699E+001   5.93065E+001   7.05907E-005   9.97404E+002   0.00000E+000
008630   8.42612E-001   7.56521E+001   7.49699E+001   5.91560E+001   7.05844E-005   9.70055E+002   0.00000E+000
008640   8.43588E-001   7.56521E+001   7.51064E+001   5.92452E+001   7.05806E-005   9.97459E+002   0.00000E+000
008650   8.44564E-001   7.57885E+001   7.51064E+001   5.90946E+001   7.05780E-005   9.70140E+002   0.00000E+000
008660   8.45541E-001   7.57885E+001   7.52428E+001   5.91837E+001   7.05761E-005   9.97494E+002   0.00000E+000
008670   8.46517E-001   7.59250E+001   7.52428E+001   5.90330E+001   7.05746E-005   9.70159E+002   0.00000E+000
008680   8.47493E-001   7.59250E+001   7.53792E+001   5.91219E+001   7.05733E-005   9.97511E+002   0.00000E+000
008690   8.48470E-001   7.60614E+001   7.53792E+001   5.89712E+001   7.05721E-005   9.70125E+002   0.00000E+000
008700   8.49446E-001   7.60614E+001   7.55157E+001   5.90599E+001   7.05709E-005   9.97509E+002   0.00000E+000
008710   8.50423E-001   7.61978E+001   7.55157E+001   5.89091E+001   7.05698E-005   9.70043E+002   0.00000E+000
008720   8.51399E-001   7.61978E+001   7.56521E+001   5.89977E+001   7.05685E-005   9.97490E+002   0.00000E+000
008730   8.52375E-001   7.63343E+001   7.56521E+001   5.88468E+001   7.05672E-005   9.69919E+002   0.00000E+000
008740   8.53352E-001   7.63343E+001   7.57885E+001   5.89352E+001   7.05658E-005   9.97454E+002   0.00000E+000
008750   8.54328E-001   7.64707E+001   7.57885E+001   5.87842E+001   7.05642E-005   9.69758E+002   0.00000E+000
008760   8.55304E-001   7.64707E+001   7.59250E+001   5.88725E+001   7.05606E-005   9.97403E+002   0.00000E+000
008770   8.56281E-001   7.66071E+001   7.59250E+001   5.87214E+001   7.05530E-005   9.69602E+002   0.00000E+000
008780   8.57257E-001   7.67436E+001   7.60614E+001   5.85721E+001   7.05476E-005   9.97339E+002   0.00000E+000
008790   8.58234E-001   7.67436E+001   7.60614E+001   5.86584E+001   7.05431E-005   9.69399E+002   0.00000E+000
008800   8.59210E-001   7.68800E+001   7.61978E+001   5.85090E+001   7.05389E-005   9.97260E+002   0.00000E+000
008810   8.60186E-001   7.68800E+001   7.61978E+001   5.85951E+001   7.05349E-005   9.69161E+002   0.00000E+000
008820   8.61163E-001   7.70164E+001   7.63343E+001   5.84457E+001   7.05309E-005   9.97167E+002   0.00000E+000
008830   8.62139E-001   7.70164E+001   7.63343E+001   5.85317E+001   7.05269E-005   9.68902E+002   0.00000E+000
008840   8.63115E-001   7.71529E+001   7.64707E+001   5.83822E+001   7.05227E-005   9.97063E+002   0.00000E+000
008850   8.64092E-001   7.71529E+001   7.64707E+001   5.84680E+001   7.05185E-005   9.68629E+002   0.00000E+000
008860   8.65068E-001   7.72893E+001   7.66071E+001   5.83185E+001   7.05140E-005   9.96950E+002   0.00000E+000
008870   8.66045E-001   7.72893E+001   7.66071E+001   5.84040E+001   7.05094E-005   9.68349E+002   0.00000E+000
008880   8.67021E-001   7.74257E+001   7.67436E+001   5.82545E+001   7.05046E-005   9.96829E+002   0.00000E+000
008890   8.67997E-001   7.74257E+001   7.67436E+001   5.83399E+001   7.04995E-005   9.68065E+002   0.00000E+000
008900   8.68974E-001   7.75622E+001   7.68800E+001   5.81903E+001   7.04943E-005   1.04041E+003   0.00000E+000
008910   8.69950E-001   7.75622E+001   7.68800E+001   5.82755E+001   7.04888E-005   9.67782E+002   0.00000E+000
008920   8.70926E-001   7.76986E+001   7.70164E+001   5.81259E+001   7.04832E-005   1.03923E+003   0.00000E+000
008930   8.71903E-001   7.76986E+001   7.70164E+001   5.82109E+001   7.04772E-005   9.67503E+002   0.00000E+000
008940   8.72879E-001   7.78350E+001   7.71529E+001   5.80612E+001   7.04711E-005   1.03812E+003   0.00000E+000
008950   8.73856E-001   7.78350E+001   7.72893E+001   5.81460E+001   7.04648E-005   9.67229E+002   0.00000E+000
008960   8.74832E-001   7.79714E+001   7.72893E+001   5.79964E+001   7.04582E-005   1.03710E+003   0.00000E+000
008970   8.75808E-001   7.79714E+001   7.74257E+001   5.80810E+001   7.04514E-005   9.66962E+002   0.00000E+000
008980   8.76785E-001   7.81079E+001   7.74257E+001   5.79313E+001   7.04445E-005   1.03615E+003   0.00000E+000
008990   8.77761E-001   7.81079E+001   7.75622E+001   5.80157E+001   7.04373E-005   9.66705E+002   0.00000E+000
009000   8.78737E-001   7.82443E+001   7.75622E+001   5.78660E+001   7.04299E-005   1.03528E+003   0.00000E+000
009010   8.79714E-001   7.82443E+001   7.76986E+001   5.79502E+001   7.04224E-005   9.66458E+002   0.00000E+000
009020   8.80690E-001   7.83807E+001   7.76986E+001   5.78005E+001   7.04147E-005   1.03448E+003   0.00000E+000
009030   8.81667E-001   7.83807E+001   7.78350E+001   5.78845E+001   7.04068E-005   9.66224E+002   0.00000E+000
009040   8.82643E-001   7.85172E+001   7.78350E+001   5.77348E+001   7.03987E-005   1.03375E+003   0.00000E+000
009050   8.83619E-001   7.85172E+001   7.79714E+001   5.78186E+001   7.03906E-005   9.66000E+002   0.00000E+000
009060   8.84596E-001   7.86536E+001   7.79714E+001   5.76689E+001   7.03823E-005   1.03308E+003   0.00000E+000
009070   8.85572E-001   7.86536E+001   7.81079E+001   5.77524E+001   7.03739E-005   1.00709E+003   0.00000E+000
009080   8.86548E-001   7.87900E+001   7.81079E+001   5.76027E+001   7.03654E-005   1.03246E+003   0.00000E+000
009090   8.87525E-001   7.87900E+001   7.82443E+001   5.76861E+001   7.03568E-005   1.00517E+003   0.00000E+000
009100   8.88501E-001   7.89265E+001   7.82443E+001   5.75364E+001   7.03481E-005   1.03189E+003   0.00000E+000
009110   8.89478E-001   7.89265E+001   7.83807E+001   5.76195E+001   7.03394E-005   1.00361E+003   0.00000E+000
009120   8.90454E-001   7.90629E+001   7.83807E+001   5.74698E+001   7.03306E-005   1.03138E+003   0.00000E+000
009130   8.91430E-001   7.90629E+001   7.85172E+001   5.75527E+001   7.03218E-005   1.00233E+003   0.00000E+000
009140   8.92407E-001   7.91993E+001   7.85172E+001   5.74031E+001   7.03130E-005   1.03090E+003   0.00000E+000
009150   8.93383E-001   7.91993E+001   7.86536E+001   5.74857E+001   7.03041E-005   1.00126E+003   0.00000E+000
009160   8.94359E-001   7.93358E+001   7.86536E+001   5.73361E+001   7.02952E-005   1.03047E+003   0.00000E+000
009170   8.95336E-001   7.93358E+001   7.87900E+001   5.74186E+001   7.02864E-005   1.00036E+003   0.00000E+000
009180   8.96312E-001   7.94722E+001   7.87900E+001   5.72690E+001   7.02776E-005   1.00197E+003   0.00000E+000
009190   8.97289E-001   7.94722E+001   7.89265E+001   5.73512E+001   7.02688E-005   9.99580E+002   0.00000E+000
009200   8.98265E-001   7.96086E+001   7.89265E+001   5.72016E+001   7.02600E-005   1.00222E+003   0.00000E+000
009210   8.99241E-001   7.96086E+001   7.90629E+001   5.72836E+001   7.02513E-005   9.98911E+002   0.00000E+000
009220   9.00218E-001   7.97451E+001   7.90629E+001   5.71340E+001   7.02426E-005   9.71545E+002   0.00000E+000
009230   9.01194E-001   7.97451E+001   7.91993E+001   5.72158E+001   7.02341E-005   9.98329E+002   0.00000E+000
009240   9.02170E-001   7.98815E+001   7.91993E+001   5.70663E+001   7.02256E-005   9.70297E+002   0.00000E+000
009250   9.03147E-001   7.98815E+001   7.93358E+001   5.71478E+001   7.02171E-005   9.97818E+002   0.00000E+000
009260   9.04123E-001   8.00179E+001   7.93358E+001   5.69983E+001   7.02088E-005   9.69298E+002   0.00000E+000
009270   9.05100E-001   8.00179E+001   7.94722E+001   5.70796E+001   7.02006E-005   9.97369E+002   0.00000E+000
009280   9.06076E-001   8.01544E+001   7.94722E+001   5.69302E+001   7.01925E-005   9.68482E+002   0.00000E+000
009290   9.07052E-001   8.01544E+001   7.94722E+001   5.70112E+001   7.01845E-005   9.96970E+002   0.00000E+000
009300   9.08029E-001   8.02908E+001   7.96086E+001   5.68618E+001   7.01766E-005   9.67806E+002   0.00000E+000
009310   9.09005E-001   8.02908E+001   7.96086E+001   5.69426E+001   7.01688E-005   1.03876E+003   0.00000E+000
009320   9.09981E-001   8.04272E+001   7.97451E+001   5.67933E+001   7.01611E-005   9.67238E+002   0.00000E+000
009330   9.10958E-001   8.04272E+001   7.97451E+001   5.68738E+001   7.01536E-005   1.03636E+003   0.00000E+000
009340   9.11934E-001   8.05637E+001   7.98815E+001   5.67246E+001   7.01462E-005   9.66756E+002   0.00000E+000
009350   9.12911E-001   8.05637E+001   7.98815E+001   5.68048E+001   7.01389E-005   1.03458E+003   0.00000E+000
009360   9.13887E-001   8.07001E+001   8.00179E+001   5.66556E+001   7.01317E-005   9.66343E+002   0.00000E+000
009370   9.14863E-001   8.07001E+001   8.00179E+001   5.67356E+001   7.01247E-005   1.03320E+003   0.00000E+000
009380   9.15840E-001   8.08365E+001   8.01544E+001   5.65865E+001   7.01178E-005   1.00570E+003   0.00000E+000
009390   9.16816E-001   8.08365E+001   8.01544E+001   5.66663E+001   7.01111E-005   1.03211E+003   0.00000E+000
009400   9.17792E-001   8.09730E+001   8.02908E+001   5.65173E+001   7.01045E-005   1.00322E+003   0.00000E+000
009410   9.18769E-001   8.09730E+001   8.02908E+001   5.65967E+001   7.00981E-005   1.03122E+003   0.00000E+000
009420   9.19745E-001   8.11094E+001   8.04272E+001   5.64478E+001   7.00918E-005   1.00145E+003   0.00000E+000
009430   9.20722E-001   8.11094E+001   8.04272E+001   5.65270E+001   7.00856E-005   1.00148E+003   0.00000E+000
009440   9.21698E-001   8.12458E+001   8.05637E+001   5.63781E+001   7.00796E-005   1.00012E+003   0.00000E+000
009450   9.22674E-001   8.12458E+001   8.05637E+001   5.64570E+001   7.00737E-005   1.00192E+003   0.00000E+000
009460   9.23651E-001   8.13823E+001   8.07001E+001   5.63083E+001   7.00680E-005   9.99097E+002   0.00000E+000
009470   9.24627E-001   8.13823E+001   8.07001E+001   5.63869E+001   7.00624E-005   9.71115E+002   0.00000E+000
009480   9.25603E-001   8.15187E+001   8.08365E+001   5.62383E+001   7.00570E-005   9.98277E+002   0.00000E+000
009490   9.26580E-001   8.15187E+001   8.08365E+001   5.63167E+001   7.00518E-005   9.69680E+002   0.00000E+000
009500   9.27556E-001   8.16551E+001   8.09730E+001   5.61681E+001   7.00466E-005   9.97610E+002   0.00000E+000
009510   9.28533E-001   8.16551E+001   8.09730E+001   5.62462E+001   7.00417E-005   9.68608E+002   0.00000E+000
009520   9.29509E-001   8.17916E+001   8.11094E+001   5.60977E+001   7.00369E-005   9.97056E+002   0.00000E+000
009530   9.30485E-001   8.17916E+001   8.11094E+001   5.61756E+001   7.00322E-005   9.67779E+002   0.00000E+000
009540   9.31462E-001   8.19280E+001   8.12458E+001   5.60272E+001   7.00277E-005   1.03802E+003   0.00000E+000
009550   9.32438E-001   8.19280E+001   8.12458E+001   5.61047E+001   7.00233E-005   9.67121E+002   0.00000E+000
009560   9.33414E-001   8.20644E+001   8.13823E+001   5.59565E+001   7.00191E-005   1.03521E+003   0.00000E+000
009570   9.34391E-001   8.20644E+001   8.13823E+001   5.60337E+001   7.00150E-005   9.66589E+002   0.00000E+000
009580   9.35367E-001   8.22009E+001   8.15187E+001   5.58856E+001   7.00110E-005   1.03328E+003   0.00000E+000
009590   9.36344E-001   8.22009E+001   8.15187E+001   5.59626E+001   7.00071E-005   1.00494E+003   0.00000E+000
009600   9.37320E-001   8.23373E+001   8.16551E+001   5.58146E+001   7.00033E-005   1.03187E+003   0.00000E+000
009610   9.38296E-001   8.23373E+001   8.16551E+001   5.58913E+001   6.99997E-005   1.00227E+003   0.00000E+000
009620   9.39273E-001   8.24737E+001   8.17916E+001   5.57434E+001   6.99961E-005   1.03080E+003   0.00000E+000
009630   9.40249E-001   8.24737E+001   8.17916E+001   5.58198E+001   6.99926E-005   1.00047E+003   0.00000E+000
009640   9.41225E-001   8.26102E+001   8.19280E+001   5.56720E+001   6.99891E-005   1.00169E+003   0.00000E+000
009650   9.42202E-001   8.26102E+001   8.19280E+001   5.57481E+001   6.99857E-005   9.99180E+002   0.00000E+000
009660   9.43178E-001   8.26102E+001   8.20644E+001   5.58256E+001   6.99824E-005   1.00246E+003   0.00000E+000
009670   9.44155E-001   8.27466E+001   8.20644E+001   5.56763E+001   6.99791E-005   9.98208E+002   0.00000E+000
009680   9.45131E-001   8.27466E+001   8.22009E+001   5.57535E+001   6.99758E-005   9.69321E+002   0.00000E+000
009690   9.46107E-001   8.28830E+001   8.22009E+001   5.56043E+001   6.99725E-005   9.97451E+002   0.00000E+000
009700   9.47084E-001   8.28830E+001   8.23373E+001   5.56812E+001   6.99692E-005   9.68253E+002   0.00000E+000
009710   9.48060E-001   8.30195E+001   8.23373E+001   5.55321E+001   6.99659E-005   1.03975E+003   0.00000E+000
009720   9.49036E-001   8.30195E+001   8.23373E+001   5.56087E+001   6.99626E-005   9.67452E+002   0.00000E+000
009730   9.50013E-001   8.31559E+001   8.24737E+001   5.54598E+001   6.99593E-005   1.03579E+003   0.00000E+000
009740   9.50989E-001   8.31559E+001   8.24737E+001   5.55361E+001   6.99559E-005   9.66833E+002   0.00000E+000
009750   9.51966E-001   8.32923E+001   8.26102E+001   5.53873E+001   6.99525E-005   1.03334E+003   0.00000E+000
009760   9.52942E-001   8.32923E+001   8.26102E+001   5.54633E+001   6.99490E-005   1.00447E+003   0.00000E+000
009770   9.53918E-001   8.34288E+001   8.27466E+001   5.53147E+001   6.99455E-005   1.03166E+003   0.00000E+000
009780   9.54895E-001   8.34288E+001   8.27466E+001   5.53904E+001   6.99419E-005   1.00169E+003   0.00000E+000
009790   9.55871E-001   8.35652E+001   8.28830E+001   5.52419E+001   6.99383E-005   1.00102E+003   0.00000E+000
009800   9.56847E-001   8.35652E+001   8.28830E+001   5.53173E+001   6.99346E-005   9.99887E+002   0.00000E+000
009810   9.57824E-001   8.37016E+001   8.30195E+001   5.51690E+001   6.99309E-005   1.00199E+003   0.00000E+000
009820   9.58800E-001   8.37016E+001   8.30195E+001   5.52440E+001   6.99271E-005   9.98630E+002   0.00000E+000
009830   9.59777E-001   8.38381E+001   8.31559E+001   5.50959E+001   6.99232E-005   9.69839E+002   0.00000E+000
009840   9.60753E-001   8.38381E+001   8.31559E+001   5.51706E+001   6.99194E-005   9.97704E+002   0.00000E+000
009850   9.61729E-001   8.39745E+001   8.32923E+001   5.50227E+001   6.99155E-005   9.68656E+002   0.00000E+000
009860   9.62706E-001   8.39745E+001   8.32923E+001   5.50971E+001   6.99115E-005   9.96997E+002   0.00000E+000
009870   9.63682E-001   8.41109E+001   8.34288E+001   5.49493E+001   6.99076E-005   9.67825E+002   0.00000E+000
009880   9.64658E-001   8.41109E+001   8.34288E+001   5.50234E+001   6.99036E-005   1.03558E+003   0.00000E+000
009890   9.65635E-001   8.42474E+001   8.35652E+001   5.48758E+001   6.98996E-005   9.67226E+002   0.00000E+000
009900   9.66611E-001   8.42474E+001   8.35652E+001   5.49496E+001   6.98956E-005   1.03278E+003   0.00000E+000
009910   9.67588E-001   8.43838E+001   8.37016E+001   5.48022E+001   6.98916E-005   1.00356E+003   0.00000E+000
009920   9.68564E-001   8.43838E+001   8.37016E+001   5.48756E+001   6.98876E-005   1.03093E+003   0.00000E+000
009930   9.69540E-001   8.45202E+001   8.38381E+001   5.47284E+001   6.98836E-005   1.00094E+003   0.00000E+000
009940   9.70517E-001   8.45202E+001   8.38381E+001   5.48015E+001   6.98797E-005   1.00128E+003   0.00000E+000
009950   9.71493E-001   8.45202E+001   8.39745E+001   5.48759E+001   6.98757E-005   9.99282E+002   0.00000E+000
009960   9.72469E-001   8.46567E+001   8.39745E+001   5.47272E+001   6.98719E-005   1.00236E+003   0.00000E+000
009970   9.73446E-001   8.46567E+001   8.39745E+001   5.48013E+001   6.98680E-005   9.98136E+002   0.00000E+000
009980   9.74422E-001   8.47931E+001   8.41109E+001   5.46528E+001   6.98643E-005   9.75213E+002   0.00000E+000
009990   9.75399E-001   8.47931E+001   8.41109E+001   5.47266E+001   6.98606E-005   9.75663E+002   0.00000E+000
010000   9.76375E-001   8.49295E+001   8.42474E+001   5.45783E+001   6.98569E-005   1.00295E+003   0.00000E+000
010010   9.77351E-001   8.49295E+001   8.42474E+001   5.46517E+001   6.98533E-005   9.99161E+002   0.00000E+000
010020   9.78328E-001   8.50660E+001   8.43838E+001   5.45036E+001   6.98498E-005   9.76942E+002   0.00000E+000
010030   9.79304E-001   8.50660E+001   8.43838E+001   5.45767E+001   6.98464E-005   1.03194E+003   0.00000E+000
010040   9.80280E-001   8.52024E+001   8.45202E+001   5.44288E+001   6.98431E-005   1.02414E+003   0.00000E+000
010050   9.81257E-001   8.52024E+001   8.45202E+001   5.45016E+001   6.98398E-005   1.02479E+003   0.00000E+000
010060   9.82233E-001   8.53388E+001   8.46567E+001   5.43539E+001   6.98367E-005   1.00078E+003   0.00000E+000
010070   9.83210E-001   8.53388E+001   8.46567E+001   5.44263E+001   6.98336E-005   1.00129E+003   0.00000E+000
010080   9.84186E-001   8.54753E+001   8.47931E+001   5.42789E+001   6.98307E-005   9.99114E+002   0.00000E+000
010090   9.85162E-001   8.54753E+001   8.47931E+001   5.43509E+001   6.98278E-005   1.00244E+003   0.00000E+000
010100   9.86139E-001   8.56117E+001   8.49295E+001   5.42037E+001   6.98250E-005   9.97992E+002   0.00000E+000
010110   9.87115E-001   8.56117E+001   8.49295E+001   5.42754E+001   6.98224E-005   9.70095E+002   0.00000E+000
010120   9.88091E-001   8.57481E+001   8.50660E+001   5.41284E+001   6.98199E-005   9.97188E+002   0.00000E+000
010130   9.89068E-001   8.57481E+001   8.50660E+001   5.41997E+001   6.98174E-005   9.69312E+002   0.00000E+000
010140   9.90044E-001   8.57481E+001   8.50660E+001   5.42724E+001   6.98151E-005   1.03329E+003   0.00000E+000
010150   9.91021E-001   8.58846E+001   8.52024E+001   5.41240E+001   6.98129E-005   1.00533E+003   0.00000E+000
010160   9.91997E-001   8.58846E+001   8.52024E+001   5.41963E+001   6.98108E-005   1.03044E+003   0.00000E+000
010170   9.92973E-001   8.60210E+001   8.53388E+001   5.40481E+001   6.98089E-005   1.02315E+003   0.00000E+000
010180   9.93950E-001   8.60210E+001   8.53388E+001   5.41200E+001   6.98070E-005   1.02486E+003   0.00000E+000
010190   9.94926E-001   8.61574E+001   8.54753E+001   5.39721E+001   6.98053E-005   1.02380E+003   0.00000E+000
010200   9.95902E-001   8.61574E+001   8.54753E+001   5.40436E+001   6.98037E-005   1.02634E+003   0.00000E+000
010210   9.96879E-001   8.62939E+001   8.56117E+001   5.38960E+001   6.98023E-005   1.01980E+003   0.00000E+000
010220   9.97855E-001   8.62939E+001   8.56117E+001   5.39672E+001   6.98009E-005   9.97210E+002   0.00000E+000
010230   9.98832E-001   8.64303E+001   8.57481E+001   5.38197E+001   6.97997E-005   9.98937E+002   0.00000E+000
010240   9.99808E-001   8.64303E+001   8.57481E+001   5.38906E+001   6.97986E-005   1.00091E+003   0.00000E+000
010250   1.00078E+000   8.65667E+001   8.58846E+001   5.37434E+001   6.97977E-005   9.72201E+002   0.00000E+000
010260   1.00176E+000   8.65667E+001   8.58846E+001   5.38139E+001   6.97969E-005   9.79646E+002   0.00000E+000
010270   1.00274E+000   8.67032E+001   8.60210E+001   5.36670E+001   6.97962E-005   9.77839E+002   0.00000E+000
010280   1.00371E+000   8.67032E+001   8.60210E+001   5.37370E+001   6.97957E-005   1.00166E+003   0.00000E+000
010290   1.00469E+000   8.68396E+001   8.61574E+001   5.35904E+001   6.97953E-005   1.00051E+003   0.00000E+000
010300   1.00567E+000   8.68396E+001   8.61574E+001   5.36601E+001   6.97950E-005   9.99593E+002   0.00000E+000
010310   1.00664E+000   8.68396E+001   8.61574E+001   5.37311E+001   6.97949E-005   1.00200E+003   0.00000E+000
010320   1.00762E+000   8.69760E+001   8.62939E+001   5.35831E+001   6.97949E-005   9.98301E+002   0.00000E+000
010330   1.00860E+000   8.69760E+001   8.62939E+001   5.36537E+001   6.97951E-005   9.71781E+002   0.00000E+000
010340   1.00957E+000   8.71125E+001   8.64303E+001   5.35060E+001   6.97954E-005   9.97423E+002   0.00000E+000
010350   1.01055E+000   8.71125E+001   8.64303E+001   5.35762E+001   6.97958E-005   9.71017E+002   0.00000E+000
010360   1.01152E+000   8.72489E+001   8.65667E+001   5.34287E+001   6.97964E-005   1.03128E+003   0.00000E+000
010370   1.01250E+000   8.72489E+001   8.65667E+001   5.34986E+001   6.97971E-005   1.00388E+003   0.00000E+000
010380   1.01348E+000   8.73853E+001   8.67032E+001   5.33514E+001   6.97980E-005   9.98946E+002   0.00000E+000
010390   1.01445E+000   8.73853E+001   8.67032E+001   5.34209E+001   6.97990E-005   1.00079E+003   0.00000E+000
010400   1.01543E+000   8.75218E+001   8.68396E+001   5.32740E+001   6.98001E-005   1.00103E+003   0.00000E+000
010410   1.01641E+000   8.75218E+001   8.68396E+001   5.33431E+001   6.98014E-005   9.99055E+002   0.00000E+000
010420   1.01738E+000   8.76582E+001   8.69760E+001   5.31965E+001   6.98028E-005   1.00237E+003   0.00000E+000
010430   1.01836E+000   8.76582E+001   8.69760E+001   5.32652E+001   6.97982E-005   9.97952E+002   0.00000E+000
010440   1.01934E+000   8.77946E+001   8.69760E+001   5.31189E+001   6.97961E-005   9.72221E+002   0.00000E+000
010450   1.02031E+000   8.77946E+001   8.71125E+001   5.31872E+001   6.97955E-005   1.03265E+003   0.00000E+000
010460   1.02129E+000   8.77946E+001   8.71125E+001   5.32567E+001   6.97957E-005   1.00585E+003   0.00000E+000
010470   1.02226E+000   8.79311E+001   8.72489E+001   5.31091E+001   6.97965E-005   1.02867E+003   0.00000E+000
010480   1.02324E+000   8.79311E+001   8.72489E+001   5.31782E+001   6.97976E-005   1.00170E+003   0.00000E+000
010490   1.02422E+000   8.80675E+001   8.73853E+001   5.30309E+001   6.97990E-005   1.00025E+003   0.00000E+000
010500   1.02519E+000   8.80675E+001   8.73853E+001   5.30997E+001   6.98006E-005   9.99585E+002   0.00000E+000
010510   1.02617E+000   8.82039E+001   8.75218E+001   5.29526E+001   6.98025E-005   1.00190E+003   0.00000E+000
010520   1.02715E+000   8.82039E+001   8.75218E+001   5.30210E+001   6.98018E-005   9.98313E+002   0.00000E+000
010530   1.02812E+000   8.83404E+001   8.76582E+001   5.28743E+001   6.97987E-005   9.73297E+002   0.00000E+000
010540   1.02910E+000   8.83404E+001   8.76582E+001   5.29423E+001   6.97981E-005   1.03328E+003   0.00000E+000
010550   1.03008E+000   8.84768E+001   8.77946E+001   5.27959E+001   6.97985E-005   9.72672E+002   0.00000E+000
010560   1.03105E+000   8.84768E+001   8.77946E+001   5.28634E+001   6.97997E-005   1.02843E+003   0.00000E+000
010570   1.03203E+000   8.86132E+001   8.77946E+001   5.27174E+001   6.98014E-005   1.00208E+003   0.00000E+000
010580   1.03300E+000   8.86132E+001   8.79311E+001   5.27845E+001   6.98034E-005   9.99836E+002   0.00000E+000
010590   1.03398E+000   8.86132E+001   8.79311E+001   5.28529E+001   6.98057E-005   9.99794E+002   0.00000E+000
010600   1.03496E+000   8.87497E+001   8.80675E+001   5.27056E+001   6.98056E-005   1.00168E+003   0.00000E+000
010610   1.03593E+000   8.87497E+001   8.80675E+001   5.27735E+001   6.98030E-005   9.98465E+002   0.00000E+000
010620   1.03691E+000   8.88861E+001   8.82039E+001   5.26265E+001   6.98029E-005   9.74239E+002   0.00000E+000
010630   1.03789E+000   8.88861E+001   8.82039E+001   5.26941E+001   6.98039E-005   9.97607E+002   0.00000E+000
010640   1.03886E+000   8.90225E+001   8.83404E+001   5.25474E+001   6.98057E-005   9.73636E+002   0.00000E+000
010650   1.03984E+000   8.90225E+001   8.83404E+001   5.26146E+001   6.98079E-005   1.02751E+003   0.00000E+000
010660   1.04082E+000   8.91590E+001   8.84768E+001   5.24682E+001   6.98106E-005   1.00185E+003   0.00000E+000
010670   1.04179E+000   8.91590E+001   8.84768E+001   5.25350E+001   6.98124E-005   9.99902E+002   0.00000E+000
010680   1.04277E+000   8.92954E+001   8.84768E+001   5.23890E+001   6.98093E-005   9.99673E+002   0.00000E+000
010690   1.04374E+000   8.92954E+001   8.86132E+001   5.24553E+001   6.98092E-005   1.00173E+003   0.00000E+000
010700   1.04472E+000   8.94318E+001   8.86132E+001   5.23096E+001   6.98105E-005   9.98418E+002   0.00000E+000
010710   1.04570E+000   8.94318E+001   8.87497E+001   5.23755E+001   6.98126E-005   9.75072E+002   0.00000E+000
010720   1.04667E+000   8.94318E+001   8.87497E+001   5.24427E+001   6.98151E-005   1.03036E+003   0.00000E+000
010730   1.04765E+000   8.95683E+001   8.88861E+001   5.22957E+001   6.98180E-005   1.00487E+003   0.00000E+000
010740   1.04863E+000   8.95683E+001   8.88861E+001   5.23624E+001   6.98177E-005   9.97229E+002   0.00000E+000
010750   1.04960E+000   8.97047E+001   8.90225E+001   5.22159E+001   6.98160E-005   1.00115E+003   0.00000E+000
010760   1.05058E+000   8.97047E+001   8.90225E+001   5.22822E+001   6.98166E-005   1.00040E+003   0.00000E+000
010770   1.05156E+000   8.98411E+001   8.91590E+001   5.21360E+001   6.98183E-005   9.99310E+002   0.00000E+000
010780   1.05253E+000   8.98411E+001   8.91590E+001   5.22018E+001   6.98207E-005   1.00199E+003   0.00000E+000
010790   1.05351E+000   8.99776E+001   8.91590E+001   5.20560E+001   6.98235E-005   9.98226E+002   0.00000E+000
010800   1.05448E+000   8.99776E+001   8.92954E+001   5.21214E+001   6.98265E-005   9.75825E+002   0.00000E+000
010810   1.05546E+000   9.01140E+001   8.92954E+001   5.19760E+001   6.98229E-005   1.02751E+003   0.00000E+000
010820   1.05644E+000   9.01140E+001   8.94318E+001   5.20410E+001   6.98228E-005   1.00295E+003   0.00000E+000
010830   1.05741E+000   9.01140E+001   8.94318E+001   5.21072E+001   6.98240E-005   9.98663E+002   0.00000E+000
010840   1.05839E+000   9.02504E+001   8.95683E+001   5.19605E+001   6.98261E-005   1.00026E+003   0.00000E+000
010850   1.05937E+000   9.02504E+001   8.95683E+001   5.20262E+001   6.98286E-005   1.00112E+003   0.00000E+000
010860   1.06034E+000   9.03869E+001   8.97047E+001   5.18799E+001   6.98314E-005   9.98828E+002   0.00000E+000
010870   1.06132E+000   9.03869E+001   8.97047E+001   5.19452E+001   6.98285E-005   1.00237E+003   0.00000E+000
010880   1.06230E+000   9.05233E+001   8.98411E+001   5.17993E+001   6.98277E-005   9.97952E+002   0.00000E+000
010890   1.06327E+000   9.05233E+001   8.98411E+001   5.18642E+001   6.98285E-005   1.00512E+003   0.00000E+000
010900   1.06425E+000   9.06597E+001   8.98411E+001   5.17187E+001   6.98302E-005   9.96395E+002   0.00000E+000
010910   1.06523E+000   9.06597E+001   8.99776E+001   5.17831E+001   6.98324E-005   1.00122E+003   0.00000E+000
010920   1.06620E+000   9.07962E+001   8.99776E+001   5.16380E+001   6.98349E-005   1.00016E+003   0.00000E+000
010930   1.06718E+000   9.07962E+001   9.01140E+001   5.17020E+001   6.98323E-005   9.99391E+002   0.00000E+000
010940   1.06815E+000   9.07962E+001   9.01140E+001   5.17672E+001   6.98309E-005   1.00186E+003   0.00000E+000
010950   1.06913E+000   9.09326E+001   9.02504E+001   5.16209E+001   6.98314E-005   9.98340E+002   0.00000E+000
010960   1.07011E+000   9.09326E+001   9.02504E+001   5.16856E+001   6.98327E-005   9.77423E+002   0.00000E+000
010970   1.07108E+000   9.10690E+001   9.03869E+001   5.15397E+001   6.98346E-005   1.02539E+003   0.00000E+000
010980   1.07206E+000   9.10690E+001   9.03869E+001   5.16040E+001   6.98369E-005   1.00212E+003   0.00000E+000
010990   1.07304E+000   9.12054E+001   9.03869E+001   5.14585E+001   6.98339E-005   9.99186E+002   0.00000E+000
011000   1.07401E+000   9.12054E+001   9.05233E+001   5.15223E+001   6.98324E-005   9.99873E+002   0.00000E+000
011010   1.07499E+000   9.13419E+001   9.05233E+001   5.13772E+001   6.98326E-005   1.00138E+003   0.00000E+000
011020   1.07597E+000   9.13419E+001   9.06597E+001   5.14406E+001   6.98338E-005   9.98660E+002   0.00000E+000
011030   1.07694E+000   9.13419E+001   9.06597E+001   5.15051E+001   6.98355E-005   1.00247E+003   0.00000E+000
011040   1.07792E+000   9.14783E+001   9.07962E+001   5.13589E+001   6.98376E-005   1.02592E+003   0.00000E+000
011050   1.07889E+000   9.14783E+001   9.07962E+001   5.14230E+001   6.98345E-005   1.00283E+003   0.00000E+000
011060   1.07987E+000   9.16147E+001   9.09326E+001   5.12771E+001   6.98328E-005   9.98303E+002   0.00000E+000
011070   1.08085E+000   9.16147E+001   9.09326E+001   5.13407E+001   6.98330E-005   1.00023E+003   0.00000E+000
011080   1.08182E+000   9.17512E+001   9.10690E+001   5.11953E+001   6.98341E-005   1.00101E+003   0.00000E+000
011090   1.08280E+000   9.17512E+001   9.10690E+001   5.12585E+001   6.98359E-005   9.98895E+002   0.00000E+000
011100   1.08378E+000   9.18876E+001   9.10690E+001   5.11135E+001   6.98381E-005   1.00225E+003   0.00000E+000
011110   1.08475E+000   9.18876E+001   9.12054E+001   5.11763E+001   6.98357E-005   9.98099E+002   0.00000E+000
011120   1.08573E+000   9.20240E+001   9.12054E+001   5.10317E+001   6.98339E-005   1.00322E+003   0.00000E+000
011130   1.08671E+000   9.20240E+001   9.13419E+001   5.10940E+001   6.98340E-005   9.97681E+002   0.00000E+000
011140   1.08768E+000   9.20240E+001   9.13419E+001   5.11574E+001   6.98353E-005   1.00041E+003   0.00000E+000
011150   1.08866E+000   9.21605E+001   9.14783E+001   5.10117E+001   6.98372E-005   9.85128E+002   0.00000E+000
011160   1.08963E+000   9.21605E+001   9.14783E+001   5.10746E+001   6.98395E-005   9.84759E+002   0.00000E+000
011170   1.09061E+000   9.22969E+001   9.16147E+001   5.09294E+001   6.98386E-005   9.84412E+002   0.00000E+000
011180   1.09159E+000   9.22969E+001   9.16147E+001   5.09919E+001   6.98364E-005   9.84110E+002   0.00000E+000
011190   1.09256E+000   9.24333E+001   9.16147E+001   5.08471E+001   6.98365E-005   9.83998E+002   0.00000E+000
011200   1.09354E+000   9.24333E+001   9.17512E+001   5.09091E+001   6.98379E-005   9.83654E+002   0.00000E+000
011210   1.09452E+000   9.25698E+001   9.17512E+001   5.07648E+001   6.98400E-005   9.83661E+002   0.00000E+000
011220   1.09549E+000   9.25698E+001   9.18876E+001   5.08263E+001   6.98425E-005   9.83428E+002   0.00000E+000
011230   1.09647E+000   9.25698E+001   9.18876E+001   5.08890E+001   6.98454E-005   9.83266E+002   0.00000E+000
011240   1.09745E+000   9.27062E+001   9.20240E+001   5.07435E+001   6.98417E-005   9.83112E+002   0.00000E+000
011250   1.09842E+000   9.27062E+001   9.20240E+001   5.08057E+001   6.98415E-005   9.83239E+002   0.00000E+000
011260   1.09940E+000   9.28426E+001   9.20240E+001   5.06607E+001   6.98428E-005   9.83160E+002   0.00000E+000
011270   1.10037E+000   9.28426E+001   9.21605E+001   5.07225E+001   6.98449E-005   9.83040E+002   0.00000E+000
011280   1.10135E+000   9.29791E+001   9.21605E+001   5.05779E+001   6.98476E-005   9.83001E+002   0.00000E+000
011290   1.10233E+000   9.29791E+001   9.22969E+001   5.06392E+001   6.98508E-005   9.82936E+002   0.00000E+000
011300   1.10330E+000   9.31155E+001   9.22969E+001   5.04951E+001   6.98507E-005   9.82916E+002   0.00000E+000
011310   1.10428E+000   9.31155E+001   9.24333E+001   5.05559E+001   6.98492E-005   9.82890E+002   0.00000E+000
011320   1.10526E+000   9.31155E+001   9.24333E+001   5.06178E+001   6.98500E-005   9.82861E+002   0.00000E+000
011330   1.10623E+000   9.32519E+001   9.25698E+001   5.04727E+001   6.98520E-005   9.82912E+002   0.00000E+000
011340   1.10721E+000   9.32519E+001   9.25698E+001   5.05341E+001   6.98547E-005   9.83053E+002   0.00000E+000
011350   1.10819E+000   9.33884E+001   9.25698E+001   5.03894E+001   6.98578E-005   9.83095E+002   0.00000E+000
011360   1.10916E+000   9.33884E+001   9.27062E+001   5.04504E+001   6.98613E-005   9.83013E+002   0.00000E+000
011370   1.11014E+000   9.35248E+001   9.27062E+001   5.03062E+001   6.98616E-005   9.82897E+002   0.00000E+000
011380   1.11111E+000   9.35248E+001   9.28426E+001   5.03666E+001   6.98604E-005   9.82936E+002   0.00000E+000
011390   1.11209E+000   9.35248E+001   9.28426E+001   5.04282E+001   6.98615E-005   9.91950E+002   0.00000E+000
011400   1.11307E+000   9.36612E+001   9.29791E+001   5.02829E+001   6.98637E-005   9.95398E+002   0.00000E+000
011410   1.11404E+000   9.36612E+001   9.29791E+001   5.03440E+001   6.98666E-005   9.96539E+002   0.00000E+000
011420   1.11502E+000   9.37977E+001   9.29791E+001   5.01992E+001   6.98699E-005   9.97007E+002   0.00000E+000
011430   1.11600E+000   9.37977E+001   9.31155E+001   5.02598E+001   6.98734E-005   9.97417E+002   0.00000E+000
011440   1.11697E+000   9.39341E+001   9.31155E+001   5.01156E+001   6.98773E-005   9.97758E+002   0.00000E+000
011450   1.11795E+000   9.39341E+001   9.32519E+001   5.01757E+001   6.98753E-005   9.97977E+002   0.00000E+000
011460   1.11893E+000   9.40705E+001   9.32519E+001   5.00319E+001   6.98754E-005   9.97883E+002   0.00000E+000
011470   1.11990E+000   9.40705E+001   9.33884E+001   5.00915E+001   6.98771E-005   9.98167E+002   0.00000E+000
011472   1.12000E+000   9.40705E+001   9.33884E+001   5.01036E+001   6.98776E-005   9.98112E+002   0.00000E+000
000000   0.00000E+000   0.00000E+000   0.00000E+000   0.00000E+000   0.00000E+000   0.00000E+000   0.00000E+000
000010   9.76375E-004   0.00000E+000   6.82165E-002   0.00000E+000   0.00000E+000   1.00000E+003   0.00000E+000
000020   1.95275E-003   0.00000E+000   2.04649E-001   0.00000E+000   0.00000E+000   1.00000E+003   0.00000E+000
000030   2.92912E-003   0.00000E+000   2.04649E-001   0.00000E+000   0.00000E+000   1.00000E+003   0.00000E+000
000040   3.90550E-003   6.82165E-002   3.41082E-001   7.95947E+000   0.00000E+000   1.00000E+003   0.00000E+000
000050   4.88187E-003   2.04649E-001   3.41082E-001   8.27134E+000   0.00000E+000   1.00000E+003   0.00000E+000
000060   5.85825E-003   2.04649E-001   4.77515E-001   1.00424E+001   0.00000E+000   1.00000E+003   0.00000E+000
000070   6.83462E-003   3.41082E-001   4.77515E-001   1.02319E+001   0.00000E+000   1.00000E+003   0.00000E+000
000080   7.81100E-003   3.41082E-001   4.77515E-001   1.18354E+001   0.00000E+000   1.00000E+003   0.00000E+000
000090   8.78737E-003   3.41082E-001   6.13948E-001   1.34754E+001   0.00000E+000   1.00000E+003   0.00000E+000
000100   9.76375E-003   4.77515E-001   6.13948E-001   1.34566E+001   0.00000E+000   1.00000E+003   0.00000E+000
000110   1.07401E-002   4.77515E-001   7.50381E-001   1.49882E+001   0.00000E+000   1.00000E+003   0.00000E+000
000120   1.17165E-002   6.13948E-001   7.50381E-001   1.49664E+001   0.00000E+000   1.00000E+003   0.00000E+000
000130   1.26929E-002   6.13948E-001   7.50381E-001   1.64227E+001   0.00000E+000   1.00000E+003   0.00000E+000
000140   1.36692E-002   6.13948E-001   8.86814E-001   1.79222E+001   0.00000E+000   1.00000E+003   0.00000E+000
000150   1.46456E-002   7.50381E-001   8.86814E-001   1.78034E+001   0.00000E+000   1.00028E+003   0.00000E+000
000160   1.56220E-002   7.50381E-001   1.02325E+000   1.92499E+001   0.00000E+000   1.00000E+003   0.00000E+000
000170   1.65984E-002   8.86814E-001   1.02325E+000   1.91473E+001   0.00000E+000   1.00000E+003   0.00000E+000
000180   1.75747E-002   8.86814E-001   1.02325E+000   2.05562E+001   0.00000E+000   1.00000E+003   0.00000E+000
000190   1.85511E-002   8.86814E-001   1.15968E+000   2.20126E+001   0.00000E+000   1.00000E+003   0.00000E+000
000200   1.95275E-002   1.02325E+000   1.15968E+000   2.18500E+001   0.00000E+000   1.00000E+003   0.00000E+000
000210   2.05039E-002   1.02325E+000   1.29611E+000   2.32809E+001   0.00000E+000   1.00000E+003   0.00000E+000
000220   2.14802E-002   1.15968E+000   1.29611E+000   2.31387E+001   0.00000E+000   1.00000E+003   0.00000E+000
000230   2.24566E-002   1.15968E+000   1.29611E+000   2.45536E+001   0.00000E+000   1.00000E+003   0.00000E+000
000240   2.34330E-002   1.15968E+000   1.43255E+000   2.60209E+001   0.00000E+000   1.00000E+003   0.00000E+000
000250   2.44094E-002   1.29611E+000   1.43255E+000   2.58356E+001   0.00000E+000   1.00000E+003   0.00000E+000
000260   2.53857E-002   1.29611E+000   1.56898E+000   2.72953E+001   0.00000E+000   1.00000E+003   0.00000E+000
000270   2.63621E-002   1.43255E+000   1.56898E+000   2.71313E+001   0.00000E+000   1.00000E+003   0.00000E+000
000280   2.73385E-002   1.43255E+000   1.70541E+000   2.85901E+001   0.00000E+000   1.00000E+003   0.00000E+000
000290   2.83149E-002   1.56898E+000   1.70541E+000   2.84450E+001   0.00000E+000   1.00000E+003   0.00000E+000
000300   2.92912E-002   1.56898E+000   1.84185E+000   2.99086E+001   0.00000E+000   1.00000E+003   0.00000E+000
000310   3.02676E-002   1.70541E+000   1.84185E+000   2.97807E+001   0.00000E+000   1.00000E+003   0.00000E+000
000320   3.12440E-002   1.70541E+000   1.97828E+000   3.12542E+001   0.00000E+000   1.00000E+003   0.00000E+000
000330   3.22204E-002   1.84185E+000   1.97828E+000   3.11422E+001   0.00000E+000   1.00000E+003   0.00000E+000
