0,0
0.0000002,3.42486E-05
0.0000004,6.8495E-05
0.0000006,0.000102739
0.0000008,0.000136982
0.000001,0.000171222
0.0000012,0.00020546
0.0000014,0.000239696
0.0000016,0.000273929
0.0000018,0.000308161
0.000002,0.000342391
0.0000022,0.000376619
0.0000024,0.000410845
0.0000026,0.000445068
0.0000028,0.00047929
0.000003,0.00051351
0.0000032,0.000547728
0.0000034,0.000581944
0.0000036,0.000616158
0.0000038,0.00065037
0.000004,0.000684581
0.0000042,0.000718789
0.0000044,0.000752996
0.0000046,0.0007872
0.0000048,0.000821403
0.000005,0.000855604
0.0000052,0.000889803
0.0000054,0.000924001
0.0000056,0.000958197
0.0000058,0.000992391
0.000006,0.001026583
0.0000062,0.001060773
0.0000064,0.001094962
0.0000066,0.001129149
0.0000068,0.001163334
0.000007,0.001197518
0.0000072,0.0012317
0.0000074,0.00126588
0.0000076,0.001300059
0.0000078,0.001334236
0.000008,0.001368411
0.0000082,0.001402585
0.0000084,0.001436757
0.0000086,0.001470928
0.0000088,0.001505097
0.000009,0.001539264
0.0000092,0.001573336
0.0000094,0.001605957
0.0000096,0.00163492
0.0000098,0.001659756
0.00001,0.001680577
0.0000102,0.001698488
0.0000104,0.001714103
0.0000106,0.001727973
0.0000108,0.001739939
0.000011,0.001750881
0.0000112,0.001761127
0.0000114,0.001770069
0.0000116,0.001778668
0.0000118,0.001786435
0.000012,0.0017939
0.0000122,0.001800671
0.0000124,0.001807381
0.0000126,0.001813305
0.0000128,0.001819228
0.000013,0.001824735
0.0000132,0.001829937
0.0000134,0.001835139
0.0000136,0.001839844
0.0000138,0.001844429
0.000014,0.001849014
0.0000142,0.001853209
0.0000144,0.001857265
0.0000146,0.00186132
0.0000148,0.001865218
0.000015,0.001868817
0.0000152,0.001872416
0.0000154,0.001876015
0.0000156,0.001879369
0.0000158,0.001882573
0.000016,0.001885777
0.0000162,0.001888981
0.0000164,0.001892001
0.0000166,0.001894862
0.0000168,0.001897723
0.000017,0.001900585
0.0000172,0.001903422
0.0000174,0.001905984
0.0000176,0.001908546
0.0000178,0.001911108
0.000018,0.00191367
0.0000182,0.001916173
0.0000184,0.001918473
0.0000186,0.001920774
0.0000188,0.001923074
0.000019,0.001925375
0.0000192,0.001927675
0.0000194,0.001929755
0.0000196,0.001931825
0.0000198,0.001933896
0.00002,0.001935966
0.0000202,0.001938037
0.0000204,0.001940055
0.0000206,0.001941922
0.0000208,0.00194379
0.000021,0.001945658
0.0000212,0.001947527
0.0000214,0.001949395
0.0000216,0.001951243
0.0000218,0.001952932
0.000022,0.001954621
0.0000222,0.00195631
0.0000224,0.001957999
0.0000226,0.001959689
0.0000228,0.001961378
0.000023,0.001962989
0.0000232,0.00196452
0.0000234,0.00196605
0.0000236,0.00196758
0.0000238,0.001969111
0.000024,0.001970641
0.0000242,0.001972172
0.0000244,0.001973649
0.0000246,0.001975038
0.0000248,0.001976427
0.000025,0.001977817
0.0000252,0.001979206
0.0000254,0.001980595
0.0000256,0.001981985
0.0000258,0.001983375
0.000026,0.001984669
0.0000262,0.001985932
0.0000264,0.001987195
0.0000266,0.001988459
0.0000268,0.001989722
0.000027,0.001990986
0.0000272,0.00199225
0.0000274,0.001993514
0.0000276,0.001994709
0.0000278,0.00199586
0.000028,0.001997011
0.0000282,0.001998162
0.0000284,0.001999313
0.0000286,0.002000464
0.0000288,0.002001616
0.000029,0.002002767
0.0000292,0.002003919
0.0000294,0.002004978
0.0000296,0.002006028
0.0000298,0.002007078
0.00003,0.002008128
0.0000302,0.002009179
0.0000304,0.002010229
0.0000306,0.00201128
0.0000308,0.002012331
0.000031,0.002013381
0.0000312,0.002014374
0.0000314,0.002015333
0.0000316,0.002016293
0.0000318,0.002017252
0.000032,0.002018212
0.0000322,0.002019172
0.0000324,0.002020132
0.0000326,0.002021092
0.0000328,0.002022052
0.000033,0.002023013
0.0000332,0.002023908
0.0000334,0.002024786
0.0000336,0.002025664
0.0000338,0.002026542
0.000034,0.002027421
0.0000342,0.002028299
0.0000344,0.002029178
0.0000346,0.002030056
0.0000348,0.002030935
0.000035,0.002031814
0.0000352,0.002032668
0.0000354,0.002033473
0.0000356,0.002034277
0.0000358,0.002035082
0.000036,0.002035886
0.0000362,0.002036691
0.0000364,0.002037496
0.0000366,0.002038301
0.0000368,0.002039106
0.000037,0.002039912
0.0000372,0.002040717
0.0000374,0.002041506
0.0000376,0.002042243
0.0000378,0.002042981
0.000038,0.00204372
0.0000382,0.002044458
0.0000384,0.002045196
0.0000386,0.002045935
0.0000388,0.002046673
0.000039,0.002047412
0.0000392,0.002048151
0.0000394,0.002048889
0.0000396,0.002049628
0.0000398,0.002050335
0.00004,0.002051013
0.0000402,0.00205169
0.0000404,0.002052368
0.0000406,0.002053046
0.0000408,0.002053724
0.000041,0.002054402
0.0000412,0.002055081
0.0000414,0.002055759
0.0000416,0.002056437
0.0000418,0.002057116
0.000042,0.002057794
0.0000422,0.002058465
0.0000424,0.002059088
0.0000426,0.002059711
0.0000428,0.002060334
0.000043,0.002060957
0.0000432,0.002061581
0.0000434,0.002062204
0.0000436,0.002062827
0.0000438,0.002063451
0.000044,0.002064074
0.0000442,0.002064698
0.0000444,0.002065322
0.0000446,0.002065945
0.0000448,0.002066566
0.000045,0.002067139
0.0000452,0.002067712
0.0000454,0.002068285
0.0000456,0.002068858
0.0000458,0.002069432
0.000046,0.002070005
0.0000462,0.002070578
0.0000464,0.002071152
0.0000466,0.002071726
0.0000468,0.002072299
0.000047,0.002072873
0.0000472,0.002073447
0.0000474,0.00207402
0.0000476,0.00207458
0.0000478,0.002075108
0.000048,0.002075635
0.0000482,0.002076163
0.0000484,0.002076691
0.0000486,0.002077218
0.0000488,0.002077746
0.000049,0.002078274
0.0000492,0.002078802
0.0000494,0.00207933
0.0000496,0.002079858
0.0000498,0.002080386
0.00005,0.002080914
0.0000502,0.002081442
0.0000504,0.00208197
0.0000506,0.002082464
0.0000508,0.00208295
0.000051,0.002083436
0.0000512,0.002083921
0.0000514,0.002084407
0.0000516,0.002084893
0.0000518,0.002085379
0.000052,0.002085865
0.0000522,0.002086352
0.0000524,0.002086838
0.0000526,0.002087324
0.0000528,0.00208781
0.000053,0.002088296
0.0000532,0.002088782
0.0000534,0.002089269
0.0000536,0.002089732
0.0000538,0.00209018
0.000054,0.002090627
0.0000542,0.002091075
0.0000544,0.002091522
0.0000546,0.00209197
0.0000548,0.002092417
0.000055,0.002092865
0.0000552,0.002093312
0.0000554,0.00209376
0.0000556,0.002094208
0.0000558,0.002094655
0.000056,0.002095103
0.0000562,0.002095551
0.0000564,0.002095998
0.0000566,0.002096446
0.0000568,0.002096872
0.000057,0.002097284
0.0000572,0.002097696
0.0000574,0.002098108
0.0000576,0.002098521
0.0000578,0.002098933
0.000058,0.002099345
0.0000582,0.002099757
0.0000584,0.002100169
0.0000586,0.002100581
0.0000588,0.002100993
0.000059,0.002101405
0.0000592,0.002101817
0.0000594,0.002102229
0.0000596,0.002102641
0.0000598,0.002103053
0.00006,0.002103465
0.0000602,0.00210385
0.0000604,0.002104229
0.0000606,0.002104609
0.0000608,0.002104988
0.000061,0.002105367
0.0000612,0.002105746
0.0000614,0.002106126
0.0000616,0.002106505
0.0000618,0.002106884
0.000062,0.002107263
0.0000622,0.002107642
0.0000624,0.002108021
0.0000626,0.0021084
0.0000628,0.002108779
0.000063,0.002109158
0.0000632,0.002109537
0.0000634,0.002109916
0.0000636,0.002110287
0.0000638,0.002110636
0.000064,0.002110985
0.0000642,0.002111333
0.0000644,0.002111682
0.0000646,0.002112031
0.0000648,0.002112379
0.000065,0.002112728
0.0000652,0.002113077
0.0000654,0.002113425
0.0000656,0.002113774
0.0000658,0.002114122
0.000066,0.00211447
0.0000662,0.002114819
0.0000664,0.002115167
0.0000666,0.002115515
0.0000668,0.002115863
0.000067,0.002116211
0.0000672,0.002116559
0.0000674,0.002116882
0.0000676,0.002117203
0.0000678,0.002117523
0.000068,0.002117843
0.0000682,0.002118163
0.0000684,0.002118483
0.0000686,0.002118803
0.0000688,0.002119123
0.000069,0.002119443
0.0000692,0.002119763
0.0000694,0.002120082
0.0000696,0.002120402
0.0000698,0.002120722
0.00007,0.002121041
0.0000702,0.00212136
0.0000704,0.00212168
0.0000706,0.002121999
0.0000708,0.002122318
0.000071,0.002122637
0.0000712,0.002122939
0.0000714,0.002123232
0.0000716,0.002123526
0.0000718,0.002123819
0.000072,0.002124112
0.0000722,0.002124405
0.0000724,0.002124699
0.0000726,0.002124992
0.0000728,0.002125284
0.000073,0.002125577
0.0000732,0.00212587
0.0000734,0.002126162
0.0000736,0.002126455
0.0000738,0.002126747
0.000074,0.00212704
0.0000742,0.002127332
0.0000744,0.002127624
0.0000746,0.002127916
0.0000748,0.002128208
0.000075,0.002128499
0.0000752,0.002128777
0.0000754,0.002129045
0.0000756,0.002129313
0.0000758,0.002129581
0.000076,0.002129849
0.0000762,0.002130116
0.0000764,0.002130384
0.0000766,0.002130651
0.0000768,0.002130919
0.000077,0.002131186
0.0000772,0.002131453
0.0000774,0.00213172
0.0000776,0.002131987
0.0000778,0.002132254
0.000078,0.00213252
0.0000782,0.002132787
0.0000784,0.002133053
0.0000786,0.002133319
0.0000788,0.002133586
0.000079,0.002133852
0.0000792,0.002134117
0.0000794,0.002134368
0.0000796,0.002134613
0.0000798,0.002134856
0.00008,0.0021351
0.0000802,0.002135344
0.0000804,0.002135587
0.0000806,0.002135831
0.0000808,0.002136074
0.000081,0.002136317
0.0000812,0.00213656
0.0000814,0.002136803
0.0000816,0.002137045
0.0000818,0.002137288
0.000082,0.00213753
0.0000822,0.002137772
0.0000824,0.002138014
0.0000826,0.002138256
0.0000828,0.002138498
0.000083,0.002138739
0.0000832,0.002138981
0.0000834,0.002139222
0.0000836,0.002139463
0.0000838,0.002139687
0.000084,0.002139908
0.0000842,0.002140129
0.0000844,0.002140349
0.0000846,0.00214057
0.0000848,0.00214079
0.000085,0.00214101
0.0000852,0.00214123
0.0000854,0.00214145
0.0000856,0.002141669
0.0000858,0.002141889
0.000086,0.002142108
0.0000862,0.002142327
0.0000864,0.002142546
0.0000866,0.002142765
0.0000868,0.002142983
0.000087,0.002143202
0.0000872,0.00214342
0.0000874,0.002143638
0.0000876,0.002143856
0.0000878,0.002144074
0.000088,0.002144291
0.0000882,0.002144506
0.0000884,0.002144705
0.0000886,0.002144904
0.0000888,0.002145102
0.000089,0.0021453
0.0000892,0.002145498
0.0000894,0.002145696
0.0000896,0.002145894
0.0000898,0.002146091
0.00009,0.002146289
0.0000902,0.002146486
0.0000904,0.002146683
0.0000906,0.002146879
0.0000908,0.002147076
0.000091,0.002147272
0.0000912,0.002147468
0.0000914,0.002147664
0.0000916,0.00214786
0.0000918,0.002148055
0.000092,0.002148251
0.0000922,0.002148446
0.0000924,0.002148641
0.0000926,0.002148836
0.0000928,0.00214903
0.000093,0.002149217
0.0000932,0.002149394
0.0000934,0.002149571
0.0000936,0.002149748
0.0000938,0.002149924
0.000094,0.002150101
0.0000942,0.002150277
0.0000944,0.002150453
0.0000946,0.002150628
0.0000948,0.002150804
0.000095,0.002150979
0.0000952,0.002151154
0.0000954,0.002151329
0.0000956,0.002151504
0.0000958,0.002151678
0.000096,0.002151852
0.0000962,0.002152026
0.0000964,0.0021522
0.0000966,0.002152374
0.0000968,0.002152547
0.000097,0.00215272
0.0000972,0.002152893
0.0000974,0.002153066
0.0000976,0.002153238
0.0000978,0.00215341
0.000098,0.002153569
0.0000982,0.002153726
0.0000984,0.002153881
0.0000986,0.002154037
0.0000988,0.002154192
0.000099,0.002154347
0.0000992,0.002154502
0.0000994,0.002154657
0.0000996,0.002154811
0.0000998,0.002154966
0.0001,0.00215512
0.0001002,0.002155273
0.0001004,0.002155427
0.0001006,0.00215558
0.0001008,0.002155733
0.000101,0.002155886
0.0001012,0.002156039
0.0001014,0.002156191
0.0001016,0.002156343
0.0001018,0.002156495
0.000102,0.002156647
0.0001022,0.002156798
0.0001024,0.002156949
0.0001026,0.0021571
0.0001028,0.002157251
0.000103,0.002157398
0.0001032,0.002157534
0.0001034,0.002157669
0.0001036,0.002157804
0.0001038,0.002157939
0.000104,0.002158074
0.0001042,0.002158208
0.0001044,0.002158342
0.0001046,0.002158476
0.0001048,0.00215861
0.000105,0.002158743
0.0001052,0.002158876
0.0001054,0.002159009
0.0001056,0.002159142
0.0001058,0.002159274
0.000106,0.002159406
0.0001062,0.002159538
0.0001064,0.00215967
0.0001066,0.002159801
0.0001068,0.002159932
0.000107,0.002160063
0.0001072,0.002160194
0.0001074,0.002160324
0.0001076,0.002160455
0.0001078,0.002160584
0.000108,0.002160714
0.0001082,0.002160843
0.0001084,0.002160964
0.0001086,0.002161079
0.0001088,0.002161194
0.000109,0.002161309
0.0001092,0.002161424
0.0001094,0.002161538
0.0001096,0.002161652
0.0001098,0.002161766
0.00011,0.002161879
0.0001102,0.002161992
0.0001104,0.002162105
0.0001106,0.002162218
0.0001108,0.002162331
0.000111,0.002162443
0.0001112,0.002162555
0.0001114,0.002162666
0.0001116,0.002162778
0.0001118,0.002162889
0.000112,0.002163
0.0001122,0.00216311
0.0001124,0.002163221
0.0001126,0.002163331
0.0001128,0.002163441
0.000113,0.00216355
0.0001132,0.002163659
0.0001134,0.002163768
0.0001136,0.002163877
0.0001138,0.002163985
0.000114,0.00216408
0.0001142,0.002164176
0.0001144,0.002164271
0.0001146,0.002164366
0.0001148,0.00216446
0.000115,0.002164555
0.0001152,0.002164649
0.0001154,0.002164742
0.0001156,0.002164836
0.0001158,0.002164929
0.000116,0.002165022
0.0001162,0.002165115
0.0001164,0.002165207
0.0001166,0.002165299
0.0001168,0.002165391
0.000117,0.002165482
0.0001172,0.002165574
0.0001174,0.002165665
0.0001176,0.002165755
0.0001178,0.002165846
0.000118,0.002165936
0.0001182,0.002166026
0.0001184,0.002166115
0.0001186,0.002166205
0.0001188,0.002166294
0.000119,0.002166383
0.0001192,0.002166471
0.0001194,0.002166559
0.0001196,0.002166642
0.0001198,0.002166718
0.00012,0.002166794
0.0001202,0.002166869
0.0001204,0.002166945
0.0001206,0.00216702
0.0001208,0.002167094
0.000121,0.002167168
0.0001212,0.002167243
0.0001214,0.002167316
0.0001216,0.00216739
0.0001218,0.002167463
0.000122,0.002167536
0.0001222,0.002167609
0.0001224,0.002167681
0.0001226,0.002167753
0.0001228,0.002167825
0.000123,0.002167896
0.0001232,0.002167968
0.0001234,0.002168039
0.0001236,0.002168109
0.0001238,0.00216818
0.000124,0.00216825
0.0001242,0.00216832
0.0001244,0.002168389
0.0001246,0.002168458
0.0001248,0.002168527
0.000125,0.002168596
0.0001252,0.002168665
0.0001254,0.002168733
0.0001256,0.002168792
0.0001258,0.002168849
0.000126,0.002168905
0.0001262,0.002168962
0.0001264,0.002169018
0.0001266,0.002169073
0.0001268,0.002169129
0.000127,0.002169184
0.0001272,0.002169238
0.0001274,0.002169293
0.0001276,0.002169347
0.0001278,0.002169401
0.000128,0.002169455
0.0001282,0.002169508
0.0001284,0.002169561
0.0001286,0.002169614
0.0001288,0.002169666
0.000129,0.002169719
0.0001292,0.002169771
0.0001294,0.002169822
0.0001296,0.002169874
0.0001298,0.002169925
0.00013,0.002169976
0.0001302,0.002170026
0.0001304,0.002170076
0.0001306,0.002170126
0.0001308,0.002170176
0.000131,0.002170225
0.0001312,0.002170274
0.0001314,0.002170323
0.0001316,0.002170371
0.0001318,0.00217041
0.000132,0.002170447
0.0001322,0.002170485
0.0001324,0.002170523
0.0001326,0.00217056
0.0001328,0.002170597
0.000133,0.002170633
0.0001332,0.002170669
0.0001334,0.002170705
0.0001336,0.002170741
0.0001338,0.002170776
0.000134,0.002170812
0.0001342,0.002170846
0.0001344,0.002170881
0.0001346,0.002170915
0.0001348,0.002170949
0.000135,0.002170983
0.0001352,0.002171017
0.0001354,0.00217105
0.0001356,0.002171083
0.0001358,0.002171115
0.000136,0.002171148
0.0001362,0.00217118
0.0001364,0.002171211
0.0001366,0.002171243
0.0001368,0.002171274
0.000137,0.002171305
0.0001372,0.002171336
0.0001374,0.002171366
0.0001376,0.002171396
0.0001378,0.002171426
0.000138,0.002171453
0.0001382,0.002171473
0.0001384,0.002171493
0.0001386,0.002171513
0.0001388,0.002171532
0.000139,0.002171551
0.0001392,0.002171569
0.0001394,0.002171588
0.0001396,0.002171606
0.0001398,0.002171624
0.00014,0.002171641
0.0001402,0.002171658
0.0001404,0.002171675
0.0001406,0.002171692
0.0001408,0.002171708
0.000141,0.002171725
0.0001412,0.00217174
0.0001414,0.002171756
0.0001416,0.002171771
0.0001418,0.002171787
0.000142,0.002171801
0.0001422,0.002171816
0.0001424,0.00217183
0.0001426,0.002171844
0.0001428,0.002171858
0.000143,0.002171871
0.0001432,0.002171885
0.0001434,0.002171897
0.0001436,0.00217191
0.0001438,0.002171923
0.000144,0.002171935
0.0001442,0.002171947
0.0001444,0.002171958
0.0001446,0.002171967
0.0001448,0.002171969
0.000145,0.002171971
0.0001452,0.002171973
0.0001454,0.002171975
0.0001456,0.002171976
0.0001458,0.002171977
0.000146,0.002171978
0.0001462,0.002171979
0.0001464,0.002171979
0.0001466,0.002171979
0.0001468,0.002171979
0.000147,0.002171979
0.0001472,0.002171978
0.0001474,0.002171977
0.0001476,0.002171976
0.0001478,0.002171975
0.000148,0.002171973
0.0001482,0.002171971
0.0001484,0.002171969
0.0001486,0.002171966
0.0001488,0.002171964
0.000149,0.002171961
0.0001492,0.002171958
0.0001494,0.002171954
0.0001496,0.002171951
0.0001498,0.002171947
0.00015,0.002171942
0.0001502,0.002171938
0.0001504,0.002171933
0.0001506,0.002171928
0.0001508,0.002171923
0.000151,0.002171918
0.0001512,0.002171912
0.0001514,0.002171904
0.0001516,0.00217189
0.0001518,0.002171875
0.000152,0.002171861
0.0001522,0.002171846
0.0001524,0.00217183
0.0001526,0.002171815
0.0001528,0.0021718
0.000153,0.002171784
0.0001532,0.002171768
0.0001534,0.002171751
0.0001536,0.002171735
0.0001538,0.002171718
0.000154,0.002171701
0.0001542,0.002171684
0.0001544,0.002171666
0.0001546,0.002171648
0.0001548,0.00217163
0.000155,0.002171612
0.0001552,0.002171594
0.0001554,0.002171575
0.0001556,0.002171556
0.0001558,0.002171537
0.000156,0.002171518
0.0001562,0.002171498
0.0001564,0.002171479
0.0001566,0.002171459
0.0001568,0.002171438
0.000157,0.002171418
0.0001572,0.002171397
0.0001574,0.002171376
0.0001576,0.002171355
0.0001578,0.002171334
0.000158,0.002171312
0.0001582,0.00217129
0.0001584,0.002171268
0.0001586,0.002171238
0.0001588,0.002171208
0.000159,0.002171178
0.0001592,0.002171148
0.0001594,0.002171117
0.0001596,0.002171087
0.0001598,0.002171056
0.00016,0.002171024
0.0001602,0.002170993
0.0001604,0.002170962
0.0001606,0.00217093
0.0001608,0.002170898
0.000161,0.002170866
0.0001612,0.002170833
0.0001614,0.002170801
0.0001616,0.002170768
0.0001618,0.002170735
0.000162,0.002170702
0.0001622,0.002170668
0.0001624,0.002170635
0.0001626,0.002170601
0.0001628,0.002170567
0.000163,0.002170533
0.0001632,0.002170499
0.0001634,0.002170464
0.0001636,0.002170429
0.0001638,0.002170394
0.000164,0.002170359
0.0001642,0.002170324
0.0001644,0.002170288
0.0001646,0.002170253
0.0001648,0.002170217
0.000165,0.002170181
0.0001652,0.002170145
0.0001654,0.002170108
0.0001656,0.002170071
0.0001658,0.002170029
0.000166,0.002169985
0.0001662,0.002169941
0.0001664,0.002169897
0.0001666,0.002169853
0.0001668,0.002169808
0.000167,0.002169763
0.0001672,0.002169718
0.0001674,0.002169673
0.0001676,0.002169628
0.0001678,0.002169582
0.000168,0.002169537
0.0001682,0.002169491
0.0001684,0.002169445
0.0001686,0.002169399
0.0001688,0.002169353
0.000169,0.002169306
0.0001692,0.002169259
0.0001694,0.002169213
0.0001696,0.002169166
0.0001698,0.002169119
0.00017,0.002169071
0.0001702,0.002169024
0.0001704,0.002168976
0.0001706,0.002168929
0.0001708,0.002168881
0.000171,0.002168833
0.0001712,0.002168784
0.0001714,0.002168736
0.0001716,0.002168688
0.0001718,0.002168639
0.000172,0.00216859
0.0001722,0.002168541
0.0001724,0.002168492
0.0001726,0.002168443
0.0001728,0.002168393
0.000173,0.002168344
0.0001732,0.002168292
0.0001734,0.002168236
0.0001736,0.00216818
0.0001738,0.002168123
0.000174,0.002168067
0.0001742,0.00216801
0.0001744,0.002167953
0.0001746,0.002167896
0.0001748,0.002167839
0.000175,0.002167782
0.0001752,0.002167724
0.0001754,0.002167667
0.0001756,0.002167609
0.0001758,0.002167551
0.000176,0.002167493
0.0001762,0.002167435
0.0001764,0.002167377
0.0001766,0.002167319
0.0001768,0.002167261
0.000177,0.002167202
0.0001772,0.002167143
0.0001774,0.002167085
0.0001776,0.002167026
0.0001778,0.002166967
0.000178,0.002166908
0.0001782,0.002166849
0.0001784,0.002166789
0.0001786,0.00216673
0.0001788,0.00216667
0.000179,0.002166611
0.0001792,0.002166551
0.0001794,0.002166491
0.0001796,0.002166431
0.0001798,0.002166371
0.00018,0.002166311
0.0001802,0.002166251
0.0001804,0.002166191
0.0001806,0.00216613
0.0001808,0.00216607
0.000181,0.002166006
0.0001812,0.002165939
0.0001814,0.002165873
0.0001816,0.002165806
0.0001818,0.002165739
0.000182,0.002165672
0.0001822,0.002165605
0.0001824,0.002165538
0.0001826,0.002165471
0.0001828,0.002165403
0.000183,0.002165336
0.0001832,0.002165268
0.0001834,0.002165201
0.0001836,0.002165133
0.0001838,0.002165066
0.000184,0.002164998
0.0001842,0.00216493
0.0001844,0.002164862
0.0001846,0.002164794
0.0001848,0.002164726
0.000185,0.002164658
0.0001852,0.00216459
0.0001854,0.002164522
0.0001856,0.002164454
0.0001858,0.002164385
0.000186,0.002164317
0.0001862,0.002164249
0.0001864,0.00216418
0.0001866,0.002164112
0.0001868,0.002164043
0.000187,0.002163974
0.0001872,0.002163906
0.0001874,0.002163837
0.0001876,0.002163768
0.0001878,0.002163699
0.000188,0.002163631
0.0001882,0.002163562
0.0001884,0.002163493
0.0001886,0.002163424
0.0001888,0.002163355
0.000189,0.002163282
0.0001892,0.002163208
0.0001894,0.002163133
0.0001896,0.002163058
0.0001898,0.002162984
0.00019,0.002162909
0.0001902,0.002162834
0.0001904,0.002162759
0.0001906,0.002162684
0.0001908,0.00216261
0.000191,0.002162535
0.0001912,0.00216246
0.0001914,0.002162385
0.0001916,0.00216231
0.0001918,0.002162235
0.000192,0.00216216
0.0001922,0.002162085
0.0001924,0.00216201
0.0001926,0.002161935
0.0001928,0.00216186
0.000193,0.002161785
0.0001932,0.00216171
0.0001934,0.002161635
0.0001936,0.00216156
0.0001938,0.002161485
0.000194,0.00216141
0.0001942,0.002161336
0.0001944,0.002161261
0.0001946,0.002161186
0.0001948,0.002161111
0.000195,0.002161036
0.0001952,0.002160961
0.0001954,0.002160886
0.0001956,0.002160811
0.0001958,0.002160736
0.000196,0.002160661
0.0001962,0.002160586
0.0001964,0.002160511
0.0001966,0.002160436
0.0001968,0.002160362
0.000197,0.002160287
0.0001972,0.00216021
0.0001974,0.00216013
0.0001976,0.00216005
0.0001978,0.00215997
0.000198,0.00215989
0.0001982,0.002159811
0.0001984,0.002159731
0.0001986,0.002159651
0.0001988,0.002159571
0.000199,0.002159492
0.0001992,0.002159412
0.0001994,0.002159333
0.0001996,0.002159253
0.0001998,0.002159174
0.0002,0.002159094
0.0002002,0.002159015
0.0002004,0.002158936
0.0002006,0.002158857
0.0002008,0.002158777
0.000201,0.002158698
0.0002012,0.002158619
0.0002014,0.00215854
0.0002016,0.002158461
0.0002018,0.002158382
0.000202,0.002158303
0.0002022,0.002158225
0.0002024,0.002158146
0.0002026,0.002158067
0.0002028,0.002157989
0.000203,0.00215791
0.0002032,0.002157832
0.0002034,0.002157753
0.0002036,0.002157675
0.0002038,0.002157597
0.000204,0.002157519
0.0002042,0.002157441
0.0002044,0.002157363
0.0002046,0.002157285
0.0002048,0.002157207
0.000205,0.002157129
0.0002052,0.002157052
0.0002054,0.002156974
0.0002056,0.002156896
0.0002058,0.002156814
0.000206,0.002156732
0.0002062,0.00215665
0.0002064,0.002156568
0.0002066,0.002156487
0.0002068,0.002156405
0.000207,0.002156323
0.0002072,0.002156242
0.0002074,0.002156161
0.0002076,0.002156079
0.0002078,0.002155998
0.000208,0.002155917
0.0002082,0.002155836
0.0002084,0.002155755
0.0002086,0.002155675
0.0002088,0.002155594
0.000209,0.002155514
0.0002092,0.002155433
0.0002094,0.002155353
0.0002096,0.002155273
0.0002098,0.002155193
0.00021,0.002155113
0.0002102,0.002155033
0.0002104,0.002154954
0.0002106,0.002154874
0.0002108,0.002154795
0.000211,0.002154716
0.0002112,0.002154637
0.0002114,0.002154558
0.0002116,0.002154479
0.0002118,0.0021544
0.000212,0.002154322
0.0002122,0.002154243
0.0002124,0.002154165
0.0002126,0.002154087
0.0002128,0.002154009
0.000213,0.002153931
0.0002132,0.002153853
0.0002134,0.002153776
0.0002136,0.002153698
0.0002138,0.002153621
0.000214,0.002153544
0.0002142,0.002153467
0.0002144,0.002153389
0.0002146,0.002153308
0.0002148,0.002153227
0.000215,0.002153146
0.0002152,0.002153066
0.0002154,0.002152985
0.0002156,0.002152905
0.0002158,0.002152825
0.000216,0.002152745
0.0002162,0.002152666
0.0002164,0.002152586
0.0002166,0.002152507
0.0002168,0.002152428
0.000217,0.002152349
0.0002172,0.00215227
0.0002174,0.002152191
0.0002176,0.002152113
0.0002178,0.002152034
0.000218,0.002151956
0.0002182,0.002151878
0.0002184,0.002151801
0.0002186,0.002151723
0.0002188,0.002151646
0.000219,0.002151569
0.0002192,0.002151492
0.0002194,0.002151415
0.0002196,0.002151339
0.0002198,0.002151262
0.00022,0.002151186
0.0002202,0.00215111
0.0002204,0.002151034
0.0002206,0.002150959
0.0002208,0.002150884
0.000221,0.002150808
0.0002212,0.002150733
0.0002214,0.002150659
0.0002216,0.002150584
0.0002218,0.00215051
0.000222,0.002150436
0.0002222,0.002150362
0.0002224,0.002150288
0.0002226,0.002150215
0.0002228,0.002150142
0.000223,0.002150069
0.0002232,0.002149996
0.0002234,0.002149922
0.0002236,0.002149846
0.0002238,0.00214977
0.000224,0.002149694
0.0002242,0.002149618
0.0002244,0.002149543
0.0002246,0.002149467
0.0002248,0.002149392
0.000225,0.002149318
0.0002252,0.002149243
0.0002254,0.002149169
0.0002256,0.002149095
0.0002258,0.002149021
0.000226,0.002148947
0.0002262,0.002148874
0.0002264,0.002148801
0.0002266,0.002148728
0.0002268,0.002148656
0.000227,0.002148583
0.0002272,0.002148511
0.0002274,0.00214844
0.0002276,0.002148368
0.0002278,0.002148297
0.000228,0.002148226
0.0002282,0.002148155
0.0002284,0.002148084
0.0002286,0.002148014
0.0002288,0.002147944
0.000229,0.002147875
0.0002292,0.002147805
0.0002294,0.002147736
0.0002296,0.002147667
0.0002298,0.002147598
0.00023,0.00214753
0.0002302,0.002147462
0.0002304,0.002147394
0.0002306,0.002147327
0.0002308,0.002147259
0.000231,0.002147193
0.0002312,0.002147126
0.0002314,0.002147059
0.0002316,0.002146993
0.0002318,0.002146927
0.000232,0.002146862
0.0002322,0.002146797
0.0002324,0.002146732
0.0002326,0.002146667
0.0002328,0.002146599
0.000233,0.002146531
0.0002332,0.002146463
0.0002334,0.002146396
0.0002336,0.002146329
0.0002338,0.002146262
0.000234,0.002146196
0.0002342,0.00214613
0.0002344,0.002146064
0.0002346,0.002145998
0.0002348,0.002145933
0.000235,0.002145868
0.0002352,0.002145804
0.0002354,0.00214574
0.0002356,0.002145676
0.0002358,0.002145612
0.000236,0.002145549
0.0002362,0.002145486
0.0002364,0.002145423
0.0002366,0.002145361
0.0002368,0.002145299
0.000237,0.002145237
0.0002372,0.002145175
0.0002374,0.002145114
0.0002376,0.002145054
0.0002378,0.002144993
0.000238,0.002144933
0.0002382,0.002144873
0.0002384,0.002144814
0.0002386,0.002144755
0.0002388,0.002144696
0.000239,0.002144637
0.0002392,0.002144579
0.0002394,0.002144522
0.0002396,0.002144464
0.0002398,0.002144407
0.00024,0.00214435
0.0002402,0.002144294
0.0002404,0.002144238
0.0002406,0.002144182
0.0002408,0.002144127
0.000241,0.002144072
0.0002412,0.002144017
0.0002414,0.002143963
0.0002416,0.002143909
0.0002418,0.002143855
0.000242,0.002143802
0.0002422,0.002143747
0.0002424,0.002143691
0.0002426,0.002143635
0.0002428,0.00214358
0.000243,0.002143525
0.0002432,0.00214347
0.0002434,0.002143416
0.0002436,0.002143362
0.0002438,0.002143308
0.000244,0.002143255
0.0002442,0.002143202
0.0002444,0.00214315
0.0002446,0.002143098
0.0002448,0.002143046
0.000245,0.002142994
0.0002452,0.002142943
0.0002454,0.002142893
0.0002456,0.002142842
0.0002458,0.002142793
0.000246,0.002142743
0.0002462,0.002142694
0.0002464,0.002142645
0.0002466,0.002142597
0.0002468,0.002142549
0.000247,0.002142501
0.0002472,0.002142454
0.0002474,0.002142407
0.0002476,0.00214236
0.0002478,0.002142314
0.000248,0.002142269
0.0002482,0.002142223
0.0002484,0.002142178
0.0002486,0.002142134
0.0002488,0.00214209
0.000249,0.002142046
0.0002492,0.002142003
0.0002494,0.00214196
0.0002496,0.002141917
0.0002498,0.002141875
0.00025,0.002141833
0.0002502,0.002141792
0.0002504,0.002141751
0.0002506,0.00214171
0.0002508,0.00214167
0.000251,0.00214163
0.0002512,0.002141591
0.0002514,0.002141552
0.0002516,0.002141513
0.0002518,0.002141475
0.000252,0.002141436
0.0002522,0.002141395
0.0002524,0.002141355
0.0002526,0.002141315
0.0002528,0.002141276
0.000253,0.002141237
0.0002532,0.002141198
0.0002534,0.00214116
0.0002536,0.002141122
0.0002538,0.002141085
0.000254,0.002141048
0.0002542,0.002141012
0.0002544,0.002140976
0.0002546,0.00214094
0.0002548,0.002140905
0.000255,0.00214087
0.0002552,0.002140836
0.0002554,0.002140802
0.0002556,0.002140768
0.0002558,0.002140735
0.000256,0.002140702
0.0002562,0.00214067
0.0002564,0.002140638
0.0002566,0.002140607
0.0002568,0.002140576
0.000257,0.002140545
0.0002572,0.002140515
0.0002574,0.002140485
0.0002576,0.002140456
0.0002578,0.002140427
0.000258,0.002140399
0.0002582,0.002140371
0.0002584,0.002140344
0.0002586,0.002140317
0.0002588,0.00214029
0.000259,0.002140264
0.0002592,0.002140238
0.0002594,0.002140213
0.0002596,0.002140188
0.0002598,0.002140163
0.00026,0.00214014
0.0002602,0.002140116
0.0002604,0.002140093
0.0002606,0.00214007
0.0002608,0.002140048
0.000261,0.002140026
0.0002612,0.002140005
0.0002614,0.002139984
0.0002616,0.002139964
0.0002618,0.002139944
0.000262,0.002139924
0.0002622,0.002139902
0.0002624,0.002139881
0.0002626,0.002139859
0.0002628,0.002139839
0.000263,0.002139818
0.0002632,0.002139799
0.0002634,0.002139779
0.0002636,0.00213976
0.0002638,0.002139742
0.000264,0.002139724
0.0002642,0.002139706
0.0002644,0.002139689
0.0002646,0.002139673
0.0002648,0.002139657
0.000265,0.002139641
0.0002652,0.002139626
0.0002654,0.002139611
0.0002656,0.002139597
0.0002658,0.002139583
0.000266,0.002139569
0.0002662,0.002139556
0.0002664,0.002139544
0.0002666,0.002139532
0.0002668,0.002139521
0.000267,0.00213951
0.0002672,0.002139499
0.0002674,0.002139489
0.0002676,0.002139479
0.0002678,0.00213947
0.000268,0.002139461
0.0002682,0.002139453
0.0002684,0.002139446
0.0002686,0.002139438
0.0002688,0.002139431
0.000269,0.002139425
0.0002692,0.002139419
0.0002694,0.002139414
0.0002696,0.002139409
0.0002698,0.002139405
0.00027,0.002139401
0.0002702,0.002139397
0.0002704,0.002139394
0.0002706,0.002139392
0.0002708,0.00213939
0.000271,0.002139388
0.0002712,0.002139387
0.0002714,0.002139386
0.0002716,0.002139386
0.0002718,0.002139387
0.000272,0.002139388
0.0002722,0.002139389
0.0002724,0.00213939
0.0002726,0.002139389
0.0002728,0.002139389
0.000273,0.00213939
0.0002732,0.002139391
0.0002734,0.002139392
0.0002736,0.002139394
0.0002738,0.002139396
0.000274,0.002139399
0.0002742,0.002139402
0.0002744,0.002139406
0.0002746,0.002139411
0.0002748,0.002139415
0.000275,0.002139421
0.0002752,0.002139426
0.0002754,0.002139433
0.0002756,0.002139439
0.0002758,0.002139447
0.000276,0.002139454
0.0002762,0.002139463
0.0002764,0.002139471
0.0002766,0.002139481
0.0002768,0.00213949
0.000277,0.0021395
0.0002772,0.002139511
0.0002774,0.002139522
0.0002776,0.002139534
0.0002778,0.002139546
0.000278,0.002139559
0.0002782,0.002139572
0.0002784,0.002139585
0.0002786,0.0021396
0.0002788,0.002139614
0.000279,0.002139629
0.0002792,0.002139645
0.0002794,0.002139661
0.0002796,0.002139677
0.0002798,0.002139695
0.00028,0.002139712
0.0002802,0.00213973
0.0002804,0.002139749
0.0002806,0.002139768
0.0002808,0.002139787
0.000281,0.002139807
0.0002812,0.002139828
0.0002814,0.002139849
0.0002816,0.00213987
0.0002818,0.002139893
0.000282,0.002139915
0.0002822,0.002139938
0.0002824,0.002139962
0.0002826,0.002139986
0.0002828,0.00214001
0.000283,0.002140035
0.0002832,0.002140058
0.0002834,0.002140081
0.0002836,0.002140105
0.0002838,0.002140129
0.000284,0.002140154
0.0002842,0.002140179
0.0002844,0.002140205
0.0002846,0.002140232
0.0002848,0.002140259
0.000285,0.002140286
0.0002852,0.002140314
0.0002854,0.002140342
0.0002856,0.002140371
0.0002858,0.0021404
0.000286,0.00214043
0.0002862,0.002140461
0.0002864,0.002140491
0.0002866,0.002140523
0.0002868,0.002140555
0.000287,0.002140587
0.0002872,0.00214062
0.0002874,0.002140653
0.0002876,0.002140687
0.0002878,0.002140721
0.000288,0.002140756
0.0002882,0.002140791
0.0002884,0.002140827
0.0002886,0.002140863
0.0002888,0.0021409
0.000289,0.002140938
0.0002892,0.002140975
0.0002894,0.002141014
0.0002896,0.002141052
0.0002898,0.002141092
0.00029,0.002141132
0.0002902,0.002141172
0.0002904,0.002141213
0.0002906,0.002141254
0.0002908,0.002141296
0.000291,0.002141338
0.0002912,0.002141381
0.0002914,0.002141424
0.0002916,0.002141468
0.0002918,0.002141512
0.000292,0.002141557
0.0002922,0.002141602
0.0002924,0.002141648
0.0002926,0.002141694
0.0002928,0.002141741
0.000293,0.002141788
0.0002932,0.002141836
0.0002934,0.002141884
0.0002936,0.002141933
0.0002938,0.002141982
0.000294,0.00214203
0.0002942,0.002142078
0.0002944,0.002142126
0.0002946,0.002142175
0.0002948,0.002142224
0.000295,0.002142274
0.0002952,0.002142324
0.0002954,0.002142375
0.0002956,0.002142426
0.0002958,0.002142478
0.000296,0.00214253
0.0002962,0.002142583
0.0002964,0.002142636
0.0002966,0.00214269
0.0002968,0.002142744
0.000297,0.002142799
0.0002972,0.002142854
0.0002974,0.002142909
0.0002976,0.002142965
0.0002978,0.002143022
0.000298,0.002143079
0.0002982,0.002143137
0.0002984,0.002143195
0.0002986,0.002143253
0.0002988,0.002143312
0.000299,0.002143372
0.0002992,0.002143432
0.0002994,0.002143492
0.0002996,0.002143553
0.0002998,0.002143615
0.0003,0.002143677
0.0003002,0.002143739
0.0003004,0.002143802
0.0003006,0.002143866
0.0003008,0.002143929
0.000301,0.002143994
0.0003012,0.002144059
0.0003014,0.002144124
0.0003016,0.00214419
0.0003018,0.002144256
0.000302,0.002144323
0.0003022,0.00214439
0.0003024,0.002144458
0.0003026,0.002144526
0.0003028,0.002144595
0.000303,0.002144664
0.0003032,0.002144733
0.0003034,0.002144804
0.0003036,0.002144874
0.0003038,0.002144945
0.000304,0.002145017
0.0003042,0.002145089
0.0003044,0.002145161
0.0003046,0.002145234
0.0003048,0.002145308
0.000305,0.002145382
0.0003052,0.002145455
0.0003054,0.002145527
0.0003056,0.0021456
0.0003058,0.002145674
0.000306,0.002145748
0.0003062,0.002145822
0.0003064,0.002145897
0.0003066,0.002145973
0.0003068,0.002146049
0.000307,0.002146125
0.0003072,0.002146202
0.0003074,0.002146279
0.0003076,0.002146357
0.0003078,0.002146435
0.000308,0.002146514
0.0003082,0.002146593
0.0003084,0.002146672
0.0003086,0.002146752
0.0003088,0.002146833
0.000309,0.002146914
0.0003092,0.002146995
0.0003094,0.002147077
0.0003096,0.002147159
0.0003098,0.002147242
0.00031,0.002147325
0.0003102,0.002147409
0.0003104,0.002147493
0.0003106,0.002147578
0.0003108,0.002147663
0.000311,0.002147748
0.0003112,0.002147834
0.0003114,0.002147921
0.0003116,0.002148008
0.0003118,0.002148095
0.000312,0.002148183
0.0003122,0.002148271
0.0003124,0.00214836
0.0003126,0.002148449
0.0003128,0.002148538
0.000313,0.002148628
0.0003132,0.002148719
0.0003134,0.00214881
0.0003136,0.002148901
0.0003138,0.002148993
0.000314,0.002149085
0.0003142,0.002149177
0.0003144,0.002149271
0.0003146,0.002149364
0.0003148,0.002149458
0.000315,0.002149552
0.0003152,0.002149647
0.0003154,0.002149743
0.0003156,0.002149838
0.0003158,0.002149934
0.000316,0.002150031
0.0003162,0.002150128
0.0003164,0.002150225
0.0003166,0.002150323
0.0003168,0.002150419
0.000317,0.002150516
0.0003172,0.002150613
0.0003174,0.002150711
0.0003176,0.002150808
0.0003178,0.002150907
0.000318,0.002151006
0.0003182,0.002151105
0.0003184,0.002151204
0.0003186,0.002151304
0.0003188,0.002151405
0.000319,0.002151506
0.0003192,0.002151607
0.0003194,0.002151709
0.0003196,0.002151811
0.0003198,0.002151913
0.00032,0.002152016
0.0003202,0.002152119
0.0003204,0.002152223
0.0003206,0.002152327
0.0003208,0.002152432
0.000321,0.002152537
0.0003212,0.002152642
0.0003214,0.002152748
0.0003216,0.002152854
0.0003218,0.002152961
0.000322,0.002153068
0.0003222,0.002153175
0.0003224,0.002153283
0.0003226,0.002153391
0.0003228,0.0021535
0.000323,0.002153609
0.0003232,0.002153718
0.0003234,0.002153828
0.0003236,0.002153938
0.0003238,0.002154049
0.000324,0.00215416
0.0003242,0.002154271
0.0003244,0.002154383
0.0003246,0.002154495
0.0003248,0.002154608
0.000325,0.002154721
0.0003252,0.002154834
0.0003254,0.002154948
0.0003256,0.002155062
0.0003258,0.002155176
0.000326,0.002155291
0.0003262,0.002155406
0.0003264,0.002155522
0.0003266,0.002155638
0.0003268,0.002155754
0.000327,0.002155871
0.0003272,0.002155988
0.0003274,0.002156106
0.0003276,0.002156224
0.0003278,0.002156342
0.000328,0.002156461
0.0003282,0.00215658
0.0003284,0.002156699
0.0003286,0.002156817
0.0003288,0.002156935
0.000329,0.002157053
0.0003292,0.002157172
0.0003294,0.002157292
0.0003296,0.002157411
0.0003298,0.002157531
0.00033,0.002157651
0.0003302,0.002157772
0.0003304,0.002157893
0.0003306,0.002158015
0.0003308,0.002158136
0.000331,0.002158258
0.0003312,0.002158381
0.0003314,0.002158504
0.0003316,0.002158627
0.0003318,0.00215875
0.000332,0.002158874
0.0003322,0.002158998
0.0003324,0.002159123
0.0003326,0.002159248
0.0003328,0.002159373
0.000333,0.002159499
0.0003332,0.002159624
0.0003334,0.002159751
0.0003336,0.002159877
0.0003338,0.002160004
0.000334,0.002160131
0.0003342,0.002160259
0.0003344,0.002160387
0.0003346,0.002160515
0.0003348,0.002160644
0.000335,0.002160773
0.0003352,0.002160902
0.0003354,0.002161031
0.0003356,0.002161161
0.0003358,0.002161291
0.000336,0.002161422
0.0003362,0.002161553
0.0003364,0.002161684
0.0003366,0.002161815
0.0003368,0.002161947
0.000337,0.002162079
0.0003372,0.002162212
0.0003374,0.002162344
0.0003376,0.002162477
0.0003378,0.002162611
0.000338,0.002162744
0.0003382,0.002162878
0.0003384,0.002163013
0.0003386,0.002163147
0.0003388,0.002163282
0.000339,0.002163417
0.0003392,0.002163553
0.0003394,0.002163689
0.0003396,0.002163825
0.0003398,0.002163961
0.00034,0.002164098
0.0003402,0.002164235
0.0003404,0.002164372
0.0003406,0.002164508
0.0003408,0.002164644
0.000341,0.002164781
0.0003412,0.002164917
0.0003414,0.002165054
0.0003416,0.002165191
0.0003418,0.002165329
0.000342,0.002165466
0.0003422,0.002165604
0.0003424,0.002165743
0.0003426,0.002165881
0.0003428,0.00216602
0.000343,0.002166159
0.0003432,0.002166298
0.0003434,0.002166438
0.0003436,0.002166578
0.0003438,0.002166718
0.000344,0.002166859
0.0003442,0.002166999
0.0003444,0.00216714
0.0003446,0.002167281
0.0003448,0.002167423
0.000345,0.002167565
0.0003452,0.002167707
0.0003454,0.002167849
0.0003456,0.002167991
0.0003458,0.002168134
0.000346,0.002168277
0.0003462,0.00216842
0.0003464,0.002168564
0.0003466,0.002168708
0.0003468,0.002168852
0.000347,0.002168996
0.0003472,0.00216914
0.0003474,0.002169285
0.0003476,0.00216943
0.0003478,0.002169575
0.000348,0.00216972
0.0003482,0.002169866
0.0003484,0.002170012
0.0003486,0.002170158
0.0003488,0.002170304
0.000349,0.002170451
0.0003492,0.002170598
0.0003494,0.002170745
0.0003496,0.002170892
0.0003498,0.00217104
0.00035,0.002171187
0.0003502,0.002171335
0.0003504,0.002171483
0.0003506,0.002171632
0.0003508,0.00217178
0.000351,0.002171929
0.0003512,0.002172078
0.0003514,0.002172227
0.0003516,0.002172377
0.0003518,0.002172526
0.000352,0.002172676
0.0003522,0.002172826
0.0003524,0.002172976
0.0003526,0.002173127
0.0003528,0.002173277
0.000353,0.002173427
0.0003532,0.002173577
0.0003534,0.002173726
0.0003536,0.002173876
0.0003538,0.002174026
0.000354,0.002174176
0.0003542,0.002174326
0.0003544,0.002174477
0.0003546,0.002174627
0.0003548,0.002174778
0.000355,0.002174929
0.0003552,0.00217508
0.0003554,0.002175232
0.0003556,0.002175383
0.0003558,0.002175535
0.000356,0.002175687
0.0003562,0.002175839
0.0003564,0.002175991
0.0003566,0.002176144
0.0003568,0.002176296
0.000357,0.002176449
0.0003572,0.002176602
0.0003574,0.002176755
0.0003576,0.002176908
0.0003578,0.002177062
0.000358,0.002177215
0.0003582,0.002177369
0.0003584,0.002177523
0.0003586,0.002177677
0.0003588,0.002177831
0.000359,0.002177986
0.0003592,0.00217814
0.0003594,0.002178295
0.0003596,0.002178449
0.0003598,0.002178604
0.00036,0.002178759
0.0003602,0.002178915
0.0003604,0.00217907
0.0003606,0.002179225
0.0003608,0.002179381
0.000361,0.002179537
0.0003612,0.002179693
0.0003614,0.002179849
0.0003616,0.002180005
0.0003618,0.002180161
0.000362,0.002180317
0.0003622,0.002180474
0.0003624,0.002180631
0.0003626,0.002180787
0.0003628,0.002180944
0.000363,0.002181101
0.0003632,0.002181258
0.0003634,0.002181416
0.0003636,0.002181573
0.0003638,0.00218173
0.000364,0.002181888
0.0003642,0.002182046
0.0003644,0.002182203
0.0003646,0.002182361
0.0003648,0.002182519
0.000365,0.002182677
0.0003652,0.002182835
0.0003654,0.002182994
0.0003656,0.002183152
0.0003658,0.002183309
0.000366,0.002183466
0.0003662,0.002183623
0.0003664,0.00218378
0.0003666,0.002183938
0.0003668,0.002184095
0.000367,0.002184253
0.0003672,0.00218441
0.0003674,0.002184568
0.0003676,0.002184725
0.0003678,0.002184883
0.000368,0.002185041
0.0003682,0.002185199
0.0003684,0.002185357
0.0003686,0.002185515
0.0003688,0.002185673
0.000369,0.002185832
0.0003692,0.00218599
0.0003694,0.002186148
0.0003696,0.002186307
0.0003698,0.002186465
0.00037,0.002186624
0.0003702,0.002186782
0.0003704,0.002186941
0.0003706,0.0021871
0.0003708,0.002187258
0.000371,0.002187417
0.0003712,0.002187576
0.0003714,0.002187735
0.0003716,0.002187894
0.0003718,0.002188053
0.000372,0.002188212
0.0003722,0.002188371
0.0003724,0.00218853
0.0003726,0.00218869
0.0003728,0.002188849
0.000373,0.002189008
0.0003732,0.002189167
0.0003734,0.002189327
0.0003736,0.002189486
0.0003738,0.002189645
0.000374,0.002189805
0.0003742,0.002189964
0.0003744,0.002190124
0.0003746,0.002190283
0.0003748,0.002190443
0.000375,0.002190602
0.0003752,0.002190762
0.0003754,0.002190922
0.0003756,0.002191081
0.0003758,0.002191241
0.000376,0.0021914
0.0003762,0.00219156
0.0003764,0.00219172
0.0003766,0.002191879
0.0003768,0.002192039
0.000377,0.002192199
0.0003772,0.002192358
0.0003774,0.002192518
0.0003776,0.002192678
0.0003778,0.002192837
0.000378,0.002192997
0.0003782,0.002193157
0.0003784,0.002193316
0.0003786,0.002193476
0.0003788,0.002193635
0.000379,0.002193793
0.0003792,0.002193951
0.0003794,0.002194109
0.0003796,0.002194267
0.0003798,0.002194425
0.00038,0.002194584
0.0003802,0.002194742
0.0003804,0.0021949
0.0003806,0.002195058
0.0003808,0.002195216
0.000381,0.002195374
0.0003812,0.002195532
0.0003814,0.00219569
0.0003816,0.002195848
0.0003818,0.002196005
0.000382,0.002196163
0.0003822,0.002196321
0.0003824,0.002196479
0.0003826,0.002196637
0.0003828,0.002196794
0.000383,0.002196952
0.0003832,0.00219711
0.0003834,0.002197267
0.0003836,0.002197425
0.0003838,0.002197582
0.000384,0.00219774
0.0003842,0.002197897
0.0003844,0.002198054
0.0003846,0.002198211
0.0003848,0.002198369
0.000385,0.002198526
0.0003852,0.002198683
0.0003854,0.00219884
0.0003856,0.002198997
0.0003858,0.002199154
0.000386,0.002199311
0.0003862,0.002199467
0.0003864,0.002199624
0.0003866,0.002199781
0.0003868,0.002199937
0.000387,0.002200094
0.0003872,0.00220025
0.0003874,0.002200406
0.0003876,0.002200563
0.0003878,0.002200719
0.000388,0.002200875
0.0003882,0.002201031
0.0003884,0.002201187
0.0003886,0.002201343
0.0003888,0.002201498
0.000389,0.002201654
0.0003892,0.00220181
0.0003894,0.002201965
0.0003896,0.002202121
0.0003898,0.002202276
0.00039,0.002202431
0.0003902,0.002202586
0.0003904,0.002202741
0.0003906,0.002202896
0.0003908,0.002203051
0.000391,0.002203206
0.0003912,0.00220336
0.0003914,0.002203515
0.0003916,0.002203669
0.0003918,0.002203823
0.000392,0.002203977
0.0003922,0.00220413
0.0003924,0.002204283
0.0003926,0.002204435
0.0003928,0.002204588
0.000393,0.00220474
0.0003932,0.002204892
0.0003934,0.002205044
0.0003936,0.002205196
0.0003938,0.002205348
0.000394,0.0022055
0.0003942,0.002205651
0.0003944,0.002205803
0.0003946,0.002205954
0.0003948,0.002206105
0.000395,0.002206256
0.0003952,0.002206407
0.0003954,0.002206558
0.0003956,0.002206708
0.0003958,0.002206859
0.000396,0.002207009
0.0003962,0.002207159
0.0003964,0.00220731
0.0003966,0.002207459
0.0003968,0.002207609
0.000397,0.002207759
0.0003972,0.002207908
0.0003974,0.002208058
0.0003976,0.002208207
0.0003978,0.002208356
0.000398,0.002208505
0.0003982,0.002208654
0.0003984,0.002208802
0.0003986,0.002208951
0.0003988,0.002209099
0.000399,0.002209247
0.0003992,0.002209395
0.0003994,0.002209543
0.0003996,0.002209691
0.0003998,0.002209838
0.0004,0.002209985
0.0004002,0.002210133
0.0004004,0.00221028
0.0004006,0.002210426
0.0004008,0.002210573
0.000401,0.002210719
0.0004012,0.002210866
0.0004014,0.002211012
0.0004016,0.002211158
0.0004018,0.002211304
0.000402,0.002211449
0.0004022,0.002211595
0.0004024,0.00221174
0.0004026,0.002211885
0.0004028,0.00221203
0.000403,0.002212174
0.0004032,0.002212319
0.0004034,0.002212463
0.0004036,0.002212607
0.0004038,0.002212751
0.000404,0.002212895
0.0004042,0.002213039
0.0004044,0.002213182
0.0004046,0.002213325
0.0004048,0.002213468
0.000405,0.002213611
0.0004052,0.002213754
0.0004054,0.002213896
0.0004056,0.002214038
0.0004058,0.002214179
0.000406,0.00221432
0.0004062,0.00221446
0.0004064,0.0022146
0.0004066,0.00221474
0.0004068,0.00221488
0.000407,0.002215019
0.0004072,0.002215159
0.0004074,0.002215298
0.0004076,0.002215437
0.0004078,0.002215575
0.000408,0.002215714
0.0004082,0.002215852
0.0004084,0.00221599
0.0004086,0.002216128
0.0004088,0.002216266
0.000409,0.002216403
0.0004092,0.00221654
0.0004094,0.002216677
0.0004096,0.002216814
0.0004098,0.00221695
0.00041,0.002217087
0.0004102,0.002217223
0.0004104,0.002217359
0.0004106,0.002217494
0.0004108,0.00221763
0.000411,0.002217765
0.0004112,0.0022179
0.0004114,0.002218034
0.0004116,0.002218169
0.0004118,0.002218303
0.000412,0.002218437
0.0004122,0.002218571
0.0004124,0.002218704
0.0004126,0.002218837
0.0004128,0.00221897
0.000413,0.002219103
0.0004132,0.002219236
0.0004134,0.002219368
0.0004136,0.0022195
0.0004138,0.002219632
0.000414,0.002219763
0.0004142,0.002219895
0.0004144,0.002220026
0.0004146,0.002220156
0.0004148,0.002220287
0.000415,0.002220417
0.0004152,0.002220547
0.0004154,0.002220677
0.0004156,0.002220807
0.0004158,0.002220936
0.000416,0.002221065
0.0004162,0.002221194
0.0004164,0.002221322
0.0004166,0.002221451
0.0004168,0.002221578
0.000417,0.002221706
0.0004172,0.002221834
0.0004174,0.002221961
0.0004176,0.002222088
0.0004178,0.002222215
0.000418,0.002222341
0.0004182,0.002222467
0.0004184,0.002222593
0.0004186,0.002222719
0.0004188,0.002222844
0.000419,0.002222969
0.0004192,0.002223094
0.0004194,0.002223218
0.0004196,0.002223343
0.0004198,0.002223466
0.00042,0.002223588
0.0004202,0.002223711
0.0004204,0.002223833
0.0004206,0.002223954
0.0004208,0.002224076
0.000421,0.002224197
0.0004212,0.002224318
0.0004214,0.002224439
0.0004216,0.002224559
0.0004218,0.002224679
0.000422,0.002224799
0.0004222,0.002224919
0.0004224,0.002225038
0.0004226,0.002225157
0.0004228,0.002225275
0.000423,0.002225394
0.0004232,0.002225512
0.0004234,0.00222563
0.0004236,0.002225747
0.0004238,0.002225864
0.000424,0.002225981
0.0004242,0.002226098
0.0004244,0.002226214
0.0004246,0.00222633
0.0004248,0.002226446
0.000425,0.002226562
0.0004252,0.002226677
0.0004254,0.002226792
0.0004256,0.002226906
0.0004258,0.002227021
0.000426,0.002227135
0.0004262,0.002227248
0.0004264,0.002227362
0.0004266,0.002227475
0.0004268,0.002227588
0.000427,0.0022277
0.0004272,0.002227812
0.0004274,0.002227924
0.0004276,0.002228036
0.0004278,0.002228147
0.000428,0.002228258
0.0004282,0.002228369
0.0004284,0.002228479
0.0004286,0.002228589
0.0004288,0.002228699
0.000429,0.002228809
0.0004292,0.002228918
0.0004294,0.002229026
0.0004296,0.002229135
0.0004298,0.002229243
0.00043,0.002229351
0.0004302,0.002229459
0.0004304,0.002229566
0.0004306,0.002229673
0.0004308,0.00222978
0.000431,0.002229886
0.0004312,0.002229992
0.0004314,0.002230098
0.0004316,0.002230203
0.0004318,0.002230308
0.000432,0.002230413
0.0004322,0.002230518
0.0004324,0.002230622
0.0004326,0.002230726
0.0004328,0.002230829
0.000433,0.002230932
0.0004332,0.002231035
0.0004334,0.002231138
0.0004336,0.00223124
0.0004338,0.002231342
0.000434,0.002231443
0.0004342,0.002231543
0.0004344,0.002231643
0.0004346,0.002231743
0.0004348,0.002231842
0.000435,0.002231941
0.0004352,0.00223204
0.0004354,0.002232138
0.0004356,0.002232236
0.0004358,0.002232334
0.000436,0.002232431
0.0004362,0.002232528
0.0004364,0.002232625
0.0004366,0.002232721
0.0004368,0.002232817
0.000437,0.002232913
0.0004372,0.002233009
0.0004374,0.002233104
0.0004376,0.002233198
0.0004378,0.002233293
0.000438,0.002233387
0.0004382,0.002233481
0.0004384,0.002233574
0.0004386,0.002233667
0.0004388,0.00223376
0.000439,0.002233852
0.0004392,0.002233944
0.0004394,0.002234036
0.0004396,0.002234128
0.0004398,0.002234219
0.00044,0.00223431
0.0004402,0.0022344
0.0004404,0.00223449
0.0004406,0.00223458
0.0004408,0.002234669
0.000441,0.002234758
0.0004412,0.002234847
0.0004414,0.002234936
0.0004416,0.002235024
0.0004418,0.002235112
0.000442,0.002235199
0.0004422,0.002235286
0.0004424,0.002235373
0.0004426,0.002235459
0.0004428,0.002235546
0.000443,0.002235631
0.0004432,0.002235717
0.0004434,0.002235802
0.0004436,0.002235887
0.0004438,0.002235971
0.000444,0.002236055
0.0004442,0.002236139
0.0004444,0.002236222
0.0004446,0.002236305
0.0004448,0.002236388
0.000445,0.002236471
0.0004452,0.002236553
0.0004454,0.002236634
0.0004456,0.002236716
0.0004458,0.002236797
0.000446,0.002236878
0.0004462,0.002236958
0.0004464,0.002237038
0.0004466,0.002237118
0.0004468,0.002237197
0.000447,0.002237276
0.0004472,0.002237355
0.0004474,0.002237433
0.0004476,0.002237511
0.0004478,0.002237589
0.000448,0.002237666
0.0004482,0.002237743
0.0004484,0.00223782
0.0004486,0.002237896
0.0004488,0.002237971
0.000449,0.002238046
0.0004492,0.002238121
0.0004494,0.002238195
0.0004496,0.002238268
0.0004498,0.002238342
0.00045,0.002238415
0.0004502,0.002238488
0.0004504,0.00223856
0.0004506,0.002238632
0.0004508,0.002238704
0.000451,0.002238775
0.0004512,0.002238846
0.0004514,0.002238917
0.0004516,0.002238987
0.0004518,0.002239057
0.000452,0.002239127
0.0004522,0.002239196
0.0004524,0.002239265
0.0004526,0.002239334
0.0004528,0.002239402
0.000453,0.00223947
0.0004532,0.002239538
0.0004534,0.002239605
0.0004536,0.002239672
0.0004538,0.002239738
0.000454,0.002239805
0.0004542,0.002239871
0.0004544,0.002239936
0.0004546,0.002240002
0.0004548,0.002240067
0.000455,0.002240131
0.0004552,0.002240195
0.0004554,0.002240259
0.0004556,0.002240323
0.0004558,0.002240386
0.000456,0.002240449
0.0004562,0.002240512
0.0004564,0.002240574
0.0004566,0.002240636
0.0004568,0.002240698
0.000457,0.002240759
0.0004572,0.00224082
0.0004574,0.00224088
0.0004576,0.002240941
0.0004578,0.002241001
0.000458,0.00224106
0.0004582,0.00224112
0.0004584,0.002241179
0.0004586,0.002241237
0.0004588,0.002241295
0.000459,0.002241353
0.0004592,0.002241411
0.0004594,0.002241468
0.0004596,0.002241525
0.0004598,0.002241582
0.00046,0.002241638
0.0004602,0.002241694
0.0004604,0.00224175
0.0004606,0.002241805
0.0004608,0.00224186
0.000461,0.002241915
0.0004612,0.002241969
0.0004614,0.002242023
0.0004616,0.002242077
0.0004618,0.00224213
0.000462,0.002242183
0.0004622,0.002242236
0.0004624,0.002242288
0.0004626,0.00224234
0.0004628,0.002242392
0.000463,0.002242443
0.0004632,0.002242494
0.0004634,0.002242545
0.0004636,0.002242595
0.0004638,0.002242645
0.000464,0.002242693
0.0004642,0.002242742
0.0004644,0.00224279
0.0004646,0.002242838
0.0004648,0.002242886
0.000465,0.002242933
0.0004652,0.00224298
0.0004654,0.002243027
0.0004656,0.002243073
0.0004658,0.002243119
0.000466,0.002243165
0.0004662,0.002243211
0.0004664,0.002243256
0.0004666,0.002243301
0.0004668,0.002243345
0.000467,0.002243389
0.0004672,0.002243433
0.0004674,0.002243477
0.0004676,0.00224352
0.0004678,0.002243563
0.000468,0.002243605
0.0004682,0.002243648
0.0004684,0.00224369
0.0004686,0.002243731
0.0004688,0.002243773
0.000469,0.002243814
0.0004692,0.002243854
0.0004694,0.002243895
0.0004696,0.002243935
0.0004698,0.002243975
0.00047,0.002244014
0.0004702,0.002244053
0.0004704,0.002244092
0.0004706,0.002244131
0.0004708,0.002244169
0.000471,0.002244207
0.0004712,0.002244245
0.0004714,0.002244282
0.0004716,0.002244319
0.0004718,0.002244356
0.000472,0.002244392
0.0004722,0.002244429
0.0004724,0.002244464
0.0004726,0.0022445
0.0004728,0.002244535
0.000473,0.00224457
0.0004732,0.002244605
0.0004734,0.002244639
0.0004736,0.002244673
0.0004738,0.002244707
0.000474,0.002244741
0.0004742,0.002244774
0.0004744,0.002244807
0.0004746,0.002244839
0.0004748,0.002244872
0.000475,0.002244904
0.0004752,0.002244935
0.0004754,0.002244967
0.0004756,0.002244998
0.0004758,0.002245029
0.000476,0.00224506
0.0004762,0.00224509
0.0004764,0.00224512
0.0004766,0.00224515
0.0004768,0.002245179
0.000477,0.002245208
0.0004772,0.002245237
0.0004774,0.002245266
0.0004776,0.002245294
0.0004778,0.002245322
0.000478,0.00224535
0.0004782,0.002245377
0.0004784,0.002245405
0.0004786,0.002245432
0.0004788,0.002245458
0.000479,0.002245484
0.0004792,0.00224551
0.0004794,0.002245535
0.0004796,0.00224556
0.0004798,0.002245584
0.00048,0.002245608
0.0004802,0.002245632
0.0004804,0.002245656
0.0004806,0.00224568
0.0004808,0.002245703
0.000481,0.002245726
0.0004812,0.002245748
0.0004814,0.002245771
0.0004816,0.002245793
0.0004818,0.002245815
0.000482,0.002245836
0.0004822,0.002245858
0.0004824,0.002245879
0.0004826,0.0022459
0.0004828,0.00224592
0.000483,0.002245941
0.0004832,0.002245961
0.0004834,0.00224598
0.0004836,0.002246
0.0004838,0.002246019
0.000484,0.002246038
0.0004842,0.002246057
0.0004844,0.002246076
0.0004846,0.002246094
0.0004848,0.002246112
0.000485,0.00224613
0.0004852,0.002246147
0.0004854,0.002246165
0.0004856,0.002246182
0.0004858,0.002246198
0.000486,0.002246215
0.0004862,0.002246231
0.0004864,0.002246247
0.0004866,0.002246263
0.0004868,0.002246279
0.000487,0.002246294
0.0004872,0.002246309
0.0004874,0.002246324
0.0004876,0.002246339
0.0004878,0.002246353
0.000488,0.002246368
0.0004882,0.002246382
0.0004884,0.002246395
0.0004886,0.002246409
0.0004888,0.002246422
0.000489,0.002246435
0.0004892,0.002246448
0.0004894,0.00224646
0.0004896,0.002246473
0.0004898,0.002246485
0.00049,0.002246497
0.0004902,0.002246509
0.0004904,0.00224652
0.0004906,0.002246531
0.0004908,0.002246542
0.000491,0.002246553
0.0004912,0.002246564
0.0004914,0.002246574
0.0004916,0.002246584
0.0004918,0.002246594
0.000492,0.002246604
0.0004922,0.002246614
0.0004924,0.002246623
0.0004926,0.002246632
0.0004928,0.002246641
0.000493,0.00224665
0.0004932,0.002246658
0.0004934,0.002246666
0.0004936,0.002246675
0.0004938,0.002246682
0.000494,0.00224669
0.0004942,0.002246698
0.0004944,0.002246705
0.0004946,0.002246712
0.0004948,0.002246718
0.000495,0.002246724
0.0004952,0.00224673
0.0004954,0.002246736
0.0004956,0.002246741
0.0004958,0.002246746
0.000496,0.002246751
0.0004962,0.002246756
0.0004964,0.002246761
0.0004966,0.002246765
0.0004968,0.00224677
0.000497,0.002246774
0.0004972,0.002246778
0.0004974,0.002246782
0.0004976,0.002246785
0.0004978,0.002246789
0.000498,0.002246792
0.0004982,0.002246795
0.0004984,0.002246798
0.0004986,0.0022468
0.0004988,0.002246803
0.000499,0.002246805
0.0004992,0.002246807
0.0004994,0.002246809
0.0004996,0.002246811
0.0004998,0.002246813
0.0005,0.002246815
0.0005002,0.002246816
0.0005004,0.002246817
0.0005006,0.002246818
0.0005008,0.002246819
0.000501,0.00224682
0.0005012,0.00224682
0.0005014,0.002246821
0.0005016,0.002246821
0.0005018,0.002246821
0.000502,0.002246821
0.0005022,0.002246821
0.0005024,0.00224682
0.0005026,0.00224682
0.0005028,0.002246819
0.000503,0.002246818
0.0005032,0.002246817
0.0005034,0.002246816
0.0005036,0.002246815
0.0005038,0.002246814
0.000504,0.002246812
0.0005042,0.00224681
0.0005044,0.002246809
0.0005046,0.002246807
0.0005048,0.002246805
0.000505,0.002246802
0.0005052,0.0022468
0.0005054,0.002246797
0.0005056,0.002246795
0.0005058,0.002246792
0.000506,0.002246789
0.0005062,0.002246786
0.0005064,0.002246783
0.0005066,0.00224678
0.0005068,0.002246777
0.000507,0.002246773
0.0005072,0.002246769
0.0005074,0.002246766
0.0005076,0.002246762
0.0005078,0.002246758
0.000508,0.002246754
0.0005082,0.00224675
0.0005084,0.002246745
0.0005086,0.002246741
0.0005088,0.002246736
0.000509,0.002246732
0.0005092,0.002246727
0.0005094,0.002246722
0.0005096,0.002246717
0.0005098,0.002246712
0.00051,0.002246707
0.0005102,0.002246702
0.0005104,0.002246696
0.0005106,0.002246691
0.0005108,0.002246685
0.000511,0.002246679
0.0005112,0.002246672
0.0005114,0.002246666
0.0005116,0.002246659
0.0005118,0.002246653
0.000512,0.002246646
0.0005122,0.002246639
0.0005124,0.002246632
0.0005126,0.002246625
0.0005128,0.002246618
0.000513,0.002246611
0.0005132,0.002246604
0.0005134,0.002246597
0.0005136,0.002246589
0.0005138,0.002246582
0.000514,0.002246574
0.0005142,0.002246567
0.0005144,0.002246559
0.0005146,0.002246551
0.0005148,0.002246544
0.000515,0.002246536
0.0005152,0.002246528
0.0005154,0.00224652
0.0005156,0.002246512
0.0005158,0.002246504
0.000516,0.002246495
0.0005162,0.002246487
0.0005164,0.002246479
0.0005166,0.002246471
0.0005168,0.002246462
0.000517,0.002246454
0.0005172,0.002246445
0.0005174,0.002246437
0.0005176,0.002246428
0.0005178,0.002246419
0.000518,0.002246411
0.0005182,0.002246402
0.0005184,0.002246393
0.0005186,0.002246384
0.0005188,0.002246375
0.000519,0.002246366
0.0005192,0.002246357
0.0005194,0.002246348
0.0005196,0.002246339
0.0005198,0.00224633
0.00052,0.002246321
0.0005202,0.002246312
0.0005204,0.002246303
0.0005206,0.002246294
0.0005208,0.002246284
0.000521,0.002246275
0.0005212,0.002246266
0.0005214,0.002246257
0.0005216,0.002246247
0.0005218,0.002246238
0.000522,0.002246229
0.0005222,0.002246219
0.0005224,0.00224621
0.0005226,0.0022462
0.0005228,0.002246191
0.000523,0.002246182
0.0005232,0.002246172
0.0005234,0.002246163
0.0005236,0.002246153
0.0005238,0.002246144
0.000524,0.002246134
0.0005242,0.002246125
0.0005244,0.002246115
0.0005246,0.002246106
0.0005248,0.002246096
0.000525,0.002246087
0.0005252,0.002246077
0.0005254,0.002246068
0.0005256,0.002246058
0.0005258,0.002246049
0.000526,0.002246039
0.0005262,0.00224603
0.0005264,0.00224602
0.0005266,0.002246011
0.0005268,0.002246002
0.000527,0.002245992
0.0005272,0.002245982
0.0005274,0.002245972
0.0005276,0.002245962
0.0005278,0.002245952
0.000528,0.002245943
0.0005282,0.002245933
0.0005284,0.002245923
0.0005286,0.002245913
0.0005288,0.002245904
0.000529,0.002245894
0.0005292,0.002245884
0.0005294,0.002245874
0.0005296,0.002245865
0.0005298,0.002245855
0.00053,0.002245846
0.0005302,0.002245836
0.0005304,0.002245827
0.0005306,0.002245817
0.0005308,0.002245808
0.000531,0.002245799
0.0005312,0.002245789
0.0005314,0.00224578
0.0005316,0.002245771
0.0005318,0.002245762
0.000532,0.002245753
0.0005322,0.002245744
0.0005324,0.002245735
0.0005326,0.002245726
0.0005328,0.002245717
0.000533,0.002245708
0.0005332,0.002245699
0.0005334,0.00224569
0.0005336,0.002245682
0.0005338,0.002245673
0.000534,0.002245665
0.0005342,0.002245656
0.0005344,0.002245648
0.0005346,0.002245639
0.0005348,0.002245631
0.000535,0.002245623
0.0005352,0.002245615
0.0005354,0.002245607
0.0005356,0.002245599
0.0005358,0.002245591
0.000536,0.002245583
0.0005362,0.002245575
0.0005364,0.002245568
0.0005366,0.00224556
0.0005368,0.002245553
0.000537,0.002245545
0.0005372,0.002245538
0.0005374,0.002245531
0.0005376,0.002245523
0.0005378,0.002245516
0.000538,0.002245509
0.0005382,0.002245502
0.0005384,0.002245496
0.0005386,0.002245489
0.0005388,0.002245482
0.000539,0.002245476
0.0005392,0.002245469
0.0005394,0.002245463
0.0005396,0.002245457
0.0005398,0.002245451
0.00054,0.002245445
0.0005402,0.002245439
0.0005404,0.002245433
0.0005406,0.002245427
0.0005408,0.002245422
0.000541,0.002245416
0.0005412,0.002245411
0.0005414,0.002245406
0.0005416,0.002245401
0.0005418,0.002245396
0.000542,0.002245391
0.0005422,0.002245386
0.0005424,0.002245381
0.0005426,0.002245377
0.0005428,0.002245372
0.000543,0.002245368
0.0005432,0.002245364
0.0005434,0.00224536
0.0005436,0.002245356
0.0005438,0.002245352
0.000544,0.002245348
0.0005442,0.002245344
0.0005444,0.00224534
0.0005446,0.002245336
0.0005448,0.002245332
0.000545,0.002245329
0.0005452,0.002245326
0.0005454,0.002245322
0.0005456,0.002245319
0.0005458,0.002245316
0.000546,0.002245314
0.0005462,0.002245311
0.0005464,0.002245308
0.0005466,0.002245306
0.0005468,0.002245304
0.000547,0.002245302
0.0005472,0.0022453
0.0005474,0.002245298
0.0005476,0.002245297
0.0005478,0.002245295
0.000548,0.002245294
0.0005482,0.002245293
0.0005484,0.002245292
0.0005486,0.002245291
0.0005488,0.00224529
0.000549,0.00224529
0.0005492,0.00224529
0.0005494,0.002245289
0.0005496,0.002245289
0.0005498,0.00224529
0.00055,0.00224529
0.0005502,0.00224529
0.0005504,0.002245291
0.0005506,0.002245292
0.0005508,0.002245293
0.000551,0.002245294
0.0005512,0.002245295
0.0005514,0.002245297
0.0005516,0.002245299
0.0005518,0.0022453
0.000552,0.002245303
0.0005522,0.002245305
0.0005524,0.002245307
0.0005526,0.00224531
0.0005528,0.002245313
0.000553,0.002245315
0.0005532,0.002245319
0.0005534,0.002245322
0.0005536,0.002245325
0.0005538,0.002245329
0.000554,0.002245333
0.0005542,0.002245337
0.0005544,0.002245341
0.0005546,0.002245346
0.0005548,0.002245351
0.000555,0.002245355
0.0005552,0.002245361
0.0005554,0.002245366
0.0005556,0.002245371
0.0005558,0.002245377
0.000556,0.002245383
0.0005562,0.002245389
0.0005564,0.002245395
0.0005566,0.002245401
0.0005568,0.002245408
0.000557,0.002245415
0.0005572,0.002245422
0.0005574,0.002245429
0.0005576,0.002245437
0.0005578,0.002245445
0.000558,0.002245453
0.0005582,0.002245461
0.0005584,0.002245469
0.0005586,0.002245478
0.0005588,0.002245486
0.000559,0.002245495
0.0005592,0.002245505
0.0005594,0.002245514
0.0005596,0.002245524
0.0005598,0.002245533
0.00056,0.002245544
0.0005602,0.002245554
0.0005604,0.002245564
0.0005606,0.002245575
0.0005608,0.002245586
0.000561,0.002245597
0.0005612,0.002245608
0.0005614,0.002245619
0.0005616,0.002245631
0.0005618,0.002245642
0.000562,0.002245654
0.0005622,0.002245666
0.0005624,0.002245679
0.0005626,0.002245691
0.0005628,0.002245704
0.000563,0.002245717
0.0005632,0.002245731
0.0005634,0.002245744
0.0005636,0.002245758
0.0005638,0.002245772
0.000564,0.002245787
0.0005642,0.002245801
0.0005644,0.002245816
0.0005646,0.002245831
0.0005648,0.002245846
0.000565,0.002245862
0.0005652,0.002245878
0.0005654,0.002245894
0.0005656,0.00224591
0.0005658,0.002245926
0.000566,0.002245943
0.0005662,0.00224596
0.0005664,0.002245977
0.0005666,0.002245995
0.0005668,0.002246013
0.000567,0.002246031
0.0005672,0.002246049
0.0005674,0.002246068
0.0005676,0.002246086
0.0005678,0.002246106
0.000568,0.002246125
0.0005682,0.002246144
0.0005684,0.002246164
0.0005686,0.002246184
0.0005688,0.002246205
0.000569,0.002246225
0.0005692,0.002246246
0.0005694,0.002246267
0.0005696,0.002246289
0.0005698,0.002246311
0.00057,0.002246333
0.0005702,0.002246355
0.0005704,0.002246377
0.0005706,0.0022464
0.0005708,0.002246423
0.000571,0.002246446
0.0005712,0.00224647
0.0005714,0.002246494
0.0005716,0.002246518
0.0005718,0.002246542
0.000572,0.002246567
0.0005722,0.002246592
0.0005724,0.002246617
0.0005726,0.002246643
0.0005728,0.002246668
0.000573,0.002246694
0.0005732,0.002246721
0.0005734,0.002246747
0.0005736,0.002246774
0.0005738,0.002246802
0.000574,0.002246829
0.0005742,0.002246857
0.0005744,0.002246885
0.0005746,0.002246913
0.0005748,0.002246942
0.000575,0.002246971
0.0005752,0.002247
0.0005754,0.002247029
0.0005756,0.002247059
0.0005758,0.002247089
0.000576,0.002247119
0.0005762,0.00224715
0.0005764,0.002247181
0.0005766,0.002247212
0.0005768,0.002247243
0.000577,0.002247275
0.0005772,0.002247307
0.0005774,0.00224734
0.0005776,0.002247372
0.0005778,0.002247405
0.000578,0.002247438
0.0005782,0.002247472
0.0005784,0.002247505
0.0005786,0.002247539
0.0005788,0.002247573
0.000579,0.002247607
0.0005792,0.002247642
0.0005794,0.002247677
0.0005796,0.002247712
0.0005798,0.002247748
0.00058,0.002247784
0.0005802,0.00224782
0.0005804,0.002247856
0.0005806,0.002247893
0.0005808,0.00224793
0.000581,0.002247968
0.0005812,0.002248005
0.0005814,0.002248043
0.0005816,0.002248082
0.0005818,0.00224812
0.000582,0.002248159
0.0005822,0.002248198
0.0005824,0.002248238
0.0005826,0.002248278
0.0005828,0.002248318
0.000583,0.002248358
0.0005832,0.002248399
0.0005834,0.00224844
0.0005836,0.002248481
0.0005838,0.002248523
0.000584,0.002248565
0.0005842,0.002248607
0.0005844,0.00224865
0.0005846,0.002248693
0.0005848,0.002248736
0.000585,0.002248779
0.0005852,0.002248823
0.0005854,0.002248867
0.0005856,0.002248912
0.0005858,0.002248957
0.000586,0.002249002
0.0005862,0.002249047
0.0005864,0.002249093
0.0005866,0.002249139
0.0005868,0.002249185
0.000587,0.002249232
0.0005872,0.002249279
0.0005874,0.002249326
0.0005876,0.002249374
0.0005878,0.002249422
0.000588,0.00224947
0.0005882,0.002249519
0.0005884,0.002249568
0.0005886,0.002249617
0.0005888,0.002249666
0.000589,0.002249716
0.0005892,0.002249766
0.0005894,0.002249817
0.0005896,0.002249868
0.0005898,0.002249919
0.00059,0.00224997
0.0005902,0.002250022
0.0005904,0.002250074
0.0005906,0.002250126
0.0005908,0.002250179
0.000591,0.002250232
0.0005912,0.002250286
0.0005914,0.002250339
0.0005916,0.002250393
0.0005918,0.002250448
0.000592,0.002250502
0.0005922,0.002250557
0.0005924,0.002250613
0.0005926,0.002250668
0.0005928,0.002250724
0.000593,0.002250781
0.0005932,0.002250837
0.0005934,0.002250894
0.0005936,0.002250951
0.0005938,0.002251009
0.000594,0.002251067
0.0005942,0.002251125
0.0005944,0.002251184
0.0005946,0.002251243
0.0005948,0.002251302
0.000595,0.002251361
0.0005952,0.002251421
0.0005954,0.002251481
0.0005956,0.002251542
0.0005958,0.002251603
0.000596,0.002251664
0.0005962,0.002251725
0.0005964,0.002251786
0.0005966,0.002251848
0.0005968,0.00225191
0.000597,0.002251973
0.0005972,0.002252036
0.0005974,0.002252099
0.0005976,0.002252162
0.0005978,0.002252226
0.000598,0.00225229
0.0005982,0.002252355
0.0005984,0.002252419
0.0005986,0.002252485
0.0005988,0.00225255
0.000599,0.002252616
0.0005992,0.002252682
0.0005994,0.002252748
0.0005996,0.002252815
0.0005998,0.002252882
0.0006,0.002252949
0.0006002,0.002253017
0.0006004,0.002253085
0.0006006,0.002253154
0.0006008,0.002253222
0.000601,0.002253291
0.0006012,0.002253361
0.0006014,0.00225343
0.0006016,0.0022535
0.0006018,0.00225357
0.000602,0.002253641
0.0006022,0.002253712
0.0006024,0.002253783
0.0006026,0.002253855
0.0006028,0.002253927
0.000603,0.002253999
0.0006032,0.002254072
0.0006034,0.002254145
0.0006036,0.002254218
0.0006038,0.002254291
0.000604,0.002254365
0.0006042,0.00225444
0.0006044,0.002254514
0.0006046,0.002254589
0.0006048,0.002254664
0.000605,0.00225474
0.0006052,0.002254815
0.0006054,0.002254892
0.0006056,0.002254968
0.0006058,0.002255045
0.000606,0.002255122
0.0006062,0.002255199
0.0006064,0.002255277
0.0006066,0.002255355
0.0006068,0.002255434
0.000607,0.002255512
0.0006072,0.002255591
0.0006074,0.002255671
0.0006076,0.002255751
0.0006078,0.002255831
0.000608,0.002255911
0.0006082,0.002255991
0.0006084,0.002256072
0.0006086,0.002256154
0.0006088,0.002256235
0.000609,0.002256317
0.0006092,0.002256399
0.0006094,0.002256482
0.0006096,0.002256565
0.0006098,0.002256648
0.00061,0.002256732
0.0006102,0.002256815
0.0006104,0.0022569
0.0006106,0.002256984
0.0006108,0.002257069
0.000611,0.002257154
0.0006112,0.002257239
0.0006114,0.002257325
0.0006116,0.002257411
0.0006118,0.002257497
0.000612,0.002257584
0.0006122,0.002257671
0.0006124,0.002257758
0.0006126,0.002257846
0.0006128,0.002257934
0.000613,0.002258022
0.0006132,0.002258111
0.0006134,0.002258199
0.0006136,0.002258289
0.0006138,0.002258378
0.000614,0.002258468
0.0006142,0.002258558
0.0006144,0.002258648
0.0006146,0.002258738
0.0006148,0.002258829
0.000615,0.00225892
0.0006152,0.002259011
0.0006154,0.002259103
0.0006156,0.002259195
0.0006158,0.002259287
0.000616,0.00225938
0.0006162,0.002259473
0.0006164,0.002259566
0.0006166,0.00225966
0.0006168,0.002259753
0.000617,0.002259847
0.0006172,0.002259942
0.0006174,0.002260037
0.0006176,0.002260132
0.0006178,0.002260227
0.000618,0.002260322
0.0006182,0.002260418
0.0006184,0.002260514
0.0006186,0.002260611
0.0006188,0.002260708
0.000619,0.002260805
0.0006192,0.002260902
0.0006194,0.002261
0.0006196,0.002261098
0.0006198,0.002261196
0.00062,0.002261295
0.0006202,0.002261394
0.0006204,0.002261493
0.0006206,0.002261592
0.0006208,0.002261692
0.000621,0.002261792
0.0006212,0.002261892
0.0006214,0.002261993
0.0006216,0.002262094
0.0006218,0.002262195
0.000622,0.002262296
0.0006222,0.002262398
0.0006224,0.0022625
0.0006226,0.002262602
0.0006228,0.002262705
0.000623,0.002262808
0.0006232,0.002262911
0.0006234,0.002263014
0.0006236,0.002263118
0.0006238,0.002263222
0.000624,0.002263326
0.0006242,0.002263431
0.0006244,0.002263536
0.0006246,0.002263641
0.0006248,0.002263746
0.000625,0.002263852
0.0006252,0.002263958
0.0006254,0.002264064
0.0006256,0.00226417
0.0006258,0.002264277
0.000626,0.002264384
0.0006262,0.002264491
0.0006264,0.002264599
0.0006266,0.002264707
0.0006268,0.002264815
0.000627,0.002264923
0.0006272,0.002265032
0.0006274,0.002265141
0.0006276,0.00226525
0.0006278,0.002265359
0.000628,0.002265469
0.0006282,0.002265579
0.0006284,0.002265689
0.0006286,0.0022658
0.0006288,0.002265911
0.000629,0.002266022
0.0006292,0.002266133
0.0006294,0.002266244
0.0006296,0.002266356
0.0006298,0.002266468
0.00063,0.00226658
0.0006302,0.002266693
0.0006304,0.002266806
0.0006306,0.002266919
0.0006308,0.002267032
0.000631,0.002267146
0.0006312,0.002267259
0.0006314,0.002267373
0.0006316,0.002267488
0.0006318,0.002267602
0.000632,0.002267717
0.0006322,0.002267832
0.0006324,0.002267947
0.0006326,0.002268063
0.0006328,0.002268179
0.000633,0.002268294
0.0006332,0.00226841
0.0006334,0.002268527
0.0006336,0.002268643
0.0006338,0.00226876
0.000634,0.002268877
0.0006342,0.002268994
0.0006344,0.002269112
0.0006346,0.002269229
0.0006348,0.002269347
0.000635,0.002269466
0.0006352,0.002269584
0.0006354,0.002269703
0.0006356,0.002269821
0.0006358,0.002269941
0.000636,0.00227006
0.0006362,0.002270179
0.0006364,0.002270299
0.0006366,0.002270419
0.0006368,0.002270539
0.000637,0.00227066
0.0006372,0.00227078
0.0006374,0.002270901
0.0006376,0.002271022
0.0006378,0.002271144
0.000638,0.002271265
0.0006382,0.002271387
0.0006384,0.002271509
0.0006386,0.002271631
0.0006388,0.002271753
0.000639,0.002271876
0.0006392,0.002271999
0.0006394,0.002272122
0.0006396,0.002272245
0.0006398,0.002272368
0.00064,0.002272492
0.0006402,0.002272616
0.0006404,0.00227274
0.0006406,0.002272864
0.0006408,0.002272988
0.000641,0.002273113
0.0006412,0.002273238
0.0006414,0.002273363
0.0006416,0.002273488
0.0006418,0.002273613
0.000642,0.002273739
0.0006422,0.002273865
0.0006424,0.002273991
0.0006426,0.002274117
0.0006428,0.002274243
0.000643,0.00227437
0.0006432,0.002274497
0.0006434,0.002274624
0.0006436,0.002274751
0.0006438,0.002274878
0.000644,0.002275006
0.0006442,0.002275133
0.0006444,0.002275261
0.0006446,0.002275389
0.0006448,0.002275517
0.000645,0.002275646
0.0006452,0.002275774
0.0006454,0.002275903
0.0006456,0.002276032
0.0006458,0.002276161
0.000646,0.00227629
0.0006462,0.002276419
0.0006464,0.002276549
0.0006466,0.002276679
0.0006468,0.002276809
0.000647,0.002276939
0.0006472,0.002277069
0.0006474,0.002277199
0.0006476,0.00227733
0.0006478,0.00227746
0.000648,0.002277591
0.0006482,0.002277722
0.0006484,0.002277853
0.0006486,0.002277985
0.0006488,0.002278116
0.000649,0.002278248
0.0006492,0.00227838
0.0006494,0.002278511
0.0006496,0.002278644
0.0006498,0.002278776
0.00065,0.002278908
0.0006502,0.002279041
0.0006504,0.002279173
0.0006506,0.002279306
0.0006508,0.002279439
0.000651,0.002279572
0.0006512,0.002279705
0.0006514,0.002279838
0.0006516,0.002279972
0.0006518,0.002280105
0.000652,0.002280239
0.0006522,0.002280373
0.0006524,0.002280507
0.0006526,0.002280641
0.0006528,0.002280775
0.000653,0.002280909
0.0006532,0.002281044
0.0006534,0.002281178
0.0006536,0.002281313
0.0006538,0.002281447
0.000654,0.002281582
0.0006542,0.002281717
0.0006544,0.002281852
0.0006546,0.002281988
0.0006548,0.002282123
0.000655,0.002282258
0.0006552,0.002282394
0.0006554,0.00228253
0.0006556,0.002282665
0.0006558,0.002282801
0.000656,0.002282937
0.0006562,0.002283073
0.0006564,0.002283209
0.0006566,0.002283346
0.0006568,0.002283482
0.000657,0.002283618
0.0006572,0.002283755
0.0006574,0.002283892
0.0006576,0.002284028
0.0006578,0.002284165
0.000658,0.002284302
0.0006582,0.002284439
0.0006584,0.002284576
0.0006586,0.002284713
0.0006588,0.002284851
0.000659,0.002284988
0.0006592,0.002285125
0.0006594,0.002285263
0.0006596,0.0022854
0.0006598,0.002285538
0.00066,0.002285676
0.0006602,0.002285814
0.0006604,0.002285952
0.0006606,0.00228609
0.0006608,0.002286228
0.000661,0.002286366
0.0006612,0.002286504
0.0006614,0.002286642
0.0006616,0.00228678
0.0006618,0.002286919
0.000662,0.002287057
0.0006622,0.002287195
0.0006624,0.002287334
0.0006626,0.002287473
0.0006628,0.002287611
0.000663,0.00228775
0.0006632,0.002287889
0.0006634,0.002288027
0.0006636,0.002288166
0.0006638,0.002288305
0.000664,0.002288444
0.0006642,0.002288583
0.0006644,0.002288722
0.0006646,0.002288861
0.0006648,0.002289
0.000665,0.002289139
0.0006652,0.002289278
0.0006654,0.002289418
0.0006656,0.002289557
0.0006658,0.002289696
0.000666,0.002289835
0.0006662,0.002289975
0.0006664,0.002290114
0.0006666,0.002290253
0.0006668,0.002290393
0.000667,0.002290532
0.0006672,0.002290672
0.0006674,0.002290811
0.0006676,0.002290951
0.0006678,0.00229109
0.000668,0.00229123
0.0006682,0.002291369
0.0006684,0.002291509
0.0006686,0.002291648
0.0006688,0.002291788
0.000669,0.002291927
0.0006692,0.002292067
0.0006694,0.002292207
0.0006696,0.002292346
0.0006698,0.002292486
0.00067,0.002292625
0.0006702,0.002292765
0.0006704,0.002292905
0.0006706,0.002293044
0.0006708,0.002293184
0.000671,0.002293323
0.0006712,0.002293463
0.0006714,0.002293602
0.0006716,0.002293742
0.0006718,0.002293881
0.000672,0.002294021
0.0006722,0.00229416
0.0006724,0.0022943
0.0006726,0.002294439
0.0006728,0.002294579
0.000673,0.002294718
0.0006732,0.002294858
0.0006734,0.002294997
0.0006736,0.002295136
0.0006738,0.002295275
0.000674,0.002295415
0.0006742,0.002295554
0.0006744,0.002295693
0.0006746,0.002295832
0.0006748,0.002295971
0.000675,0.002296111
0.0006752,0.00229625
0.0006754,0.002296389
0.0006756,0.002296528
0.0006758,0.002296666
0.000676,0.002296805
0.0006762,0.002296944
0.0006764,0.002297083
0.0006766,0.002297222
0.0006768,0.00229736
0.000677,0.002297499
0.0006772,0.002297637
0.0006774,0.002297776
0.0006776,0.002297914
0.0006778,0.002298053
0.000678,0.002298191
0.0006782,0.002298329
0.0006784,0.002298468
0.0006786,0.002298606
0.0006788,0.002298744
0.000679,0.002298882
0.0006792,0.00229902
0.0006794,0.002299157
0.0006796,0.002299295
0.0006798,0.002299433
0.00068,0.002299571
0.0006802,0.002299708
0.0006804,0.002299845
0.0006806,0.002299983
0.0006808,0.00230012
0.000681,0.002300257
0.0006812,0.002300394
0.0006814,0.002300531
0.0006816,0.002300668
0.0006818,0.002300805
0.000682,0.002300942
0.0006822,0.002301079
0.0006824,0.002301215
0.0006826,0.002301352
0.0006828,0.002301488
0.000683,0.002301624
0.0006832,0.00230176
0.0006834,0.002301896
0.0006836,0.002302032
0.0006838,0.002302168
0.000684,0.002302304
0.0006842,0.00230244
0.0006844,0.002302575
0.0006846,0.002302711
0.0006848,0.002302846
0.000685,0.002302981
0.0006852,0.002303116
0.0006854,0.002303251
0.0006856,0.002303386
0.0006858,0.00230352
0.000686,0.002303655
0.0006862,0.002303789
0.0006864,0.002303924
0.0006866,0.002304058
0.0006868,0.002304192
0.000687,0.002304326
0.0006872,0.00230446
0.0006874,0.002304593
0.0006876,0.002304727
0.0006878,0.00230486
0.000688,0.002304993
0.0006882,0.002305126
0.0006884,0.002305259
0.0006886,0.002305392
0.0006888,0.002305525
0.000689,0.002305657
0.0006892,0.00230579
0.0006894,0.002305922
0.0006896,0.002306054
0.0006898,0.002306186
0.00069,0.002306318
0.0006902,0.002306449
0.0006904,0.002306581
0.0006906,0.002306712
0.0006908,0.002306843
0.000691,0.002306974
0.0006912,0.002307105
0.0006914,0.002307235
0.0006916,0.002307366
0.0006918,0.002307496
0.000692,0.002307626
0.0006922,0.002307756
0.0006924,0.002307886
0.0006926,0.002308015
0.0006928,0.002308145
0.000693,0.002308274
0.0006932,0.002308403
0.0006934,0.002308532
0.0006936,0.002308661
0.0006938,0.002308789
0.000694,0.002308918
0.0006942,0.002309046
0.0006944,0.002309174
0.0006946,0.002309301
0.0006948,0.002309429
0.000695,0.002309556
0.0006952,0.002309683
0.0006954,0.00230981
0.0006956,0.002309937
0.0006958,0.002310064
0.000696,0.00231019
0.0006962,0.002310316
0.0006964,0.002310442
0.0006966,0.002310568
0.0006968,0.002310694
0.000697,0.002310819
0.0006972,0.002310944
0.0006974,0.002311069
0.0006976,0.002311194
0.0006978,0.002311318
0.000698,0.002311443
0.0006982,0.002311567
0.0006984,0.002311691
0.0006986,0.002311814
0.0006988,0.002311938
0.000699,0.002312061
0.0006992,0.002312184
0.0006994,0.002312307
0.0006996,0.002312429
0.0006998,0.002312552
0.0007,0.002312674
0.0007002,0.002312795
0.0007004,0.002312917
0.0007006,0.002313038
0.0007008,0.00231316
0.000701,0.00231328
0.0007012,0.002313401
0.0007014,0.002313522
0.0007016,0.002313642
0.0007018,0.002313762
0.000702,0.002313881
0.0007022,0.002314001
0.0007024,0.00231412
0.0007026,0.002314239
0.0007028,0.002314358
0.000703,0.002314476
0.0007032,0.002314594
0.0007034,0.002314712
0.0007036,0.00231483
0.0007038,0.002314947
0.000704,0.002315065
0.0007042,0.002315182
0.0007044,0.002315298
0.0007046,0.002315415
0.0007048,0.002315531
0.000705,0.002315647
0.0007052,0.002315762
0.0007054,0.002315878
0.0007056,0.002315993
0.0007058,0.002316108
0.000706,0.002316222
0.0007062,0.002316336
0.0007064,0.00231645
0.0007066,0.002316564
0.0007068,0.002316677
0.000707,0.002316791
0.0007072,0.002316903
0.0007074,0.002317016
0.0007076,0.002317128
0.0007078,0.00231724
0.000708,0.002317352
0.0007082,0.002317464
0.0007084,0.002317575
0.0007086,0.002317686
0.0007088,0.002317796
0.000709,0.002317907
0.0007092,0.002318017
0.0007094,0.002318126
0.0007096,0.002318236
0.0007098,0.002318345
0.00071,0.002318454
0.0007102,0.002318562
0.0007104,0.00231867
0.0007106,0.002318778
0.0007108,0.002318886
0.000711,0.002318993
0.0007112,0.0023191
0.0007114,0.002319207
0.0007116,0.002319313
0.0007118,0.00231942
0.000712,0.002319525
0.0007122,0.002319631
0.0007124,0.002319736
0.0007126,0.002319841
0.0007128,0.002319945
0.000713,0.00232005
0.0007132,0.002320153
0.0007134,0.002320257
0.0007136,0.00232036
0.0007138,0.002320463
0.000714,0.002320566
0.0007142,0.002320668
0.0007144,0.00232077
0.0007146,0.002320872
0.0007148,0.002320973
0.000715,0.002321074
0.0007152,0.002321175
0.0007154,0.002321275
0.0007156,0.002321375
0.0007158,0.002321475
0.000716,0.002321574
0.0007162,0.002321673
0.0007164,0.002321772
0.0007166,0.00232187
0.0007168,0.002321968
0.000717,0.002322066
0.0007172,0.002322163
0.0007174,0.00232226
0.0007176,0.002322356
0.0007178,0.002322453
0.000718,0.002322549
0.0007182,0.002322644
0.0007184,0.002322739
0.0007186,0.002322834
0.0007188,0.002322929
0.000719,0.002323023
0.0007192,0.002323117
0.0007194,0.00232321
0.0007196,0.002323303
0.0007198,0.002323396
0.00072,0.002323488
0.0007202,0.00232358
0.0007204,0.002323672
0.0007206,0.002323763
0.0007208,0.002323854
0.000721,0.002323945
0.0007212,0.002324035
0.0007214,0.002324125
0.0007216,0.002324215
0.0007218,0.002324304
0.000722,0.002324392
0.0007222,0.002324481
0.0007224,0.002324569
0.0007226,0.002324657
0.0007228,0.002324744
0.000723,0.002324831
0.0007232,0.002324917
0.0007234,0.002325003
0.0007236,0.002325089
0.0007238,0.002325175
0.000724,0.00232526
0.0007242,0.002325344
0.0007244,0.002325429
0.0007246,0.002325512
0.0007248,0.002325596
0.000725,0.002325679
0.0007252,0.002325762
0.0007254,0.002325844
0.0007256,0.002325926
0.0007258,0.002326008
0.000726,0.002326089
0.0007262,0.00232617
0.0007264,0.00232625
0.0007266,0.00232633
0.0007268,0.00232641
0.000727,0.002326489
0.0007272,0.002326568
0.0007274,0.002326646
0.0007276,0.002326724
0.0007278,0.002326802
0.000728,0.002326879
0.0007282,0.002326956
0.0007284,0.002327033
0.0007286,0.002327109
0.0007288,0.002327185
0.000729,0.00232726
0.0007292,0.002327335
0.0007294,0.002327409
0.0007296,0.002327483
0.0007298,0.002327557
0.00073,0.00232763
0.0007302,0.002327703
0.0007304,0.002327775
0.0007306,0.002327847
0.0007308,0.002327919
0.000731,0.00232799
0.0007312,0.002328061
0.0007314,0.002328132
0.0007316,0.002328202
0.0007318,0.002328271
0.000732,0.00232834
0.0007322,0.002328409
0.0007324,0.002328477
0.0007326,0.002328545
0.0007328,0.002328613
0.000733,0.00232868
0.0007332,0.002328746
0.0007334,0.002328813
0.0007336,0.002328879
0.0007338,0.002328944
0.000734,0.002329009
0.0007342,0.002329073
0.0007344,0.002329138
0.0007346,0.002329201
0.0007348,0.002329265
0.000735,0.002329327
0.0007352,0.00232939
0.0007354,0.002329452
0.0007356,0.002329514
0.0007358,0.002329575
0.000736,0.002329635
0.0007362,0.002329696
0.0007364,0.002329756
0.0007366,0.002329815
0.0007368,0.002329874
0.000737,0.002329933
0.0007372,0.002329991
0.0007374,0.002330048
0.0007376,0.002330106
0.0007378,0.002330163
0.000738,0.002330219
0.0007382,0.002330275
0.0007384,0.002330331
0.0007386,0.002330386
0.0007388,0.00233044
0.000739,0.002330495
0.0007392,0.002330548
0.0007394,0.002330602
0.0007396,0.002330655
0.0007398,0.002330707
0.00074,0.002330759
0.0007402,0.002330811
0.0007404,0.002330862
0.0007406,0.002330913
0.0007408,0.002330963
0.000741,0.002331013
0.0007412,0.002331062
0.0007414,0.002331111
0.0007416,0.002331159
0.0007418,0.002331207
0.000742,0.002331255
0.0007422,0.002331302
0.0007424,0.002331349
0.0007426,0.002331395
0.0007428,0.002331441
0.000743,0.002331486
0.0007432,0.002331531
0.0007434,0.002331576
0.0007436,0.00233162
0.0007438,0.002331663
0.000744,0.002331706
0.0007442,0.002331749
0.0007444,0.002331791
0.0007446,0.002331833
0.0007448,0.002331874
0.000745,0.002331915
0.0007452,0.002331955
0.0007454,0.002331995
0.0007456,0.002332035
0.0007458,0.002332074
0.000746,0.002332113
0.0007462,0.002332151
0.0007464,0.002332188
0.0007466,0.002332225
0.0007468,0.002332262
0.000747,0.002332299
0.0007472,0.002332334
0.0007474,0.00233237
0.0007476,0.002332405
0.0007478,0.002332439
0.000748,0.002332473
0.0007482,0.002332507
0.0007484,0.00233254
0.0007486,0.002332572
0.0007488,0.002332605
0.000749,0.002332636
0.0007492,0.002332668
0.0007494,0.002332698
0.0007496,0.002332729
0.0007498,0.002332758
0.00075,0.002332788
0.0007502,0.002332817
0.0007504,0.002332845
0.0007506,0.002332873
0.0007508,0.002332901
0.000751,0.002332928
0.0007512,0.002332955
0.0007514,0.002332981
0.0007516,0.002333006
0.0007518,0.002333032
0.000752,0.002333056
0.0007522,0.002333081
0.0007524,0.002333105
0.0007526,0.002333128
0.0007528,0.002333151
0.000753,0.002333173
0.0007532,0.002333195
0.0007534,0.002333217
0.0007536,0.002333238
0.0007538,0.002333258
0.000754,0.002333279
0.0007542,0.002333298
0.0007544,0.002333317
0.0007546,0.002333336
0.0007548,0.002333354
0.000755,0.002333372
0.0007552,0.002333389
0.0007554,0.002333406
0.0007556,0.002333423
0.0007558,0.002333439
0.000756,0.002333454
0.0007562,0.002333469
0.0007564,0.002333484
0.0007566,0.002333498
0.0007568,0.002333511
0.000757,0.002333524
0.0007572,0.002333537
0.0007574,0.002333549
0.0007576,0.002333561
0.0007578,0.002333572
0.000758,0.002333583
0.0007582,0.002333593
0.0007584,0.002333603
0.0007586,0.002333612
0.0007588,0.002333621
0.000759,0.00233363
0.0007592,0.002333638
0.0007594,0.002333645
0.0007596,0.002333652
0.0007598,0.002333659
0.00076,0.002333665
0.0007602,0.002333671
0.0007604,0.002333676
0.0007606,0.002333681
0.0007608,0.002333685
0.000761,0.002333689
0.0007612,0.002333692
0.0007614,0.002333695
0.0007616,0.002333697
0.0007618,0.002333699
0.000762,0.0023337
0.0007622,0.002333701
0.0007624,0.002333702
0.0007626,0.002333702
0.0007628,0.002333702
0.000763,0.002333701
0.0007632,0.002333699
0.0007634,0.002333697
0.0007636,0.002333695
0.0007638,0.002333692
0.000764,0.002333689
0.0007642,0.002333685
0.0007644,0.002333681
0.0007646,0.002333677
0.0007648,0.002333672
0.000765,0.002333666
0.0007652,0.00233366
0.0007654,0.002333654
0.0007656,0.002333647
0.0007658,0.002333639
0.000766,0.002333631
0.0007662,0.002333623
0.0007664,0.002333614
0.0007666,0.002333605
0.0007668,0.002333595
0.000767,0.002333585
0.0007672,0.002333574
0.0007674,0.002333563
0.0007676,0.002333552
0.0007678,0.00233354
0.000768,0.002333527
0.0007682,0.002333514
0.0007684,0.002333501
0.0007686,0.002333487
0.0007688,0.002333473
0.000769,0.002333458
0.0007692,0.002333443
0.0007694,0.002333427
0.0007696,0.002333411
0.0007698,0.002333394
0.00077,0.002333377
0.0007702,0.00233336
0.0007704,0.002333342
0.0007706,0.002333323
0.0007708,0.002333304
0.000771,0.002333285
0.0007712,0.002333265
0.0007714,0.002333245
0.0007716,0.002333224
0.0007718,0.002333203
0.000772,0.002333181
0.0007722,0.002333159
0.0007724,0.002333137
0.0007726,0.002333114
0.0007728,0.00233309
0.000773,0.002333066
0.0007732,0.002333042
0.0007734,0.002333017
0.0007736,0.002332992
0.0007738,0.002332966
0.000774,0.00233294
0.0007742,0.002332913
0.0007744,0.002332886
0.0007746,0.002332859
0.0007748,0.002332831
0.000775,0.002332803
0.0007752,0.002332774
0.0007754,0.002332744
0.0007756,0.002332715
0.0007758,0.002332685
0.000776,0.002332654
0.0007762,0.002332623
0.0007764,0.002332591
0.0007766,0.002332559
0.0007768,0.002332527
0.000777,0.002332494
0.0007772,0.002332461
0.0007774,0.002332427
0.0007776,0.002332393
0.0007778,0.002332358
0.000778,0.002332323
0.0007782,0.002332288
0.0007784,0.002332252
0.0007786,0.002332216
0.0007788,0.002332179
0.000779,0.002332142
0.0007792,0.002332104
0.0007794,0.002332066
0.0007796,0.002332027
0.0007798,0.002331988
0.00078,0.002331949
0.0007802,0.002331909
0.0007804,0.002331869
0.0007806,0.002331828
0.0007808,0.002331787
0.000781,0.002331746
0.0007812,0.002331704
0.0007814,0.002331661
0.0007816,0.002331618
0.0007818,0.002331575
0.000782,0.002331532
0.0007822,0.002331487
0.0007824,0.002331443
0.0007826,0.002331398
0.0007828,0.002331353
0.000783,0.002331307
0.0007832,0.002331261
0.0007834,0.002331214
0.0007836,0.002331167
0.0007838,0.002331119
0.000784,0.002331071
0.0007842,0.002331023
0.0007844,0.002330974
0.0007846,0.002330925
0.0007848,0.002330876
0.000785,0.002330826
0.0007852,0.002330775
0.0007854,0.002330724
0.0007856,0.002330673
0.0007858,0.002330622
0.000786,0.00233057
0.0007862,0.002330517
0.0007864,0.002330464
0.0007866,0.002330411
0.0007868,0.002330357
0.000787,0.002330303
0.0007872,0.002330249
0.0007874,0.002330194
0.0007876,0.002330138
0.0007878,0.002330083
0.000788,0.002330027
0.0007882,0.00232997
0.0007884,0.002329913
0.0007886,0.002329856
0.0007888,0.002329798
0.000789,0.00232974
0.0007892,0.002329681
0.0007894,0.002329623
0.0007896,0.002329563
0.0007898,0.002329504
0.00079,0.002329443
0.0007902,0.002329383
0.0007904,0.002329322
0.0007906,0.002329261
0.0007908,0.002329199
0.000791,0.002329137
0.0007912,0.002329075
0.0007914,0.002329012
0.0007916,0.002328949
0.0007918,0.002328885
0.000792,0.002328821
0.0007922,0.002328757
0.0007924,0.002328692
0.0007926,0.002328627
0.0007928,0.002328561
0.000793,0.002328495
0.0007932,0.002328429
0.0007934,0.002328363
0.0007936,0.002328295
0.0007938,0.002328228
0.000794,0.00232816
0.0007942,0.002328092
0.0007944,0.002328024
0.0007946,0.002327955
0.0007948,0.002327886
0.000795,0.002327816
0.0007952,0.002327746
0.0007954,0.002327676
0.0007956,0.002327605
0.0007958,0.002327534
0.000796,0.002327462
0.0007962,0.00232739
0.0007964,0.002327318
0.0007966,0.002327246
0.0007968,0.002327173
0.000797,0.002327099
0.0007972,0.002327026
0.0007974,0.002326952
0.0007976,0.002326878
0.0007978,0.002326803
0.000798,0.002326728
0.0007982,0.002326652
0.0007984,0.002326577
0.0007986,0.002326501
0.0007988,0.002326424
0.000799,0.002326347
0.0007992,0.00232627
0.0007994,0.002326193
0.0007996,0.002326115
0.0007998,0.002326037
0.0008,0.002325958
0.0008002,0.002325879
0.0008004,0.0023258
0.0008006,0.002325721
0.0008008,0.002325641
0.000801,0.00232556
0.0008012,0.00232548
0.0008014,0.002325399
0.0008016,0.002325318
0.0008018,0.002325236
0.000802,0.002325154
0.0008022,0.002325072
0.0008024,0.00232499
0.0008026,0.002324907
0.0008028,0.002324824
0.000803,0.00232474
0.0008032,0.002324656
0.0008034,0.002324572
0.0008036,0.002324488
0.0008038,0.002324403
0.000804,0.002324318
0.0008042,0.002324232
0.0008044,0.002324146
0.0008046,0.00232406
0.0008048,0.002323974
0.000805,0.002323887
0.0008052,0.0023238
0.0008054,0.002323713
0.0008056,0.002323625
0.0008058,0.002323537
0.000806,0.002323449
0.0008062,0.002323361
0.0008064,0.002323272
0.0008066,0.002323183
0.0008068,0.002323093
0.000807,0.002323003
0.0008072,0.002322913
0.0008074,0.002322823
0.0008076,0.002322732
0.0008078,0.002322641
0.000808,0.00232255
0.0008082,0.002322459
0.0008084,0.002322367
0.0008086,0.002322275
0.0008088,0.002322182
0.000809,0.00232209
0.0008092,0.002321997
0.0008094,0.002321904
0.0008096,0.00232181
0.0008098,0.002321716
0.00081,0.002321622
0.0008102,0.002321528
0.0008104,0.002321433
0.0008106,0.002321338
0.0008108,0.002321243
0.000811,0.002321148
0.0008112,0.002321052
0.0008114,0.002320956
0.0008116,0.00232086
0.0008118,0.002320763
0.000812,0.002320666
0.0008122,0.002320569
0.0008124,0.002320472
0.0008126,0.002320374
0.0008128,0.002320276
0.000813,0.002320178
0.0008132,0.00232008
0.0008134,0.002319981
0.0008136,0.002319882
0.0008138,0.002319783
0.000814,0.002319684
0.0008142,0.002319584
0.0008144,0.002319484
0.0008146,0.002319384
0.0008148,0.002319284
0.000815,0.002319183
0.0008152,0.002319082
0.0008154,0.002318981
0.0008156,0.00231888
0.0008158,0.002318778
0.000816,0.002318676
0.0008162,0.002318574
0.0008164,0.002318472
0.0008166,0.002318369
0.0008168,0.002318266
0.000817,0.002318163
0.0008172,0.00231806
0.0008174,0.002317957
0.0008176,0.002317853
0.0008178,0.002317749
0.000818,0.002317645
0.0008182,0.00231754
0.0008184,0.002317436
0.0008186,0.002317331
0.0008188,0.002317226
0.000819,0.002317121
0.0008192,0.002317015
0.0008194,0.002316909
0.0008196,0.002316804
0.0008198,0.002316697
0.00082,0.002316591
0.0008202,0.002316485
0.0008204,0.002316378
0.0008206,0.002316271
0.0008208,0.002316164
0.000821,0.002316056
0.0008212,0.002315949
0.0008214,0.002315841
0.0008216,0.002315733
0.0008218,0.002315625
0.000822,0.002315517
0.0008222,0.002315408
0.0008224,0.002315299
0.0008226,0.002315191
0.0008228,0.002315081
0.000823,0.002314972
0.0008232,0.002314863
0.0008234,0.002314753
0.0008236,0.002314643
0.0008238,0.002314533
0.000824,0.002314423
0.0008242,0.002314313
0.0008244,0.002314202
0.0008246,0.002314091
0.0008248,0.00231398
0.000825,0.002313869
0.0008252,0.002313758
0.0008254,0.002313647
0.0008256,0.002313535
0.0008258,0.002313423
0.000826,0.002313311
0.0008262,0.002313199
0.0008264,0.002313087
0.0008266,0.002312975
0.0008268,0.002312862
0.000827,0.002312749
0.0008272,0.002312637
0.0008274,0.002312524
0.0008276,0.00231241
0.0008278,0.002312297
0.000828,0.002312184
0.0008282,0.00231207
0.0008284,0.002311956
0.0008286,0.002311842
0.0008288,0.002311728
0.000829,0.002311614
0.0008292,0.0023115
0.0008294,0.002311385
0.0008296,0.002311271
0.0008298,0.002311156
0.00083,0.002311041
0.0008302,0.002310926
0.0008304,0.002310811
0.0008306,0.002310696
0.0008308,0.00231058
0.000831,0.002310465
0.0008312,0.002310349
0.0008314,0.002310233
0.0008316,0.002310117
0.0008318,0.002310001
0.000832,0.002309885
0.0008322,0.002309769
0.0008324,0.002309653
0.0008326,0.002309536
0.0008328,0.00230942
0.000833,0.002309303
0.0008332,0.002309186
0.0008334,0.002309069
0.0008336,0.002308952
0.0008338,0.002308835
0.000834,0.002308718
0.0008342,0.0023086
0.0008344,0.002308483
0.0008346,0.002308366
0.0008348,0.002308248
0.000835,0.00230813
0.0008352,0.002308012
0.0008354,0.002307894
0.0008356,0.002307777
0.0008358,0.002307658
0.000836,0.00230754
0.0008362,0.002307422
0.0008364,0.002307304
0.0008366,0.002307185
0.0008368,0.002307067
0.000837,0.002306948
0.0008372,0.00230683
0.0008374,0.002306711
0.0008376,0.002306592
0.0008378,0.002306473
0.000838,0.002306354
0.0008382,0.002306235
0.0008384,0.002306116
0.0008386,0.002305997
0.0008388,0.002305878
0.000839,0.002305759
0.0008392,0.002305639
0.0008394,0.00230552
0.0008396,0.0023054
0.0008398,0.002305281
0.00084,0.002305161
0.0008402,0.002305042
0.0008404,0.002304922
0.0008406,0.002304802
0.0008408,0.002304683
0.000841,0.002304563
0.0008412,0.002304443
0.0008414,0.002304323
0.0008416,0.002304203
0.0008418,0.002304083
0.000842,0.002303963
0.0008422,0.002303843
0.0008424,0.002303723
0.0008426,0.002303603
0.0008428,0.002303483
0.000843,0.002303362
0.0008432,0.002303242
0.0008434,0.002303122
0.0008436,0.002303002
0.0008438,0.002302881
0.000844,0.002302761
0.0008442,0.002302641
0.0008444,0.00230252
0.0008446,0.0023024
0.0008448,0.002302279
0.000845,0.002302159
0.0008452,0.002302039
0.0008454,0.002301918
0.0008456,0.002301798
0.0008458,0.002301677
0.000846,0.002301557
0.0008462,0.002301436
0.0008464,0.002301316
0.0008466,0.002301195
0.0008468,0.002301075
0.000847,0.002300954
0.0008472,0.002300834
0.0008474,0.002300713
0.0008476,0.002300593
0.0008478,0.002300472
0.000848,0.002300352
0.0008482,0.002300231
0.0008484,0.002300111
0.0008486,0.00229999
0.0008488,0.00229987
0.000849,0.00229975
0.0008492,0.002299629
0.0008494,0.002299509
0.0008496,0.002299388
0.0008498,0.002299268
0.00085,0.002299148
0.0008502,0.002299028
0.0008504,0.002298907
0.0008506,0.002298787
0.0008508,0.002298667
0.000851,0.002298547
0.0008512,0.002298427
0.0008514,0.002298306
0.0008516,0.002298186
0.0008518,0.002298066
0.000852,0.002297946
0.0008522,0.002297826
0.0008524,0.002297706
0.0008526,0.002297587
0.0008528,0.002297467
0.000853,0.002297347
0.0008532,0.002297227
0.0008534,0.002297108
0.0008536,0.002296988
0.0008538,0.002296868
0.000854,0.002296749
0.0008542,0.002296629
0.0008544,0.00229651
0.0008546,0.002296391
0.0008548,0.002296271
0.000855,0.002296152
0.0008552,0.002296033
0.0008554,0.002295914
0.0008556,0.002295795
0.0008558,0.002295676
0.000856,0.002295557
0.0008562,0.002295438
0.0008564,0.002295319
0.0008566,0.0022952
0.0008568,0.002295082
0.000857,0.002294963
0.0008572,0.002294845
0.0008574,0.002294726
0.0008576,0.002294608
0.0008578,0.00229449
0.000858,0.002294372
0.0008582,0.002294254
0.0008584,0.002294136
0.0008586,0.002294018
0.0008588,0.0022939
0.000859,0.002293782
0.0008592,0.002293665
0.0008594,0.002293547
0.0008596,0.00229343
0.0008598,0.002293312
0.00086,0.002293195
0.0008602,0.002293078
0.0008604,0.002292961
0.0008606,0.002292844
0.0008608,0.002292727
0.000861,0.00229261
0.0008612,0.002292494
0.0008614,0.002292377
0.0008616,0.002292261
0.0008618,0.002292145
0.000862,0.002292028
0.0008622,0.002291912
0.0008624,0.002291796
0.0008626,0.00229168
0.0008628,0.002291565
0.000863,0.002291449
0.0008632,0.002291334
0.0008634,0.002291218
0.0008636,0.002291103
0.0008638,0.002290988
0.000864,0.002290873
0.0008642,0.002290758
0.0008644,0.002290643
0.0008646,0.002290529
0.0008648,0.002290414
0.000865,0.0022903
0.0008652,0.002290186
0.0008654,0.002290072
0.0008656,0.002289958
0.0008658,0.002289844
0.000866,0.00228973
0.0008662,0.002289617
0.0008664,0.002289503
0.0008666,0.00228939
0.0008668,0.002289277
0.000867,0.002289164
0.0008672,0.002289051
0.0008674,0.002288939
0.0008676,0.002288826
0.0008678,0.002288714
0.000868,0.002288602
0.0008682,0.00228849
0.0008684,0.002288378
0.0008686,0.002288266
0.0008688,0.002288155
0.000869,0.002288043
0.0008692,0.002287932
0.0008694,0.002287821
0.0008696,0.00228771
0.0008698,0.002287599
0.00087,0.002287489
0.0008702,0.002287378
0.0008704,0.002287268
0.0008706,0.002287158
0.0008708,0.002287048
0.000871,0.002286938
0.0008712,0.002286829
0.0008714,0.002286719
0.0008716,0.00228661
0.0008718,0.002286501
0.000872,0.002286392
0.0008722,0.002286284
0.0008724,0.002286175
0.0008726,0.002286067
0.0008728,0.002285959
0.000873,0.002285851
0.0008732,0.002285743
0.0008734,0.002285635
0.0008736,0.002285528
0.0008738,0.002285421
0.000874,0.002285314
0.0008742,0.002285207
0.0008744,0.0022851
0.0008746,0.002284994
0.0008748,0.002284888
0.000875,0.002284782
0.0008752,0.002284676
0.0008754,0.00228457
0.0008756,0.002284465
0.0008758,0.00228436
0.000876,0.002284255
0.0008762,0.00228415
0.0008764,0.002284045
0.0008766,0.002283941
0.0008768,0.002283836
0.000877,0.002283732
0.0008772,0.002283629
0.0008774,0.002283525
0.0008776,0.002283422
0.0008778,0.002283319
0.000878,0.002283216
0.0008782,0.002283113
0.0008784,0.00228301
0.0008786,0.002282908
0.0008788,0.002282806
0.000879,0.002282704
0.0008792,0.002282603
0.0008794,0.002282501
0.0008796,0.0022824
0.0008798,0.002282299
0.00088,0.002282198
0.0008802,0.002282098
0.0008804,0.002281998
0.0008806,0.002281898
0.0008808,0.002281798
0.000881,0.002281698
0.0008812,0.002281599
0.0008814,0.0022815
0.0008816,0.002281401
0.0008818,0.002281302
0.000882,0.002281204
0.0008822,0.002281106
0.0008824,0.002281008
0.0008826,0.00228091
0.0008828,0.002280812
0.000883,0.002280715
0.0008832,0.002280618
0.0008834,0.002280521
0.0008836,0.002280425
0.0008838,0.002280329
0.000884,0.002280233
0.0008842,0.002280137
0.0008844,0.002280041
0.0008846,0.002279946
0.0008848,0.002279851
0.000885,0.002279756
0.0008852,0.002279662
0.0008854,0.002279568
0.0008856,0.002279474
0.0008858,0.00227938
0.000886,0.002279286
0.0008862,0.002279193
0.0008864,0.0022791
0.0008866,0.002279008
0.0008868,0.002278915
0.000887,0.002278823
0.0008872,0.002278731
0.0008874,0.002278639
0.0008876,0.002278548
0.0008878,0.002278457
0.000888,0.002278366
0.0008882,0.002278275
0.0008884,0.002278185
0.0008886,0.002278095
0.0008888,0.002278005
0.000889,0.002277915
0.0008892,0.002277826
0.0008894,0.002277737
0.0008896,0.002277648
0.0008898,0.00227756
0.00089,0.002277472
0.0008902,0.002277384
0.0008904,0.002277296
0.0008906,0.002277209
0.0008908,0.002277122
0.000891,0.002277035
0.0008912,0.002276948
0.0008914,0.002276862
0.0008916,0.002276776
0.0008918,0.002276691
0.000892,0.002276605
0.0008922,0.00227652
0.0008924,0.002276435
0.0008926,0.002276351
0.0008928,0.002276266
0.000893,0.002276182
0.0008932,0.002276099
0.0008934,0.002276015
0.0008936,0.002275932
0.0008938,0.002275849
0.000894,0.002275767
0.0008942,0.002275685
0.0008944,0.002275603
0.0008946,0.002275521
0.0008948,0.00227544
0.000895,0.002275358
0.0008952,0.002275278
0.0008954,0.002275197
0.0008956,0.002275117
0.0008958,0.002275037
0.000896,0.002274957
0.0008962,0.002274878
0.0008964,0.002274799
0.0008966,0.00227472
0.0008968,0.002274642
0.000897,0.002274564
0.0008972,0.002274486
0.0008974,0.002274409
0.0008976,0.002274331
0.0008978,0.002274254
0.000898,0.002274178
0.0008982,0.002274102
0.0008984,0.002274026
0.0008986,0.00227395
0.0008988,0.002273874
0.000899,0.002273799
0.0008992,0.002273725
0.0008994,0.00227365
0.0008996,0.002273576
0.0008998,0.002273502
0.0009,0.002273429
0.0009002,0.002273355
0.0009004,0.002273282
0.0009006,0.00227321
0.0009008,0.002273137
0.000901,0.002273065
0.0009012,0.002272994
0.0009014,0.002272922
0.0009016,0.002272851
0.0009018,0.002272781
0.000902,0.00227271
0.0009022,0.00227264
0.0009024,0.00227257
0.0009026,0.002272501
0.0009028,0.002272432
0.000903,0.002272363
0.0009032,0.002272294
0.0009034,0.002272226
0.0009036,0.002272158
0.0009038,0.002272091
0.000904,0.002272023
0.0009042,0.002271956
0.0009044,0.00227189
0.0009046,0.002271823
0.0009048,0.002271757
0.000905,0.002271692
0.0009052,0.002271626
0.0009054,0.002271561
0.0009056,0.002271497
0.0009058,0.002271432
0.000906,0.002271368
0.0009062,0.002271305
0.0009064,0.002271241
0.0009066,0.002271178
0.0009068,0.002271115
0.000907,0.002271053
0.0009072,0.002270991
0.0009074,0.002270929
0.0009076,0.002270868
0.0009078,0.002270806
0.000908,0.002270746
0.0009082,0.002270685
0.0009084,0.002270625
0.0009086,0.002270565
0.0009088,0.002270506
0.000909,0.002270447
0.0009092,0.002270388
0.0009094,0.002270329
0.0009096,0.002270271
0.0009098,0.002270213
0.00091,0.002270156
0.0009102,0.002270099
0.0009104,0.002270042
0.0009106,0.002269985
0.0009108,0.002269929
0.000911,0.002269873
0.0009112,0.002269818
0.0009114,0.002269763
0.0009116,0.002269708
0.0009118,0.002269653
0.000912,0.002269599
0.0009122,0.002269545
0.0009124,0.002269492
0.0009126,0.002269438
0.0009128,0.002269386
0.000913,0.002269333
0.0009132,0.002269281
0.0009134,0.002269229
0.0009136,0.002269177
0.0009138,0.002269126
0.000914,0.002269075
0.0009142,0.002269025
0.0009144,0.002268975
0.0009146,0.002268925
0.0009148,0.002268875
0.000915,0.002268826
0.0009152,0.002268777
0.0009154,0.002268729
0.0009156,0.002268681
0.0009158,0.002268633
0.000916,0.002268585
0.0009162,0.002268538
0.0009164,0.002268491
0.0009166,0.002268445
0.0009168,0.002268399
0.000917,0.002268353
0.0009172,0.002268307
0.0009174,0.002268262
0.0009176,0.002268217
0.0009178,0.002268173
0.000918,0.002268129
0.0009182,0.002268085
0.0009184,0.002268041
0.0009186,0.002267998
0.0009188,0.002267955
0.000919,0.002267913
0.0009192,0.002267871
0.0009194,0.002267829
0.0009196,0.002267788
0.0009198,0.002267746
0.00092,0.002267706
0.0009202,0.002267665
0.0009204,0.002267625
0.0009206,0.002267585
0.0009208,0.002267546
0.000921,0.002267507
0.0009212,0.002267468
0.0009214,0.00226743
0.0009216,0.002267391
0.0009218,0.002267354
0.000922,0.002267316
0.0009222,0.002267279
0.0009224,0.002267242
0.0009226,0.002267206
0.0009228,0.00226717
0.000923,0.002267134
0.0009232,0.002267099
0.0009234,0.002267064
0.0009236,0.002267029
0.0009238,0.002266995
0.000924,0.00226696
0.0009242,0.002266927
0.0009244,0.002266893
0.0009246,0.00226686
0.0009248,0.002266827
0.000925,0.002266795
0.0009252,0.002266763
0.0009254,0.002266731
0.0009256,0.0022667
0.0009258,0.002266669
0.000926,0.002266638
0.0009262,0.002266608
0.0009264,0.002266578
0.0009266,0.002266548
0.0009268,0.002266518
0.000927,0.002266489
0.0009272,0.002266461
0.0009274,0.002266432
0.0009276,0.002266404
0.0009278,0.002266376
0.000928,0.002266349
0.0009282,0.002266322
0.0009284,0.002266295
0.0009286,0.002266269
0.0009288,0.002266242
0.000929,0.002266217
0.0009292,0.002266191
0.0009294,0.002266166
0.0009296,0.002266141
0.0009298,0.002266117
0.00093,0.002266093
0.0009302,0.002266069
0.0009304,0.002266045
0.0009306,0.002266022
0.0009308,0.002265999
0.000931,0.002265977
0.0009312,0.002265955
0.0009314,0.002265933
0.0009316,0.002265911
0.0009318,0.00226589
0.000932,0.002265869
0.0009322,0.002265849
0.0009324,0.002265828
0.0009326,0.002265809
0.0009328,0.002265789
0.000933,0.00226577
0.0009332,0.002265751
0.0009334,0.002265732
0.0009336,0.002265714
0.0009338,0.002265696
0.000934,0.002265678
0.0009342,0.002265661
0.0009344,0.002265644
0.0009346,0.002265627
0.0009348,0.002265611
0.000935,0.002265595
0.0009352,0.002265579
0.0009354,0.002265563
0.0009356,0.002265548
0.0009358,0.002265534
0.000936,0.002265519
0.0009362,0.002265505
0.0009364,0.002265491
0.0009366,0.002265477
0.0009368,0.002265464
0.000937,0.002265451
0.0009372,0.002265439
0.0009374,0.002265426
0.0009376,0.002265414
0.0009378,0.002265403
0.000938,0.002265391
0.0009382,0.00226538
0.0009384,0.00226537
0.0009386,0.002265359
0.0009388,0.002265349
0.000939,0.002265339
0.0009392,0.00226533
0.0009394,0.00226532
0.0009396,0.002265311
0.0009398,0.002265303
0.00094,0.002265295
0.0009402,0.002265287
0.0009404,0.002265279
0.0009406,0.002265272
0.0009408,0.002265264
0.000941,0.002265258
0.0009412,0.002265251
0.0009414,0.002265245
0.0009416,0.002265239
0.0009418,0.002265233
0.000942,0.002265228
0.0009422,0.002265223
0.0009424,0.002265218
0.0009426,0.002265214
0.0009428,0.00226521
0.000943,0.002265206
0.0009432,0.002265203
0.0009434,0.002265199
0.0009436,0.002265196
0.0009438,0.002265194
0.000944,0.002265192
0.0009442,0.002265189
0.0009444,0.002265188
0.0009446,0.002265186
0.0009448,0.002265185
0.000945,0.002265184
0.0009452,0.002265183
0.0009454,0.002265183
0.0009456,0.002265183
0.0009458,0.002265183
0.000946,0.002265184
0.0009462,0.002265185
0.0009464,0.002265186
0.0009466,0.002265187
0.0009468,0.002265189
0.000947,0.002265191
0.0009472,0.002265193
0.0009474,0.002265195
0.0009476,0.002265198
0.0009478,0.002265201
0.000948,0.002265205
0.0009482,0.002265208
0.0009484,0.002265212
0.0009486,0.002265216
0.0009488,0.002265221
0.000949,0.002265225
0.0009492,0.00226523
0.0009494,0.002265235
0.0009496,0.002265241
0.0009498,0.002265247
0.00095,0.002265253
0.0009502,0.002265259
0.0009504,0.002265266
0.0009506,0.002265272
0.0009508,0.002265279
0.000951,0.002265287
0.0009512,0.002265294
0.0009514,0.002265302
0.0009516,0.00226531
0.0009518,0.002265319
0.000952,0.002265328
0.0009522,0.002265336
0.0009524,0.002265346
0.0009526,0.002265355
0.0009528,0.002265365
0.000953,0.002265375
0.0009532,0.002265385
0.0009534,0.002265395
0.0009536,0.002265406
0.0009538,0.002265417
0.000954,0.002265428
0.0009542,0.00226544
0.0009544,0.002265451
0.0009546,0.002265463
0.0009548,0.002265475
0.000955,0.002265488
0.0009552,0.002265501
0.0009554,0.002265513
0.0009556,0.002265527
0.0009558,0.00226554
0.000956,0.002265554
0.0009562,0.002265568
0.0009564,0.002265582
0.0009566,0.002265596
0.0009568,0.002265611
0.000957,0.002265625
0.0009572,0.00226564
0.0009574,0.002265656
0.0009576,0.002265671
0.0009578,0.002265687
0.000958,0.002265703
0.0009582,0.002265719
0.0009584,0.002265736
0.0009586,0.002265752
0.0009588,0.002265769
0.000959,0.002265786
0.0009592,0.002265804
0.0009594,0.002265821
0.0009596,0.002265839
0.0009598,0.002265857
0.00096,0.002265875
0.0009602,0.002265894
0.0009604,0.002265912
0.0009606,0.002265931
0.0009608,0.00226595
0.000961,0.00226597
0.0009612,0.002265989
0.0009614,0.002266009
0.0009616,0.002266029
0.0009618,0.002266049
0.000962,0.002266069
0.0009622,0.00226609
0.0009624,0.002266111
0.0009626,0.002266132
0.0009628,0.002266153
0.000963,0.002266174
0.0009632,0.002266196
0.0009634,0.002266217
0.0009636,0.002266239
0.0009638,0.002266262
0.000964,0.002266284
0.0009642,0.002266307
0.0009644,0.002266329
0.0009646,0.002266352
0.0009648,0.002266375
0.000965,0.002266399
0.0009652,0.002266422
0.0009654,0.002266446
0.0009656,0.00226647
0.0009658,0.002266494
0.000966,0.002266518
0.0009662,0.002266543
0.0009664,0.002266568
0.0009666,0.002266592
0.0009668,0.002266617
0.000967,0.002266643
0.0009672,0.002266668
0.0009674,0.002266693
0.0009676,0.002266719
0.0009678,0.002266745
0.000968,0.002266771
0.0009682,0.002266797
0.0009684,0.002266824
0.0009686,0.00226685
0.0009688,0.002266877
0.000969,0.002266904
0.0009692,0.002266931
0.0009694,0.002266958
0.0009696,0.002266986
0.0009698,0.002267013
0.00097,0.002267041
0.0009702,0.002267069
0.0009704,0.002267097
0.0009706,0.002267125
0.0009708,0.002267154
0.000971,0.002267182
0.0009712,0.002267211
0.0009714,0.00226724
0.0009716,0.002267269
0.0009718,0.002267298
0.000972,0.002267327
0.0009722,0.002267357
0.0009724,0.002267386
0.0009726,0.002267416
0.0009728,0.002267446
0.000973,0.002267476
0.0009732,0.002267506
0.0009734,0.002267536
0.0009736,0.002267567
0.0009738,0.002267597
0.000974,0.002267628
0.0009742,0.002267659
0.0009744,0.00226769
0.0009746,0.002267721
0.0009748,0.002267752
0.000975,0.002267783
0.0009752,0.002267815
0.0009754,0.002267846
0.0009756,0.002267878
0.0009758,0.00226791
0.000976,0.002267942
0.0009762,0.002267974
0.0009764,0.002268006
0.0009766,0.002268039
0.0009768,0.002268071
0.000977,0.002268104
0.0009772,0.002268136
0.0009774,0.002268169
0.0009776,0.002268202
0.0009778,0.002268235
0.000978,0.002268268
0.0009782,0.002268302
0.0009784,0.002268335
0.0009786,0.002268368
0.0009788,0.002268402
0.000979,0.002268436
0.0009792,0.002268469
0.0009794,0.002268503
0.0009796,0.002268537
0.0009798,0.002268571
0.00098,0.002268605
0.0009802,0.00226864
0.0009804,0.002268674
0.0009806,0.002268709
0.0009808,0.002268743
0.000981,0.002268778
0.0009812,0.002268812
0.0009814,0.002268847
0.0009816,0.002268882
0.0009818,0.002268917
0.000982,0.002268952
0.0009822,0.002268987
0.0009824,0.002269022
0.0009826,0.002269058
0.0009828,0.002269093
0.000983,0.002269128
0.0009832,0.002269164
0.0009834,0.0022692
0.0009836,0.002269235
0.0009838,0.002269271
0.000984,0.002269307
0.0009842,0.002269343
0.0009844,0.002269379
0.0009846,0.002269415
0.0009848,0.002269451
0.000985,0.002269487
0.0009852,0.002269523
0.0009854,0.002269559
0.0009856,0.002269595
0.0009858,0.002269632
0.000986,0.002269668
0.0009862,0.002269705
0.0009864,0.002269741
0.0009866,0.002269778
0.0009868,0.002269814
0.000987,0.002269851
0.0009872,0.002269888
0.0009874,0.002269924
0.0009876,0.002269961
0.0009878,0.002269998
0.000988,0.002270035
0.0009882,0.002270072
0.0009884,0.002270109
0.0009886,0.002270146
0.0009888,0.002270183
0.000989,0.00227022
0.0009892,0.002270257
0.0009894,0.002270294
0.0009896,0.002270331
0.0009898,0.002270368
0.00099,0.002270405
0.0009902,0.002270443
0.0009904,0.00227048
0.0009906,0.002270517
0.0009908,0.002270554
0.000991,0.002270592
0.0009912,0.002270629
0.0009914,0.002270666
0.0009916,0.002270704
0.0009918,0.002270741
0.000992,0.002270779
0.0009922,0.002270816
0.0009924,0.002270853
0.0009926,0.002270891
0.0009928,0.002270928
0.000993,0.002270966
0.0009932,0.002271003
0.0009934,0.00227104
0.0009936,0.002271078
0.0009938,0.002271115
0.000994,0.002271153
0.0009942,0.00227119
0.0009944,0.002271228
0.0009946,0.002271265
0.0009948,0.002271302
0.000995,0.00227134
0.0009952,0.002271377
0.0009954,0.002271414
0.0009956,0.002271452
0.0009958,0.002271489
0.000996,0.002271527
0.0009962,0.002271564
0.0009964,0.002271601
0.0009966,0.002271638
0.0009968,0.002271676
0.000997,0.002271713
0.0009972,0.00227175
0.0009974,0.002271787
0.0009976,0.002271824
0.0009978,0.002271861
0.000998,0.002271899
0.0009982,0.002271936
0.0009984,0.002271973
0.0009986,0.00227201
0.0009988,0.002272047
0.000999,0.002272083
0.0009992,0.00227212
0.0009994,0.002272157
0.0009996,0.002272194
0.0009998,0.002272231
0.001,0.002272267
0.0010002,0.002272304
0.0010004,0.002272341
0.0010006,0.002272377
0.0010008,0.002272414
0.001001,0.00227245
0.0010012,0.002272487
0.0010014,0.002272523
0.0010016,0.002272559
0.0010018,0.002272595
0.001002,0.002272632
0.0010022,0.002272668
0.0010024,0.002272704
0.0010026,0.00227274
0.0010028,0.002272776
0.001003,0.002272811
0.0010032,0.002272847
0.0010034,0.002272883
0.0010036,0.002272919
0.0010038,0.002272954
0.001004,0.00227299
0.0010042,0.002273025
0.0010044,0.002273061
0.0010046,0.002273096
0.0010048,0.002273131
0.001005,0.002273166
0.0010052,0.002273201
0.0010054,0.002273236
0.0010056,0.002273271
0.0010058,0.002273306
0.001006,0.00227334
0.0010062,0.002273375
0.0010064,0.00227341
0.0010066,0.002273444
0.0010068,0.002273478
0.001007,0.002273513
0.0010072,0.002273547
0.0010074,0.002273581
0.0010076,0.002273615
0.0010078,0.002273649
0.001008,0.002273682
0.0010082,0.002273716
0.0010084,0.00227375
0.0010086,0.002273783
0.0010088,0.002273816
0.001009,0.00227385
0.0010092,0.002273883
0.0010094,0.002273916
0.0010096,0.002273949
0.0010098,0.002273981
0.00101,0.002274014
0.0010102,0.002274047
0.0010104,0.002274079
0.0010106,0.002274111
0.0010108,0.002274144
0.001011,0.002274176
0.0010112,0.002274208
0.0010114,0.002274239
0.0010116,0.002274271
0.0010118,0.002274303
0.001012,0.002274334
0.0010122,0.002274365
0.0010124,0.002274397
0.0010126,0.002274428
0.0010128,0.002274459
0.001013,0.002274489
0.0010132,0.00227452
0.0010134,0.002274551
0.0010136,0.002274581
0.0010138,0.002274611
0.001014,0.002274641
0.0010142,0.002274671
0.0010144,0.002274701
0.0010146,0.002274731
0.0010148,0.00227476
0.001015,0.00227479
0.0010152,0.002274819
0.0010154,0.002274848
0.0010156,0.002274877
0.0010158,0.002274906
0.001016,0.002274934
0.0010162,0.002274963
0.0010164,0.002274991
0.0010166,0.002275019
0.0010168,0.002275047
0.001017,0.002275075
0.0010172,0.002275103
0.0010174,0.00227513
0.0010176,0.002275157
0.0010178,0.002275185
0.001018,0.002275212
0.0010182,0.002275238
0.0010184,0.002275265
0.0010186,0.002275292
0.0010188,0.002275318
0.001019,0.002275344
0.0010192,0.00227537
0.0010194,0.002275396
0.0010196,0.002275421
0.0010198,0.002275447
0.00102,0.002275472
0.0010202,0.002275497
0.0010204,0.002275522
0.0010206,0.002275547
0.0010208,0.002275571
0.001021,0.002275596
0.0010212,0.00227562
0.0010214,0.002275644
0.0010216,0.002275668
0.0010218,0.002275691
0.001022,0.002275715
0.0010222,0.002275738
0.0010224,0.002275761
0.0010226,0.002275784
0.0010228,0.002275806
0.001023,0.002275829
0.0010232,0.002275851
0.0010234,0.002275873
0.0010236,0.002275895
0.0010238,0.002275916
0.001024,0.002275938
0.0010242,0.002275959
0.0010244,0.00227598
0.0010246,0.002276001
0.0010248,0.002276021
0.001025,0.002276042
0.0010252,0.002276062
0.0010254,0.002276082
0.0010256,0.002276102
0.0010258,0.002276121
0.001026,0.00227614
0.0010262,0.00227616
0.0010264,0.002276178
0.0010266,0.002276197
0.0010268,0.002276216
0.001027,0.002276234
0.0010272,0.002276252
0.0010274,0.00227627
0.0010276,0.002276287
0.0010278,0.002276304
0.001028,0.002276322
0.0010282,0.002276338
0.0010284,0.002276355
0.0010286,0.002276371
0.0010288,0.002276388
0.001029,0.002276404
0.0010292,0.002276419
0.0010294,0.002276435
0.0010296,0.00227645
0.0010298,0.002276465
0.00103,0.00227648
0.0010302,0.002276494
0.0010304,0.002276509
0.0010306,0.002276523
0.0010308,0.002276536
0.001031,0.00227655
0.0010312,0.002276563
0.0010314,0.002276576
0.0010316,0.002276589
0.0010318,0.002276602
0.001032,0.002276614
0.0010322,0.002276626
0.0010324,0.002276638
0.0010326,0.00227665
0.0010328,0.002276661
0.001033,0.002276672
0.0010332,0.002276683
0.0010334,0.002276694
0.0010336,0.002276704
0.0010338,0.002276714
0.001034,0.002276724
0.0010342,0.002276733
0.0010344,0.002276743
0.0010346,0.002276752
0.0010348,0.00227676
0.001035,0.002276769
0.0010352,0.002276777
0.0010354,0.002276785
0.0010356,0.002276793
0.0010358,0.0022768
0.001036,0.002276807
0.0010362,0.002276814
0.0010364,0.002276821
0.0010366,0.002276827
0.0010368,0.002276833
0.001037,0.002276839
0.0010372,0.002276845
0.0010374,0.00227685
0.0010376,0.002276855
0.0010378,0.00227686
0.001038,0.002276864
0.0010382,0.002276868
0.0010384,0.002276872
0.0010386,0.002276876
0.0010388,0.002276879
0.001039,0.002276882
0.0010392,0.002276885
0.0010394,0.002276887
0.0010396,0.002276889
0.0010398,0.002276891
0.00104,0.002276893
0.0010402,0.002276894
0.0010404,0.002276895
0.0010406,0.002276896
0.0010408,0.002276897
0.001041,0.002276897
0.0010412,0.002276897
0.0010414,0.002276896
0.0010416,0.002276896
0.0010418,0.002276895
0.001042,0.002276893
0.0010422,0.002276892
0.0010424,0.00227689
0.0010426,0.002276888
0.0010428,0.002276885
0.001043,0.002276882
0.0010432,0.002276879
0.0010434,0.002276876
0.0010436,0.002276872
0.0010438,0.002276868
0.001044,0.002276864
0.0010442,0.002276859
0.0010444,0.002276855
0.0010446,0.002276849
0.0010448,0.002276844
0.001045,0.002276838
0.0010452,0.002276832
0.0010454,0.002276826
0.0010456,0.002276819
0.0010458,0.002276812
0.001046,0.002276805
0.0010462,0.002276774
0.0010464,0.002276696
0.0010466,0.002276618
0.0010468,0.00227654
0.001047,0.002276462
0.0010472,0.002276383
0.0010474,0.002276305
0.0010476,0.002276227
0.0010478,0.002276149
0.001048,0.002276071
0.0010482,0.002275993
0.0010484,0.002275915
0.0010486,0.002275837
0.0010488,0.002275759
0.001049,0.002275681
0.0010492,0.002275603
0.0010494,0.002275525
0.0010496,0.002275447
0.0010498,0.002275369
0.00105,0.002275291
0.0010502,0.002275213
0.0010504,0.002275135
0.0010506,0.002275057
0.0010508,0.002274979
0.001051,0.002274902
0.0010512,0.002274824
0.0010514,0.002274746
0.0010516,0.002274668
0.0010518,0.00227459
0.001052,0.002274513
0.0010522,0.002274435
0.0010524,0.002274357
0.0010526,0.00227428
0.0010528,0.002274202
0.001053,0.002274124
0.0010532,0.002274047
0.0010534,0.002273969
0.0010536,0.002273891
0.0010538,0.002273814
0.001054,0.002273736
0.0010542,0.002273659
0.0010544,0.002273581
0.0010546,0.002273504
0.0010548,0.002273426
0.001055,0.002273349
0.0010552,0.002273271
0.0010554,0.002273194
0.0010556,0.002273116
0.0010558,0.002273039
0.001056,0.002272961
0.0010562,0.002272884
0.0010564,0.002272807
0.0010566,0.002272729
0.0010568,0.002272652
0.001057,0.002272575
0.0010572,0.002272498
0.0010574,0.00227242
0.0010576,0.002272343
0.0010578,0.002272266
0.001058,0.002272189
0.0010582,0.002272112
0.0010584,0.002272034
0.0010586,0.002271957
0.0010588,0.00227188
0.001059,0.002271803
0.0010592,0.002271726
0.0010594,0.002271649
0.0010596,0.002271572
0.0010598,0.002271495
0.00106,0.002271418
0.0010602,0.002271341
0.0010604,0.002271264
0.0010606,0.002271187
0.0010608,0.00227111
0.001061,0.002271033
0.0010612,0.002270956
0.0010614,0.00227088
0.0010616,0.002270803
0.0010618,0.002270726
0.001062,0.002270649
0.0010622,0.002270573
0.0010624,0.002270496
0.0010626,0.002270419
0.0010628,0.002270342
0.001063,0.002270266
0.0010632,0.002270189
0.0010634,0.002270112
0.0010636,0.002270036
0.0010638,0.002269959
0.001064,0.002269883
0.0010642,0.002269806
0.0010644,0.00226973
0.0010646,0.002269653
0.0010648,0.002269577
0.001065,0.0022695
0.0010652,0.002269424
0.0010654,0.002269348
0.0010656,0.002269271
0.0010658,0.002269195
0.001066,0.002269119
0.0010662,0.002269042
0.0010664,0.002268966
0.0010666,0.00226889
0.0010668,0.002268813
0.001067,0.002268737
0.0010672,0.002268661
0.0010674,0.002268585
0.0010676,0.002268509
0.0010678,0.002268433
0.001068,0.002268357
0.0010682,0.002268281
0.0010684,0.002268205
0.0010686,0.002268129
0.0010688,0.002268053
0.001069,0.002267977
0.0010692,0.002267901
0.0010694,0.002267825
0.0010696,0.002267749
0.0010698,0.002267673
0.00107,0.002267597
0.0010702,0.002267521
0.0010704,0.002267446
0.0010706,0.00226737
0.0010708,0.002267294
0.001071,0.002267218
0.0010712,0.002267143
0.0010714,0.002267067
0.0010716,0.002266991
0.0010718,0.002266916
0.001072,0.00226684
0.0010722,0.002266765
0.0010724,0.002266689
0.0010726,0.002266614
0.0010728,0.002266538
0.001073,0.002266463
0.0010732,0.002266387
0.0010734,0.002266312
0.0010736,0.002266236
0.0010738,0.002266161
0.001074,0.002266086
0.0010742,0.00226601
0.0010744,0.002265935
0.0010746,0.00226586
0.0010748,0.002265785
0.001075,0.002265709
0.0010752,0.002265634
0.0010754,0.002265559
0.0010756,0.002265484
0.0010758,0.002265409
0.001076,0.002265334
0.0010762,0.002265259
0.0010764,0.002265184
0.0010766,0.002265109
0.0010768,0.002265034
0.001077,0.002264959
0.0010772,0.002264884
0.0010774,0.002264809
0.0010776,0.002264734
0.0010778,0.00226466
0.001078,0.002264585
0.0010782,0.00226451
0.0010784,0.002264435
0.0010786,0.002264361
0.0010788,0.002264286
0.001079,0.002264211
0.0010792,0.002264137
0.0010794,0.002264062
0.0010796,0.002263988
0.0010798,0.002263913
0.00108,0.002263839
0.0010802,0.002263764
0.0010804,0.00226369
0.0010806,0.002263615
0.0010808,0.002263541
0.001081,0.002263466
0.0010812,0.002263392
0.0010814,0.002263318
0.0010816,0.002263244
0.0010818,0.002263169
0.001082,0.002263095
0.0010822,0.002263021
0.0010824,0.002262947
0.0010826,0.002262873
0.0010828,0.002262799
0.001083,0.002262724
0.0010832,0.00226265
0.0010834,0.002262576
0.0010836,0.002262502
0.0010838,0.002262429
0.001084,0.002262355
0.0010842,0.002262281
0.0010844,0.002262207
0.0010846,0.002262133
0.0010848,0.002262059
0.001085,0.002261986
0.0010852,0.002261912
0.0010854,0.002261838
0.0010856,0.002261764
0.0010858,0.002261691
0.001086,0.002261617
0.0010862,0.002261544
0.0010864,0.00226147
0.0010866,0.002261397
0.0010868,0.002261323
0.001087,0.00226125
0.0010872,0.002261176
0.0010874,0.002261103
0.0010876,0.002261029
0.0010878,0.002260956
0.001088,0.002260883
0.0010882,0.00226081
0.0010884,0.002260736
0.0010886,0.002260663
0.0010888,0.00226059
0.001089,0.002260517
0.0010892,0.002260444
0.0010894,0.002260371
0.0010896,0.002260298
0.0010898,0.002260225
0.00109,0.002260152
0.0010902,0.002260079
0.0010904,0.002260006
0.0010906,0.002259933
0.0010908,0.00225986
0.001091,0.002259787
0.0010912,0.002259714
0.0010914,0.002259642
0.0010916,0.002259569
0.0010918,0.002259496
0.001092,0.002259424
0.0010922,0.002259351
0.0010924,0.002259279
0.0010926,0.002259206
0.0010928,0.002259133
0.001093,0.002259061
0.0010932,0.002258989
0.0010934,0.002258916
0.0010936,0.002258844
0.0010938,0.002258771
0.001094,0.002258699
0.0010942,0.002258627
0.0010944,0.002258555
0.0010946,0.002258482
0.0010948,0.00225841
0.001095,0.002258338
0.0010952,0.002258266
0.0010954,0.002258194
0.0010956,0.002258122
0.0010958,0.00225805
0.001096,0.002257978
0.0010962,0.002257906
0.0010964,0.002257834
0.0010966,0.002257762
0.0010968,0.00225769
0.001097,0.002257618
0.0010972,0.002257547
0.0010974,0.002257475
0.0010976,0.002257403
0.0010978,0.002257332
0.001098,0.00225726
0.0010982,0.002257188
0.0010984,0.002257117
0.0010986,0.002257045
0.0010988,0.002256974
0.001099,0.002256902
0.0010992,0.002256831
0.0010994,0.00225676
0.0010996,0.002256688
0.0010998,0.002256617
0.0011,0.002256546
0.0011002,0.002256474
0.0011004,0.002256403
0.0011006,0.002256332
0.0011008,0.002256261
0.001101,0.00225619
0.0011012,0.002256119
0.0011014,0.002256048
0.0011016,0.002255977
0.0011018,0.002255906
0.001102,0.002255835
0.0011022,0.002255764
0.0011024,0.002255693
0.0011026,0.002255622
0.0011028,0.002255552
0.001103,0.002255481
0.0011032,0.00225541
0.0011034,0.00225534
0.0011036,0.002255269
0.0011038,0.002255198
0.001104,0.002255128
0.0011042,0.002255057
0.0011044,0.002254987
0.0011046,0.002254917
0.0011048,0.002254846
0.001105,0.002254776
0.0011052,0.002254705
0.0011054,0.002254635
0.0011056,0.002254565
0.0011058,0.002254495
0.001106,0.002254425
0.0011062,0.002254354
0.0011064,0.002254284
0.0011066,0.002254214
0.0011068,0.002254144
0.001107,0.002254074
0.0011072,0.002254004
0.0011074,0.002253935
0.0011076,0.002253865
0.0011078,0.002253795
0.001108,0.002253725
0.0011082,0.002253655
0.0011084,0.002253586
0.0011086,0.002253516
0.0011088,0.002253446
0.001109,0.002253377
0.0011092,0.002253307
0.0011094,0.002253238
0.0011096,0.002253168
0.0011098,0.002253099
0.00111,0.002253029
0.0011102,0.00225296
0.0011104,0.002252891
0.0011106,0.002252821
0.0011108,0.002252752
0.001111,0.002252683
0.0011112,0.002252614
0.0011114,0.002252545
0.0011116,0.002252476
0.0011118,0.002252407
0.001112,0.002252338
0.0011122,0.002252269
0.0011124,0.0022522
0.0011126,0.002252131
0.0011128,0.002252062
0.001113,0.002251993
0.0011132,0.002251924
0.0011134,0.002251856
0.0011136,0.002251787
0.0011138,0.002251718
0.001114,0.00225165
0.0011142,0.002251581
0.0011144,0.002251513
0.0011146,0.002251444
0.0011148,0.002251376
0.001115,0.002251307
0.0011152,0.002251239
0.0011154,0.002251171
0.0011156,0.002251102
0.0011158,0.002251034
0.001116,0.002250966
0.0011162,0.002250898
0.0011164,0.00225083
0.0011166,0.002250762
0.0011168,0.002250694
0.001117,0.002250626
0.0011172,0.002250558
0.0011174,0.00225049
0.0011176,0.002250422
0.0011178,0.002250354
0.001118,0.002250286
0.0011182,0.002250219
0.0011184,0.002250151
0.0011186,0.002250083
0.0011188,0.002250016
0.001119,0.002249948
0.0011192,0.002249881
0.0011194,0.002249813
0.0011196,0.002249746
0.0011198,0.002249678
0.00112,0.002249611
0.0011202,0.002249544
0.0011204,0.002249476
0.0011206,0.002249409
0.0011208,0.002249342
0.001121,0.002249275
0.0011212,0.002249208
0.0011214,0.002249141
0.0011216,0.002249074
0.0011218,0.002249007
0.001122,0.00224894
0.0011222,0.002248873
0.0011224,0.002248806
0.0011226,0.002248739
0.0011228,0.002248672
0.001123,0.002248606
0.0011232,0.002248539
0.0011234,0.002248472
0.0011236,0.002248406
0.0011238,0.002248339
0.001124,0.002248273
0.0011242,0.002248206
0.0011244,0.00224814
0.0011246,0.002248073
0.0011248,0.002248007
0.001125,0.002247941
0.0011252,0.002247875
0.0011254,0.002247808
0.0011256,0.002247742
0.0011258,0.002247676
0.001126,0.00224761
0.0011262,0.002247524
0.0011264,0.002247397
0.0011266,0.00224727
0.0011268,0.002247143
0.001127,0.002247015
0.0011272,0.002246887
0.0011274,0.00224676
0.0011276,0.002246632
0.0011278,0.002246504
0.001128,0.002246375
0.0011282,0.002246247
0.0011284,0.002246118
0.0011286,0.00224599
0.0011288,0.002245861
0.001129,0.002245732
0.0011292,0.002245603
0.0011294,0.002245474
0.0011296,0.002245345
0.0011298,0.002245216
0.00113,0.002245086
0.0011302,0.002244957
0.0011304,0.002244827
0.0011306,0.002244697
0.0011308,0.002244567
0.001131,0.002244437
0.0011312,0.002244307
0.0011314,0.002244177
0.0011316,0.002244047
0.0011318,0.002243916
0.001132,0.002243786
0.0011322,0.002243655
0.0011324,0.002243524
0.0011326,0.002243393
0.0011328,0.002243262
0.001133,0.002243131
0.0011332,0.002243
0.0011334,0.002242869
0.0011336,0.002242738
0.0011338,0.002242606
0.001134,0.002242475
0.0011342,0.002242343
0.0011344,0.002242211
0.0011346,0.00224208
0.0011348,0.002241948
0.001135,0.002241816
0.0011352,0.002241684
0.0011354,0.002241552
0.0011356,0.00224142
0.0011358,0.002241288
0.001136,0.002241155
0.0011362,0.002241023
0.0011364,0.00224089
0.0011366,0.002240758
0.0011368,0.002240625
0.001137,0.002240493
0.0011372,0.00224036
0.0011374,0.002240227
0.0011376,0.002240094
0.0011378,0.002239961
0.001138,0.002239829
0.0011382,0.002239696
0.0011384,0.002239562
0.0011386,0.002239429
0.0011388,0.002239296
0.001139,0.002239163
0.0011392,0.00223903
0.0011394,0.002238896
0.0011396,0.002238763
0.0011398,0.00223863
0.00114,0.002238496
0.0011402,0.002238363
0.0011404,0.002238229
0.0011406,0.002238096
0.0011408,0.002237962
0.001141,0.002237828
0.0011412,0.002237695
0.0011414,0.002237561
0.0011416,0.002237427
0.0011418,0.002237293
0.001142,0.00223716
0.0011422,0.002237026
0.0011424,0.002236892
0.0011426,0.002236758
0.0011428,0.002236624
0.001143,0.00223649
0.0011432,0.002236356
0.0011434,0.002236222
0.0011436,0.002236088
0.0011438,0.002235954
0.001144,0.00223582
0.0011442,0.002235686
0.0011444,0.002235552
0.0011446,0.002235418
0.0011448,0.002235284
0.001145,0.00223515
0.0011452,0.002235016
0.0011454,0.002234882
0.0011456,0.002234748
0.0011458,0.002234614
0.001146,0.00223448
0.0011462,0.002234346
0.0011464,0.002234212
0.0011466,0.002234078
0.0011468,0.002233944
0.001147,0.00223381
0.0011472,0.002233676
0.0011474,0.002233542
0.0011476,0.002233408
0.0011478,0.002233274
0.001148,0.00223314
0.0011482,0.002233006
0.0011484,0.002232872
0.0011486,0.002232738
0.0011488,0.002232605
0.001149,0.002232471
0.0011492,0.002232337
0.0011494,0.002232203
0.0011496,0.00223207
0.0011498,0.002231936
0.00115,0.002231802
0.0011502,0.002231669
0.0011504,0.002231535
0.0011506,0.002231401
0.0011508,0.002231268
0.001151,0.002231135
0.0011512,0.002231001
0.0011514,0.002230868
0.0011516,0.002230734
0.0011518,0.002230601
0.001152,0.002230468
0.0011522,0.002230335
0.0011524,0.002230202
0.0011526,0.002230069
0.0011528,0.002229936
0.001153,0.002229803
0.0011532,0.00222967
0.0011534,0.002229537
0.0011536,0.002229404
0.0011538,0.002229271
0.001154,0.002229139
0.0011542,0.002229006
0.0011544,0.002228874
0.0011546,0.002228741
0.0011548,0.002228609
0.001155,0.002228477
0.0011552,0.002228344
0.0011554,0.002228212
0.0011556,0.00222808
0.0011558,0.002227948
0.001156,0.002227816
0.0011562,0.002227684
0.0011564,0.002227553
0.0011566,0.002227421
0.0011568,0.002227289
0.001157,0.002227158
0.0011572,0.002227027
0.0011574,0.002226895
0.0011576,0.002226764
0.0011578,0.002226633
0.001158,0.002226502
0.0011582,0.002226371
0.0011584,0.00222624
0.0011586,0.00222611
0.0011588,0.002225979
0.001159,0.002225849
0.0011592,0.002225718
0.0011594,0.002225588
0.0011596,0.002225458
0.0011598,0.002225328
0.00116,0.002225198
0.0011602,0.002225068
0.0011604,0.002224938
0.0011606,0.002224808
0.0011608,0.002224679
0.001161,0.00222455
0.0011612,0.00222442
0.0011614,0.002224291
0.0011616,0.002224162
0.0011618,0.002224033
0.001162,0.002223905
0.0011622,0.002223776
0.0011624,0.002223647
0.0011626,0.002223519
0.0011628,0.002223391
0.001163,0.002223263
0.0011632,0.002223135
0.0011634,0.002223007
0.0011636,0.002222879
0.0011638,0.002222752
0.001164,0.002222624
0.0011642,0.002222497
0.0011644,0.00222237
0.0011646,0.002222243
0.0011648,0.002222116
0.001165,0.00222199
0.0011652,0.002221863
0.0011654,0.002221737
0.0011656,0.002221611
0.0011658,0.002221485
0.001166,0.002221359
0.0011662,0.002221233
0.0011664,0.002221107
0.0011666,0.002220982
0.0011668,0.002220857
0.001167,0.002220732
0.0011672,0.002220607
0.0011674,0.002220482
0.0011676,0.002220357
0.0011678,0.002220233
0.001168,0.002220109
0.0011682,0.002219985
0.0011684,0.002219861
0.0011686,0.002219737
0.0011688,0.002219614
0.001169,0.00221949
0.0011692,0.002219367
0.0011694,0.002219244
0.0011696,0.002219121
0.0011698,0.002218999
0.00117,0.002218876
0.0011702,0.002218754
0.0011704,0.002218632
0.0011706,0.00221851
0.0011708,0.002218389
0.001171,0.002218267
0.0011712,0.002218146
0.0011714,0.002218025
0.0011716,0.002217904
0.0011718,0.002217783
0.001172,0.002217663
0.0011722,0.002217542
0.0011724,0.002217422
0.0011726,0.002217303
0.0011728,0.002217183
0.001173,0.002217063
0.0011732,0.002216944
0.0011734,0.002216825
0.0011736,0.002216706
0.0011738,0.002216588
0.001174,0.002216469
0.0011742,0.002216351
0.0011744,0.002216233
0.0011746,0.002216116
0.0011748,0.002215998
0.001175,0.002215881
0.0011752,0.002215764
0.0011754,0.002215647
0.0011756,0.00221553
0.0011758,0.002215414
0.001176,0.002215298
0.0011762,0.002215182
0.0011764,0.002215066
0.0011766,0.002214951
0.0011768,0.002214836
0.001177,0.002214721
0.0011772,0.002214606
0.0011774,0.002214492
0.0011776,0.002214377
0.0011778,0.002214263
0.001178,0.00221415
0.0011782,0.002214036
0.0011784,0.002213923
0.0011786,0.00221381
0.0011788,0.002213697
0.001179,0.002213584
0.0011792,0.002213472
0.0011794,0.00221336
0.0011796,0.002213248
0.0011798,0.002213137
0.00118,0.002213026
0.0011802,0.002212915
0.0011804,0.002212804
0.0011806,0.002212693
0.0011808,0.002212583
0.001181,0.002212473
0.0011812,0.002212364
0.0011814,0.002212254
0.0011816,0.002212145
0.0011818,0.002212036
0.001182,0.002211928
0.0011822,0.002211819
0.0011824,0.002211711
0.0011826,0.002211603
0.0011828,0.002211496
0.001183,0.002211389
0.0011832,0.002211282
0.0011834,0.002211175
0.0011836,0.002211069
0.0011838,0.002210962
0.001184,0.002210857
0.0011842,0.002210751
0.0011844,0.002210646
0.0011846,0.002210541
0.0011848,0.002210436
0.001185,0.002210332
0.0011852,0.002210228
0.0011854,0.002210124
0.0011856,0.00221002
0.0011858,0.002209917
0.001186,0.002209814
0.0011862,0.002209711
0.0011864,0.002209609
0.0011866,0.002209507
0.0011868,0.002209405
0.001187,0.002209304
0.0011872,0.002209203
0.0011874,0.002209102
0.0011876,0.002209001
0.0011878,0.002208901
0.001188,0.002208801
0.0011882,0.002208701
0.0011884,0.002208602
0.0011886,0.002208503
0.0011888,0.002208404
0.001189,0.002208306
0.0011892,0.002208208
0.0011894,0.00220811
0.0011896,0.002208013
0.0011898,0.002207916
0.00119,0.002207819
0.0011902,0.002207722
0.0011904,0.002207626
0.0011906,0.00220753
0.0011908,0.002207435
0.001191,0.00220734
0.0011912,0.002207245
0.0011914,0.00220715
0.0011916,0.002207056
0.0011918,0.002206962
0.001192,0.002206869
0.0011922,0.002206776
0.0011924,0.002206683
0.0011926,0.00220659
0.0011928,0.002206498
0.001193,0.002206406
0.0011932,0.002206314
0.0011934,0.002206223
0.0011936,0.002206132
0.0011938,0.002206042
0.001194,0.002205952
0.0011942,0.002205862
0.0011944,0.002205772
0.0011946,0.002205683
0.0011948,0.002205594
0.001195,0.002205506
0.0011952,0.002205418
0.0011954,0.00220533
0.0011956,0.002205242
0.0011958,0.002205155
0.001196,0.002205069
0.0011962,0.002204982
0.0011964,0.002204896
0.0011966,0.002204811
0.0011968,0.002204725
0.001197,0.00220464
0.0011972,0.002204556
0.0011974,0.002204471
0.0011976,0.002204388
0.0011978,0.002204304
0.001198,0.002204221
0.0011982,0.002204138
0.0011984,0.002204056
0.0011986,0.002203973
0.0011988,0.002203892
0.001199,0.00220381
0.0011992,0.002203729
0.0011994,0.002203649
0.0011996,0.002203568
0.0011998,0.002203489
0.0012,0.002203409
0.0012002,0.00220333
0.0012004,0.002203251
0.0012006,0.002203173
0.0012008,0.002203095
0.001201,0.002203017
0.0012012,0.00220294
0.0012014,0.002202863
0.0012016,0.002202786
0.0012018,0.00220271
0.001202,0.002202634
0.0012022,0.002202559
0.0012024,0.002202484
0.0012026,0.002202409
0.0012028,0.002202335
0.001203,0.002202261
0.0012032,0.002202188
0.0012034,0.002202114
0.0012036,0.002202042
0.0012038,0.002201969
0.001204,0.002201897
0.0012042,0.002201826
0.0012044,0.002201755
0.0012046,0.002201684
0.0012048,0.002201613
0.001205,0.002201543
0.0012052,0.002201474
0.0012054,0.002201405
0.0012056,0.002201336
0.0012058,0.002201267
0.001206,0.002201199
0.0012062,0.002201132
0.0012064,0.002201064
0.0012066,0.002200997
0.0012068,0.002200931
0.001207,0.002200865
0.0012072,0.002200799
0.0012074,0.002200734
0.0012076,0.002200669
0.0012078,0.002200605
0.001208,0.002200541
0.0012082,0.002200477
0.0012084,0.002200414
0.0012086,0.002200351
0.0012088,0.002200288
0.001209,0.002200226
0.0012092,0.002200165
0.0012094,0.002200103
0.0012096,0.002200042
0.0012098,0.002199982
0.00121,0.002199922
0.0012102,0.002199862
0.0012104,0.002199803
0.0012106,0.002199744
0.0012108,0.002199684
0.001211,0.002199624
0.0012112,0.002199565
0.0012114,0.002199506
0.0012116,0.002199447
0.0012118,0.002199389
0.001212,0.002199331
0.0012122,0.002199274
0.0012124,0.002199217
0.0012126,0.002199161
0.0012128,0.002199105
0.001213,0.002199049
0.0012132,0.002198994
0.0012134,0.002198939
0.0012136,0.002198885
0.0012138,0.002198831
0.001214,0.002198778
0.0012142,0.002198725
0.0012144,0.002198672
0.0012146,0.00219862
0.0012148,0.002198568
0.001215,0.002198517
0.0012152,0.002198466
0.0012154,0.002198415
0.0012156,0.002198365
0.0012158,0.002198315
0.001216,0.002198266
0.0012162,0.002198217
0.0012164,0.002198169
0.0012166,0.002198121
0.0012168,0.002198073
0.001217,0.002198026
0.0012172,0.002197979
0.0012174,0.002197933
0.0012176,0.002197887
0.0012178,0.002197842
0.001218,0.002197797
0.0012182,0.002197752
0.0012184,0.002197708
0.0012186,0.002197664
0.0012188,0.002197621
0.001219,0.002197578
0.0012192,0.002197535
0.0012194,0.002197493
0.0012196,0.002197452
0.0012198,0.002197411
0.00122,0.00219737
0.0012202,0.00219733
0.0012204,0.00219729
0.0012206,0.002197248
0.0012208,0.002197206
0.001221,0.002197163
0.0012212,0.002197122
0.0012214,0.002197081
0.0012216,0.00219704
0.0012218,0.002196999
0.001222,0.002196959
0.0012222,0.00219692
0.0012224,0.002196881
0.0012226,0.002196842
0.0012228,0.002196804
0.001223,0.002196766
0.0012232,0.002196729
0.0012234,0.002196692
0.0012236,0.002196655
0.0012238,0.002196619
0.001224,0.002196584
0.0012242,0.002196549
0.0012244,0.002196514
0.0012246,0.00219648
0.0012248,0.002196446
0.001225,0.002196412
0.0012252,0.002196379
0.0012254,0.002196347
0.0012256,0.002196315
0.0012258,0.002196283
0.001226,0.002196252
0.0012262,0.002196221
0.0012264,0.002196191
0.0012266,0.002196161
0.0012268,0.002196131
0.001227,0.002196102
0.0012272,0.002196074
0.0012274,0.002196046
0.0012276,0.002196018
0.0012278,0.002195991
0.001228,0.002195964
0.0012282,0.002195937
0.0012284,0.002195911
0.0012286,0.002195886
0.0012288,0.002195861
0.001229,0.002195836
0.0012292,0.002195812
0.0012294,0.002195788
0.0012296,0.002195765
0.0012298,0.002195742
0.00123,0.00219572
0.0012302,0.002195698
0.0012304,0.002195673
0.0012306,0.002195648
0.0012308,0.002195624
0.001231,0.0021956
0.0012312,0.002195576
0.0012314,0.002195553
0.0012316,0.002195531
0.0012318,0.002195508
0.001232,0.002195487
0.0012322,0.002195465
0.0012324,0.002195445
0.0012326,0.002195424
0.0012328,0.002195404
0.001233,0.002195385
0.0012332,0.002195366
0.0012334,0.002195347
0.0012336,0.002195329
0.0012338,0.002195311
0.001234,0.002195294
0.0012342,0.002195277
0.0012344,0.00219526
0.0012346,0.002195244
0.0012348,0.002195229
0.001235,0.002195214
0.0012352,0.002195199
0.0012354,0.002195185
0.0012356,0.002195171
0.0012358,0.002195157
0.001236,0.002195144
0.0012362,0.002195132
0.0012364,0.00219512
0.0012366,0.002195108
0.0012368,0.002195097
0.001237,0.002195086
0.0012372,0.002195076
0.0012374,0.002195066
0.0012376,0.002195057
0.0012378,0.002195048
0.001238,0.002195039
0.0012382,0.002195031
0.0012384,0.002195023
0.0012386,0.002195016
0.0012388,0.002195009
0.001239,0.002195003
0.0012392,0.002194997
0.0012394,0.002194991
0.0012396,0.002194986
0.0012398,0.002194981
0.00124,0.002194973
0.0012402,0.002194965
0.0012404,0.002194958
0.0012406,0.002194951
0.0012408,0.002194945
0.001241,0.002194939
0.0012412,0.002194934
0.0012414,0.002194929
0.0012416,0.002194924
0.0012418,0.00219492
0.001242,0.002194916
0.0012422,0.002194913
0.0012424,0.00219491
0.0012426,0.002194907
0.0012428,0.002194905
0.001243,0.002194904
0.0012432,0.002194902
0.0012434,0.002194902
0.0012436,0.002194901
0.0012438,0.002194901
0.001244,0.002194902
0.0012442,0.002194903
0.0012444,0.002194904
0.0012446,0.002194906
0.0012448,0.002194908
0.001245,0.002194911
0.0012452,0.002194914
0.0012454,0.002194918
0.0012456,0.002194921
0.0012458,0.002194926
0.001246,0.002194931
0.0012462,0.002194936
0.0012464,0.002194941
0.0012466,0.002194947
0.0012468,0.002194954
0.001247,0.002194961
0.0012472,0.002194968
0.0012474,0.002194976
0.0012476,0.002194984
0.0012478,0.002194992
0.001248,0.002195001
0.0012482,0.002195011
0.0012484,0.002195021
0.0012486,0.002195031
0.0012488,0.002195042
0.001249,0.002195053
0.0012492,0.002195062
0.0012494,0.00219507
0.0012496,0.002195079
0.0012498,0.002195087
0.00125,0.002195096
0.0012502,0.002195106
0.0012504,0.002195116
0.0012506,0.002195126
0.0012508,0.002195137
0.001251,0.002195148
0.0012512,0.002195159
0.0012514,0.002195171
0.0012516,0.002195184
0.0012518,0.002195196
0.001252,0.00219521
0.0012522,0.002195223
0.0012524,0.002195237
0.0012526,0.002195251
0.0012528,0.002195266
0.001253,0.002195281
0.0012532,0.002195297
0.0012534,0.002195313
0.0012536,0.002195329
0.0012538,0.002195346
0.001254,0.002195363
0.0012542,0.002195381
0.0012544,0.002195399
0.0012546,0.002195417
0.0012548,0.002195436
0.001255,0.002195455
0.0012552,0.002195475
0.0012554,0.002195495
0.0012556,0.002195515
0.0012558,0.002195536
0.001256,0.002195557
0.0012562,0.002195579
0.0012564,0.002195601
0.0012566,0.002195623
0.0012568,0.002195646
0.001257,0.002195669
0.0012572,0.002195692
0.0012574,0.002195716
0.0012576,0.00219574
0.0012578,0.002195765
0.001258,0.00219579
0.0012582,0.002195815
0.0012584,0.002195839
0.0012586,0.002195861
0.0012588,0.002195883
0.001259,0.002195906
0.0012592,0.002195929
0.0012594,0.002195952
0.0012596,0.002195976
0.0012598,0.002196
0.00126,0.002196025
0.0012602,0.00219605
0.0012604,0.002196075
0.0012606,0.002196101
0.0012608,0.002196127
0.001261,0.002196153
0.0012612,0.00219618
0.0012614,0.002196207
0.0012616,0.002196235
0.0012618,0.002196263
0.001262,0.002196291
0.0012622,0.00219632
0.0012624,0.002196349
0.0012626,0.002196378
0.0012628,0.002196408
0.001263,0.002196438
0.0012632,0.002196469
0.0012634,0.002196499
0.0012636,0.002196531
0.0012638,0.002196562
0.001264,0.002196594
0.0012642,0.002196626
0.0012644,0.002196659
0.0012646,0.002196692
0.0012648,0.002196725
0.001265,0.002196759
0.0012652,0.002196793
0.0012654,0.002196828
0.0012656,0.002196862
0.0012658,0.002196898
0.001266,0.002196933
0.0012662,0.002196969
0.0012664,0.002197005
0.0012666,0.002197041
0.0012668,0.002197078
0.001267,0.002197115
0.0012672,0.002197153
0.0012674,0.002197187
0.0012676,0.002197221
0.0012678,0.002197255
0.001268,0.002197289
0.0012682,0.002197324
0.0012684,0.002197359
0.0012686,0.002197395
0.0012688,0.002197431
0.001269,0.002197467
0.0012692,0.002197503
0.0012694,0.00219754
0.0012696,0.002197577
0.0012698,0.002197614
0.00127,0.002197652
0.0012702,0.00219769
0.0012704,0.002197729
0.0012706,0.002197767
0.0012708,0.002197807
0.001271,0.002197846
0.0012712,0.002197886
0.0012714,0.002197926
0.0012716,0.002197966
0.0012718,0.002198007
0.001272,0.002198048
0.0012722,0.002198089
0.0012724,0.00219813
0.0012726,0.002198172
0.0012728,0.002198215
0.001273,0.002198257
0.0012732,0.0021983
0.0012734,0.002198343
0.0012736,0.002198387
0.0012738,0.00219843
0.001274,0.002198474
0.0012742,0.002198519
0.0012744,0.002198564
0.0012746,0.002198609
0.0012748,0.002198654
0.001275,0.002198699
0.0012752,0.002198745
0.0012754,0.002198791
0.0012756,0.002198838
0.0012758,0.002198885
0.001276,0.002198931
0.0012762,0.002198974
0.0012764,0.002199017
0.0012766,0.00219906
0.0012768,0.002199104
0.001277,0.002199148
0.0012772,0.002199192
0.0012774,0.002199236
0.0012776,0.002199281
0.0012778,0.002199326
0.001278,0.002199371
0.0012782,0.002199417
0.0012784,0.002199463
0.0012786,0.002199509
0.0012788,0.002199555
0.001279,0.002199602
0.0012792,0.002199648
0.0012794,0.002199696
0.0012796,0.002199743
0.0012798,0.002199791
0.00128,0.002199839
0.0012802,0.002199887
0.0012804,0.002199936
0.0012806,0.002199984
0.0012808,0.002200033
0.001281,0.002200083
0.0012812,0.002200132
0.0012814,0.002200182
0.0012816,0.002200232
0.0012818,0.002200282
0.001282,0.002200333
0.0012822,0.002200384
0.0012824,0.002200435
0.0012826,0.002200486
0.0012828,0.002200538
0.001283,0.00220059
0.0012832,0.002200642
0.0012834,0.002200694
0.0012836,0.002200747
0.0012838,0.002200799
0.001284,0.002200853
0.0012842,0.002200906
0.0012844,0.002200959
0.0012846,0.002201012
0.0012848,0.002201061
0.001285,0.00220111
0.0012852,0.00220116
0.0012854,0.00220121
0.0012856,0.00220126
0.0012858,0.00220131
0.001286,0.00220136
0.0012862,0.002201411
0.0012864,0.002201462
0.0012866,0.002201513
0.0012868,0.002201565
0.001287,0.002201616
0.0012872,0.002201668
0.0012874,0.00220172
0.0012876,0.002201772
0.0012878,0.002201825
0.001288,0.002201878
0.0012882,0.00220193
0.0012884,0.002201984
0.0012886,0.002202037
0.0012888,0.00220209
0.001289,0.002202144
0.0012892,0.002202198
0.0012894,0.002202252
0.0012896,0.002202307
0.0012898,0.002202361
0.00129,0.002202416
0.0012902,0.002202471
0.0012904,0.002202526
0.0012906,0.002202581
0.0012908,0.002202637
0.001291,0.002202692
0.0012912,0.002202748
0.0012914,0.002202804
0.0012916,0.002202861
0.0012918,0.002202917
0.001292,0.002202974
0.0012922,0.002203031
0.0012924,0.002203088
0.0012926,0.002203145
0.0012928,0.002203202
0.001293,0.002203257
0.0012932,0.00220331
0.0012934,0.002203363
0.0012936,0.002203415
0.0012938,0.002203469
0.001294,0.002203522
0.0012942,0.002203575
0.0012944,0.002203629
0.0012946,0.002203683
0.0012948,0.002203737
0.001295,0.002203791
0.0012952,0.002203845
0.0012954,0.002203899
0.0012956,0.002203954
0.0012958,0.002204009
0.001296,0.002204064
0.0012962,0.002204119
0.0012964,0.002204174
0.0012966,0.002204229
0.0012968,0.002204285
0.001297,0.00220434
0.0012972,0.002204396
0.0012974,0.002204452
0.0012976,0.002204508
0.0012978,0.002204564
0.001298,0.00220462
0.0012982,0.002204677
0.0012984,0.002204734
0.0012986,0.00220479
0.0012988,0.002204847
0.001299,0.002204904
0.0012992,0.002204961
0.0012994,0.002205019
0.0012996,0.002205076
0.0012998,0.002205133
0.0013,0.002205191
0.0013002,0.002205249
0.0013004,0.002205307
0.0013006,0.002205365
0.0013008,0.002205423
0.001301,0.002205481
0.0013012,0.002205536
0.0013014,0.002205589
0.0013016,0.002205642
0.0013018,0.002205696
0.001302,0.002205749
0.0013022,0.002205802
0.0013024,0.002205856
0.0013026,0.00220591
0.0013028,0.002205964
0.001303,0.002206018
0.0013032,0.002206072
0.0013034,0.002206126
0.0013036,0.00220618
0.0013038,0.002206234
0.001304,0.002206289
0.0013042,0.002206343
0.0013044,0.002206398
0.0013046,0.002206452
0.0013048,0.002206507
0.001305,0.002206562
0.0013052,0.002206617
0.0013054,0.002206672
0.0013056,0.002206727
0.0013058,0.002206782
0.001306,0.002206837
0.0013062,0.002206893
0.0013064,0.002206948
0.0013066,0.002207004
0.0013068,0.002207059
0.001307,0.002207115
0.0013072,0.00220717
0.0013074,0.002207226
0.0013076,0.002207282
0.0013078,0.002207338
0.001308,0.002207394
0.0013082,0.00220745
0.0013084,0.002207506
0.0013086,0.002207562
0.0013088,0.002207618
0.001309,0.002207674
0.0013092,0.002207726
0.0013094,0.002207777
0.0013096,0.002207827
0.0013098,0.002207878
0.00131,0.002207929
0.0013102,0.00220798
0.0013104,0.002208031
0.0013106,0.002208082
0.0013108,0.002208133
0.001311,0.002208184
0.0013112,0.002208235
0.0013114,0.002208286
0.0013116,0.002208337
0.0013118,0.002208388
0.001312,0.002208439
0.0013122,0.00220849
0.0013124,0.002208542
0.0013126,0.002208593
0.0013128,0.002208644
0.001313,0.002208695
0.0013132,0.002208747
0.0013134,0.002208798
0.0013136,0.002208849
0.0013138,0.002208901
0.001314,0.002208952
0.0013142,0.002209004
0.0013144,0.002209055
0.0013146,0.002209107
0.0013148,0.002209158
0.001315,0.002209209
0.0013152,0.002209261
0.0013154,0.002209312
0.0013156,0.002209364
0.0013158,0.002209415
0.001316,0.002209467
0.0013162,0.002209518
0.0013164,0.00220957
0.0013166,0.002209621
0.0013168,0.002209673
0.001317,0.002209718
0.0013172,0.002209764
0.0013174,0.002209809
0.0013176,0.002209855
0.0013178,0.0022099
0.001318,0.002209945
0.0013182,0.002209991
0.0013184,0.002210036
0.0013186,0.002210081
0.0013188,0.002210127
0.001319,0.002210172
0.0013192,0.002210217
0.0013194,0.002210263
0.0013196,0.002210308
0.0013198,0.002210353
0.00132,0.002210398
0.0013202,0.002210443
0.0013204,0.002210488
0.0013206,0.002210533
0.0013208,0.002210578
0.001321,0.002210623
0.0013212,0.002210668
0.0013214,0.002210713
0.0013216,0.002210758
0.0013218,0.002210803
0.001322,0.002210848
0.0013222,0.002210892
0.0013224,0.002210937
0.0013226,0.002210982
0.0013228,0.002211026
0.001323,0.002211071
0.0013232,0.002211115
0.0013234,0.00221116
0.0013236,0.002211204
0.0013238,0.002211248
0.001324,0.002211293
0.0013242,0.002211337
0.0013244,0.00221138
0.0013246,0.002211418
0.0013248,0.002211455
0.001325,0.002211493
0.0013252,0.00221153
0.0013254,0.002211568
0.0013256,0.002211605
0.0013258,0.002211643
0.001326,0.00221168
0.0013262,0.002211717
0.0013264,0.002211754
0.0013266,0.002211791
0.0013268,0.002211828
0.001327,0.002211865
0.0013272,0.002211901
0.0013274,0.002211938
0.0013276,0.002211975
0.0013278,0.002212011
0.001328,0.002212048
0.0013282,0.002212084
0.0013284,0.00221212
0.0013286,0.002212156
0.0013288,0.002212192
0.001329,0.002212228
0.0013292,0.002212264
0.0013294,0.0022123
0.0013296,0.002212335
0.0013298,0.002212371
0.00133,0.002212406
0.0013302,0.002212441
0.0013304,0.002212477
0.0013306,0.002212512
0.0013308,0.002212547
0.001331,0.002212582
0.0013312,0.002212616
0.0013314,0.002212651
0.0013316,0.002212685
0.0013318,0.002212718
0.001332,0.002212746
0.0013322,0.002212773
0.0013324,0.002212801
0.0013326,0.002212828
0.0013328,0.002212855
0.001333,0.002212882
0.0013332,0.002212909
0.0013334,0.002212936
0.0013336,0.002212962
0.0013338,0.002212989
0.001334,0.002213015
0.0013342,0.002213041
0.0013344,0.002213067
0.0013346,0.002213093
0.0013348,0.002213119
0.001335,0.002213145
0.0013352,0.00221317
0.0013354,0.002213196
0.0013356,0.002213221
0.0013358,0.002213246
0.001336,0.002213271
0.0013362,0.002213296
0.0013364,0.00221332
0.0013366,0.002213345
0.0013368,0.002213369
0.001337,0.002213393
0.0013372,0.002213417
0.0013374,0.002213441
0.0013376,0.002213465
0.0013378,0.002213489
0.001338,0.002213512
0.0013382,0.002213535
0.0013384,0.002213558
0.0013386,0.002213581
0.0013388,0.002213604
0.001339,0.002213624
0.0013392,0.002213639
0.0013394,0.002213654
0.0013396,0.002213669
0.0013398,0.002213684
0.00134,0.002213699
0.0013402,0.002213713
0.0013404,0.002213728
0.0013406,0.002213742
0.0013408,0.002213756
0.001341,0.00221377
0.0013412,0.002213783
0.0013414,0.002213797
0.0013416,0.00221381
0.0013418,0.002213823
0.001342,0.002213836
0.0013422,0.002213849
0.0013424,0.002213861
0.0013426,0.002213874
0.0013428,0.002213886
0.001343,0.002213898
0.0013432,0.002213909
0.0013434,0.002213921
0.0013436,0.002213932
0.0013438,0.002213944
0.001344,0.002213955
0.0013442,0.002213965
0.0013444,0.002213976
0.0013446,0.002213986
0.0013448,0.002213997
0.001345,0.002214006
0.0013452,0.002214016
0.0013454,0.002214026
0.0013456,0.002214035
0.0013458,0.002214044
0.001346,0.002214049
0.0013462,0.002214051
0.0013464,0.002214052
0.0013466,0.002214053
0.0013468,0.002214053
0.001347,0.002214054
0.0013472,0.002214054
0.0013474,0.002214054
0.0013476,0.002214054
0.0013478,0.002214053
0.001348,0.002214052
0.0013482,0.002214052
0.0013484,0.00221405
0.0013486,0.002214049
0.0013488,0.002214048
0.001349,0.002214046
0.0013492,0.002214044
0.0013494,0.002214041
0.0013496,0.002214039
0.0013498,0.002214036
0.00135,0.002214033
0.0013502,0.00221403
0.0013504,0.002214027
0.0013506,0.002214023
0.0013508,0.002214019
0.001351,0.002214015
0.0013512,0.002214011
0.0013514,0.002214006
0.0013516,0.002214001
0.0013518,0.002213996
0.001352,0.002213991
0.0013522,0.002213985
0.0013524,0.00221398
0.0013526,0.002213974
0.0013528,0.002213962
0.001353,0.002213948
0.0013532,0.002213933
0.0013534,0.002213918
0.0013536,0.002213903
0.0013538,0.002213888
0.001354,0.002213872
0.0013542,0.002213856
0.0013544,0.00221384
0.0013546,0.002213823
0.0013548,0.002213807
0.001355,0.00221379
0.0013552,0.002213772
0.0013554,0.002213755
0.0013556,0.002213737
0.0013558,0.002213719
0.001356,0.002213701
0.0013562,0.002213682
0.0013564,0.002213663
0.0013566,0.002213644
0.0013568,0.002213625
0.001357,0.002213606
0.0013572,0.002213586
0.0013574,0.002213566
0.0013576,0.002213545
0.0013578,0.002213524
0.001358,0.002213504
0.0013582,0.002213482
0.0013584,0.002213461
0.0013586,0.002213439
0.0013588,0.002213417
0.001359,0.002213395
0.0013592,0.002213372
0.0013594,0.002213343
0.0013596,0.002213312
0.0013598,0.00221328
0.00136,0.002213248
0.0013602,0.002213216
0.0013604,0.002213183
0.0013606,0.00221315
0.0013608,0.002213117
0.001361,0.002213083
0.0013612,0.002213049
0.0013614,0.002213015
0.0013616,0.002212981
0.0013618,0.002212946
0.001362,0.002212911
0.0013622,0.002212876
0.0013624,0.002212841
0.0013626,0.002212805
0.0013628,0.002212769
0.001363,0.002212732
0.0013632,0.002212696
0.0013634,0.002212659
0.0013636,0.002212621
0.0013638,0.002212584
0.001364,0.002212546
0.0013642,0.002212508
0.0013644,0.002212469
0.0013646,0.002212431
0.0013648,0.002212392
0.001365,0.002212352
0.0013652,0.002212313
0.0013654,0.002212273
0.0013656,0.002212233
0.0013658,0.002212185
0.001366,0.002212135
0.0013662,0.002212085
0.0013664,0.002212035
0.0013666,0.002211984
0.0013668,0.002211933
0.001367,0.002211882
0.0013672,0.00221183
0.0013674,0.002211778
0.0013676,0.002211726
0.0013678,0.002211673
0.001368,0.002211621
0.0013682,0.002211567
0.0013684,0.002211514
0.0013686,0.00221146
0.0013688,0.002211406
0.001369,0.002211352
0.0013692,0.002211297
0.0013694,0.002211242
0.0013696,0.002211187
0.0013698,0.002211131
0.00137,0.002211075
0.0013702,0.002211019
0.0013704,0.002210963
0.0013706,0.002210906
0.0013708,0.002210848
0.001371,0.002210791
0.0013712,0.002210733
0.0013714,0.002210675
0.0013716,0.002210617
0.0013718,0.002210558
0.001372,0.00221049
0.0013722,0.002210421
0.0013724,0.002210352
0.0013726,0.002210283
0.0013728,0.002210213
0.001373,0.002210142
0.0013732,0.002210072
0.0013734,0.002210001
0.0013736,0.00220993
0.0013738,0.002209858
0.001374,0.002209786
0.0013742,0.002209714
0.0013744,0.002209642
0.0013746,0.002209569
0.0013748,0.002209496
0.001375,0.002209422
0.0013752,0.002209348
0.0013754,0.002209274
0.0013756,0.0022092
0.0013758,0.002209125
0.001376,0.00220905
0.0013762,0.002208974
0.0013764,0.002208899
0.0013766,0.002208823
0.0013768,0.002208746
0.001377,0.002208669
0.0013772,0.002208592
0.0013774,0.002208515
0.0013776,0.002208437
0.0013778,0.002208359
0.001378,0.002208271
0.0013782,0.002208182
0.0013784,0.002208093
0.0013786,0.002208003
0.0013788,0.002207913
0.001379,0.002207823
0.0013792,0.002207733
0.0013794,0.002207642
0.0013796,0.00220755
0.0013798,0.002207459
0.00138,0.002207367
0.0013802,0.002207275
0.0013804,0.002207182
0.0013806,0.002207089
0.0013808,0.002206996
0.001381,0.002206902
0.0013812,0.002206808
0.0013814,0.002206714
0.0013816,0.002206619
0.0013818,0.002206524
0.001382,0.002206429
0.0013822,0.002206334
0.0013824,0.002206238
0.0013826,0.002206141
0.0013828,0.002206045
0.001383,0.002205948
0.0013832,0.002205851
0.0013834,0.002205753
0.0013836,0.002205655
0.0013838,0.002205546
0.001384,0.002205436
0.0013842,0.002205326
0.0013844,0.002205216
0.0013846,0.002205106
0.0013848,0.002204995
0.001385,0.002204883
0.0013852,0.002204772
0.0013854,0.00220466
0.0013856,0.002204548
0.0013858,0.002204435
0.001386,0.002204322
0.0013862,0.002204209
0.0013864,0.002204095
0.0013866,0.002203981
0.0013868,0.002203867
0.001387,0.002203752
0.0013872,0.002203637
0.0013874,0.002203522
0.0013876,0.002203406
0.0013878,0.00220329
0.001388,0.002203174
0.0013882,0.002203057
0.0013884,0.00220294
0.0013886,0.002202823
0.0013888,0.002202705
0.001389,0.002202587
0.0013892,0.002202469
0.0013894,0.002202338
0.0013896,0.002202208
0.0013898,0.002202076
0.00139,0.002201945
0.0013902,0.002201813
0.0013904,0.002201681
0.0013906,0.002201549
0.0013908,0.002201416
0.001391,0.002201283
0.0013912,0.002201149
0.0013914,0.002201015
0.0013916,0.002200881
0.0013918,0.002200747
0.001392,0.002200612
0.0013922,0.002200477
0.0013924,0.002200341
0.0013926,0.002200206
0.0013928,0.002200069
0.001393,0.002199933
0.0013932,0.002199796
0.0013934,0.002199659
0.0013936,0.002199521
0.0013938,0.002199384
0.001394,0.002199245
0.0013942,0.002199107
0.0013944,0.002198968
0.0013946,0.002198828
0.0013948,0.002198676
0.001395,0.002198524
0.0013952,0.002198371
0.0013954,0.002198218
0.0013956,0.002198064
0.0013958,0.00219791
0.001396,0.002197756
0.0013962,0.002197602
0.0013964,0.002197447
0.0013966,0.002197292
0.0013968,0.002197136
0.001397,0.00219698
0.0013972,0.002196824
0.0013974,0.002196668
0.0013976,0.002196511
0.0013978,0.002196354
0.001398,0.002196196
0.0013982,0.002196038
0.0013984,0.00219588
0.0013986,0.002195722
0.0013988,0.002195563
0.001399,0.002195404
0.0013992,0.002195245
0.0013994,0.002195085
0.0013996,0.002194925
0.0013998,0.002194763
0.0014,0.002194589
0.0014002,0.002194414
0.0014004,0.002194239
0.0014006,0.002194064
0.0014008,0.002193888
0.001401,0.002193712
0.0014012,0.002193536
0.0014014,0.002193359
0.0014016,0.002193182
0.0014018,0.002193005
0.001402,0.002192827
0.0014022,0.002192649
0.0014024,0.002192471
0.0014026,0.002192292
0.0014028,0.002192113
0.001403,0.002191934
0.0014032,0.002191754
0.0014034,0.002191574
0.0014036,0.002191394
0.0014038,0.002191214
0.001404,0.002191033
0.0014042,0.002190852
0.0014044,0.00219067
0.0014046,0.002190489
0.0014048,0.002190305
0.001405,0.002190108
0.0014052,0.00218991
0.0014054,0.002189713
0.0014056,0.002189514
0.0014058,0.002189316
0.001406,0.002189117
0.0014062,0.002188918
0.0014064,0.002188719
0.0014066,0.002188519
0.0014068,0.002188319
0.001407,0.002188119
0.0014072,0.002187918
0.0014074,0.002187717
0.0014076,0.002187516
0.0014078,0.002187314
0.001408,0.002187112
0.0014082,0.00218691
0.0014084,0.002186708
0.0014086,0.002186505
0.0014088,0.002186302
0.001409,0.002186098
0.0014092,0.002185895
0.0014094,0.002185691
0.0014096,0.002185485
0.0014098,0.002185264
0.00141,0.002185043
0.0014102,0.002184822
0.0014104,0.002184601
0.0014106,0.002184379
0.0014108,0.002184156
0.001411,0.002183934
0.0014112,0.002183711
0.0014114,0.002183488
0.0014116,0.002183265
0.0014118,0.002183041
0.001412,0.002182817
0.0014122,0.002182593
0.0014124,0.002182369
0.0014126,0.002182144
0.0014128,0.002181919
0.001413,0.002181693
0.0014132,0.002181468
0.0014134,0.002181242
0.0014136,0.002181015
0.0014138,0.002180789
0.001414,0.002180562
0.0014142,0.002180334
0.0014144,0.002180089
0.0014146,0.002179844
0.0014148,0.002179598
0.001415,0.002179352
0.0014152,0.002179106
0.0014154,0.00217886
0.0014156,0.002178613
0.0014158,0.002178366
0.001416,0.002178119
0.0014162,0.002177872
0.0014164,0.002177624
0.0014166,0.002177376
0.0014168,0.002177128
0.001417,0.002176879
0.0014172,0.002176631
0.0014174,0.002176382
0.0014176,0.002176132
0.0014178,0.002175883
0.001418,0.002175633
0.0014182,0.002175383
0.0014184,0.002175132
0.0014186,0.002174881
0.0014188,0.002174611
0.001419,0.00217434
0.0014192,0.002174069
0.0014194,0.002173799
0.0014196,0.002173527
0.0014198,0.002173256
0.00142,0.002172984
0.0014202,0.002172712
0.0014204,0.00217244
0.0014206,0.002172168
0.0014208,0.002171895
0.001421,0.002171622
0.0014212,0.002171349
0.0014214,0.002171075
0.0014216,0.002170802
0.0014218,0.002170528
0.001422,0.002170253
0.0014222,0.002169979
0.0014224,0.002169704
0.0014226,0.002169429
0.0014228,0.002169154
0.001423,0.002168857
0.0014232,0.00216856
0.0014234,0.002168263
0.0014236,0.002167966
0.0014238,0.002167669
0.001424,0.002167371
0.0014242,0.002167073
0.0014244,0.002166775
0.0014246,0.002166476
0.0014248,0.002166178
0.001425,0.002165879
0.0014252,0.002165579
0.0014254,0.00216528
0.0014256,0.00216498
0.0014258,0.002164681
0.001426,0.002164381
0.0014262,0.00216408
0.0014264,0.00216378
0.0014266,0.002163479
0.0014268,0.002163178
0.001427,0.002162854
0.0014272,0.00216253
0.0014274,0.002162205
0.0014276,0.00216188
0.0014278,0.002161554
0.001428,0.002161229
0.0014282,0.002160903
0.0014284,0.002160577
0.0014286,0.002160251
0.0014288,0.002159924
0.001429,0.002159598
0.0014292,0.002159271
0.0014294,0.002158944
0.0014296,0.002158616
0.0014298,0.002158289
0.00143,0.002157961
0.0014302,0.002157633
0.0014304,0.002157305
0.0014306,0.002156977
0.0014308,0.002156625
0.001431,0.00215627
0.0014312,0.002155916
0.0014314,0.002155561
0.0014316,0.002155206
0.0014318,0.002154851
0.001432,0.002154495
0.0014322,0.002154139
0.0014324,0.002153784
0.0014326,0.002153427
0.0014328,0.002153071
0.001433,0.002152715
0.0014332,0.002152358
0.0014334,0.002152001
0.0014336,0.002151644
0.0014338,0.002151287
0.001434,0.00215093
0.0014342,0.002150572
0.0014344,0.00215019
0.0014346,0.002149804
0.0014348,0.002149417
0.001435,0.00214903
0.0014352,0.002148642
0.0014354,0.002148255
0.0014356,0.002147868
0.0014358,0.00214748
0.001436,0.002147092
0.0014362,0.002146704
0.0014364,0.002146316
0.0014366,0.002145927
0.0014368,0.002145539
0.001437,0.00214515
0.0014372,0.002144761
0.0014374,0.002144372
0.0014376,0.002143983
0.0014378,0.002143569
0.001438,0.002143147
0.0014382,0.002142725
0.0014384,0.002142303
0.0014386,0.00214188
0.0014388,0.002141458
0.001439,0.002141035
0.0014392,0.002140613
0.0014394,0.00214019
0.0014396,0.002139767
0.0014398,0.002139344
0.00144,0.00213892
0.0014402,0.002138497
0.0014404,0.002138073
0.0014406,0.00213765
0.0014408,0.002137226
0.001441,0.002136777
0.0014412,0.002136316
0.0014414,0.002135855
0.0014416,0.002135394
0.0014418,0.002134933
0.001442,0.002134472
0.0014422,0.002134011
0.0014424,0.002133549
0.0014426,0.002133088
0.0014428,0.002132626
0.001443,0.002132164
0.0014432,0.002131702
0.0014434,0.00213124
0.0014436,0.002130778
0.0014438,0.002130316
0.001444,0.002129829
0.0014442,0.002129325
0.0014444,0.002128821
0.0014446,0.002128316
0.0014448,0.002127812
0.001445,0.002127307
0.0014452,0.002126802
0.0014454,0.002126298
0.0014456,0.002125793
0.0014458,0.002125288
0.001446,0.002124783
0.0014462,0.002124277
0.0014464,0.002123772
0.0014466,0.002123267
0.0014468,0.002122739
0.001447,0.002122185
0.0014472,0.002121631
0.0014474,0.002121078
0.0014476,0.002120524
0.0014478,0.00211997
0.001448,0.002119416
0.0014482,0.002118862
0.0014484,0.002118308
0.0014486,0.002117754
0.0014488,0.0021172
0.001449,0.002116645
0.0014492,0.002116091
0.0014494,0.002115517
0.0014496,0.002114906
0.0014498,0.002114296
0.00145,0.002113686
0.0014502,0.002113075
0.0014504,0.002112465
0.0014506,0.002111854
0.0014508,0.002111243
0.001451,0.002110633
0.0014512,0.002110022
0.0014514,0.002109411
0.0014516,0.0021088
0.0014518,0.002108175
0.001452,0.002107498
0.0014522,0.002106821
0.0014524,0.002106145
0.0014526,0.002105468
0.0014528,0.002104791
0.001453,0.002104114
0.0014532,0.002103438
0.0014534,0.002102761
0.0014536,0.002102084
0.0014538,0.002101407
0.001454,0.002100724
0.0014542,0.002099968
0.0014544,0.002099213
0.0014546,0.002098457
0.0014548,0.002097702
0.001455,0.002096946
0.0014552,0.002096191
0.0014554,0.002095435
0.0014556,0.00209468
0.0014558,0.002093924
0.001456,0.002093168
0.0014562,0.002092325
0.0014564,0.002091474
0.0014566,0.002090623
0.0014568,0.002089772
0.001457,0.002088921
0.0014572,0.00208807
0.0014574,0.002087219
0.0014576,0.002086368
0.0014578,0.002085517
0.001458,0.002084576
0.0014582,0.002083607
0.0014584,0.002082638
0.0014586,0.002081669
0.0014588,0.0020807
0.001459,0.002079731
0.0014592,0.002078762
0.0014594,0.002077793
0.0014596,0.002076735
0.0014598,0.002075615
0.00146,0.002074495
0.0014602,0.002073376
0.0014604,0.002072256
0.0014606,0.002071136
0.0014608,0.002070017
0.001461,0.002068817
0.0014612,0.002067499
0.0014614,0.00206618
0.0014616,0.002064862
0.0014618,0.002063544
0.001462,0.002062225
0.0014622,0.00206085
0.0014624,0.002059258
0.0014626,0.002057666
0.0014628,0.002056073
0.001463,0.002054481
0.0014632,0.002052889
0.0014634,0.002050894
0.0014636,0.002048899
0.0014638,0.002046904
0.001464,0.002044909
0.0014642,0.002042406
0.0014644,0.002039761
0.0014646,0.002037117
0.0014648,0.002033795
0.001465,0.002029927
0.0014652,0.002025064
0.0014654,0.002017733
0.0014656,0.002006019
0.0014658,0.001994306
0.001466,0.001982593
0.0014662,0.00197088
0.0014664,0.001959169
0.0014666,0.001947458
0.0014668,0.001935747
0.001467,0.001924038
0.0014672,0.001912328
0.0014674,0.00190062
0.0014676,0.001888912
0.0014678,0.001877204
0.001468,0.001865498
0.0014682,0.001853792
0.0014684,0.001842086
0.0014686,0.001830381
0.0014688,0.001818677
0.001469,0.001806973
0.0014692,0.00179527
0.0014694,0.001783568
0.0014696,0.001771866
0.0014698,0.001760165
0.00147,0.001748464
0.0014702,0.001736764
0.0014704,0.001725065
0.0014706,0.001713366
0.0014708,0.001701668
0.001471,0.00168997
0.0014712,0.001678273
0.0014714,0.001666577
0.0014716,0.001654881
0.0014718,0.001643186
0.001472,0.001631492
0.0014722,0.001619798
0.0014724,0.001608105
0.0014726,0.001596413
0.0014728,0.001584721
0.001473,0.001573029
0.0014732,0.001561339
0.0014734,0.001549649
0.0014736,0.001537959
0.0014738,0.001526271
0.001474,0.001514582
0.0014742,0.001502895
0.0014744,0.001491208
0.0014746,0.001479522
0.0014748,0.001467836
0.001475,0.001456151
0.0014752,0.001444466
0.0014754,0.001432783
0.0014756,0.001421099
0.0014758,0.001409417
0.001476,0.001397735
0.0014762,0.001386053
0.0014764,0.001374373
0.0014766,0.001362693
0.0014768,0.001351013
0.001477,0.001339334
0.0014772,0.001327656
0.0014774,0.001315978
0.0014776,0.001304301
0.0014778,0.001292625
0.001478,0.001280949
0.0014782,0.001269274
0.0014784,0.001257599
0.0014786,0.001245925
0.0014788,0.001234252
0.001479,0.001222579
0.0014792,0.001210907
0.0014794,0.001199236
0.0014796,0.001187565
0.0014798,0.001175894
0.00148,0.001164225
0.0014802,0.001152555
0.0014804,0.001140887
0.0014806,0.001129219
0.0014808,0.001117552
0.001481,0.001105885
0.0014812,0.001094219
0.0014814,0.001082553
0.0014816,0.001070888
0.0014818,0.001059224
0.001482,0.00104756
0.0014822,0.001035897
0.0014824,0.001024235
0.0014826,0.001012573
0.0014828,0.001000911
0.001483,0.00098925
0.0014832,0.00097759
0.0014834,0.000965931
0.0014836,0.000954272
0.0014838,0.000942613
0.001484,0.000930955
0.0014842,0.000919298
0.0014844,0.000907641
0.0014846,0.000895985
0.0014848,0.000884329
0.001485,0.000872674
0.0014852,0.00086102
0.0014854,0.000849366
0.0014856,0.000837713
0.0014858,0.00082606
0.001486,0.000814408
0.0014862,0.000802756
0.0014864,0.000791105
0.0014866,0.000779454
0.0014868,0.000767804
0.001487,0.000756155
0.0014872,0.000744506
0.0014874,0.000732858
0.0014876,0.00072121
0.0014878,0.000709563
0.001488,0.000697916
0.0014882,0.00068627
0.0014884,0.000674624
0.0014886,0.000662979
0.0014888,0.000651334
0.001489,0.00063969
0.0014892,0.000628047
0.0014894,0.000616404
0.0014896,0.000604761
0.0014898,0.000593119
0.00149,0.000581478
0.0014902,0.000569837
0.0014904,0.000558196
0.0014906,0.000546556
0.0014908,0.000534917
0.001491,0.000523278
0.0014912,0.00051164
0.0014914,0.000500002
0.0014916,0.000488364
0.0014918,0.000476727
0.001492,0.000465091
0.0014922,0.000453455
0.0014924,0.00044182
0.0014926,0.000430185
0.0014928,0.00041855
0.001493,0.000406916
0.0014932,0.000395282
0.0014934,0.000383649
0.0014936,0.000372017
0.0014938,0.000360385
0.001494,0.000348753
0.0014942,0.000337122
0.0014944,0.000325491
0.0014946,0.000313861
0.0014948,0.000302231
0.001495,0.000290601
0.0014952,0.000278972
0.0014954,0.000267344
0.0014956,0.000255715
0.0014958,0.000244088
0.001496,0.00023246
0.0014962,0.000220834
0.0014964,0.000209207
0.0014966,0.000197581
0.0014968,0.000185956
0.001497,0.00017433
0.0014972,0.000162706
0.0014974,0.000151081
0.0014976,0.000139457
0.0014978,0.000127834
0.001498,0.000116211
0.0014982,0.000104588
0.0014984,9.29655E-05
0.0014986,8.13435E-05
0.0014988,6.97219E-05
0.001499,5.81007E-05
0.0014992,4.64798E-05
0.0014994,3.48593E-05
0.0014996,2.32392E-05
0.0014998,1.16194E-05
0.0015,0
